o archkatana_wrapsplit1
usemtl Meshpart1Mtl.001
v 0.1673194319009781 -1.3118701805227613 0.010065999813377857
v 0.11086844652891159 -1.2458703149908399 -0.009832999669015408
v 0.1673194319009781 -1.3118701805227613 -0.009832999669015408
v 0.11086844652891159 -1.2458703149908399 -0.009832999669015408
v 0.1673194319009781 -1.3118701805227613 0.010065999813377857
v 0.11086844652891159 -1.2458703149908399 0.010065999813377857
v 0.11086844652891159 -1.2458703149908399 0.010065999813377857
v 0.08653844147920609 -1.185830258285365 -0.009832999669015408
v 0.11086844652891159 -1.2458703149908399 -0.009832999669015408
v 0.08653844147920609 -1.185830258285365 -0.009832999669015408
v 0.11086844652891159 -1.2458703149908399 0.010065999813377857
v 0.08653844147920609 -1.185830258285365 0.010065999813377857
v 0.08653844147920609 -1.185830258285365 -0.009832999669015408
v 0.14600344002246857 -1.1631802548521375 0.010065999813377857
v 0.14600344002246857 -1.1631802548521375 -0.009832999669015408
v 0.14600344002246857 -1.1631802548521375 0.010065999813377857
v 0.08653844147920609 -1.185830258285365 -0.009832999669015408
v 0.08653844147920609 -1.185830258285365 0.010065999813377857
v 0.24122942984104156 -1.2539302934759473 0.010065999813377857
v 0.3530164361000061 -1.3597102989309644 0.010065999813377857
v 0.24122942984104156 -1.2539302934759473 -0.009832999669015408
v 0.3530164361000061 -1.3597102989309644 -0.009832999669015408
v 0.24122942984104156 -1.2539302934759473 -0.009832999669015408
v 0.3530164361000061 -1.3597102989309644 0.010065999813377857
v 0.14600344002246857 -1.1631802548521375 -0.009832999669015408
v 0.24122942984104156 -1.2539302934759473 0.010065999813377857
v 0.24122942984104156 -1.2539302934759473 -0.009832999669015408
v 0.24122942984104156 -1.2539302934759473 0.010065999813377857
v 0.14600344002246857 -1.1631802548521375 -0.009832999669015408
v 0.14600344002246857 -1.1631802548521375 0.010065999813377857
v 0.24122942984104156 -1.2539302934759473 -0.009832999669015408
v 0.1673194319009781 -1.3118701805227613 -0.009832999669015408
v 0.14600344002246857 -1.1631802548521375 -0.009832999669015408
v 0.14600344002246857 -1.1631802548521375 -0.009832999669015408
v 0.1673194319009781 -1.3118701805227613 -0.009832999669015408
v 0.11086844652891159 -1.2458703149908399 -0.009832999669015408
v 0.08653844147920609 -1.185830258285365 -0.009832999669015408
v 0.14600344002246857 -1.1631802548521375 -0.009832999669015408
v 0.11086844652891159 -1.2458703149908399 -0.009832999669015408
v 0.1673194319009781 -1.3118701805227613 -0.009832999669015408
v 0.24122942984104156 -1.2539302934759473 -0.009832999669015408
v 0.19850043952465057 -1.3398502697103833 -0.009832999669015408
v 0.24122942984104156 -1.2539302934759473 -0.009832999669015408
v 0.22011442482471466 -1.347880207454524 -0.009832999669015408
v 0.19850043952465057 -1.3398502697103833 -0.009832999669015408
v 0.22011442482471466 -1.347880207454524 -0.009832999669015408
v 0.24122942984104156 -1.2539302934759473 -0.009832999669015408
v 0.2751154601573944 -1.355870210086665 -0.009832999669015408
v 0.2751154601573944 -1.355870210086665 -0.009832999669015408
v 0.24122942984104156 -1.2539302934759473 -0.009832999669015408
v 0.3530164361000061 -1.3597102989309644 -0.009832999669015408
v 0.3530164361000061 -1.3597102989309644 0.010065999813377857
v 0.2751154601573944 -1.355870210086665 -0.009832999669015408
v 0.3530164361000061 -1.3597102989309644 -0.009832999669015408
v 0.2751154601573944 -1.355870210086665 -0.009832999669015408
v 0.3530164361000061 -1.3597102989309644 0.010065999813377857
v 0.2751154601573944 -1.355870210086665 0.010065999813377857
v 0.2751154601573944 -1.355870210086665 0.010065999813377857
v 0.22011442482471466 -1.347880207454524 -0.009832999669015408
v 0.2751154601573944 -1.355870210086665 -0.009832999669015408
v 0.22011442482471466 -1.347880207454524 -0.009832999669015408
v 0.2751154601573944 -1.355870210086665 0.010065999813377857
v 0.22011442482471466 -1.347880207454524 0.010065999813377857
v 0.22011442482471466 -1.347880207454524 0.010065999813377857
v 0.19850043952465057 -1.3398502697103833 -0.009832999669015408
v 0.22011442482471466 -1.347880207454524 -0.009832999669015408
v 0.19850043952465057 -1.3398502697103833 -0.009832999669015408
v 0.22011442482471466 -1.347880207454524 0.010065999813377857
v 0.19850043952465057 -1.3398502697103833 0.010065999813377857
v 0.19850043952465057 -1.3398502697103833 0.010065999813377857
v 0.1673194319009781 -1.3118701805227613 -0.009832999669015408
v 0.19850043952465057 -1.3398502697103833 -0.009832999669015408
v 0.1673194319009781 -1.3118701805227613 -0.009832999669015408
v 0.19850043952465057 -1.3398502697103833 0.010065999813377857
v 0.1673194319009781 -1.3118701805227613 0.010065999813377857
v 0.24122942984104156 -1.2539302934759473 0.010065999813377857
v 0.1673194319009781 -1.3118701805227613 0.010065999813377857
v 0.19850043952465057 -1.3398502697103833 0.010065999813377857
v 0.24122942984104156 -1.2539302934759473 0.010065999813377857
v 0.19850043952465057 -1.3398502697103833 0.010065999813377857
v 0.22011442482471466 -1.347880207454524 0.010065999813377857
v 0.24122942984104156 -1.2539302934759473 0.010065999813377857
v 0.22011442482471466 -1.347880207454524 0.010065999813377857
v 0.2751154601573944 -1.355870210086665 0.010065999813377857
v 0.2751154601573944 -1.355870210086665 0.010065999813377857
v 0.3530164361000061 -1.3597102989309644 0.010065999813377857
v 0.24122942984104156 -1.2539302934759473 0.010065999813377857
v 0.1673194319009781 -1.3118701805227613 0.010065999813377857
v 0.24122942984104156 -1.2539302934759473 0.010065999813377857
v 0.14600344002246857 -1.1631802548521375 0.010065999813377857
v 0.1673194319009781 -1.3118701805227613 0.010065999813377857
v 0.14600344002246857 -1.1631802548521375 0.010065999813377857
v 0.11086844652891159 -1.2458703149908399 0.010065999813377857
v 0.11086844652891159 -1.2458703149908399 0.010065999813377857
v 0.14600344002246857 -1.1631802548521375 0.010065999813377857
v 0.08653844147920609 -1.185830258285365 0.010065999813377857
v 0.20231343805789948 -0.841040276443324 -0.01846799999475479
v 0.2273884266614914 -0.9273603190534925 0.018702000379562378
v 0.20231343805789948 -0.841040276443324 0.018702000379562378
v 0.2273884266614914 -0.9273603190534925 0.018702000379562378
v 0.20231343805789948 -0.841040276443324 -0.01846799999475479
v 0.2273884266614914 -0.9273603190534925 -0.01846799999475479
v 0.20231343805789948 -0.841040276443324 -0.01846799999475479
v 0.2509874403476715 -0.7528202761762952 0.018702000379562378
v 0.2509874403476715 -0.7528202761762952 -0.01846799999475479
v 0.2509874403476715 -0.7528202761762952 0.018702000379562378
v 0.20231343805789948 -0.841040276443324 -0.01846799999475479
v 0.20231343805789948 -0.841040276443324 0.018702000379562378
v 0.5001784563064575 -0.5553702344053602 0.018702000379562378
v 0.625128448009491 -0.4437802065962171 0.01870100013911724
v 0.5001784563064575 -0.5553702344053602 -0.01846799999475479
v 0.625128448009491 -0.4437802065962171 -0.01846799999475479
v 0.5001784563064575 -0.5553702344053602 -0.01846799999475479
v 0.625128448009491 -0.4437802065962171 0.01870100013911724
v 0.625128448009491 -0.4437802065962171 -0.01846799999475479
v 0.625128448009491 -0.4437802065962171 0.01870100013911724
v 0.7252784371376038 -0.3455302347296094 0.01870100013911724
v 0.7252784371376038 -0.3455302347296094 -0.01846799999475479
v 0.625128448009491 -0.4437802065962171 -0.01846799999475479
v 0.7252784371376038 -0.3455302347296094 0.01870100013911724
v 0.2509874403476715 -0.7528202761762952 -0.01846799999475479
v 0.5001784563064575 -0.5553702344053602 0.018702000379562378
v 0.5001784563064575 -0.5553702344053602 -0.01846799999475479
v 0.5001784563064575 -0.5553702344053602 0.018702000379562378
v 0.2509874403476715 -0.7528202761762952 -0.01846799999475479
v 0.2509874403476715 -0.7528202761762952 0.018702000379562378
v 0.5001784563064575 -0.5553702344053602 -0.01846799999475479
v 0.6327584385871887 -0.646940254127345 -0.01846799999475479
v 0.5373774766921997 -0.7566303242796277 -0.01846799999475479
v 0.5001784563064575 -0.5553702344053602 -0.01846799999475479
v 0.5373774766921997 -0.7566303242796277 -0.01846799999475479
v 0.42768943309783936 -0.8243502606504773 -0.01846799999475479
v 0.625128448009491 -0.4437802065962171 -0.01846799999475479
v 0.6327584385871887 -0.646940254127345 -0.01846799999475479
v 0.5001784563064575 -0.5553702344053602 -0.01846799999475479
v 0.42768943309783936 -0.8243502606504773 -0.01846799999475479
v 0.2509874403476715 -0.7528202761762952 -0.01846799999475479
v 0.5001784563064575 -0.5553702344053602 -0.01846799999475479
v 0.2273884266614914 -0.9273603190534925 -0.01846799999475479
v 0.2509874403476715 -0.7528202761762952 -0.01846799999475479
v 0.42768943309783936 -0.8243502606504773 -0.01846799999475479
v 0.2509874403476715 -0.7528202761762952 -0.01846799999475479
v 0.2273884266614914 -0.9273603190534925 -0.01846799999475479
v 0.20231343805789948 -0.841040276443324 -0.01846799999475479
v 0.6327584385871887 -0.646940254127345 -0.01846799999475479
v 0.625128448009491 -0.4437802065962171 -0.01846799999475479
v 0.6632804274559021 -0.5830302466505384 -0.01846799999475479
v 0.6632804274559021 -0.5830302466505384 -0.01846799999475479
v 0.625128448009491 -0.4437802065962171 -0.01846799999475479
v 0.6995254755020142 -0.47430028811629765 -0.01846799999475479
v 0.6995254755020142 -0.47430028811629765 -0.01846799999475479
v 0.625128448009491 -0.4437802065962171 -0.01846799999475479
v 0.7252784371376038 -0.3455302347296094 -0.01846799999475479
v 0.7252784371376038 -0.3455302347296094 0.01870100013911724
v 0.6995254755020142 -0.47430028811629765 -0.01846799999475479
v 0.7252784371376038 -0.3455302347296094 -0.01846799999475479
v 0.6995254755020142 -0.47430028811629765 -0.01846799999475479
v 0.7252784371376038 -0.3455302347296094 0.01870100013911724
v 0.6995254755020142 -0.47430028811629765 0.01870100013911724
v 0.6995254755020142 -0.47430028811629765 0.01870100013911724
v 0.6632804274559021 -0.5830302466505384 -0.01846799999475479
v 0.6995254755020142 -0.47430028811629765 -0.01846799999475479
v 0.6632804274559021 -0.5830302466505384 -0.01846799999475479
v 0.6995254755020142 -0.47430028811629765 0.01870100013911724
v 0.6632804274559021 -0.5830302466505384 0.01870100013911724
v 0.6632804274559021 -0.5830302466505384 0.01870100013911724
v 0.6327584385871887 -0.646940254127345 -0.01846799999475479
v 0.6632804274559021 -0.5830302466505384 -0.01846799999475479
v 0.6327584385871887 -0.646940254127345 -0.01846799999475479
v 0.6632804274559021 -0.5830302466505384 0.01870100013911724
v 0.6327584385871887 -0.646940254127345 0.01870100013911724
v 0.6327584385871887 -0.646940254127345 0.01870100013911724
v 0.5373774766921997 -0.7566303242796277 -0.01846799999475479
v 0.6327584385871887 -0.646940254127345 -0.01846799999475479
v 0.5373774766921997 -0.7566303242796277 -0.01846799999475479
v 0.6327584385871887 -0.646940254127345 0.01870100013911724
v 0.5373774766921997 -0.7566303242796277 0.018702000379562378
v 0.5373774766921997 -0.7566303242796277 0.018702000379562378
v 0.42768943309783936 -0.8243502606504773 -0.01846799999475479
v 0.5373774766921997 -0.7566303242796277 -0.01846799999475479
v 0.42768943309783936 -0.8243502606504773 -0.01846799999475479
v 0.5373774766921997 -0.7566303242796277 0.018702000379562378
v 0.42768943309783936 -0.8243502606504773 0.018702000379562378
v 0.42768943309783936 -0.8243502606504773 0.018702000379562378
v 0.2273884266614914 -0.9273603190534925 -0.01846799999475479
v 0.42768943309783936 -0.8243502606504773 -0.01846799999475479
v 0.2273884266614914 -0.9273603190534925 -0.01846799999475479
v 0.42768943309783936 -0.8243502606504773 0.018702000379562378
v 0.2273884266614914 -0.9273603190534925 0.018702000379562378
v 0.42768943309783936 -0.8243502606504773 0.018702000379562378
v 0.2509874403476715 -0.7528202761762952 0.018702000379562378
v 0.2273884266614914 -0.9273603190534925 0.018702000379562378
v 0.2273884266614914 -0.9273603190534925 0.018702000379562378
v 0.2509874403476715 -0.7528202761762952 0.018702000379562378
v 0.20231343805789948 -0.841040276443324 0.018702000379562378
v 0.2509874403476715 -0.7528202761762952 0.018702000379562378
v 0.42768943309783936 -0.8243502606504773 0.018702000379562378
v 0.5001784563064575 -0.5553702344053602 0.018702000379562378
v 0.5373774766921997 -0.7566303242796277 0.018702000379562378
v 0.5001784563064575 -0.5553702344053602 0.018702000379562378
v 0.42768943309783936 -0.8243502606504773 0.018702000379562378
v 0.5001784563064575 -0.5553702344053602 0.018702000379562378
v 0.5373774766921997 -0.7566303242796277 0.018702000379562378
v 0.6327584385871887 -0.646940254127345 0.01870100013911724
v 0.6327584385871887 -0.646940254127345 0.01870100013911724
v 0.625128448009491 -0.4437802065962171 0.01870100013911724
v 0.5001784563064575 -0.5553702344053602 0.018702000379562378
v 0.625128448009491 -0.4437802065962171 0.01870100013911724
v 0.6327584385871887 -0.646940254127345 0.01870100013911724
v 0.6632804274559021 -0.5830302466505384 0.01870100013911724
v 0.625128448009491 -0.4437802065962171 0.01870100013911724
v 0.6632804274559021 -0.5830302466505384 0.01870100013911724
v 0.6995254755020142 -0.47430028811629765 0.01870100013911724
v 0.6995254755020142 -0.47430028811629765 0.01870100013911724
v 0.7252784371376038 -0.3455302347296094 0.01870100013911724
v 0.625128448009491 -0.4437802065962171 0.01870100013911724
v 0.22856344282627106 -0.9228302468412732 0.015130000188946724
v 0.21509943902492523 -1.0049202670210218 -0.014897000044584274
v 0.21509943902492523 -1.0049202670210218 0.015130000188946724
v 0.21509943902492523 -1.0049202670210218 -0.014897000044584274
v 0.22856344282627106 -0.9228302468412732 0.015130000188946724
v 0.22856344282627106 -0.9228302468412732 -0.014897000044584274
v 0.518826425075531 -0.7934502591245984 0.015130000188946724
v 0.7530194520950317 -0.6996102561109876 0.015130000188946724
v 0.518826425075531 -0.7934502591245984 -0.014897000044584274
v 0.7530194520950317 -0.6996102561109876 -0.014897000044584274
v 0.518826425075531 -0.7934502591245984 -0.014897000044584274
v 0.7530194520950317 -0.6996102561109876 0.015130000188946724
v 0.22856344282627106 -0.9228302468412732 -0.014897000044584274
v 0.518826425075531 -0.7934502591245984 0.015130000188946724
v 0.518826425075531 -0.7934502591245984 -0.014897000044584274
v 0.518826425075531 -0.7934502591245984 0.015130000188946724
v 0.22856344282627106 -0.9228302468412732 -0.014897000044584274
v 0.22856344282627106 -0.9228302468412732 0.015130000188946724
v 0.41735947132110596 -0.9819902409666394 -0.014897000044584274
v 0.22856344282627106 -0.9228302468412732 -0.014897000044584274
v 0.518826425075531 -0.7934502591245984 -0.014897000044584274
v 0.22856344282627106 -0.9228302468412732 -0.014897000044584274
v 0.41735947132110596 -0.9819902409666394 -0.014897000044584274
v 0.21509943902492523 -1.0049202670210218 -0.014897000044584274
v 0.518826425075531 -0.7934502591245984 -0.014897000044584274
v 0.5543554425239563 -0.9432403077238416 -0.014897000044584274
v 0.41735947132110596 -0.9819902409666394 -0.014897000044584274
v 0.518826425075531 -0.7934502591245984 -0.014897000044584274
v 0.6174214482307434 -0.9160202969663953 -0.014897000044584274
v 0.5543554425239563 -0.9432403077238416 -0.014897000044584274
v 0.6174214482307434 -0.9160202969663953 -0.014897000044584274
v 0.518826425075531 -0.7934502591245984 -0.014897000044584274
v 0.6441964507102966 -0.8893503178709363 -0.014897000044584274
v 0.6441964507102966 -0.8893503178709363 -0.014897000044584274
v 0.518826425075531 -0.7934502591245984 -0.014897000044584274
v 0.6938424706459045 -0.8129502762907361 -0.014897000044584274
v 0.6938424706459045 -0.8129502762907361 -0.014897000044584274
v 0.518826425075531 -0.7934502591245984 -0.014897000044584274
v 0.7530194520950317 -0.6996102561109876 -0.014897000044584274
v 0.7530194520950317 -0.6996102561109876 0.015130000188946724
v 0.6938424706459045 -0.8129502762907361 -0.014897000044584274
v 0.7530194520950317 -0.6996102561109876 -0.014897000044584274
v 0.6938424706459045 -0.8129502762907361 -0.014897000044584274
v 0.7530194520950317 -0.6996102561109876 0.015130000188946724
v 0.6938424706459045 -0.8129502762907361 0.015130000188946724
v 0.6938424706459045 -0.8129502762907361 0.015130000188946724
v 0.6441964507102966 -0.8893503178709363 -0.014897000044584274
v 0.6938424706459045 -0.8129502762907361 -0.014897000044584274
v 0.6441964507102966 -0.8893503178709363 -0.014897000044584274
v 0.6938424706459045 -0.8129502762907361 0.015130000188946724
v 0.6441964507102966 -0.8893503178709363 0.015130000188946724
v 0.6441964507102966 -0.8893503178709363 0.015130000188946724
v 0.6174214482307434 -0.9160202969663953 -0.014897000044584274
v 0.6441964507102966 -0.8893503178709363 -0.014897000044584274
v 0.6174214482307434 -0.9160202969663953 -0.014897000044584274
v 0.6441964507102966 -0.8893503178709363 0.015130000188946724
v 0.6174214482307434 -0.9160202969663953 0.015130000188946724
v 0.6174214482307434 -0.9160202969663953 0.015130000188946724
v 0.5543554425239563 -0.9432403077238416 -0.014897000044584274
v 0.6174214482307434 -0.9160202969663953 -0.014897000044584274
v 0.5543554425239563 -0.9432403077238416 -0.014897000044584274
v 0.6174214482307434 -0.9160202969663953 0.015130000188946724
v 0.5543554425239563 -0.9432403077238416 0.015130000188946724
v 0.5543554425239563 -0.9432403077238416 0.015130000188946724
v 0.41735947132110596 -0.9819902409666394 -0.014897000044584274
v 0.5543554425239563 -0.9432403077238416 -0.014897000044584274
v 0.41735947132110596 -0.9819902409666394 -0.014897000044584274
v 0.5543554425239563 -0.9432403077238416 0.015130000188946724
v 0.41735947132110596 -0.9819902409666394 0.015130000188946724
v 0.41735947132110596 -0.9819902409666394 0.015130000188946724
v 0.21509943902492523 -1.0049202670210218 -0.014897000044584274
v 0.41735947132110596 -0.9819902409666394 -0.014897000044584274
v 0.21509943902492523 -1.0049202670210218 -0.014897000044584274
v 0.41735947132110596 -0.9819902409666394 0.015130000188946724
v 0.21509943902492523 -1.0049202670210218 0.015130000188946724
v 0.5543554425239563 -0.9432403077238416 0.015130000188946724
v 0.518826425075531 -0.7934502591245984 0.015130000188946724
v 0.41735947132110596 -0.9819902409666394 0.015130000188946724
v 0.6174214482307434 -0.9160202969663953 0.015130000188946724
v 0.518826425075531 -0.7934502591245984 0.015130000188946724
v 0.5543554425239563 -0.9432403077238416 0.015130000188946724
v 0.518826425075531 -0.7934502591245984 0.015130000188946724
v 0.6174214482307434 -0.9160202969663953 0.015130000188946724
v 0.6441964507102966 -0.8893503178709363 0.015130000188946724
v 0.518826425075531 -0.7934502591245984 0.015130000188946724
v 0.6441964507102966 -0.8893503178709363 0.015130000188946724
v 0.6938424706459045 -0.8129502762907361 0.015130000188946724
v 0.518826425075531 -0.7934502591245984 0.015130000188946724
v 0.6938424706459045 -0.8129502762907361 0.015130000188946724
v 0.7530194520950317 -0.6996102561109876 0.015130000188946724
v 0.41735947132110596 -0.9819902409666394 0.015130000188946724
v 0.518826425075531 -0.7934502591245984 0.015130000188946724
v 0.22856344282627106 -0.9228302468412732 0.015130000188946724
v 0.41735947132110596 -0.9819902409666394 0.015130000188946724
v 0.22856344282627106 -0.9228302468412732 0.015130000188946724
v 0.21509943902492523 -1.0049202670210218 0.015130000188946724
v 0.13386742770671844 -1.1551802386396741 -0.01119999960064888
v 0.18756844103336334 -1.103030227577052 0.01143299974501133
v 0.18756844103336334 -1.103030227577052 -0.01119999960064888
v 0.18756844103336334 -1.103030227577052 0.01143299974501133
v 0.13386742770671844 -1.1551802386396741 -0.01119999960064888
v 0.13386742770671844 -1.1551802386396741 0.01143299974501133
v 0.33269545435905457 -1.156750224983058 0.01143299974501133
v 0.5027084350585938 -1.2189902891271924 0.01143299974501133
v 0.33269545435905457 -1.156750224983058 -0.01119999960064888
v 0.5027084350585938 -1.2189902891271924 -0.01119999960064888
v 0.33269545435905457 -1.156750224983058 -0.01119999960064888
v 0.5027084350585938 -1.2189902891271924 0.01143299974501133
v 0.18756844103336334 -1.103030227577052 -0.01119999960064888
v 0.33269545435905457 -1.156750224983058 0.01143299974501133
v 0.33269545435905457 -1.156750224983058 -0.01119999960064888
v 0.33269545435905457 -1.156750224983058 0.01143299974501133
v 0.18756844103336334 -1.103030227577052 -0.01119999960064888
v 0.18756844103336334 -1.103030227577052 0.01143299974501133
v 0.33269545435905457 -1.156750224983058 -0.01119999960064888
v 0.27981144189834595 -1.2537502874487256 -0.01119999960064888
v 0.18756844103336334 -1.103030227577052 -0.01119999960064888
v 0.18756844103336334 -1.103030227577052 -0.01119999960064888
v 0.27981144189834595 -1.2537502874487256 -0.01119999960064888
v 0.18810142576694489 -1.208720289623103 -0.01119999960064888
v 0.18810142576694489 -1.208720289623103 -0.01119999960064888
v 0.13386742770671844 -1.1551802386396741 -0.01119999960064888
v 0.18756844103336334 -1.103030227577052 -0.01119999960064888
v 0.27981144189834595 -1.2537502874487256 -0.01119999960064888
v 0.33269545435905457 -1.156750224983058 -0.01119999960064888
v 0.3265284597873688 -1.2694702972524976 -0.01119999960064888
v 0.33269545435905457 -1.156750224983058 -0.01119999960064888
v 0.3536134362220764 -1.2680803169363355 -0.01119999960064888
v 0.3265284597873688 -1.2694702972524976 -0.01119999960064888
v 0.3536134362220764 -1.2680803169363355 -0.01119999960064888
v 0.33269545435905457 -1.156750224983058 -0.01119999960064888
v 0.4167574644088745 -1.251110278522334 -0.01119999960064888
v 0.4167574644088745 -1.251110278522334 -0.01119999960064888
v 0.33269545435905457 -1.156750224983058 -0.01119999960064888
v 0.5027084350585938 -1.2189902891271924 -0.01119999960064888
v 0.5027084350585938 -1.2189902891271924 0.01143299974501133
v 0.4167574644088745 -1.251110278522334 -0.01119999960064888
v 0.5027084350585938 -1.2189902891271924 -0.01119999960064888
v 0.4167574644088745 -1.251110278522334 -0.01119999960064888
v 0.5027084350585938 -1.2189902891271924 0.01143299974501133
v 0.4167574644088745 -1.251110278522334 0.01143299974501133
v 0.4167574644088745 -1.251110278522334 0.01143299974501133
v 0.3536134362220764 -1.2680803169363355 -0.01119999960064888
v 0.4167574644088745 -1.251110278522334 -0.01119999960064888
v 0.3536134362220764 -1.2680803169363355 -0.01119999960064888
v 0.4167574644088745 -1.251110278522334 0.01143299974501133
v 0.3536134362220764 -1.2680803169363355 0.01143299974501133
v 0.3265284597873688 -1.2694702972524976 0.01143299974501133
v 0.3536134362220764 -1.2680803169363355 -0.01119999960064888
v 0.3536134362220764 -1.2680803169363355 0.01143299974501133
v 0.3536134362220764 -1.2680803169363355 -0.01119999960064888
v 0.3265284597873688 -1.2694702972524976 0.01143299974501133
v 0.3265284597873688 -1.2694702972524976 -0.01119999960064888
v 0.27981144189834595 -1.2537502874487256 0.01143299974501133
v 0.3265284597873688 -1.2694702972524976 -0.01119999960064888
v 0.3265284597873688 -1.2694702972524976 0.01143299974501133
v 0.3265284597873688 -1.2694702972524976 -0.01119999960064888
v 0.27981144189834595 -1.2537502874487256 0.01143299974501133
v 0.27981144189834595 -1.2537502874487256 -0.01119999960064888
v 0.27981144189834595 -1.2537502874487256 0.01143299974501133
v 0.18810142576694489 -1.208720289623103 -0.01119999960064888
v 0.27981144189834595 -1.2537502874487256 -0.01119999960064888
v 0.18810142576694489 -1.208720289623103 -0.01119999960064888
v 0.27981144189834595 -1.2537502874487256 0.01143299974501133
v 0.18810142576694489 -1.208720289623103 0.01143299974501133
v 0.18810142576694489 -1.208720289623103 0.01143299974501133
v 0.13386742770671844 -1.1551802386396741 -0.01119999960064888
v 0.18810142576694489 -1.208720289623103 -0.01119999960064888
v 0.13386742770671844 -1.1551802386396741 -0.01119999960064888
v 0.18810142576694489 -1.208720289623103 0.01143299974501133
v 0.13386742770671844 -1.1551802386396741 0.01143299974501133
v 0.3536134362220764 -1.2680803169363355 0.01143299974501133
v 0.4167574644088745 -1.251110278522334 0.01143299974501133
v 0.33269545435905457 -1.156750224983058 0.01143299974501133
v 0.5027084350585938 -1.2189902891271924 0.01143299974501133
v 0.33269545435905457 -1.156750224983058 0.01143299974501133
v 0.4167574644088745 -1.251110278522334 0.01143299974501133
v 0.33269545435905457 -1.156750224983058 0.01143299974501133
v 0.3265284597873688 -1.2694702972524976 0.01143299974501133
v 0.3536134362220764 -1.2680803169363355 0.01143299974501133
v 0.33269545435905457 -1.156750224983058 0.01143299974501133
v 0.27981144189834595 -1.2537502874487256 0.01143299974501133
v 0.3265284597873688 -1.2694702972524976 0.01143299974501133
v 0.18756844103336334 -1.103030227577052 0.01143299974501133
v 0.27981144189834595 -1.2537502874487256 0.01143299974501133
v 0.33269545435905457 -1.156750224983058 0.01143299974501133
v 0.27981144189834595 -1.2537502874487256 0.01143299974501133
v 0.18756844103336334 -1.103030227577052 0.01143299974501133
v 0.18810142576694489 -1.208720289623103 0.01143299974501133
v 0.18810142576694489 -1.208720289623103 0.01143299974501133
v 0.18756844103336334 -1.103030227577052 0.01143299974501133
v 0.13386742770671844 -1.1551802386396741 0.01143299974501133
v 0.09273644536733627 -1.3618802656286573 0.009585999883711338
v 0.07824743539094925 -1.3320302595251416 -0.009352999739348888
v 0.09273644536733627 -1.3618802656286573 -0.009352999739348888
v 0.07824743539094925 -1.3320302595251416 -0.009352999739348888
v 0.09273644536733627 -1.3618802656286573 0.009585999883711338
v 0.07824743539094925 -1.3320302595251416 0.009585999883711338
v 0.07824743539094925 -1.3320302595251416 0.009585999883711338
v 0.05660343915224075 -1.2667502988928174 -0.009352999739348888
v 0.07824743539094925 -1.3320302595251416 -0.009352999739348888
v 0.05660343915224075 -1.2667502988928174 -0.009352999739348888
v 0.07824743539094925 -1.3320302595251416 0.009585999883711338
v 0.05660343915224075 -1.2667502988928174 0.009585999883711338
v 0.056725434958934784 -1.2154502500646924 0.009585999883711338
v 0.05660343915224075 -1.2667502988928174 -0.009352999739348888
v 0.05660343915224075 -1.2667502988928174 0.009585999883711338
v 0.056725434958934784 -1.2154502500646924 0.009585999883711338
v 0.056725434958934784 -1.2154502500646924 -0.009352999739348888
v 0.05660343915224075 -1.2667502988928174 -0.009352999739348888
v 0.056725434958934784 -1.2154502500646924 0.009585999883711338
v 0.10710344463586807 -1.2166403164022779 -0.009352999739348888
v 0.056725434958934784 -1.2154502500646924 -0.009352999739348888
v 0.10710344463586807 -1.2166403164022779 -0.009352999739348888
v 0.056725434958934784 -1.2154502500646924 0.009585999883711338
v 0.10710344463586807 -1.2166403164022779 0.009585999883711338
v 0.07824743539094925 -1.3320302595251416 -0.009352999739348888
v 0.05660343915224075 -1.2667502988928174 -0.009352999739348888
v 0.10710344463586807 -1.2166403164022779 -0.009352999739348888
v 0.056725434958934784 -1.2154502500646924 -0.009352999739348888
v 0.10710344463586807 -1.2166403164022779 -0.009352999739348888
v 0.05660343915224075 -1.2667502988928174 -0.009352999739348888
v 0.14977343380451202 -1.3116702665441846 -0.009352999739348888
v 0.07824743539094925 -1.3320302595251416 -0.009352999739348888
v 0.10710344463586807 -1.2166403164022779 -0.009352999739348888
v 0.07824743539094925 -1.3320302595251416 -0.009352999739348888
v 0.14977343380451202 -1.3116702665441846 -0.009352999739348888
v 0.09273644536733627 -1.3618802656286573 -0.009352999739348888
v 0.14977343380451202 -1.3116702665441846 -0.009352999739348888
v 0.1061844453215599 -1.3742303480261182 -0.009352999739348888
v 0.09273644536733627 -1.3618802656286573 -0.009352999739348888
v 0.1061844453215599 -1.3742303480261182 -0.009352999739348888
v 0.14977343380451202 -1.3116702665441846 -0.009352999739348888
v 0.14412043988704681 -1.3965502609365796 -0.009352999739348888
v 0.14412043988704681 -1.3965502609365796 -0.009352999739348888
v 0.14977343380451202 -1.3116702665441846 -0.009352999739348888
v 0.2000894397497177 -1.4226703275793409 -0.009352999739348888
v 0.10710344463586807 -1.2166403164022779 -0.009352999739348888
v 0.10710344463586807 -1.2166403164022779 0.009585999883711338
v 0.14977343380451202 -1.3116702665441846 0.009585999883711338
v 0.10710344463586807 -1.2166403164022779 -0.009352999739348888
v 0.14977343380451202 -1.3116702665441846 0.009585999883711338
v 0.14977343380451202 -1.3116702665441846 -0.009352999739348888
v 0.14977343380451202 -1.3116702665441846 0.009585999883711338
v 0.2000894397497177 -1.4226703275793409 0.009585999883711338
v 0.14977343380451202 -1.3116702665441846 -0.009352999739348888
v 0.14977343380451202 -1.3116702665441846 -0.009352999739348888
v 0.2000894397497177 -1.4226703275793409 0.009585999883711338
v 0.2000894397497177 -1.4226703275793409 -0.009352999739348888
v 0.2000894397497177 -1.4226703275793409 0.009585999883711338
v 0.14412043988704681 -1.3965502609365796 -0.009352999739348888
v 0.2000894397497177 -1.4226703275793409 -0.009352999739348888
v 0.14412043988704681 -1.3965502609365796 -0.009352999739348888
v 0.2000894397497177 -1.4226703275793409 0.009585999883711338
v 0.14412043988704681 -1.3965502609365796 0.009585999883711338
v 0.14412043988704681 -1.3965502609365796 0.009585999883711338
v 0.1061844453215599 -1.3742303480261182 -0.009352999739348888
v 0.14412043988704681 -1.3965502609365796 -0.009352999739348888
v 0.1061844453215599 -1.3742303480261182 -0.009352999739348888
v 0.14412043988704681 -1.3965502609365796 0.009585999883711338
v 0.1061844453215599 -1.3742303480261182 0.009585999883711338
v 0.1061844453215599 -1.3742303480261182 0.009585999883711338
v 0.09273644536733627 -1.3618802656286573 -0.009352999739348888
v 0.1061844453215599 -1.3742303480261182 -0.009352999739348888
v 0.09273644536733627 -1.3618802656286573 -0.009352999739348888
v 0.1061844453215599 -1.3742303480261182 0.009585999883711338
v 0.09273644536733627 -1.3618802656286573 0.009585999883711338
v 0.07824743539094925 -1.3320302595251416 0.009585999883711338
v 0.14977343380451202 -1.3116702665441846 0.009585999883711338
v 0.10710344463586807 -1.2166403164022779 0.009585999883711338
v 0.07824743539094925 -1.3320302595251416 0.009585999883711338
v 0.10710344463586807 -1.2166403164022779 0.009585999883711338
v 0.05660343915224075 -1.2667502988928174 0.009585999883711338
v 0.05660343915224075 -1.2667502988928174 0.009585999883711338
v 0.10710344463586807 -1.2166403164022779 0.009585999883711338
v 0.056725434958934784 -1.2154502500646924 0.009585999883711338
v 0.14977343380451202 -1.3116702665441846 0.009585999883711338
v 0.07824743539094925 -1.3320302595251416 0.009585999883711338
v 0.09273644536733627 -1.3618802656286573 0.009585999883711338
v 0.1061844453215599 -1.3742303480261182 0.009585999883711338
v 0.14977343380451202 -1.3116702665441846 0.009585999883711338
v 0.09273644536733627 -1.3618802656286573 0.009585999883711338
v 0.14977343380451202 -1.3116702665441846 0.009585999883711338
v 0.1061844453215599 -1.3742303480261182 0.009585999883711338
v 0.14412043988704681 -1.3965502609365796 0.009585999883711338
v 0.14977343380451202 -1.3116702665441846 0.009585999883711338
v 0.14412043988704681 -1.3965502609365796 0.009585999883711338
v 0.2000894397497177 -1.4226703275793409 0.009585999883711338
v 0.1941574364900589 -1.0033803214186048 0.013176999986171722
v 0.157432422041893 -1.1010202397459363 -0.012943999841809273
v 0.157432422041893 -1.1010202397459363 0.013176999986171722
v 0.157432422041893 -1.1010202397459363 -0.012943999841809273
v 0.1941574364900589 -1.0033803214186048 0.013176999986171722
v 0.1941574364900589 -1.0033803214186048 -0.012943999841809273
v 0.4090094566345215 -0.9849202860945081 0.013176999986171722
v 0.6602954268455505 -0.9624202479475354 0.013176999986171722
v 0.4090094566345215 -0.9849202860945081 -0.012943999841809273
v 0.6602954268455505 -0.9624202479475354 -0.012943999841809273
v 0.4090094566345215 -0.9849202860945081 -0.012943999841809273
v 0.6602954268455505 -0.9624202479475354 0.013176999986171722
v 0.1941574364900589 -1.0033803214186048 -0.012943999841809273
v 0.4090094566345215 -0.9849202860945081 0.013176999986171722
v 0.4090094566345215 -0.9849202860945081 -0.012943999841809273
v 0.4090094566345215 -0.9849202860945081 0.013176999986171722
v 0.1941574364900589 -1.0033803214186048 -0.012943999841809273
v 0.1941574364900589 -1.0033803214186048 0.013176999986171722
v 0.3999454379081726 -1.1386002530210828 -0.012943999841809273
v 0.25759345293045044 -1.13630022898849 -0.012943999841809273
v 0.4090094566345215 -0.9849202860945081 -0.012943999841809273
v 0.4090094566345215 -0.9849202860945081 -0.012943999841809273
v 0.46817445755004883 -1.130680226241908 -0.012943999841809273
v 0.3999454379081726 -1.1386002530210828 -0.012943999841809273
v 0.46817445755004883 -1.130680226241908 -0.012943999841809273
v 0.4090094566345215 -0.9849202860945081 -0.012943999841809273
v 0.5014904737472534 -1.1128302444570874 -0.012943999841809273
v 0.5014904737472534 -1.1128302444570874 -0.012943999841809273
v 0.4090094566345215 -0.9849202860945081 -0.012943999841809273
v 0.571015477180481 -1.053950272952876 -0.012943999841809273
v 0.571015477180481 -1.053950272952876 -0.012943999841809273
v 0.4090094566345215 -0.9849202860945081 -0.012943999841809273
v 0.6602954268455505 -0.9624202479475354 -0.012943999841809273
v 0.25759345293045044 -1.13630022898849 -0.012943999841809273
v 0.1941574364900589 -1.0033803214186048 -0.012943999841809273
v 0.4090094566345215 -0.9849202860945081 -0.012943999841809273
v 0.1941574364900589 -1.0033803214186048 -0.012943999841809273
v 0.25759345293045044 -1.13630022898849 -0.012943999841809273
v 0.157432422041893 -1.1010202397459363 -0.012943999841809273
v 0.6602954268455505 -0.9624202479475354 0.013176999986171722
v 0.571015477180481 -1.053950272952876 -0.012943999841809273
v 0.6602954268455505 -0.9624202479475354 -0.012943999841809273
v 0.571015477180481 -1.053950272952876 -0.012943999841809273
v 0.6602954268455505 -0.9624202479475354 0.013176999986171722
v 0.571015477180481 -1.053950272952876 0.013176999986171722
v 0.571015477180481 -1.053950272952876 0.013176999986171722
v 0.5014904737472534 -1.1128302444570874 -0.012943999841809273
v 0.571015477180481 -1.053950272952876 -0.012943999841809273
v 0.5014904737472534 -1.1128302444570874 -0.012943999841809273
v 0.571015477180481 -1.053950272952876 0.013176999986171722
v 0.5014904737472534 -1.1128302444570874 0.013176999986171722
v 0.5014904737472534 -1.1128302444570874 0.013176999986171722
v 0.46817445755004883 -1.130680226241908 -0.012943999841809273
v 0.5014904737472534 -1.1128302444570874 -0.012943999841809273
v 0.46817445755004883 -1.130680226241908 -0.012943999841809273
v 0.5014904737472534 -1.1128302444570874 0.013176999986171722
v 0.46817445755004883 -1.130680226241908 0.013176999986171722
v 0.46817445755004883 -1.130680226241908 0.013176999986171722
v 0.3999454379081726 -1.1386002530210828 -0.012943999841809273
v 0.46817445755004883 -1.130680226241908 -0.012943999841809273
v 0.3999454379081726 -1.1386002530210828 -0.012943999841809273
v 0.46817445755004883 -1.130680226241908 0.013176999986171722
v 0.3999454379081726 -1.1386002530210828 0.013176999986171722
v 0.3999454379081726 -1.1386002530210828 0.013176999986171722
v 0.25759345293045044 -1.13630022898849 -0.012943999841809273
v 0.3999454379081726 -1.1386002530210828 -0.012943999841809273
v 0.25759345293045044 -1.13630022898849 -0.012943999841809273
v 0.3999454379081726 -1.1386002530210828 0.013176999986171722
v 0.25759345293045044 -1.13630022898849 0.013176999986171722
v 0.25759345293045044 -1.13630022898849 0.013176999986171722
v 0.157432422041893 -1.1010202397459363 -0.012943999841809273
v 0.25759345293045044 -1.13630022898849 -0.012943999841809273
v 0.157432422041893 -1.1010202397459363 -0.012943999841809273
v 0.25759345293045044 -1.13630022898849 0.013176999986171722
v 0.157432422041893 -1.1010202397459363 0.013176999986171722
v 0.4090094566345215 -0.9849202860945081 0.013176999986171722
v 0.25759345293045044 -1.13630022898849 0.013176999986171722
v 0.3999454379081726 -1.1386002530210828 0.013176999986171722
v 0.46817445755004883 -1.130680226241908 0.013176999986171722
v 0.4090094566345215 -0.9849202860945081 0.013176999986171722
v 0.3999454379081726 -1.1386002530210828 0.013176999986171722
v 0.4090094566345215 -0.9849202860945081 0.013176999986171722
v 0.46817445755004883 -1.130680226241908 0.013176999986171722
v 0.5014904737472534 -1.1128302444570874 0.013176999986171722
v 0.4090094566345215 -0.9849202860945081 0.013176999986171722
v 0.5014904737472534 -1.1128302444570874 0.013176999986171722
v 0.571015477180481 -1.053950272952876 0.013176999986171722
v 0.571015477180481 -1.053950272952876 0.013176999986171722
v 0.6602954268455505 -0.9624202479475354 0.013176999986171722
v 0.4090094566345215 -0.9849202860945081 0.013176999986171722
v 0.25759345293045044 -1.13630022898849 0.013176999986171722
v 0.4090094566345215 -0.9849202860945081 0.013176999986171722
v 0.1941574364900589 -1.0033803214186048 0.013176999986171722
v 0.25759345293045044 -1.13630022898849 0.013176999986171722
v 0.1941574364900589 -1.0033803214186048 0.013176999986171722
v 0.157432422041893 -1.1010202397459363 0.013176999986171722
v -0.0037785544991493225 -1.304930292522273 0.00011700000322889537
v 0.09810144454240799 -1.1783502329939222 -0.04008200019598007
v 0.14034342765808105 -1.2172503103369092 0.00011700000322889537
v 0.09810144454240799 -1.1783502329939222 -0.04008200019598007
v -0.0037785544991493225 -1.304930292522273 0.00011700000322889537
v -0.0037785544991493225 -1.2475002636068677 -0.04008200019598007
v 0.14034342765808105 -1.2172503103369092 0.00011700000322889537
v 0.09810144454240799 -1.1783502329939222 -0.04008200019598007
v 0.14475543797016144 -1.125160240089259 -0.04008200019598007
v 0.14475543797016144 -1.125160240089259 -0.04008200019598007
v 0.19520242512226105 -1.1526002515905713 0.00011700000322889537
v 0.14034342765808105 -1.2172503103369092 0.00011700000322889537
v 0.14475543797016144 -1.125160240089259 -0.04008200019598007
v 0.2424374371767044 -1.023140274440608 0.00011700000322889537
v 0.19520242512226105 -1.1526002515905713 0.00011700000322889537
v 0.2424374371767044 -1.023140274440608 0.00011700000322889537
v 0.14475543797016144 -1.125160240089259 -0.04008200019598007
v 0.19244642555713654 -1.0130902756803846 -0.03557699918746948
v 0.19244642555713654 -1.0130902756803846 -0.03557699918746948
v 0.2550034523010254 -0.8846602667921399 0.00011600000289035961
v 0.2424374371767044 -1.023140274440608 0.00011700000322889537
v 0.2550034523010254 -0.8846602667921399 0.00011600000289035961
v 0.19244642555713654 -1.0130902756803846 -0.03557699918746948
v 0.20436842739582062 -0.8906803359144544 -0.03557699918746948
v 0.20436842739582062 -0.8906803359144544 -0.03557699918746948
v 0.2568744421005249 -0.8479002942198133 0.00011600000289035961
v 0.2550034523010254 -0.8846602667921399 0.00011600000289035961
v 0.2568744421005249 -0.8479002942198133 0.00011600000289035961
v 0.20436842739582062 -0.8906803359144544 -0.03557699918746948
v 0.21419043838977814 -0.8200003136747693 -0.03557699918746948
v 0.2568744421005249 -0.8479002942198133 0.00011600000289035961
v 0.21419043838977814 -0.8200003136747693 -0.03557699918746948
v 0.2954234480857849 -0.7088701953047132 -0.017774999141693115
v 0.31695446372032166 -0.7226501931303357 0.00011600000289035961
v 0.2568744421005249 -0.8479002942198133 0.00011600000289035961
v 0.2954234480857849 -0.7088701953047132 -0.017774999141693115
v 0.31695446372032166 -0.7226501931303357 0.00011600000289035961
v 0.2954234480857849 -0.7088701953047132 -0.017774999141693115
v 0.3815654516220093 -0.6378902424925184 0.00011600000289035961
v 0.09810144454240799 -1.1783502329939222 -0.04008200019598007
v -0.0037785544991493225 -1.2475002636068677 -0.04008200019598007
v 0.055858440697193146 -1.1394402612799024 0.00011700000322889537
v -0.0037785544991493225 -1.2475002636068677 -0.04008200019598007
v -0.0037785544991493225 -1.1900702346914624 0.00011700000322889537
v 0.055858440697193146 -1.1394402612799024 0.00011700000322889537
v 0.09810144454240799 -1.1783502329939222 -0.04008200019598007
v 0.055858440697193146 -1.1394402612799024 0.00011700000322889537
v 0.09430944174528122 -1.0977202285879468 0.00011700000322889537
v 0.09430944174528122 -1.0977202285879468 0.00011700000322889537
v 0.14475543797016144 -1.125160240089259 -0.04008200019598007
v 0.09810144454240799 -1.1783502329939222 -0.04008200019598007
v 0.09430944174528122 -1.0977202285879468 0.00011700000322889537
v 0.19244642555713654 -1.0130902756803846 -0.03557699918746948
v 0.14475543797016144 -1.125160240089259 -0.04008200019598007
v 0.19244642555713654 -1.0130902756803846 -0.03557699918746948
v 0.09430944174528122 -1.0977202285879468 0.00011700000322889537
v 0.14245542883872986 -1.003040336524806 0.00011700000322889537
v 0.14245542883872986 -1.003040336524806 0.00011700000322889537
v 0.20436842739582062 -0.8906803359144544 -0.03557699918746948
v 0.19244642555713654 -1.0130902756803846 -0.03557699918746948
v 0.20436842739582062 -0.8906803359144544 -0.03557699918746948
v 0.14245542883872986 -1.003040336524806 0.00011700000322889537
v 0.15373443067073822 -0.8967002858274793 0.00011600000289035961
v 0.15373443067073822 -0.8967002858274793 0.00011600000289035961
v 0.21419043838977814 -0.8200003136747693 -0.03557699918746948
v 0.20436842739582062 -0.8906803359144544 -0.03557699918746948
v 0.21419043838977814 -0.8200003136747693 -0.03557699918746948
v 0.15373443067073822 -0.8967002858274793 0.00011600000289035961
v 0.17150641977787018 -0.7921102275007581 0.00011600000289035961
v 0.21419043838977814 -0.8200003136747693 -0.03557699918746948
v 0.17150641977787018 -0.7921102275007581 0.00011600000289035961
v 0.27389246225357056 -0.6951002110594129 0.00011600000289035961
v 0.2954234480857849 -0.7088701953047132 -0.017774999141693115
v 0.21419043838977814 -0.8200003136747693 -0.03557699918746948
v 0.27389246225357056 -0.6951002110594129 0.00011600000289035961
v 0.2954234480857849 -0.7088701953047132 -0.017774999141693115
v 0.27389246225357056 -0.6951002110594129 0.00011600000289035961
v 0.3815654516220093 -0.6378902424925184 0.00011600000289035961
v -0.0037785544991493225 -1.304930292522273 0.00011700000322889537
v 0.09810144454240799 -1.1783502329939222 0.04031499847769737
v -0.0037785544991493225 -1.2475002636068677 0.04031499847769737
v 0.09810144454240799 -1.1783502329939222 0.04031499847769737
v -0.0037785544991493225 -1.304930292522273 0.00011700000322889537
v 0.14034342765808105 -1.2172503103369092 0.00011700000322889537
v 0.14034342765808105 -1.2172503103369092 0.00011700000322889537
v 0.14475543797016144 -1.125160240089259 0.04031499847769737
v 0.09810144454240799 -1.1783502329939222 0.04031499847769737
v 0.14475543797016144 -1.125160240089259 0.04031499847769737
v 0.14034342765808105 -1.2172503103369092 0.00011700000322889537
v 0.19520242512226105 -1.1526002515905713 0.00011700000322889537
v 0.2424374371767044 -1.023140274440608 0.00011700000322889537
v 0.14475543797016144 -1.125160240089259 0.04031499847769737
v 0.19520242512226105 -1.1526002515905713 0.00011700000322889537
v 0.2424374371767044 -1.023140274440608 0.00011700000322889537
v 0.19244642555713654 -1.0130902756803846 0.03581000119447708
v 0.14475543797016144 -1.125160240089259 0.04031499847769737
v 0.2550034523010254 -0.8846602667921399 0.00011600000289035961
v 0.19244642555713654 -1.0130902756803846 0.03581000119447708
v 0.2424374371767044 -1.023140274440608 0.00011700000322889537
v 0.2550034523010254 -0.8846602667921399 0.00011600000289035961
v 0.20436842739582062 -0.8906803359144544 0.03581000119447708
v 0.19244642555713654 -1.0130902756803846 0.03581000119447708
v 0.2568744421005249 -0.8479002942198133 0.00011600000289035961
v 0.20436842739582062 -0.8906803359144544 0.03581000119447708
v 0.2550034523010254 -0.8846602667921399 0.00011600000289035961
v 0.2568744421005249 -0.8479002942198133 0.00011600000289035961
v 0.21419043838977814 -0.8200003136747693 0.03581000119447708
v 0.20436842739582062 -0.8906803359144544 0.03581000119447708
v 0.2568744421005249 -0.8479002942198133 0.00011600000289035961
v 0.2954234480857849 -0.7088701953047132 0.018007999286055565
v 0.21419043838977814 -0.8200003136747693 0.03581000119447708
v 0.2954234480857849 -0.7088701953047132 0.018007999286055565
v 0.2568744421005249 -0.8479002942198133 0.00011600000289035961
v 0.31695446372032166 -0.7226501931303357 0.00011600000289035961
v 0.2954234480857849 -0.7088701953047132 0.018007999286055565
v 0.31695446372032166 -0.7226501931303357 0.00011600000289035961
v 0.3815654516220093 -0.6378902424925184 0.00011600000289035961
v 0.09810144454240799 -1.1783502329939222 0.04031499847769737
v 0.09430944174528122 -1.0977202285879468 0.00011700000322889537
v 0.055858440697193146 -1.1394402612799024 0.00011700000322889537
v 0.055858440697193146 -1.1394402612799024 0.00011700000322889537
v -0.0037785544991493225 -1.2475002636068677 0.04031499847769737
v 0.09810144454240799 -1.1783502329939222 0.04031499847769737
v -0.0037785544991493225 -1.1900702346914624 0.00011700000322889537
v -0.0037785544991493225 -1.2475002636068677 0.04031499847769737
v 0.055858440697193146 -1.1394402612799024 0.00011700000322889537
v 0.09430944174528122 -1.0977202285879468 0.00011700000322889537
v 0.09810144454240799 -1.1783502329939222 0.04031499847769737
v 0.14475543797016144 -1.125160240089259 0.04031499847769737
v 0.19244642555713654 -1.0130902756803846 0.03581000119447708
v 0.09430944174528122 -1.0977202285879468 0.00011700000322889537
v 0.14475543797016144 -1.125160240089259 0.04031499847769737
v 0.19244642555713654 -1.0130902756803846 0.03581000119447708
v 0.14245542883872986 -1.003040336524806 0.00011700000322889537
v 0.09430944174528122 -1.0977202285879468 0.00011700000322889537
v 0.20436842739582062 -0.8906803359144544 0.03581000119447708
v 0.14245542883872986 -1.003040336524806 0.00011700000322889537
v 0.19244642555713654 -1.0130902756803846 0.03581000119447708
v 0.20436842739582062 -0.8906803359144544 0.03581000119447708
v 0.15373443067073822 -0.8967002858274793 0.00011600000289035961
v 0.14245542883872986 -1.003040336524806 0.00011700000322889537
v 0.21419043838977814 -0.8200003136747693 0.03581000119447708
v 0.15373443067073822 -0.8967002858274793 0.00011600000289035961
v 0.20436842739582062 -0.8906803359144544 0.03581000119447708
v 0.21419043838977814 -0.8200003136747693 0.03581000119447708
v 0.17150641977787018 -0.7921102275007581 0.00011600000289035961
v 0.15373443067073822 -0.8967002858274793 0.00011600000289035961
v 0.21419043838977814 -0.8200003136747693 0.03581000119447708
v 0.27389246225357056 -0.6951002110594129 0.00011600000289035961
v 0.17150641977787018 -0.7921102275007581 0.00011600000289035961
v 0.27389246225357056 -0.6951002110594129 0.00011600000289035961
v 0.21419043838977814 -0.8200003136747693 0.03581000119447708
v 0.2954234480857849 -0.7088701953047132 0.018007999286055565
v 0.27389246225357056 -0.6951002110594129 0.00011600000289035961
v 0.2954234480857849 -0.7088701953047132 0.018007999286055565
v 0.3815654516220093 -0.6378902424925184 0.00011600000289035961
v -0.3901185393333435 -1.3118701805227613 -0.009832999669015408
v -0.3336675465106964 -1.2458703149908399 0.010065999813377857
v -0.3901185393333435 -1.3118701805227613 0.010065999813377857
v -0.3336675465106964 -1.2458703149908399 0.010065999813377857
v -0.3901185393333435 -1.3118701805227613 -0.009832999669015408
v -0.3336675465106964 -1.2458703149908399 -0.009832999669015408
v -0.3336675465106964 -1.2458703149908399 -0.009832999669015408
v -0.3093375563621521 -1.185830258285365 0.010065999813377857
v -0.3336675465106964 -1.2458703149908399 0.010065999813377857
v -0.3093375563621521 -1.185830258285365 0.010065999813377857
v -0.3336675465106964 -1.2458703149908399 -0.009832999669015408
v -0.3093375563621521 -1.185830258285365 -0.009832999669015408
v -0.3093375563621521 -1.185830258285365 0.010065999813377857
v -0.368802547454834 -1.1631802548521375 -0.009832999669015408
v -0.368802547454834 -1.1631802548521375 0.010065999813377857
v -0.368802547454834 -1.1631802548521375 -0.009832999669015408
v -0.3093375563621521 -1.185830258285365 0.010065999813377857
v -0.3093375563621521 -1.185830258285365 -0.009832999669015408
v -0.464028537273407 -1.2539302934759473 -0.009832999669015408
v -0.5758155584335327 -1.3597102989309644 -0.009832999669015408
v -0.464028537273407 -1.2539302934759473 0.010065999813377857
v -0.5758155584335327 -1.3597102989309644 0.010065999813377857
v -0.464028537273407 -1.2539302934759473 0.010065999813377857
v -0.5758155584335327 -1.3597102989309644 -0.009832999669015408
v -0.368802547454834 -1.1631802548521375 0.010065999813377857
v -0.464028537273407 -1.2539302934759473 -0.009832999669015408
v -0.464028537273407 -1.2539302934759473 0.010065999813377857
v -0.464028537273407 -1.2539302934759473 -0.009832999669015408
v -0.368802547454834 -1.1631802548521375 0.010065999813377857
v -0.368802547454834 -1.1631802548521375 -0.009832999669015408
v -0.464028537273407 -1.2539302934759473 0.010065999813377857
v -0.3901185393333435 -1.3118701805227613 0.010065999813377857
v -0.368802547454834 -1.1631802548521375 0.010065999813377857
v -0.368802547454834 -1.1631802548521375 0.010065999813377857
v -0.3901185393333435 -1.3118701805227613 0.010065999813377857
v -0.3336675465106964 -1.2458703149908399 0.010065999813377857
v -0.3093375563621521 -1.185830258285365 0.010065999813377857
v -0.368802547454834 -1.1631802548521375 0.010065999813377857
v -0.3336675465106964 -1.2458703149908399 0.010065999813377857
v -0.3901185393333435 -1.3118701805227613 0.010065999813377857
v -0.464028537273407 -1.2539302934759473 0.010065999813377857
v -0.421299546957016 -1.3398502697103833 0.010065999813377857
v -0.464028537273407 -1.2539302934759473 0.010065999813377857
v -0.44291356205940247 -1.347880207454524 0.010065999813377857
v -0.421299546957016 -1.3398502697103833 0.010065999813377857
v -0.44291356205940247 -1.347880207454524 0.010065999813377857
v -0.464028537273407 -1.2539302934759473 0.010065999813377857
v -0.49791455268859863 -1.355870210086665 0.010065999813377857
v -0.49791455268859863 -1.355870210086665 0.010065999813377857
v -0.464028537273407 -1.2539302934759473 0.010065999813377857
v -0.5758155584335327 -1.3597102989309644 0.010065999813377857
v -0.5758155584335327 -1.3597102989309644 -0.009832999669015408
v -0.49791455268859863 -1.355870210086665 0.010065999813377857
v -0.5758155584335327 -1.3597102989309644 0.010065999813377857
v -0.49791455268859863 -1.355870210086665 0.010065999813377857
v -0.5758155584335327 -1.3597102989309644 -0.009832999669015408
v -0.49791455268859863 -1.355870210086665 -0.009832999669015408
v -0.49791455268859863 -1.355870210086665 -0.009832999669015408
v -0.44291356205940247 -1.347880207454524 0.010065999813377857
v -0.49791455268859863 -1.355870210086665 0.010065999813377857
v -0.44291356205940247 -1.347880207454524 0.010065999813377857
v -0.49791455268859863 -1.355870210086665 -0.009832999669015408
v -0.44291356205940247 -1.347880207454524 -0.009832999669015408
v -0.44291356205940247 -1.347880207454524 -0.009832999669015408
v -0.421299546957016 -1.3398502697103833 0.010065999813377857
v -0.44291356205940247 -1.347880207454524 0.010065999813377857
v -0.421299546957016 -1.3398502697103833 0.010065999813377857
v -0.44291356205940247 -1.347880207454524 -0.009832999669015408
v -0.421299546957016 -1.3398502697103833 -0.009832999669015408
v -0.421299546957016 -1.3398502697103833 -0.009832999669015408
v -0.3901185393333435 -1.3118701805227613 0.010065999813377857
v -0.421299546957016 -1.3398502697103833 0.010065999813377857
v -0.3901185393333435 -1.3118701805227613 0.010065999813377857
v -0.421299546957016 -1.3398502697103833 -0.009832999669015408
v -0.3901185393333435 -1.3118701805227613 -0.009832999669015408
v -0.464028537273407 -1.2539302934759473 -0.009832999669015408
v -0.3901185393333435 -1.3118701805227613 -0.009832999669015408
v -0.421299546957016 -1.3398502697103833 -0.009832999669015408
v -0.464028537273407 -1.2539302934759473 -0.009832999669015408
v -0.421299546957016 -1.3398502697103833 -0.009832999669015408
v -0.44291356205940247 -1.347880207454524 -0.009832999669015408
v -0.464028537273407 -1.2539302934759473 -0.009832999669015408
v -0.44291356205940247 -1.347880207454524 -0.009832999669015408
v -0.49791455268859863 -1.355870210086665 -0.009832999669015408
v -0.49791455268859863 -1.355870210086665 -0.009832999669015408
v -0.5758155584335327 -1.3597102989309644 -0.009832999669015408
v -0.464028537273407 -1.2539302934759473 -0.009832999669015408
v -0.3901185393333435 -1.3118701805227613 -0.009832999669015408
v -0.464028537273407 -1.2539302934759473 -0.009832999669015408
v -0.368802547454834 -1.1631802548521375 -0.009832999669015408
v -0.3901185393333435 -1.3118701805227613 -0.009832999669015408
v -0.368802547454834 -1.1631802548521375 -0.009832999669015408
v -0.3336675465106964 -1.2458703149908399 -0.009832999669015408
v -0.3336675465106964 -1.2458703149908399 -0.009832999669015408
v -0.368802547454834 -1.1631802548521375 -0.009832999669015408
v -0.3093375563621521 -1.185830258285365 -0.009832999669015408
v -0.4251125454902649 -0.841040276443324 0.01870100013911724
v -0.4501875638961792 -0.9273603190534925 -0.01846799999475479
v -0.4251125454902649 -0.841040276443324 -0.01846799999475479
v -0.4501875638961792 -0.9273603190534925 -0.01846799999475479
v -0.4251125454902649 -0.841040276443324 0.01870100013911724
v -0.4501875638961792 -0.9273603190534925 0.01870100013911724
v -0.4251125454902649 -0.841040276443324 0.01870100013911724
v -0.4737865626811981 -0.7528202761762952 -0.01846799999475479
v -0.4737865626811981 -0.7528202761762952 0.01870100013911724
v -0.4737865626811981 -0.7528202761762952 -0.01846799999475479
v -0.4251125454902649 -0.841040276443324 0.01870100013911724
v -0.4251125454902649 -0.841040276443324 -0.01846799999475479
v -0.7229775786399841 -0.5553702344053602 -0.01846799999475479
v -0.8479275703430176 -0.4437802065962171 -0.01846799999475479
v -0.7229775786399841 -0.5553702344053602 0.018702000379562378
v -0.8479275703430176 -0.4437802065962171 0.018702000379562378
v -0.7229775786399841 -0.5553702344053602 0.018702000379562378
v -0.8479275703430176 -0.4437802065962171 -0.01846799999475479
v -0.8479275703430176 -0.4437802065962171 0.018702000379562378
v -0.8479275703430176 -0.4437802065962171 -0.01846799999475479
v -0.9480775594711304 -0.3455302347296094 -0.01846799999475479
v -0.9480775594711304 -0.3455302347296094 0.018702000379562378
v -0.8479275703430176 -0.4437802065962171 0.018702000379562378
v -0.9480775594711304 -0.3455302347296094 -0.01846799999475479
v -0.4737865626811981 -0.7528202761762952 0.01870100013911724
v -0.7229775786399841 -0.5553702344053602 -0.01846799999475479
v -0.7229775786399841 -0.5553702344053602 0.018702000379562378
v -0.7229775786399841 -0.5553702344053602 -0.01846799999475479
v -0.4737865626811981 -0.7528202761762952 0.01870100013911724
v -0.4737865626811981 -0.7528202761762952 -0.01846799999475479
v -0.7229775786399841 -0.5553702344053602 0.018702000379562378
v -0.8555575609207153 -0.646940254127345 0.018702000379562378
v -0.7601765394210815 -0.7566303242796277 0.018702000379562378
v -0.7229775786399841 -0.5553702344053602 0.018702000379562378
v -0.7601765394210815 -0.7566303242796277 0.018702000379562378
v -0.650488555431366 -0.8243502606504773 0.01870100013911724
v -0.8479275703430176 -0.4437802065962171 0.018702000379562378
v -0.8555575609207153 -0.646940254127345 0.018702000379562378
v -0.7229775786399841 -0.5553702344053602 0.018702000379562378
v -0.650488555431366 -0.8243502606504773 0.01870100013911724
v -0.4737865626811981 -0.7528202761762952 0.01870100013911724
v -0.7229775786399841 -0.5553702344053602 0.018702000379562378
v -0.4501875638961792 -0.9273603190534925 0.01870100013911724
v -0.4737865626811981 -0.7528202761762952 0.01870100013911724
v -0.650488555431366 -0.8243502606504773 0.01870100013911724
v -0.4737865626811981 -0.7528202761762952 0.01870100013911724
v -0.4501875638961792 -0.9273603190534925 0.01870100013911724
v -0.4251125454902649 -0.841040276443324 0.01870100013911724
v -0.8555575609207153 -0.646940254127345 0.018702000379562378
v -0.8479275703430176 -0.4437802065962171 0.018702000379562378
v -0.8860795497894287 -0.5830302466505384 0.018702000379562378
v -0.8860795497894287 -0.5830302466505384 0.018702000379562378
v -0.8479275703430176 -0.4437802065962171 0.018702000379562378
v -0.922324538230896 -0.47430028811629765 0.018702000379562378
v -0.922324538230896 -0.47430028811629765 0.018702000379562378
v -0.8479275703430176 -0.4437802065962171 0.018702000379562378
v -0.9480775594711304 -0.3455302347296094 0.018702000379562378
v -0.9480775594711304 -0.3455302347296094 -0.01846799999475479
v -0.922324538230896 -0.47430028811629765 0.018702000379562378
v -0.9480775594711304 -0.3455302347296094 0.018702000379562378
v -0.922324538230896 -0.47430028811629765 0.018702000379562378
v -0.9480775594711304 -0.3455302347296094 -0.01846799999475479
v -0.922324538230896 -0.47430028811629765 -0.01846799999475479
v -0.922324538230896 -0.47430028811629765 -0.01846799999475479
v -0.8860795497894287 -0.5830302466505384 0.018702000379562378
v -0.922324538230896 -0.47430028811629765 0.018702000379562378
v -0.8860795497894287 -0.5830302466505384 0.018702000379562378
v -0.922324538230896 -0.47430028811629765 -0.01846799999475479
v -0.8860795497894287 -0.5830302466505384 -0.01846799999475479
v -0.8860795497894287 -0.5830302466505384 -0.01846799999475479
v -0.8555575609207153 -0.646940254127345 0.018702000379562378
v -0.8860795497894287 -0.5830302466505384 0.018702000379562378
v -0.8555575609207153 -0.646940254127345 0.018702000379562378
v -0.8860795497894287 -0.5830302466505384 -0.01846799999475479
v -0.8555575609207153 -0.646940254127345 -0.01846799999475479
v -0.8555575609207153 -0.646940254127345 -0.01846799999475479
v -0.7601765394210815 -0.7566303242796277 0.018702000379562378
v -0.8555575609207153 -0.646940254127345 0.018702000379562378
v -0.7601765394210815 -0.7566303242796277 0.018702000379562378
v -0.8555575609207153 -0.646940254127345 -0.01846799999475479
v -0.7601765394210815 -0.7566303242796277 -0.01846799999475479
v -0.7601765394210815 -0.7566303242796277 -0.01846799999475479
v -0.650488555431366 -0.8243502606504773 0.01870100013911724
v -0.7601765394210815 -0.7566303242796277 0.018702000379562378
v -0.650488555431366 -0.8243502606504773 0.01870100013911724
v -0.7601765394210815 -0.7566303242796277 -0.01846799999475479
v -0.650488555431366 -0.8243502606504773 -0.01846799999475479
v -0.650488555431366 -0.8243502606504773 -0.01846799999475479
v -0.4501875638961792 -0.9273603190534925 0.01870100013911724
v -0.650488555431366 -0.8243502606504773 0.01870100013911724
v -0.4501875638961792 -0.9273603190534925 0.01870100013911724
v -0.650488555431366 -0.8243502606504773 -0.01846799999475479
v -0.4501875638961792 -0.9273603190534925 -0.01846799999475479
v -0.650488555431366 -0.8243502606504773 -0.01846799999475479
v -0.4737865626811981 -0.7528202761762952 -0.01846799999475479
v -0.4501875638961792 -0.9273603190534925 -0.01846799999475479
v -0.4501875638961792 -0.9273603190534925 -0.01846799999475479
v -0.4737865626811981 -0.7528202761762952 -0.01846799999475479
v -0.4251125454902649 -0.841040276443324 -0.01846799999475479
v -0.4737865626811981 -0.7528202761762952 -0.01846799999475479
v -0.650488555431366 -0.8243502606504773 -0.01846799999475479
v -0.7229775786399841 -0.5553702344053602 -0.01846799999475479
v -0.7601765394210815 -0.7566303242796277 -0.01846799999475479
v -0.7229775786399841 -0.5553702344053602 -0.01846799999475479
v -0.650488555431366 -0.8243502606504773 -0.01846799999475479
v -0.7229775786399841 -0.5553702344053602 -0.01846799999475479
v -0.7601765394210815 -0.7566303242796277 -0.01846799999475479
v -0.8555575609207153 -0.646940254127345 -0.01846799999475479
v -0.8555575609207153 -0.646940254127345 -0.01846799999475479
v -0.8479275703430176 -0.4437802065962171 -0.01846799999475479
v -0.7229775786399841 -0.5553702344053602 -0.01846799999475479
v -0.8479275703430176 -0.4437802065962171 -0.01846799999475479
v -0.8555575609207153 -0.646940254127345 -0.01846799999475479
v -0.8860795497894287 -0.5830302466505384 -0.01846799999475479
v -0.8479275703430176 -0.4437802065962171 -0.01846799999475479
v -0.8860795497894287 -0.5830302466505384 -0.01846799999475479
v -0.922324538230896 -0.47430028811629765 -0.01846799999475479
v -0.922324538230896 -0.47430028811629765 -0.01846799999475479
v -0.9480775594711304 -0.3455302347296094 -0.01846799999475479
v -0.8479275703430176 -0.4437802065962171 -0.01846799999475479
v -0.4513625502586365 -0.9228302468412732 -0.014897000044584274
v -0.43789854645729065 -1.0049202670210218 0.015130000188946724
v -0.43789854645729065 -1.0049202670210218 -0.014897000044584274
v -0.43789854645729065 -1.0049202670210218 0.015130000188946724
v -0.4513625502586365 -0.9228302468412732 -0.014897000044584274
v -0.4513625502586365 -0.9228302468412732 0.015130000188946724
v -0.7416255474090576 -0.7934502591245984 -0.014897000044584274
v -0.9758185744285583 -0.6996102561109876 -0.014897000044584274
v -0.7416255474090576 -0.7934502591245984 0.015130000188946724
v -0.9758185744285583 -0.6996102561109876 0.015130000188946724
v -0.7416255474090576 -0.7934502591245984 0.015130000188946724
v -0.9758185744285583 -0.6996102561109876 -0.014897000044584274
v -0.4513625502586365 -0.9228302468412732 0.015130000188946724
v -0.7416255474090576 -0.7934502591245984 -0.014897000044584274
v -0.7416255474090576 -0.7934502591245984 0.015130000188946724
v -0.7416255474090576 -0.7934502591245984 -0.014897000044584274
v -0.4513625502586365 -0.9228302468412732 0.015130000188946724
v -0.4513625502586365 -0.9228302468412732 -0.014897000044584274
v -0.6401585340499878 -0.9819902409666394 0.015130000188946724
v -0.4513625502586365 -0.9228302468412732 0.015130000188946724
v -0.7416255474090576 -0.7934502591245984 0.015130000188946724
v -0.4513625502586365 -0.9228302468412732 0.015130000188946724
v -0.6401585340499878 -0.9819902409666394 0.015130000188946724
v -0.43789854645729065 -1.0049202670210218 0.015130000188946724
v -0.7416255474090576 -0.7934502591245984 0.015130000188946724
v -0.7771545648574829 -0.9432403077238416 0.015130000188946724
v -0.6401585340499878 -0.9819902409666394 0.015130000188946724
v -0.7416255474090576 -0.7934502591245984 0.015130000188946724
v -0.84022057056427 -0.9160202969663953 0.015130000188946724
v -0.7771545648574829 -0.9432403077238416 0.015130000188946724
v -0.84022057056427 -0.9160202969663953 0.015130000188946724
v -0.7416255474090576 -0.7934502591245984 0.015130000188946724
v -0.8669955730438232 -0.8893503178709363 0.015130000188946724
v -0.8669955730438232 -0.8893503178709363 0.015130000188946724
v -0.7416255474090576 -0.7934502591245984 0.015130000188946724
v -0.9166415333747864 -0.8129502762907361 0.015130000188946724
v -0.9166415333747864 -0.8129502762907361 0.015130000188946724
v -0.7416255474090576 -0.7934502591245984 0.015130000188946724
v -0.9758185744285583 -0.6996102561109876 0.015130000188946724
v -0.9758185744285583 -0.6996102561109876 -0.014897000044584274
v -0.9166415333747864 -0.8129502762907361 0.015130000188946724
v -0.9758185744285583 -0.6996102561109876 0.015130000188946724
v -0.9166415333747864 -0.8129502762907361 0.015130000188946724
v -0.9758185744285583 -0.6996102561109876 -0.014897000044584274
v -0.9166415333747864 -0.8129502762907361 -0.014897000044584274
v -0.9166415333747864 -0.8129502762907361 -0.014897000044584274
v -0.8669955730438232 -0.8893503178709363 0.015130000188946724
v -0.9166415333747864 -0.8129502762907361 0.015130000188946724
v -0.8669955730438232 -0.8893503178709363 0.015130000188946724
v -0.9166415333747864 -0.8129502762907361 -0.014897000044584274
v -0.8669955730438232 -0.8893503178709363 -0.014897000044584274
v -0.8669955730438232 -0.8893503178709363 -0.014897000044584274
v -0.84022057056427 -0.9160202969663953 0.015130000188946724
v -0.8669955730438232 -0.8893503178709363 0.015130000188946724
v -0.84022057056427 -0.9160202969663953 0.015130000188946724
v -0.8669955730438232 -0.8893503178709363 -0.014897000044584274
v -0.84022057056427 -0.9160202969663953 -0.014897000044584274
v -0.84022057056427 -0.9160202969663953 -0.014897000044584274
v -0.7771545648574829 -0.9432403077238416 0.015130000188946724
v -0.84022057056427 -0.9160202969663953 0.015130000188946724
v -0.7771545648574829 -0.9432403077238416 0.015130000188946724
v -0.84022057056427 -0.9160202969663953 -0.014897000044584274
v -0.7771545648574829 -0.9432403077238416 -0.014897000044584274
v -0.7771545648574829 -0.9432403077238416 -0.014897000044584274
v -0.6401585340499878 -0.9819902409666394 0.015130000188946724
v -0.7771545648574829 -0.9432403077238416 0.015130000188946724
v -0.6401585340499878 -0.9819902409666394 0.015130000188946724
v -0.7771545648574829 -0.9432403077238416 -0.014897000044584274
v -0.6401585340499878 -0.9819902409666394 -0.014897000044584274
v -0.6401585340499878 -0.9819902409666394 -0.014897000044584274
v -0.43789854645729065 -1.0049202670210218 0.015130000188946724
v -0.6401585340499878 -0.9819902409666394 0.015130000188946724
v -0.43789854645729065 -1.0049202670210218 0.015130000188946724
v -0.6401585340499878 -0.9819902409666394 -0.014897000044584274
v -0.43789854645729065 -1.0049202670210218 -0.014897000044584274
v -0.7771545648574829 -0.9432403077238416 -0.014897000044584274
v -0.7416255474090576 -0.7934502591245984 -0.014897000044584274
v -0.6401585340499878 -0.9819902409666394 -0.014897000044584274
v -0.84022057056427 -0.9160202969663953 -0.014897000044584274
v -0.7416255474090576 -0.7934502591245984 -0.014897000044584274
v -0.7771545648574829 -0.9432403077238416 -0.014897000044584274
v -0.7416255474090576 -0.7934502591245984 -0.014897000044584274
v -0.84022057056427 -0.9160202969663953 -0.014897000044584274
v -0.8669955730438232 -0.8893503178709363 -0.014897000044584274
v -0.7416255474090576 -0.7934502591245984 -0.014897000044584274
v -0.8669955730438232 -0.8893503178709363 -0.014897000044584274
v -0.9166415333747864 -0.8129502762907361 -0.014897000044584274
v -0.7416255474090576 -0.7934502591245984 -0.014897000044584274
v -0.9166415333747864 -0.8129502762907361 -0.014897000044584274
v -0.9758185744285583 -0.6996102561109876 -0.014897000044584274
v -0.6401585340499878 -0.9819902409666394 -0.014897000044584274
v -0.7416255474090576 -0.7934502591245984 -0.014897000044584274
v -0.4513625502586365 -0.9228302468412732 -0.014897000044584274
v -0.6401585340499878 -0.9819902409666394 -0.014897000044584274
v -0.4513625502586365 -0.9228302468412732 -0.014897000044584274
v -0.43789854645729065 -1.0049202670210218 -0.014897000044584274
v -0.35666656494140625 -1.1551802386396741 0.01143299974501133
v -0.41036754846572876 -1.103030227577052 -0.01119999960064888
v -0.41036754846572876 -1.103030227577052 0.01143299974501133
v -0.41036754846572876 -1.103030227577052 -0.01119999960064888
v -0.35666656494140625 -1.1551802386396741 0.01143299974501133
v -0.35666656494140625 -1.1551802386396741 -0.01119999960064888
v -0.5554945468902588 -1.156750224983058 -0.01119999960064888
v -0.7255075573921204 -1.2189902891271924 -0.01119999960064888
v -0.5554945468902588 -1.156750224983058 0.01143299974501133
v -0.7255075573921204 -1.2189902891271924 0.01143299974501133
v -0.5554945468902588 -1.156750224983058 0.01143299974501133
v -0.7255075573921204 -1.2189902891271924 -0.01119999960064888
v -0.41036754846572876 -1.103030227577052 0.01143299974501133
v -0.5554945468902588 -1.156750224983058 -0.01119999960064888
v -0.5554945468902588 -1.156750224983058 0.01143299974501133
v -0.5554945468902588 -1.156750224983058 -0.01119999960064888
v -0.41036754846572876 -1.103030227577052 0.01143299974501133
v -0.41036754846572876 -1.103030227577052 -0.01119999960064888
v -0.5554945468902588 -1.156750224983058 0.01143299974501133
v -0.5026105642318726 -1.2537502874487256 0.01143299974501133
v -0.41036754846572876 -1.103030227577052 0.01143299974501133
v -0.41036754846572876 -1.103030227577052 0.01143299974501133
v -0.5026105642318726 -1.2537502874487256 0.01143299974501133
v -0.4109005630016327 -1.208720289623103 0.01143299974501133
v -0.4109005630016327 -1.208720289623103 0.01143299974501133
v -0.35666656494140625 -1.1551802386396741 0.01143299974501133
v -0.41036754846572876 -1.103030227577052 0.01143299974501133
v -0.5026105642318726 -1.2537502874487256 0.01143299974501133
v -0.5554945468902588 -1.156750224983058 0.01143299974501133
v -0.549327552318573 -1.2694702972524976 0.01143299974501133
v -0.5554945468902588 -1.156750224983058 0.01143299974501133
v -0.576412558555603 -1.2680803169363355 0.01143299974501133
v -0.549327552318573 -1.2694702972524976 0.01143299974501133
v -0.576412558555603 -1.2680803169363355 0.01143299974501133
v -0.5554945468902588 -1.156750224983058 0.01143299974501133
v -0.6395565271377563 -1.251110278522334 0.01143299974501133
v -0.6395565271377563 -1.251110278522334 0.01143299974501133
v -0.5554945468902588 -1.156750224983058 0.01143299974501133
v -0.7255075573921204 -1.2189902891271924 0.01143299974501133
v -0.7255075573921204 -1.2189902891271924 -0.01119999960064888
v -0.6395565271377563 -1.251110278522334 0.01143299974501133
v -0.7255075573921204 -1.2189902891271924 0.01143299974501133
v -0.6395565271377563 -1.251110278522334 0.01143299974501133
v -0.7255075573921204 -1.2189902891271924 -0.01119999960064888
v -0.6395565271377563 -1.251110278522334 -0.01119999960064888
v -0.6395565271377563 -1.251110278522334 -0.01119999960064888
v -0.576412558555603 -1.2680803169363355 0.01143299974501133
v -0.6395565271377563 -1.251110278522334 0.01143299974501133
v -0.576412558555603 -1.2680803169363355 0.01143299974501133
v -0.6395565271377563 -1.251110278522334 -0.01119999960064888
v -0.576412558555603 -1.2680803169363355 -0.01119999960064888
v -0.549327552318573 -1.2694702972524976 -0.01119999960064888
v -0.576412558555603 -1.2680803169363355 0.01143299974501133
v -0.576412558555603 -1.2680803169363355 -0.01119999960064888
v -0.576412558555603 -1.2680803169363355 0.01143299974501133
v -0.549327552318573 -1.2694702972524976 -0.01119999960064888
v -0.549327552318573 -1.2694702972524976 0.01143299974501133
v -0.5026105642318726 -1.2537502874487256 -0.01119999960064888
v -0.549327552318573 -1.2694702972524976 0.01143299974501133
v -0.549327552318573 -1.2694702972524976 -0.01119999960064888
v -0.549327552318573 -1.2694702972524976 0.01143299974501133
v -0.5026105642318726 -1.2537502874487256 -0.01119999960064888
v -0.5026105642318726 -1.2537502874487256 0.01143299974501133
v -0.5026105642318726 -1.2537502874487256 -0.01119999960064888
v -0.4109005630016327 -1.208720289623103 0.01143299974501133
v -0.5026105642318726 -1.2537502874487256 0.01143299974501133
v -0.4109005630016327 -1.208720289623103 0.01143299974501133
v -0.5026105642318726 -1.2537502874487256 -0.01119999960064888
v -0.4109005630016327 -1.208720289623103 -0.01119999960064888
v -0.4109005630016327 -1.208720289623103 -0.01119999960064888
v -0.35666656494140625 -1.1551802386396741 0.01143299974501133
v -0.4109005630016327 -1.208720289623103 0.01143299974501133
v -0.35666656494140625 -1.1551802386396741 0.01143299974501133
v -0.4109005630016327 -1.208720289623103 -0.01119999960064888
v -0.35666656494140625 -1.1551802386396741 -0.01119999960064888
v -0.576412558555603 -1.2680803169363355 -0.01119999960064888
v -0.6395565271377563 -1.251110278522334 -0.01119999960064888
v -0.5554945468902588 -1.156750224983058 -0.01119999960064888
v -0.7255075573921204 -1.2189902891271924 -0.01119999960064888
v -0.5554945468902588 -1.156750224983058 -0.01119999960064888
v -0.6395565271377563 -1.251110278522334 -0.01119999960064888
v -0.5554945468902588 -1.156750224983058 -0.01119999960064888
v -0.549327552318573 -1.2694702972524976 -0.01119999960064888
v -0.576412558555603 -1.2680803169363355 -0.01119999960064888
v -0.5554945468902588 -1.156750224983058 -0.01119999960064888
v -0.5026105642318726 -1.2537502874487256 -0.01119999960064888
v -0.549327552318573 -1.2694702972524976 -0.01119999960064888
v -0.41036754846572876 -1.103030227577052 -0.01119999960064888
v -0.5026105642318726 -1.2537502874487256 -0.01119999960064888
v -0.5554945468902588 -1.156750224983058 -0.01119999960064888
v -0.5026105642318726 -1.2537502874487256 -0.01119999960064888
v -0.41036754846572876 -1.103030227577052 -0.01119999960064888
v -0.4109005630016327 -1.208720289623103 -0.01119999960064888
v -0.4109005630016327 -1.208720289623103 -0.01119999960064888
v -0.41036754846572876 -1.103030227577052 -0.01119999960064888
v -0.35666656494140625 -1.1551802386396741 -0.01119999960064888
v -0.3156585693359375 -1.3618802656286573 -0.009352999739348888
v -0.3011685609817505 -1.3320302595251416 0.009585999883711338
v -0.3156585693359375 -1.3618802656286573 0.009585999883711338
v -0.3011685609817505 -1.3320302595251416 0.009585999883711338
v -0.3156585693359375 -1.3618802656286573 -0.009352999739348888
v -0.3011685609817505 -1.3320302595251416 -0.009352999739348888
v -0.3011685609817505 -1.3320302595251416 -0.009352999739348888
v -0.279524564743042 -1.2667502988928174 0.009585999883711338
v -0.3011685609817505 -1.3320302595251416 0.009585999883711338
v -0.279524564743042 -1.2667502988928174 0.009585999883711338
v -0.3011685609817505 -1.3320302595251416 -0.009352999739348888
v -0.279524564743042 -1.2667502988928174 -0.009352999739348888
v -0.279647558927536 -1.2154502500646924 -0.009352999739348888
v -0.279524564743042 -1.2667502988928174 0.009585999883711338
v -0.279524564743042 -1.2667502988928174 -0.009352999739348888
v -0.279647558927536 -1.2154502500646924 -0.009352999739348888
v -0.27964654564857483 -1.2154502500646924 0.009585999883711338
v -0.279524564743042 -1.2667502988928174 0.009585999883711338
v -0.279647558927536 -1.2154502500646924 -0.009352999739348888
v -0.3300245702266693 -1.2166403164022779 0.009585999883711338
v -0.27964654564857483 -1.2154502500646924 0.009585999883711338
v -0.3300245702266693 -1.2166403164022779 0.009585999883711338
v -0.279647558927536 -1.2154502500646924 -0.009352999739348888
v -0.3300245702266693 -1.2166403164022779 -0.009352999739348888
v -0.3011685609817505 -1.3320302595251416 0.009585999883711338
v -0.279524564743042 -1.2667502988928174 0.009585999883711338
v -0.3300245702266693 -1.2166403164022779 0.009585999883711338
v -0.27964654564857483 -1.2154502500646924 0.009585999883711338
v -0.3300245702266693 -1.2166403164022779 0.009585999883711338
v -0.279524564743042 -1.2667502988928174 0.009585999883711338
v -0.37269455194473267 -1.3116702665441846 0.009585999883711338
v -0.3011685609817505 -1.3320302595251416 0.009585999883711338
v -0.3300245702266693 -1.2166403164022779 0.009585999883711338
v -0.3011685609817505 -1.3320302595251416 0.009585999883711338
v -0.37269455194473267 -1.3116702665441846 0.009585999883711338
v -0.3156585693359375 -1.3618802656286573 0.009585999883711338
v -0.37269455194473267 -1.3116702665441846 0.009585999883711338
v -0.32910555601119995 -1.3742303480261182 0.009585999883711338
v -0.3156585693359375 -1.3618802656286573 0.009585999883711338
v -0.32910555601119995 -1.3742303480261182 0.009585999883711338
v -0.37269455194473267 -1.3116702665441846 0.009585999883711338
v -0.36704155802726746 -1.3965502609365796 0.009585999883711338
v -0.36704155802726746 -1.3965502609365796 0.009585999883711338
v -0.37269455194473267 -1.3116702665441846 0.009585999883711338
v -0.42301055788993835 -1.4226703275793409 0.009585999883711338
v -0.3300245702266693 -1.2166403164022779 0.009585999883711338
v -0.3300245702266693 -1.2166403164022779 -0.009352999739348888
v -0.37269455194473267 -1.3116702665441846 -0.009352999739348888
v -0.3300245702266693 -1.2166403164022779 0.009585999883711338
v -0.37269455194473267 -1.3116702665441846 -0.009352999739348888
v -0.37269455194473267 -1.3116702665441846 0.009585999883711338
v -0.37269455194473267 -1.3116702665441846 -0.009352999739348888
v -0.42301055788993835 -1.4226703275793409 -0.009352999739348888
v -0.37269455194473267 -1.3116702665441846 0.009585999883711338
v -0.37269455194473267 -1.3116702665441846 0.009585999883711338
v -0.42301055788993835 -1.4226703275793409 -0.009352999739348888
v -0.42301055788993835 -1.4226703275793409 0.009585999883711338
v -0.42301055788993835 -1.4226703275793409 -0.009352999739348888
v -0.36704155802726746 -1.3965502609365796 0.009585999883711338
v -0.42301055788993835 -1.4226703275793409 0.009585999883711338
v -0.36704155802726746 -1.3965502609365796 0.009585999883711338
v -0.42301055788993835 -1.4226703275793409 -0.009352999739348888
v -0.36704155802726746 -1.3965502609365796 -0.009352999739348888
v -0.36704155802726746 -1.3965502609365796 -0.009352999739348888
v -0.32910555601119995 -1.3742303480261182 0.009585999883711338
v -0.36704155802726746 -1.3965502609365796 0.009585999883711338
v -0.32910555601119995 -1.3742303480261182 0.009585999883711338
v -0.36704155802726746 -1.3965502609365796 -0.009352999739348888
v -0.32910555601119995 -1.3742303480261182 -0.009352999739348888
v -0.32910555601119995 -1.3742303480261182 -0.009352999739348888
v -0.3156585693359375 -1.3618802656286573 0.009585999883711338
v -0.32910555601119995 -1.3742303480261182 0.009585999883711338
v -0.3156585693359375 -1.3618802656286573 0.009585999883711338
v -0.32910555601119995 -1.3742303480261182 -0.009352999739348888
v -0.3156585693359375 -1.3618802656286573 -0.009352999739348888
v -0.3011685609817505 -1.3320302595251416 -0.009352999739348888
v -0.37269455194473267 -1.3116702665441846 -0.009352999739348888
v -0.3300245702266693 -1.2166403164022779 -0.009352999739348888
v -0.3011685609817505 -1.3320302595251416 -0.009352999739348888
v -0.3300245702266693 -1.2166403164022779 -0.009352999739348888
v -0.279524564743042 -1.2667502988928174 -0.009352999739348888
v -0.279524564743042 -1.2667502988928174 -0.009352999739348888
v -0.3300245702266693 -1.2166403164022779 -0.009352999739348888
v -0.279647558927536 -1.2154502500646924 -0.009352999739348888
v -0.37269455194473267 -1.3116702665441846 -0.009352999739348888
v -0.3011685609817505 -1.3320302595251416 -0.009352999739348888
v -0.3156585693359375 -1.3618802656286573 -0.009352999739348888
v -0.32910555601119995 -1.3742303480261182 -0.009352999739348888
v -0.37269455194473267 -1.3116702665441846 -0.009352999739348888
v -0.3156585693359375 -1.3618802656286573 -0.009352999739348888
v -0.37269455194473267 -1.3116702665441846 -0.009352999739348888
v -0.32910555601119995 -1.3742303480261182 -0.009352999739348888
v -0.36704155802726746 -1.3965502609365796 -0.009352999739348888
v -0.37269455194473267 -1.3116702665441846 -0.009352999739348888
v -0.36704155802726746 -1.3965502609365796 -0.009352999739348888
v -0.42301055788993835 -1.4226703275793409 -0.009352999739348888
v -0.4169565439224243 -1.0033803214186048 -0.012943999841809273
v -0.3802315592765808 -1.1010202397459363 0.013176999986171722
v -0.3802315592765808 -1.1010202397459363 -0.012943999841809273
v -0.3802315592765808 -1.1010202397459363 0.013176999986171722
v -0.4169565439224243 -1.0033803214186048 -0.012943999841809273
v -0.4169565439224243 -1.0033803214186048 0.013176999986171722
v -0.6318085789680481 -0.9849202860945081 -0.012943999841809273
v -0.8830945491790771 -0.9624202479475354 -0.012943999841809273
v -0.6318085789680481 -0.9849202860945081 0.013176999986171722
v -0.8830945491790771 -0.9624202479475354 0.013176999986171722
v -0.6318085789680481 -0.9849202860945081 0.013176999986171722
v -0.8830945491790771 -0.9624202479475354 -0.012943999841809273
v -0.4169565439224243 -1.0033803214186048 0.013176999986171722
v -0.6318085789680481 -0.9849202860945081 -0.012943999841809273
v -0.6318085789680481 -0.9849202860945081 0.013176999986171722
v -0.6318085789680481 -0.9849202860945081 -0.012943999841809273
v -0.4169565439224243 -1.0033803214186048 0.013176999986171722
v -0.4169565439224243 -1.0033803214186048 -0.012943999841809273
v -0.6227445602416992 -1.1386002530210828 0.013176999986171722
v -0.48039254546165466 -1.13630022898849 0.013176999986171722
v -0.6318085789680481 -0.9849202860945081 0.013176999986171722
v -0.6318085789680481 -0.9849202860945081 0.013176999986171722
v -0.6909735798835754 -1.130680226241908 0.013176999986171722
v -0.6227445602416992 -1.1386002530210828 0.013176999986171722
v -0.6909735798835754 -1.130680226241908 0.013176999986171722
v -0.6318085789680481 -0.9849202860945081 0.013176999986171722
v -0.7242895364761353 -1.1128302444570874 0.013176999986171722
v -0.7242895364761353 -1.1128302444570874 0.013176999986171722
v -0.6318085789680481 -0.9849202860945081 0.013176999986171722
v -0.7938145399093628 -1.053950272952876 0.013176999986171722
v -0.7938145399093628 -1.053950272952876 0.013176999986171722
v -0.6318085789680481 -0.9849202860945081 0.013176999986171722
v -0.8830945491790771 -0.9624202479475354 0.013176999986171722
v -0.48039254546165466 -1.13630022898849 0.013176999986171722
v -0.4169565439224243 -1.0033803214186048 0.013176999986171722
v -0.6318085789680481 -0.9849202860945081 0.013176999986171722
v -0.4169565439224243 -1.0033803214186048 0.013176999986171722
v -0.48039254546165466 -1.13630022898849 0.013176999986171722
v -0.3802315592765808 -1.1010202397459363 0.013176999986171722
v -0.8830945491790771 -0.9624202479475354 -0.012943999841809273
v -0.7938145399093628 -1.053950272952876 0.013176999986171722
v -0.8830945491790771 -0.9624202479475354 0.013176999986171722
v -0.7938145399093628 -1.053950272952876 0.013176999986171722
v -0.8830945491790771 -0.9624202479475354 -0.012943999841809273
v -0.7938145399093628 -1.053950272952876 -0.012943999841809273
v -0.7938145399093628 -1.053950272952876 -0.012943999841809273
v -0.7242895364761353 -1.1128302444570874 0.013176999986171722
v -0.7938145399093628 -1.053950272952876 0.013176999986171722
v -0.7242895364761353 -1.1128302444570874 0.013176999986171722
v -0.7938145399093628 -1.053950272952876 -0.012943999841809273
v -0.7242895364761353 -1.1128302444570874 -0.012943999841809273
v -0.7242895364761353 -1.1128302444570874 -0.012943999841809273
v -0.6909735798835754 -1.130680226241908 0.013176999986171722
v -0.7242895364761353 -1.1128302444570874 0.013176999986171722
v -0.6909735798835754 -1.130680226241908 0.013176999986171722
v -0.7242895364761353 -1.1128302444570874 -0.012943999841809273
v -0.6909735798835754 -1.130680226241908 -0.012943999841809273
v -0.6909735798835754 -1.130680226241908 -0.012943999841809273
v -0.6227445602416992 -1.1386002530210828 0.013176999986171722
v -0.6909735798835754 -1.130680226241908 0.013176999986171722
v -0.6227445602416992 -1.1386002530210828 0.013176999986171722
v -0.6909735798835754 -1.130680226241908 -0.012943999841809273
v -0.6227445602416992 -1.1386002530210828 -0.012943999841809273
v -0.6227445602416992 -1.1386002530210828 -0.012943999841809273
v -0.48039254546165466 -1.13630022898849 0.013176999986171722
v -0.6227445602416992 -1.1386002530210828 0.013176999986171722
v -0.48039254546165466 -1.13630022898849 0.013176999986171722
v -0.6227445602416992 -1.1386002530210828 -0.012943999841809273
v -0.48039254546165466 -1.13630022898849 -0.012943999841809273
v -0.48039254546165466 -1.13630022898849 -0.012943999841809273
v -0.3802315592765808 -1.1010202397459363 0.013176999986171722
v -0.48039254546165466 -1.13630022898849 0.013176999986171722
v -0.3802315592765808 -1.1010202397459363 0.013176999986171722
v -0.48039254546165466 -1.13630022898849 -0.012943999841809273
v -0.3802315592765808 -1.1010202397459363 -0.012943999841809273
v -0.6318085789680481 -0.9849202860945081 -0.012943999841809273
v -0.48039254546165466 -1.13630022898849 -0.012943999841809273
v -0.6227445602416992 -1.1386002530210828 -0.012943999841809273
v -0.6909735798835754 -1.130680226241908 -0.012943999841809273
v -0.6318085789680481 -0.9849202860945081 -0.012943999841809273
v -0.6227445602416992 -1.1386002530210828 -0.012943999841809273
v -0.6318085789680481 -0.9849202860945081 -0.012943999841809273
v -0.6909735798835754 -1.130680226241908 -0.012943999841809273
v -0.7242895364761353 -1.1128302444570874 -0.012943999841809273
v -0.6318085789680481 -0.9849202860945081 -0.012943999841809273
v -0.7242895364761353 -1.1128302444570874 -0.012943999841809273
v -0.7938145399093628 -1.053950272952876 -0.012943999841809273
v -0.7938145399093628 -1.053950272952876 -0.012943999841809273
v -0.8830945491790771 -0.9624202479475354 -0.012943999841809273
v -0.6318085789680481 -0.9849202860945081 -0.012943999841809273
v -0.48039254546165466 -1.13630022898849 -0.012943999841809273
v -0.6318085789680481 -0.9849202860945081 -0.012943999841809273
v -0.4169565439224243 -1.0033803214186048 -0.012943999841809273
v -0.48039254546165466 -1.13630022898849 -0.012943999841809273
v -0.4169565439224243 -1.0033803214186048 -0.012943999841809273
v -0.3802315592765808 -1.1010202397459363 -0.012943999841809273
v -0.2190205603837967 -1.304930292522273 0.00011700000322889537
v -0.320900559425354 -1.1783502329939222 0.04031499847769737
v -0.36314254999160767 -1.2172503103369092 0.00011700000322889537
v -0.320900559425354 -1.1783502329939222 0.04031499847769737
v -0.2190205603837967 -1.304930292522273 0.00011700000322889537
v -0.2190205603837967 -1.2475002636068677 0.04031499847769737
v -0.36314254999160767 -1.2172503103369092 0.00011700000322889537
v -0.320900559425354 -1.1783502329939222 0.04031499847769737
v -0.36755454540252686 -1.125160240089259 0.04031499847769737
v -0.36755454540252686 -1.125160240089259 0.04031499847769737
v -0.41800156235694885 -1.1526002515905713 0.00011700000322889537
v -0.36314254999160767 -1.2172503103369092 0.00011700000322889537
v -0.36755454540252686 -1.125160240089259 0.04031499847769737
v -0.4652365446090698 -1.023140274440608 0.00011700000322889537
v -0.41800156235694885 -1.1526002515905713 0.00011700000322889537
v -0.4652365446090698 -1.023140274440608 0.00011700000322889537
v -0.36755454540252686 -1.125160240089259 0.04031499847769737
v -0.41524556279182434 -1.0130902756803846 0.03581099957227707
v -0.41524556279182434 -1.0130902756803846 0.03581099957227707
v -0.4778025448322296 -0.8846602667921399 0.00011700000322889537
v -0.4652365446090698 -1.023140274440608 0.00011700000322889537
v -0.4778025448322296 -0.8846602667921399 0.00011700000322889537
v -0.41524556279182434 -1.0130902756803846 0.03581099957227707
v -0.4271675646305084 -0.8906803359144544 0.03581099957227707
v -0.4271675646305084 -0.8906803359144544 0.03581099957227707
v -0.4796735644340515 -0.8479002942198133 0.00011700000322889537
v -0.4778025448322296 -0.8846602667921399 0.00011700000322889537
v -0.4796735644340515 -0.8479002942198133 0.00011700000322889537
v -0.4271675646305084 -0.8906803359144544 0.03581099957227707
v -0.43698954582214355 -0.8200003136747693 0.03581099957227707
v -0.4796735644340515 -0.8479002942198133 0.00011700000322889537
v -0.43698954582214355 -0.8200003136747693 0.03581099957227707
v -0.5182225704193115 -0.7088701953047132 0.018007999286055565
v -0.5397535562515259 -0.7226501931303357 0.00011700000322889537
v -0.4796735644340515 -0.8479002942198133 0.00011700000322889537
v -0.5182225704193115 -0.7088701953047132 0.018007999286055565
v -0.5397535562515259 -0.7226501931303357 0.00011700000322889537
v -0.5182225704193115 -0.7088701953047132 0.018007999286055565
v -0.6043645739555359 -0.6378902424925184 0.00011700000322889537
v -0.320900559425354 -1.1783502329939222 0.04031499847769737
v -0.2190205603837967 -1.2475002636068677 0.04031499847769737
v -0.27865755558013916 -1.1394402612799024 0.00011700000322889537
v -0.2190205603837967 -1.2475002636068677 0.04031499847769737
v -0.2190205603837967 -1.1900702346914624 0.00011700000322889537
v -0.27865755558013916 -1.1394402612799024 0.00011700000322889537
v -0.320900559425354 -1.1783502329939222 0.04031499847769737
v -0.27865755558013916 -1.1394402612799024 0.00011700000322889537
v -0.3171085715293884 -1.0977202285879468 0.00011700000322889537
v -0.3171085715293884 -1.0977202285879468 0.00011700000322889537
v -0.36755454540252686 -1.125160240089259 0.04031499847769737
v -0.320900559425354 -1.1783502329939222 0.04031499847769737
v -0.3171085715293884 -1.0977202285879468 0.00011700000322889537
v -0.41524556279182434 -1.0130902756803846 0.03581099957227707
v -0.36755454540252686 -1.125160240089259 0.04031499847769737
v -0.41524556279182434 -1.0130902756803846 0.03581099957227707
v -0.3171085715293884 -1.0977202285879468 0.00011700000322889537
v -0.36525455117225647 -1.003040336524806 0.00011700000322889537
v -0.36525455117225647 -1.003040336524806 0.00011700000322889537
v -0.4271675646305084 -0.8906803359144544 0.03581099957227707
v -0.41524556279182434 -1.0130902756803846 0.03581099957227707
v -0.4271675646305084 -0.8906803359144544 0.03581099957227707
v -0.36525455117225647 -1.003040336524806 0.00011700000322889537
v -0.37653353810310364 -0.8967002858274793 0.00011700000322889537
v -0.37653353810310364 -0.8967002858274793 0.00011700000322889537
v -0.43698954582214355 -0.8200003136747693 0.03581099957227707
v -0.4271675646305084 -0.8906803359144544 0.03581099957227707
v -0.43698954582214355 -0.8200003136747693 0.03581099957227707
v -0.37653353810310364 -0.8967002858274793 0.00011700000322889537
v -0.394305557012558 -0.7921102275007581 0.00011700000322889537
v -0.43698954582214355 -0.8200003136747693 0.03581099957227707
v -0.394305557012558 -0.7921102275007581 0.00011700000322889537
v -0.4966915547847748 -0.6951002110594129 0.00011700000322889537
v -0.5182225704193115 -0.7088701953047132 0.018007999286055565
v -0.43698954582214355 -0.8200003136747693 0.03581099957227707
v -0.4966915547847748 -0.6951002110594129 0.00011700000322889537
v -0.5182225704193115 -0.7088701953047132 0.018007999286055565
v -0.4966915547847748 -0.6951002110594129 0.00011700000322889537
v -0.6043645739555359 -0.6378902424925184 0.00011700000322889537
v -0.2190205603837967 -1.304930292522273 0.00011700000322889537
v -0.320900559425354 -1.1783502329939222 -0.04008200019598007
v -0.2190205603837967 -1.2475002636068677 -0.04008200019598007
v -0.320900559425354 -1.1783502329939222 -0.04008200019598007
v -0.2190205603837967 -1.304930292522273 0.00011700000322889537
v -0.36314254999160767 -1.2172503103369092 0.00011700000322889537
v -0.36314254999160767 -1.2172503103369092 0.00011700000322889537
v -0.36755454540252686 -1.125160240089259 -0.04008200019598007
v -0.320900559425354 -1.1783502329939222 -0.04008200019598007
v -0.36755454540252686 -1.125160240089259 -0.04008200019598007
v -0.36314254999160767 -1.2172503103369092 0.00011700000322889537
v -0.41800156235694885 -1.1526002515905713 0.00011700000322889537
v -0.4652365446090698 -1.023140274440608 0.00011700000322889537
v -0.36755454540252686 -1.125160240089259 -0.04008200019598007
v -0.41800156235694885 -1.1526002515905713 0.00011700000322889537
v -0.4652365446090698 -1.023140274440608 0.00011700000322889537
v -0.41524556279182434 -1.0130902756803846 -0.03557699918746948
v -0.36755454540252686 -1.125160240089259 -0.04008200019598007
v -0.4778025448322296 -0.8846602667921399 0.00011700000322889537
v -0.41524556279182434 -1.0130902756803846 -0.03557699918746948
v -0.4652365446090698 -1.023140274440608 0.00011700000322889537
v -0.4778025448322296 -0.8846602667921399 0.00011700000322889537
v -0.4271675646305084 -0.8906803359144544 -0.03557699918746948
v -0.41524556279182434 -1.0130902756803846 -0.03557699918746948
v -0.4796735644340515 -0.8479002942198133 0.00011700000322889537
v -0.4271675646305084 -0.8906803359144544 -0.03557699918746948
v -0.4778025448322296 -0.8846602667921399 0.00011700000322889537
v -0.4796735644340515 -0.8479002942198133 0.00011700000322889537
v -0.43698954582214355 -0.8200003136747693 -0.03557699918746948
v -0.4271675646305084 -0.8906803359144544 -0.03557699918746948
v -0.4796735644340515 -0.8479002942198133 0.00011700000322889537
v -0.5182225704193115 -0.7088701953047132 -0.017774999141693115
v -0.43698954582214355 -0.8200003136747693 -0.03557699918746948
v -0.5182225704193115 -0.7088701953047132 -0.017774999141693115
v -0.4796735644340515 -0.8479002942198133 0.00011700000322889537
v -0.5397535562515259 -0.7226501931303357 0.00011700000322889537
v -0.5182225704193115 -0.7088701953047132 -0.017774999141693115
v -0.5397535562515259 -0.7226501931303357 0.00011700000322889537
v -0.6043645739555359 -0.6378902424925184 0.00011700000322889537
v -0.320900559425354 -1.1783502329939222 -0.04008200019598007
v -0.3171085715293884 -1.0977202285879468 0.00011700000322889537
v -0.27865755558013916 -1.1394402612799024 0.00011700000322889537
v -0.27865755558013916 -1.1394402612799024 0.00011700000322889537
v -0.2190205603837967 -1.2475002636068677 -0.04008200019598007
v -0.320900559425354 -1.1783502329939222 -0.04008200019598007
v -0.2190205603837967 -1.1900702346914624 0.00011700000322889537
v -0.2190205603837967 -1.2475002636068677 -0.04008200019598007
v -0.27865755558013916 -1.1394402612799024 0.00011700000322889537
v -0.3171085715293884 -1.0977202285879468 0.00011700000322889537
v -0.320900559425354 -1.1783502329939222 -0.04008200019598007
v -0.36755454540252686 -1.125160240089259 -0.04008200019598007
v -0.41524556279182434 -1.0130902756803846 -0.03557699918746948
v -0.3171085715293884 -1.0977202285879468 0.00011700000322889537
v -0.36755454540252686 -1.125160240089259 -0.04008200019598007
v -0.41524556279182434 -1.0130902756803846 -0.03557699918746948
v -0.36525455117225647 -1.003040336524806 0.00011700000322889537
v -0.3171085715293884 -1.0977202285879468 0.00011700000322889537
v -0.4271675646305084 -0.8906803359144544 -0.03557699918746948
v -0.36525455117225647 -1.003040336524806 0.00011700000322889537
v -0.41524556279182434 -1.0130902756803846 -0.03557699918746948
v -0.4271675646305084 -0.8906803359144544 -0.03557699918746948
v -0.37653353810310364 -0.8967002858274793 0.00011700000322889537
v -0.36525455117225647 -1.003040336524806 0.00011700000322889537
v -0.43698954582214355 -0.8200003136747693 -0.03557699918746948
v -0.37653353810310364 -0.8967002858274793 0.00011700000322889537
v -0.4271675646305084 -0.8906803359144544 -0.03557699918746948
v -0.43698954582214355 -0.8200003136747693 -0.03557699918746948
v -0.394305557012558 -0.7921102275007581 0.00011700000322889537
v -0.37653353810310364 -0.8967002858274793 0.00011700000322889537
v -0.43698954582214355 -0.8200003136747693 -0.03557699918746948
v -0.4966915547847748 -0.6951002110594129 0.00011700000322889537
v -0.394305557012558 -0.7921102275007581 0.00011700000322889537
v -0.4966915547847748 -0.6951002110594129 0.00011700000322889537
v -0.43698954582214355 -0.8200003136747693 -0.03557699918746948
v -0.5182225704193115 -0.7088701953047132 -0.017774999141693115
v -0.4966915547847748 -0.6951002110594129 0.00011700000322889537
v -0.5182225704193115 -0.7088701953047132 -0.017774999141693115
v -0.6043645739555359 -0.6378902424925184 0.00011700000322889537
v -0.03689455986022949 -2.1660103429907176 -0.026371000334620476
v -0.04891455918550491 -2.0095003475302073 -0.026371000334620476
v -0.017795555293560028 -2.1643403400534007 -0.00012799999967683107
v -0.060934558510780334 -1.8529902328604078 -0.02637000009417534
v -0.06295455992221832 -1.7085902322882032 -0.02637000009417534
v -0.04179955646395683 -1.852150284206233 -0.00012799999967683107
v -0.060934558510780334 -1.8529902328604078 -0.02637000009417534
v -0.04179955646395683 -1.852150284206233 -0.00012799999967683107
v -0.04891455918550491 -2.0095003475302073 -0.026371000334620476
v -0.06497456133365631 -1.5641802181356763 -0.02637000009417534
v -0.045803558081388474 -1.5641802181356763 -0.00012700000661425292
v -0.06295455992221832 -1.7085902322882032 -0.02637000009417534
v -0.04891455918550491 -2.0095003475302073 0.026115000247955322
v -0.03689455986022949 -2.1660103429907176 0.026115000247955322
v -0.017795555293560028 -2.1643403400534007 -0.00012799999967683107
v -0.06295455992221832 -1.7085902322882032 0.026115000247955322
v -0.060934558510780334 -1.8529902328604078 0.026115000247955322
v -0.04179955646395683 -1.852150284206233 -0.00012799999967683107
v -0.04179955646395683 -1.852150284206233 -0.00012799999967683107
v -0.060934558510780334 -1.8529902328604078 0.026115000247955322
v -0.04891455918550491 -2.0095003475302073 0.026115000247955322
v -0.045803558081388474 -1.5641802181356763 -0.00012700000661425292
v -0.06497456133365631 -1.5641802181356763 0.02611600048840046
v -0.06295455992221832 -1.7085902322882032 0.026115000247955322
v -0.03689455986022949 -2.1660103429907176 0.026115000247955322
v 0.0017664432525634766 -2.1626302827947947 -0.00012799999967683107
v -0.017795555293560028 -2.1643403400534007 -0.00012799999967683107
v 0.0017664432525634766 -2.1626302827947947 -0.00012799999967683107
v -0.03689455986022949 -2.1660103429907176 0.026115000247955322
v -0.023061558604240417 -2.1648002494924876 0.033987998962402344
v -0.08300156146287918 -2.1700403322332713 0.03698600083589554
v -0.023061558604240417 -2.1648002494924876 0.033987998962402344
v -0.03689455986022949 -2.1660103429907176 0.026115000247955322
v -0.023061558604240417 -2.1648002494924876 0.033987998962402344
v -0.08300156146287918 -2.1700403322332713 0.03698600083589554
v -0.08300156146287918 -2.1700403322332713 0.04811999946832657
v -0.16777056455612183 -2.1774602760427806 -0.00012799999967683107
v -0.12910956144332886 -2.1740803350561473 -0.026371000334620476
v -0.14294256269931793 -2.1752903093450877 -0.03424299880862236
v -0.08300156146287918 -2.1700403322332713 -0.037241000682115555
v -0.14294256269931793 -2.1752903093450877 -0.03424299880862236
v -0.12910956144332886 -2.1740803350561473 -0.026371000334620476
v -0.14294256269931793 -2.1752903093450877 -0.03424299880862236
v -0.08300156146287918 -2.1700403322332713 -0.037241000682115555
v -0.08300156146287918 -2.1700403322332713 -0.048374999314546585
v -0.12910956144332886 -2.1740803350561473 -0.026371000334620476
v -0.16777056455612183 -2.1774602760427806 -0.00012799999967683107
v -0.14820855855941772 -2.175750337993464 -0.00012799999967683107
v -0.12910956144332886 -2.1740803350561473 0.026115000247955322
v -0.14820855855941772 -2.175750337993464 -0.00012799999967683107
v -0.16777056455612183 -2.1774602760427806 -0.00012799999967683107
v -0.16777056455612183 -2.1774602760427806 -0.00012799999967683107
v -0.14294256269931793 -2.1752903093450877 0.033987998962402344
v -0.12910956144332886 -2.1740803350561473 0.026115000247955322
v -0.14294256269931793 -2.1752903093450877 0.033987998962402344
v -0.08300156146287918 -2.1700403322332713 0.03698600083589554
v -0.12910956144332886 -2.1740803350561473 0.026115000247955322
v -0.14294256269931793 -2.1752903093450877 0.033987998962402344
v -0.08300156146287918 -2.1700403322332713 0.04811999946832657
v -0.08300156146287918 -2.1700403322332713 0.03698600083589554
v -0.11125855892896652 -1.5641802181356763 0.03698600083589554
v -0.15754255652427673 -1.5641802181356763 0.02611600048840046
v -0.15543456375598907 -1.710600220119319 0.026115000247955322
v -0.03689455986022949 -2.1660103429907176 0.026115000247955322
v -0.04891455918550491 -2.0095003475302073 0.026115000247955322
v -0.08300156146287918 -2.1700403322332713 0.03698600083589554
v -0.15543456375598907 -1.710600220119319 0.026115000247955322
v -0.15332655608654022 -1.8570202221029615 0.026115000247955322
v -0.10713055729866028 -1.8550002206915235 0.03698600083589554
v -0.10713055729866028 -1.8550002206915235 0.03698600083589554
v -0.15332655608654022 -1.8570202221029615 0.026115000247955322
v -0.14121755957603455 -2.015550338184199 0.026115000247955322
v -0.060934558510780334 -1.8529902328604078 0.026115000247955322
v -0.06295455992221832 -1.7085902322882032 0.026115000247955322
v -0.10713055729866028 -1.8550002206915235 0.03698600083589554
v -0.060934558510780334 -1.8529902328604078 0.026115000247955322
v -0.10713055729866028 -1.8550002206915235 0.03698600083589554
v -0.04891455918550491 -2.0095003475302073 0.026115000247955322
v -0.14121755957603455 -2.015550338184199 0.026115000247955322
v -0.12910956144332886 -2.1740803350561473 0.026115000247955322
v -0.08300156146287918 -2.1700403322332713 0.03698600083589554
v -0.06497456133365631 -1.5641802181356763 0.02611600048840046
v -0.11125855892896652 -1.5641802181356763 0.03698600083589554
v -0.06295455992221832 -1.7085902322882032 0.026115000247955322
v -0.17671455442905426 -1.5641802181356763 -0.00012700000661425292
v -0.15754255652427673 -1.5641802181356763 -0.02637000009417534
v -0.15543456375598907 -1.710600220119319 -0.02637000009417534
v -0.15543456375598907 -1.710600220119319 -0.02637000009417534
v -0.15332655608654022 -1.8570202221029615 -0.02637000009417534
v -0.17246155440807343 -1.8578602899664258 -0.00012799999967683107
v -0.17246155440807343 -1.8578602899664258 -0.00012799999967683107
v -0.15332655608654022 -1.8570202221029615 -0.02637000009417534
v -0.14121755957603455 -2.015550338184199 -0.026371000334620476
v -0.14121755957603455 -2.015550338184199 -0.026371000334620476
v -0.12910956144332886 -2.1740803350561473 -0.026371000334620476
v -0.14820855855941772 -2.175750337993464 -0.00012799999967683107
v -0.15754255652427673 -1.5641802181356763 0.02611600048840046
v -0.17671455442905426 -1.5641802181356763 -0.00012700000661425292
v -0.15543456375598907 -1.710600220119319 0.026115000247955322
v -0.15332655608654022 -1.8570202221029615 0.026115000247955322
v -0.15543456375598907 -1.710600220119319 0.026115000247955322
v -0.17246155440807343 -1.8578602899664258 -0.00012799999967683107
v -0.15332655608654022 -1.8570202221029615 0.026115000247955322
v -0.17246155440807343 -1.8578602899664258 -0.00012799999967683107
v -0.14121755957603455 -2.015550338184199 0.026115000247955322
v -0.12910956144332886 -2.1740803350561473 0.026115000247955322
v -0.14121755957603455 -2.015550338184199 0.026115000247955322
v -0.14820855855941772 -2.175750337993464 -0.00012799999967683107
v -0.15754255652427673 -1.5641802181356763 -0.02637000009417534
v -0.11125855892896652 -1.5641802181356763 -0.037241000682115555
v -0.15543456375598907 -1.710600220119319 -0.02637000009417534
v -0.04891455918550491 -2.0095003475302073 -0.026371000334620476
v -0.03689455986022949 -2.1660103429907176 -0.026371000334620476
v -0.08300156146287918 -2.1700403322332713 -0.037241000682115555
v -0.15332655608654022 -1.8570202221029615 -0.02637000009417534
v -0.15543456375598907 -1.710600220119319 -0.02637000009417534
v -0.10713055729866028 -1.8550002206915235 -0.037241000682115555
v -0.15332655608654022 -1.8570202221029615 -0.02637000009417534
v -0.10713055729866028 -1.8550002206915235 -0.037241000682115555
v -0.14121755957603455 -2.015550338184199 -0.026371000334620476
v -0.06295455992221832 -1.7085902322882032 -0.02637000009417534
v -0.060934558510780334 -1.8529902328604078 -0.02637000009417534
v -0.10713055729866028 -1.8550002206915235 -0.037241000682115555
v -0.10713055729866028 -1.8550002206915235 -0.037241000682115555
v -0.060934558510780334 -1.8529902328604078 -0.02637000009417534
v -0.04891455918550491 -2.0095003475302073 -0.026371000334620476
v -0.12910956144332886 -2.1740803350561473 -0.026371000334620476
v -0.14121755957603455 -2.015550338184199 -0.026371000334620476
v -0.08300156146287918 -2.1700403322332713 -0.037241000682115555
v -0.11125855892896652 -1.5641802181356763 -0.037241000682115555
v -0.06497456133365631 -1.5641802181356763 -0.02637000009417534
v -0.06295455992221832 -1.7085902322882032 -0.02637000009417534
v -0.18871356546878815 -0.941100262557826 -0.00012700000661425292
v -0.18843156099319458 -1.1259402264707898 -0.00012700000661425292
v -0.1434115618467331 -0.9545102347486829 0.038318999111652374
v -0.1434115618467331 -0.9545102347486829 0.038318999111652374
v -0.18843156099319458 -1.1259402264707898 -0.00012700000661425292
v -0.14785155653953552 -1.1259402264707898 0.038318999111652374
v -0.139458566904068 -0.8194803227537488 0.038318999111652374
v -0.18871356546878815 -0.941100262557826 -0.00012700000661425292
v -0.1434115618467331 -0.9545102347486829 0.038318999111652374
v -0.20127156376838684 -0.7925002802961683 -0.00012700000661425292
v -0.18871356546878815 -0.941100262557826 -0.00012700000661425292
v -0.139458566904068 -0.8194803227537488 0.038318999111652374
v -0.1560625582933426 -0.7118302811735486 0.038318999111652374
v -0.20127156376838684 -0.7925002802961683 -0.00012700000661425292
v -0.139458566904068 -0.8194803227537488 0.038318999111652374
v -0.2421865612268448 -0.6965502728575086 -0.00012700000661425292
v -0.20127156376838684 -0.7925002802961683 -0.00012700000661425292
v -0.1560625582933426 -0.7118302811735486 0.038318999111652374
v -0.2074565589427948 -0.6011002291792249 0.038318999111652374
v -0.2421865612268448 -0.6965502728575086 -0.00012700000661425292
v -0.1560625582933426 -0.7118302811735486 0.038318999111652374
v -0.2863715589046478 -0.6011002291792249 -0.00012700000661425292
v -0.2421865612268448 -0.6965502728575086 -0.00012700000661425292
v -0.2074565589427948 -0.6011002291792249 0.038318999111652374
v -0.2074565589427948 -0.6011002291792249 0.038318999111652374
v -0.26540055871009827 -0.5442102183454847 -0.00012700000661425292
v -0.2863715589046478 -0.6011002291792249 -0.00012700000661425292
v -0.26540055871009827 -0.5442102183454847 -0.00012700000661425292
v -0.2074565589427948 -0.6011002291792249 0.038318999111652374
v -0.2026185691356659 -0.5280401934736585 0.038318999111652374
v -0.2026185691356659 -0.5280401934736585 0.038318999111652374
v -0.25939854979515076 -0.30219015524323933 -0.00012700000661425292
v -0.26540055871009827 -0.5442102183454847 -0.00012700000661425292
v -0.25939854979515076 -0.30219015524323933 -0.00012700000661425292
v -0.2026185691356659 -0.5280401934736585 0.038318999111652374
v -0.19250155985355377 -0.30663022444184773 0.038318999111652374
v -0.2090645581483841 0.01492968901459224 0.038318999111652374
v -0.25939854979515076 -0.30219015524323933 -0.00012700000661425292
v -0.19250155985355377 -0.30663022444184773 0.038318999111652374
v -0.27712756395339966 0.019909776294865678 -0.00012700000661425292
v -0.25939854979515076 -0.30219015524323933 -0.00012700000661425292
v -0.2090645581483841 0.01492968901459224 0.038318999111652374
v -0.2090645581483841 0.01492968901459224 0.038318999111652374
v -0.2571415603160858 0.4339298377877856 -0.00012700000661425292
v -0.27712756395339966 0.019909776294865678 -0.00012700000661425292
v -0.2571415603160858 0.4339298377877856 -0.00012700000661425292
v -0.2090645581483841 0.01492968901459224 0.038318999111652374
v -0.17444056272506714 0.44397989615265376 0.038318999111652374
v -0.17444056272506714 0.44397989615265376 0.038318999111652374
v -0.18122856318950653 0.7865395913964892 -0.00012700000661425292
v -0.2571415603160858 0.4339298377877856 -0.00012700000661425292
v -0.18122856318950653 0.7865395913964892 -0.00012700000661425292
v -0.17444056272506714 0.44397989615265376 0.038318999111652374
v -0.10085755586624146 0.766709602916875 0.038318999111652374
v -0.04035355895757675 0.8951096902734423 0.038318999111652374
v -0.18122856318950653 0.7865395913964892 -0.00012700000661425292
v -0.10085755586624146 0.766709602916875 0.038318999111652374
v -0.09045355767011642 1.0083296666986132 -0.00012700000661425292
v -0.18122856318950653 0.7865395913964892 -0.00012700000661425292
v -0.04035355895757675 0.8951096902734423 0.038318999111652374
v -0.04035355895757675 0.8951096902734423 0.038318999111652374
v 0.020151443779468536 1.0235097776300097 0.038318999111652374
v -0.09045355767011642 1.0083296666986132 -0.00012700000661425292
v 0.020151443779468536 1.0235097776300097 0.038318999111652374
v 0.0655454471707344 1.202399767482915 -0.00012700000661425292
v -0.09045355767011642 1.0083296666986132 -0.00012700000661425292
v 0.0655454471707344 1.202399767482915 -0.00012700000661425292
v 0.020151443779468536 1.0235097776300097 0.038318999111652374
v 0.14650143682956696 1.1489396463281298 0.038318999111652374
v 0.2835434377193451 1.4014397035485888 -0.00012700000661425292
v 0.0655454471707344 1.202399767482915 -0.00012700000661425292
v 0.14650143682956696 1.1489396463281298 0.038318999111652374
v -0.19349756836891174 -1.1459202398413038 0.06156200170516968
v -0.174435555934906 -1.2770503391378736 0.06156200170516968
v -0.11126656085252762 -1.171150230323634 0.06156200170516968
v -0.11126656085252762 -1.171150230323634 0.06156200170516968
v -0.174435555934906 -1.2770503391378736 0.06156200170516968
v -0.11126656085252762 -1.3032902111166333 0.06156200170516968
v -0.11126656085252762 -1.171150230323634 0.06156200170516968
v -0.11126656085252762 -1.3032902111166333 0.06156200170516968
v -0.048097558319568634 -1.2770503391378736 0.06156200170516968
v -0.02903556078672409 -1.1459202398413038 0.06156200170516968
v -0.11126656085252762 -1.171150230323634 0.06156200170516968
v -0.048097558319568634 -1.2770503391378736 0.06156200170516968
v 0.10044743865728378 0.8785896669274951 -0.00012700000661425292
v 0.14650143682956696 1.1489396463281298 0.038318999111652374
v 0.048248447477817535 0.9110095868951464 0.038318999111652374
v 0.10044743865728378 0.8785896669274951 -0.00012700000661425292
v 0.2835434377193451 1.4014397035485888 -0.00012700000661425292
v 0.14650143682956696 1.1489396463281298 0.038318999111652374
v 0.048248447477817535 0.9110095868951464 0.038318999111652374
v -0.0496225580573082 0.5224897037393237 0.038318999111652374
v 0.10044743865728378 0.8785896669274951 -0.00012700000661425292
v 0.10044743865728378 0.8785896669274951 -0.00012700000661425292
v -0.0496225580573082 0.5224897037393237 0.038318999111652374
v 0.008273445069789886 0.5005299220925952 -0.00012700000661425292
v -0.0496225580573082 0.5224897037393237 0.038318999111652374
v -0.021999560296535492 0.28024975165192134 -0.00012700000661425292
v 0.008273445069789886 0.5005299220925952 -0.00012700000661425292
v -0.0496225580573082 0.5224897037393237 0.038318999111652374
v -0.10595455765724182 0.038799680317082474 0.038318999111652374
v -0.021999560296535492 0.28024975165192134 -0.00012700000661425292
v -0.05153755843639374 -0.09451016828950398 -0.00012700000661425292
v -0.021999560296535492 0.28024975165192134 -0.00012700000661425292
v -0.10595455765724182 0.038799680317082474 0.038318999111652374
v -0.10595455765724182 0.038799680317082474 0.038318999111652374
v -0.1063675582408905 -0.22421023108597748 0.038318999111652374
v -0.05153755843639374 -0.09451016828950398 -0.00012700000661425292
v -0.03204955905675888 -0.4773402442091321 -0.00012700000661425292
v -0.05153755843639374 -0.09451016828950398 -0.00012700000661425292
v -0.1063675582408905 -0.22421023108597748 0.038318999111652374
v -0.1063675582408905 -0.22421023108597748 0.038318999111652374
v -0.0712815597653389 -0.6137902964704847 0.038318999111652374
v -0.03204955905675888 -0.4773402442091321 -0.00012700000661425292
v -0.0712815597653389 -0.6137902964704847 0.038318999111652374
v 0.0005374401807785034 -0.7434302796476697 -0.00012700000661425292
v -0.03204955905675888 -0.4773402442091321 -0.00012700000661425292
v 0.0005374401807785034 -0.7434302796476697 -0.00012700000661425292
v -0.0712815597653389 -0.6137902964704847 0.038318999111652374
v -0.05538055673241615 -0.7375003327482557 0.038318999111652374
v -0.05538055673241615 -0.7375003327482557 0.038318999111652374
v -0.035757556557655334 -0.8732302416914319 0.038318999111652374
v 0.0005374401807785034 -0.7434302796476697 -0.00012700000661425292
v -0.035757556557655334 -0.8732302416914319 0.038318999111652374
v 0.044261448085308075 -0.8684202660673475 -0.00012700000661425292
v 0.0005374401807785034 -0.7434302796476697 -0.00012700000661425292
v -0.037484556436538696 -1.1259402264707898 -0.00012700000661425292
v 0.044261448085308075 -0.8684202660673475 -0.00012700000661425292
v -0.035757556557655334 -0.8732302416914319 0.038318999111652374
v -0.035757556557655334 -0.8732302416914319 0.038318999111652374
v -0.08023355901241302 -1.1259402264707898 0.038318999111652374
v -0.037484556436538696 -1.1259402264707898 -0.00012700000661425292
v -0.0496225580573082 0.5224897037393237 0.038318999111652374
v 0.048248447477817535 0.9110095868951464 0.038318999111652374
v -0.10085755586624146 0.766709602916875 0.038318999111652374
v 0.048248447477817535 0.9110095868951464 0.038318999111652374
v -0.04035355895757675 0.8951096902734423 0.038318999111652374
v -0.10085755586624146 0.766709602916875 0.038318999111652374
v -0.04035355895757675 0.8951096902734423 0.038318999111652374
v 0.048248447477817535 0.9110095868951464 0.038318999111652374
v 0.020151443779468536 1.0235097776300097 0.038318999111652374
v 0.020151443779468536 1.0235097776300097 0.038318999111652374
v 0.048248447477817535 0.9110095868951464 0.038318999111652374
v 0.14650143682956696 1.1489396463281298 0.038318999111652374
v -0.17444056272506714 0.44397989615265376 0.038318999111652374
v -0.0496225580573082 0.5224897037393237 0.038318999111652374
v -0.10085755586624146 0.766709602916875 0.038318999111652374
v -0.0496225580573082 0.5224897037393237 0.038318999111652374
v -0.17444056272506714 0.44397989615265376 0.038318999111652374
v -0.10595455765724182 0.038799680317082474 0.038318999111652374
v -0.2090645581483841 0.01492968901459224 0.038318999111652374
v -0.10595455765724182 0.038799680317082474 0.038318999111652374
v -0.17444056272506714 0.44397989615265376 0.038318999111652374
v -0.2090645581483841 0.01492968901459224 0.038318999111652374
v -0.1063675582408905 -0.22421023108597748 0.038318999111652374
v -0.10595455765724182 0.038799680317082474 0.038318999111652374
v -0.1063675582408905 -0.22421023108597748 0.038318999111652374
v -0.2090645581483841 0.01492968901459224 0.038318999111652374
v -0.19250155985355377 -0.30663022444184773 0.038318999111652374
v -0.19250155985355377 -0.30663022444184773 0.038318999111652374
v -0.0712815597653389 -0.6137902964704847 0.038318999111652374
v -0.1063675582408905 -0.22421023108597748 0.038318999111652374
v -0.0712815597653389 -0.6137902964704847 0.038318999111652374
v -0.19250155985355377 -0.30663022444184773 0.038318999111652374
v -0.2026185691356659 -0.5280401934736585 0.038318999111652374
v -0.2074565589427948 -0.6011002291792249 0.038318999111652374
v -0.0712815597653389 -0.6137902964704847 0.038318999111652374
v -0.2026185691356659 -0.5280401934736585 0.038318999111652374
v -0.1560625582933426 -0.7118302811735486 0.038318999111652374
v -0.0712815597653389 -0.6137902964704847 0.038318999111652374
v -0.2074565589427948 -0.6011002291792249 0.038318999111652374
v -0.0712815597653389 -0.6137902964704847 0.038318999111652374
v -0.1560625582933426 -0.7118302811735486 0.038318999111652374
v -0.05538055673241615 -0.7375003327482557 0.038318999111652374
v -0.139458566904068 -0.8194803227537488 0.038318999111652374
v -0.05538055673241615 -0.7375003327482557 0.038318999111652374
v -0.1560625582933426 -0.7118302811735486 0.038318999111652374
v -0.05538055673241615 -0.7375003327482557 0.038318999111652374
v -0.139458566904068 -0.8194803227537488 0.038318999111652374
v -0.035757556557655334 -0.8732302416914319 0.038318999111652374
v -0.1434115618467331 -0.9545102347486829 0.038318999111652374
v -0.035757556557655334 -0.8732302416914319 0.038318999111652374
v -0.139458566904068 -0.8194803227537488 0.038318999111652374
v -0.035757556557655334 -0.8732302416914319 0.038318999111652374
v -0.1434115618467331 -0.9545102347486829 0.038318999111652374
v -0.08023355901241302 -1.1259402264707898 0.038318999111652374
v -0.08023355901241302 -1.1259402264707898 0.038318999111652374
v -0.1434115618467331 -0.9545102347486829 0.038318999111652374
v -0.14785155653953552 -1.1259402264707898 0.038318999111652374
v -0.11126656085252762 -1.4712103237264966 -0.0388140007853508
v -0.07853356003761292 -1.3672903408163404 -0.0388140007853508
v -0.11126656085252762 -1.4712103237264966 -0.0388140007853508
v -0.11126656085252762 -1.4712103237264966 0.0385579988360405
v -0.14399956166744232 -1.3672903408163404 0.0385579988360405
v -0.11126656085252762 -1.4712103237264966 0.0385579988360405
v -0.14399956166744232 -1.3672903408163404 0.0385579988360405
v -0.1694585680961609 -1.3984702457540845 0.0385579988360405
v -0.11126656085252762 -1.4712103237264966 0.0385579988360405
v -0.14399956166744232 -1.3672903408163404 0.0385579988360405
v -0.11126656085252762 -1.4712103237264966 0.0385579988360405
v -0.07853356003761292 -1.3672903408163404 0.0385579988360405
v -0.11126656085252762 -1.4712103237264966 0.0385579988360405
v -0.05307455733418465 -1.3984702457540845 0.0385579988360405
v -0.07853356003761292 -1.3672903408163404 0.0385579988360405
v -0.174435555934906 -1.2770503391378736 -0.061817001551389694
v -0.11126656085252762 -1.171150230323634 -0.061817001551389694
v -0.19349756836891174 -1.1459202398413038 -0.061817001551389694
v -0.11126656085252762 -1.3032902111166333 -0.061817001551389694
v -0.11126656085252762 -1.171150230323634 -0.061817001551389694
v -0.174435555934906 -1.2770503391378736 -0.061817001551389694
v -0.11126656085252762 -1.171150230323634 -0.061817001551389694
v -0.11126656085252762 -1.3032902111166333 -0.061817001551389694
v -0.048097558319568634 -1.2770503391378736 -0.061817001551389694
v -0.11126656085252762 -1.171150230323634 -0.061817001551389694
v -0.048097558319568634 -1.2770503391378736 -0.061817001551389694
v -0.02903556078672409 -1.1459202398413038 -0.061817001551389694
v -0.18843156099319458 -1.1259402264707898 -0.00012700000661425292
v -0.08023355901241302 -1.1259402264707898 -0.03857399895787239
v -0.037484556436538696 -1.1259402264707898 -0.00012700000661425292
v -0.08023355901241302 -1.1259402264707898 -0.03857399895787239
v -0.18843156099319458 -1.1259402264707898 -0.00012700000661425292
v -0.14785155653953552 -1.1259402264707898 -0.03857399895787239
v -0.18843156099319458 -1.1259402264707898 -0.00012700000661425292
v -0.037484556436538696 -1.1259402264707898 -0.00012700000661425292
v -0.08023355901241302 -1.1259402264707898 0.038318999111652374
v -0.18843156099319458 -1.1259402264707898 -0.00012700000661425292
v -0.08023355901241302 -1.1259402264707898 0.038318999111652374
v -0.14785155653953552 -1.1259402264707898 0.038318999111652374
v 0.0655454471707344 1.202399767482915 -0.00012700000661425292
v 0.2835434377193451 1.4014397035485888 -0.00012700000661425292
v 0.14650143682956696 1.1489396463281298 -0.03857399895787239
v 0.14650143682956696 1.1489396463281298 -0.03857399895787239
v 0.020151443779468536 1.0235097776300097 -0.03857399895787239
v 0.0655454471707344 1.202399767482915 -0.00012700000661425292
v 0.0655454471707344 1.202399767482915 -0.00012700000661425292
v 0.020151443779468536 1.0235097776300097 -0.03857399895787239
v -0.09045355767011642 1.0083296666986132 -0.00012700000661425292
v -0.04035355895757675 0.8951096902734423 -0.03857399895787239
v -0.09045355767011642 1.0083296666986132 -0.00012700000661425292
v 0.020151443779468536 1.0235097776300097 -0.03857399895787239
v -0.04035355895757675 0.8951096902734423 -0.03857399895787239
v -0.18122856318950653 0.7865395913964892 -0.00012700000661425292
v -0.09045355767011642 1.0083296666986132 -0.00012700000661425292
v -0.18122856318950653 0.7865395913964892 -0.00012700000661425292
v -0.04035355895757675 0.8951096902734423 -0.03857399895787239
v -0.10085755586624146 0.766709602916875 -0.03857399895787239
v -0.17444056272506714 0.44397989615265376 -0.03857399895787239
v -0.18122856318950653 0.7865395913964892 -0.00012700000661425292
v -0.10085755586624146 0.766709602916875 -0.03857399895787239
v -0.18122856318950653 0.7865395913964892 -0.00012700000661425292
v -0.17444056272506714 0.44397989615265376 -0.03857399895787239
v -0.2571415603160858 0.4339298377877856 -0.00012700000661425292
v -0.17444056272506714 0.44397989615265376 -0.03857399895787239
v -0.2090645581483841 0.01492968901459224 -0.03857399895787239
v -0.2571415603160858 0.4339298377877856 -0.00012700000661425292
v -0.2571415603160858 0.4339298377877856 -0.00012700000661425292
v -0.2090645581483841 0.01492968901459224 -0.03857399895787239
v -0.27712756395339966 0.019909776294865678 -0.00012700000661425292
v -0.2090645581483841 0.01492968901459224 -0.03857399895787239
v -0.25939854979515076 -0.30219015524323933 -0.00012700000661425292
v -0.27712756395339966 0.019909776294865678 -0.00012700000661425292
v -0.25939854979515076 -0.30219015524323933 -0.00012700000661425292
v -0.2090645581483841 0.01492968901459224 -0.03857399895787239
v -0.19250155985355377 -0.30663022444184773 -0.03857399895787239
v -0.2026185691356659 -0.5280401934736585 -0.03857399895787239
v -0.25939854979515076 -0.30219015524323933 -0.00012700000661425292
v -0.19250155985355377 -0.30663022444184773 -0.03857399895787239
v -0.25939854979515076 -0.30219015524323933 -0.00012700000661425292
v -0.2026185691356659 -0.5280401934736585 -0.03857399895787239
v -0.26540055871009827 -0.5442102183454847 -0.00012700000661425292
v -0.2026185691356659 -0.5280401934736585 -0.03857399895787239
v -0.2074565589427948 -0.6011002291792249 -0.03857399895787239
v -0.26540055871009827 -0.5442102183454847 -0.00012700000661425292
v -0.26540055871009827 -0.5442102183454847 -0.00012700000661425292
v -0.2074565589427948 -0.6011002291792249 -0.03857399895787239
v -0.2863715589046478 -0.6011002291792249 -0.00012700000661425292
v -0.2074565589427948 -0.6011002291792249 -0.03857399895787239
v -0.2421865612268448 -0.6965502728575086 -0.00012700000661425292
v -0.2863715589046478 -0.6011002291792249 -0.00012700000661425292
v -0.2421865612268448 -0.6965502728575086 -0.00012700000661425292
v -0.2074565589427948 -0.6011002291792249 -0.03857399895787239
v -0.1560625582933426 -0.7118302811735486 -0.03857399895787239
v -0.1560625582933426 -0.7118302811735486 -0.03857399895787239
v -0.20127156376838684 -0.7925002802961683 -0.00012700000661425292
v -0.2421865612268448 -0.6965502728575086 -0.00012700000661425292
v -0.20127156376838684 -0.7925002802961683 -0.00012700000661425292
v -0.1560625582933426 -0.7118302811735486 -0.03857399895787239
v -0.139458566904068 -0.8194803227537488 -0.03857399895787239
v -0.139458566904068 -0.8194803227537488 -0.03857399895787239
v -0.18871356546878815 -0.941100262557826 -0.00012700000661425292
v -0.20127156376838684 -0.7925002802961683 -0.00012700000661425292
v -0.18871356546878815 -0.941100262557826 -0.00012700000661425292
v -0.139458566904068 -0.8194803227537488 -0.03857399895787239
v -0.1434115618467331 -0.9545102347486829 -0.03857399895787239
v -0.1434115618467331 -0.9545102347486829 -0.03857399895787239
v -0.18843156099319458 -1.1259402264707898 -0.00012700000661425292
v -0.18871356546878815 -0.941100262557826 -0.00012700000661425292
v -0.18843156099319458 -1.1259402264707898 -0.00012700000661425292
v -0.1434115618467331 -0.9545102347486829 -0.03857399895787239
v -0.14785155653953552 -1.1259402264707898 -0.03857399895787239
v -0.02903556078672409 -1.1459202398413038 -0.061817001551389694
v -0.048097558319568634 -1.2770503391378736 -0.061817001551389694
v -0.11126656085252762 -1.171150230323634 -0.061817001551389694
v -0.11126656085252762 -1.171150230323634 -0.061817001551389694
v -0.048097558319568634 -1.2770503391378736 -0.061817001551389694
v -0.11126656085252762 -1.3032902111166333 -0.061817001551389694
v -0.11126656085252762 -1.171150230323634 -0.061817001551389694
v -0.11126656085252762 -1.3032902111166333 -0.061817001551389694
v -0.174435555934906 -1.2770503391378736 -0.061817001551389694
v -0.19349756836891174 -1.1459202398413038 -0.061817001551389694
v -0.11126656085252762 -1.171150230323634 -0.061817001551389694
v -0.174435555934906 -1.2770503391378736 -0.061817001551389694
v -0.035757556557655334 -0.8732302416914319 -0.03857399895787239
v -0.037484556436538696 -1.1259402264707898 -0.00012700000661425292
v -0.08023355901241302 -1.1259402264707898 -0.03857399895787239
v -0.037484556436538696 -1.1259402264707898 -0.00012700000661425292
v -0.035757556557655334 -0.8732302416914319 -0.03857399895787239
v 0.044261448085308075 -0.8684202660673475 -0.00012700000661425292
v -0.035757556557655334 -0.8732302416914319 -0.03857399895787239
v 0.0005374401807785034 -0.7434302796476697 -0.00012700000661425292
v 0.044261448085308075 -0.8684202660673475 -0.00012700000661425292
v 0.0005374401807785034 -0.7434302796476697 -0.00012700000661425292
v -0.035757556557655334 -0.8732302416914319 -0.03857399895787239
v -0.05538055673241615 -0.7375003327482557 -0.03857399895787239
v -0.0712815597653389 -0.6137902964704847 -0.03857399895787239
v 0.0005374401807785034 -0.7434302796476697 -0.00012700000661425292
v -0.05538055673241615 -0.7375003327482557 -0.03857399895787239
v -0.03204955905675888 -0.4773402442091321 -0.00012700000661425292
v 0.0005374401807785034 -0.7434302796476697 -0.00012700000661425292
v -0.0712815597653389 -0.6137902964704847 -0.03857399895787239
v -0.0712815597653389 -0.6137902964704847 -0.03857399895787239
v -0.1063675582408905 -0.22421023108597748 -0.03857399895787239
v -0.03204955905675888 -0.4773402442091321 -0.00012700000661425292
v -0.05153755843639374 -0.09451016828950398 -0.00012700000661425292
v -0.03204955905675888 -0.4773402442091321 -0.00012700000661425292
v -0.1063675582408905 -0.22421023108597748 -0.03857399895787239
v -0.1063675582408905 -0.22421023108597748 -0.03857399895787239
v -0.10595455765724182 0.038799680317082474 -0.03857399895787239
v -0.05153755843639374 -0.09451016828950398 -0.00012700000661425292
v -0.021999560296535492 0.28024975165192134 -0.00012700000661425292
v -0.05153755843639374 -0.09451016828950398 -0.00012700000661425292
v -0.10595455765724182 0.038799680317082474 -0.03857399895787239
v -0.10595455765724182 0.038799680317082474 -0.03857399895787239
v -0.0496225580573082 0.5224897037393237 -0.03857399895787239
v -0.021999560296535492 0.28024975165192134 -0.00012700000661425292
v 0.008273445069789886 0.5005299220925952 -0.00012700000661425292
v -0.021999560296535492 0.28024975165192134 -0.00012700000661425292
v -0.0496225580573082 0.5224897037393237 -0.03857399895787239
v -0.0496225580573082 0.5224897037393237 -0.03857399895787239
v 0.10044743865728378 0.8785896669274951 -0.00012700000661425292
v 0.008273445069789886 0.5005299220925952 -0.00012700000661425292
v 0.10044743865728378 0.8785896669274951 -0.00012700000661425292
v -0.0496225580573082 0.5224897037393237 -0.03857399895787239
v 0.048248447477817535 0.9110095868951464 -0.03857399895787239
v 0.048248447477817535 0.9110095868951464 -0.03857399895787239
v 0.14650143682956696 1.1489396463281298 -0.03857399895787239
v 0.10044743865728378 0.8785896669274951 -0.00012700000661425292
v 0.2835434377193451 1.4014397035485888 -0.00012700000661425292
v 0.10044743865728378 0.8785896669274951 -0.00012700000661425292
v 0.14650143682956696 1.1489396463281298 -0.03857399895787239
v -0.1434115618467331 -0.9545102347486829 -0.03857399895787239
v -0.08023355901241302 -1.1259402264707898 -0.03857399895787239
v -0.14785155653953552 -1.1259402264707898 -0.03857399895787239
v -0.08023355901241302 -1.1259402264707898 -0.03857399895787239
v -0.1434115618467331 -0.9545102347486829 -0.03857399895787239
v -0.035757556557655334 -0.8732302416914319 -0.03857399895787239
v -0.035757556557655334 -0.8732302416914319 -0.03857399895787239
v -0.1434115618467331 -0.9545102347486829 -0.03857399895787239
v -0.139458566904068 -0.8194803227537488 -0.03857399895787239
v -0.139458566904068 -0.8194803227537488 -0.03857399895787239
v -0.05538055673241615 -0.7375003327482557 -0.03857399895787239
v -0.035757556557655334 -0.8732302416914319 -0.03857399895787239
v -0.05538055673241615 -0.7375003327482557 -0.03857399895787239
v -0.139458566904068 -0.8194803227537488 -0.03857399895787239
v -0.1560625582933426 -0.7118302811735486 -0.03857399895787239
v -0.1560625582933426 -0.7118302811735486 -0.03857399895787239
v -0.0712815597653389 -0.6137902964704847 -0.03857399895787239
v -0.05538055673241615 -0.7375003327482557 -0.03857399895787239
v -0.2074565589427948 -0.6011002291792249 -0.03857399895787239
v -0.0712815597653389 -0.6137902964704847 -0.03857399895787239
v -0.1560625582933426 -0.7118302811735486 -0.03857399895787239
v -0.0712815597653389 -0.6137902964704847 -0.03857399895787239
v -0.2074565589427948 -0.6011002291792249 -0.03857399895787239
v -0.2026185691356659 -0.5280401934736585 -0.03857399895787239
v -0.19250155985355377 -0.30663022444184773 -0.03857399895787239
v -0.0712815597653389 -0.6137902964704847 -0.03857399895787239
v -0.2026185691356659 -0.5280401934736585 -0.03857399895787239
v -0.0712815597653389 -0.6137902964704847 -0.03857399895787239
v -0.19250155985355377 -0.30663022444184773 -0.03857399895787239
v -0.1063675582408905 -0.22421023108597748 -0.03857399895787239
v -0.2090645581483841 0.01492968901459224 -0.03857399895787239
v -0.1063675582408905 -0.22421023108597748 -0.03857399895787239
v -0.19250155985355377 -0.30663022444184773 -0.03857399895787239
v -0.1063675582408905 -0.22421023108597748 -0.03857399895787239
v -0.2090645581483841 0.01492968901459224 -0.03857399895787239
v -0.10595455765724182 0.038799680317082474 -0.03857399895787239
v -0.17444056272506714 0.44397989615265376 -0.03857399895787239
v -0.10595455765724182 0.038799680317082474 -0.03857399895787239
v -0.2090645581483841 0.01492968901459224 -0.03857399895787239
v -0.10595455765724182 0.038799680317082474 -0.03857399895787239
v -0.17444056272506714 0.44397989615265376 -0.03857399895787239
v -0.0496225580573082 0.5224897037393237 -0.03857399895787239
v -0.0496225580573082 0.5224897037393237 -0.03857399895787239
v -0.17444056272506714 0.44397989615265376 -0.03857399895787239
v -0.10085755586624146 0.766709602916875 -0.03857399895787239
v -0.10085755586624146 0.766709602916875 -0.03857399895787239
v 0.048248447477817535 0.9110095868951464 -0.03857399895787239
v -0.0496225580573082 0.5224897037393237 -0.03857399895787239
v 0.048248447477817535 0.9110095868951464 -0.03857399895787239
v -0.10085755586624146 0.766709602916875 -0.03857399895787239
v -0.04035355895757675 0.8951096902734423 -0.03857399895787239
v 0.020151443779468536 1.0235097776300097 -0.03857399895787239
v 0.048248447477817535 0.9110095868951464 -0.03857399895787239
v -0.04035355895757675 0.8951096902734423 -0.03857399895787239
v 0.048248447477817535 0.9110095868951464 -0.03857399895787239
v 0.020151443779468536 1.0235097776300097 -0.03857399895787239
v 0.14650143682956696 1.1489396463281298 -0.03857399895787239
v -0.07853356003761292 -1.3672903408163404 -0.0388140007853508
v -0.05307455733418465 -1.3984702457540845 -0.0388140007853508
v -0.11126656085252762 -1.4712103237264966 -0.0388140007853508
v -0.07853356003761292 -1.3672903408163404 -0.0388140007853508
v -0.11126656085252762 -1.4712103237264966 -0.0388140007853508
v -0.14399956166744232 -1.3672903408163404 -0.0388140007853508
v -0.11126656085252762 -1.4712103237264966 -0.0388140007853508
v -0.1694585680961609 -1.3984702457540845 -0.0388140007853508
v -0.14399956166744232 -1.3672903408163404 -0.0388140007853508
v -0.048097558319568634 -1.2770503391378736 0.06156200170516968
v -0.11126656085252762 -1.171150230323634 0.06156200170516968
v -0.02903556078672409 -1.1459202398413038 0.06156200170516968
v -0.11126656085252762 -1.3032902111166333 0.06156200170516968
v -0.11126656085252762 -1.171150230323634 0.06156200170516968
v -0.048097558319568634 -1.2770503391378736 0.06156200170516968
v -0.11126656085252762 -1.171150230323634 0.06156200170516968
v -0.11126656085252762 -1.3032902111166333 0.06156200170516968
v -0.174435555934906 -1.2770503391378736 0.06156200170516968
v -0.11126656085252762 -1.171150230323634 0.06156200170516968
v -0.174435555934906 -1.2770503391378736 0.06156200170516968
v -0.19349756836891174 -1.1459202398413038 0.06156200170516968
vt 0.1680150032043457 0.7815060019493103
vt 0.14811700582504272 0.8475040197372437
vt 0.14811700582504272 0.7815060019493103
vt 0.14811700582504272 0.8475040197372437
vt 0.1680150032043457 0.7815060019493103
vt 0.1680150032043457 0.8475040197372437
vt 0.1680150032043457 0.8475040197372437
vt 0.14811700582504272 0.9075400233268738
vt 0.14811700582504272 0.8475040197372437
vt 0.14811700582504272 0.9075400233268738
vt 0.1680150032043457 0.8475040197372437
vt 0.1680150032043457 0.9075400233268738
vt 0.024826999753713608 0.8418769836425781
vt 0.08429200202226639 0.821977972984314
vt 0.08429200202226639 0.8418769836425781
vt 0.08429200202226639 0.821977972984314
vt 0.024826999753713608 0.8418769836425781
vt 0.024826999753713608 0.821977972984314
vt 0.17951799929141998 0.821977972984314
vt 0.2913050055503845 0.821977972984314
vt 0.17951799929141998 0.8418769836425781
vt 0.2913050055503845 0.8418769836425781
vt 0.17951799929141998 0.8418769836425781
vt 0.2913050055503845 0.821977972984314
vt 0.08429200202226639 0.8418769836425781
vt 0.17951799929141998 0.821977972984314
vt 0.17951799929141998 0.8418769836425781
vt 0.17951799929141998 0.821977972984314
vt 0.08429200202226639 0.8418769836425781
vt 0.08429200202226639 0.821977972984314
vt 0.13661399483680725 0.8394399881362915
vt 0.21052399277687073 0.7815060019493103
vt 0.23183999955654144 0.9301919937133789
vt 0.23183999955654144 0.9301919937133789
vt 0.21052399277687073 0.7815060019493103
vt 0.26697400212287903 0.8475040197372437
vt 0.2913050055503845 0.9075400233268738
vt 0.23183999955654144 0.9301919937133789
vt 0.26697400212287903 0.8475040197372437
vt 0.21052399277687073 0.7815060019493103
vt 0.13661399483680725 0.8394399881362915
vt 0.17934300005435944 0.7535179853439331
vt 0.13661399483680725 0.8394399881362915
vt 0.15772899985313416 0.7454959750175476
vt 0.17934300005435944 0.7535179853439331
vt 0.15772899985313416 0.7454959750175476
vt 0.13661399483680725 0.8394399881362915
vt 0.10272800177335739 0.7375029921531677
vt 0.10272800177335739 0.7375029921531677
vt 0.13661399483680725 0.8394399881362915
vt 0.024826999753713608 0.733663022518158
vt 0.024826999753713608 0.821977972984314
vt 0.10272800177335739 0.8418769836425781
vt 0.024826999753713608 0.8418769836425781
vt 0.10272800177335739 0.8418769836425781
vt 0.024826999753713608 0.821977972984314
vt 0.10272800177335739 0.821977972984314
vt 0.10272800177335739 0.821977972984314
vt 0.15772899985313416 0.8418769836425781
vt 0.10272800177335739 0.8418769836425781
vt 0.15772899985313416 0.8418769836425781
vt 0.10272800177335739 0.821977972984314
vt 0.15772899985313416 0.821977972984314
vt 0.15772899985313416 0.821977972984314
vt 0.17934300005435944 0.8418769836425781
vt 0.15772899985313416 0.8418769836425781
vt 0.17934300005435944 0.8418769836425781
vt 0.15772899985313416 0.821977972984314
vt 0.17934300005435944 0.821977972984314
vt 0.17934300005435944 0.821977972984314
vt 0.21052399277687073 0.8418769836425781
vt 0.17934300005435944 0.8418769836425781
vt 0.21052399277687073 0.8418769836425781
vt 0.17934300005435944 0.821977972984314
vt 0.21052399277687073 0.821977972984314
vt 0.17951799929141998 0.8394399881362915
vt 0.1056080013513565 0.7815060019493103
vt 0.1367889940738678 0.7535179853439331
vt 0.17951799929141998 0.8394399881362915
vt 0.1367889940738678 0.7535179853439331
vt 0.15840299427509308 0.7454959750175476
vt 0.17951799929141998 0.8394399881362915
vt 0.15840299427509308 0.7454959750175476
vt 0.21340399980545044 0.7375029921531677
vt 0.21340399980545044 0.7375029921531677
vt 0.2913050055503845 0.733663022518158
vt 0.17951799929141998 0.8394399881362915
vt 0.1056080013513565 0.7815060019493103
vt 0.17951799929141998 0.8394399881362915
vt 0.08429200202226639 0.9301919937133789
vt 0.1056080013513565 0.7815060019493103
vt 0.08429200202226639 0.9301919937133789
vt 0.0491579994559288 0.8475040197372437
vt 0.0491579994559288 0.8475040197372437
vt 0.08429200202226639 0.9301919937133789
vt 0.024826999753713608 0.9075400233268738
vt 0.023807000368833542 0.9381030201911926
vt 0.06097700074315071 0.8517820239067078
vt 0.06097700074315071 0.9381030201911926
vt 0.06097700074315071 0.8517820239067078
vt 0.023807000368833542 0.9381030201911926
vt 0.023807000368833542 0.8517820239067078
vt 0.023807000368833542 0.9381030201911926
vt 0.06097700074315071 1.026319980621338
vt 0.023807000368833542 1.026319980621338
vt 0.06097700074315071 1.026319980621338
vt 0.023807000368833542 0.9381030201911926
vt 0.06097700074315071 0.9381030201911926
vt 0.07877500355243683 1.1241099834442139
vt 0.2037239968776703 1.1241099834442139
vt 0.07877500355243683 1.1612800359725952
vt 0.2037239968776703 1.1612800359725952
vt 0.07877500355243683 1.1612800359725952
vt 0.2037239968776703 1.1241099834442139
vt 0.2037239968776703 1.1612800359725952
vt 0.2037239968776703 1.1241099834442139
vt 0.3038739860057831 1.1241099834442139
vt 0.3038739860057831 1.1612800359725952
vt 0.2037239968776703 1.1612800359725952
vt 0.3038739860057831 1.1241099834442139
vt -0.170415997505188 1.1612800359725952
vt 0.07877500355243683 1.1241099834442139
vt 0.07877500355243683 1.1612800359725952
vt 0.07877500355243683 1.1241099834442139
vt -0.170415997505188 1.1612800359725952
vt -0.170415997505188 1.1241099834442139
vt 0.006008999887853861 1.223770022392273
vt -0.12657099962234497 1.132200002670288
vt -0.031190000474452972 1.022510051727295
vt 0.006008999887853861 1.223770022392273
vt -0.031190000474452972 1.022510051727295
vt 0.07849899679422379 0.9547939896583557
vt -0.11894000321626663 1.3353699445724487
vt -0.12657099962234497 1.132200002670288
vt 0.006008999887853861 1.223770022392273
vt 0.07849899679422379 0.9547939896583557
vt 0.25519999861717224 1.026319980621338
vt 0.006008999887853861 1.223770022392273
vt 0.27879899740219116 0.8517820239067078
vt 0.25519999861717224 1.026319980621338
vt 0.07849899679422379 0.9547939896583557
vt 0.25519999861717224 1.026319980621338
vt 0.27879899740219116 0.8517820239067078
vt 0.3038739860057831 0.9381030201911926
vt -0.12657099962234497 1.132200002670288
vt -0.11894000321626663 1.3353699445724487
vt -0.15709300339221954 1.1961100101470947
vt -0.15709300339221954 1.1961100101470947
vt -0.11894000321626663 1.3353699445724487
vt -0.19333800673484802 1.3048399686813354
vt -0.19333800673484802 1.3048399686813354
vt -0.11894000321626663 1.3353699445724487
vt -0.21909099817276 1.433609962463379
vt 0.023807000368833542 1.433609962463379
vt 0.06097700074315071 1.3048399686813354
vt 0.06097700074315071 1.433609962463379
vt 0.06097700074315071 1.3048399686813354
vt 0.023807000368833542 1.433609962463379
vt 0.023807000368833542 1.3048399686813354
vt 0.023807000368833542 1.3048399686813354
vt 0.06097700074315071 1.1961100101470947
vt 0.06097700074315071 1.3048399686813354
vt 0.06097700074315071 1.1961100101470947
vt 0.023807000368833542 1.3048399686813354
vt 0.023807000368833542 1.1961100101470947
vt 0.023807000368833542 1.1961100101470947
vt 0.06097700074315071 1.132200002670288
vt 0.06097700074315071 1.1961100101470947
vt 0.06097700074315071 1.132200002670288
vt 0.023807000368833542 1.1961100101470947
vt 0.023807000368833542 1.132200002670288
vt 0.023807000368833542 1.132200002670288
vt 0.06097700074315071 1.022510051727295
vt 0.06097700074315071 1.132200002670288
vt 0.06097700074315071 1.022510051727295
vt 0.023807000368833542 1.132200002670288
vt 0.023807000368833542 1.022510051727295
vt -0.031190000474452972 1.1241099834442139
vt 0.07849899679422379 1.1612800359725952
vt -0.031190000474452972 1.1612800359725952
vt 0.07849899679422379 1.1612800359725952
vt -0.031190000474452972 1.1241099834442139
vt 0.07849899679422379 1.1241099834442139
vt 0.07849899679422379 1.1241099834442139
vt 0.27879899740219116 1.1612800359725952
vt 0.07849899679422379 1.1612800359725952
vt 0.27879899740219116 1.1612800359725952
vt 0.07849899679422379 1.1241099834442139
vt 0.27879899740219116 1.1241099834442139
vt 0.006285000126808882 0.9547939896583557
vt -0.170415997505188 1.026319980621338
vt -0.1940149962902069 0.8517820239067078
vt -0.1940149962902069 0.8517820239067078
vt -0.170415997505188 1.026319980621338
vt -0.21909099817276 0.9381030201911926
vt -0.170415997505188 1.026319980621338
vt 0.006285000126808882 0.9547939896583557
vt 0.07877500355243683 1.223770022392273
vt 0.11597400158643723 1.022510051727295
vt 0.07877500355243683 1.223770022392273
vt 0.006285000126808882 0.9547939896583557
vt 0.07877500355243683 1.223770022392273
vt 0.11597400158643723 1.022510051727295
vt 0.21135500073432922 1.132200002670288
vt 0.21135500073432922 1.132200002670288
vt 0.2037239968776703 1.3353699445724487
vt 0.07877500355243683 1.223770022392273
vt 0.2037239968776703 1.3353699445724487
vt 0.21135500073432922 1.132200002670288
vt 0.2418770045042038 1.1961100101470947
vt 0.2037239968776703 1.3353699445724487
vt 0.2418770045042038 1.1961100101470947
vt 0.2781220078468323 1.3048399686813354
vt 0.2781220078468323 1.3048399686813354
vt 0.3038739860057831 1.433609962463379
vt 0.2037239968776703 1.3353699445724487
vt 0.172434002161026 1.179610013961792
vt 0.14240700006484985 1.0975199937820435
vt 0.172434002161026 1.0975199937820435
vt 0.14240700006484985 1.0975199937820435
vt 0.172434002161026 1.179610013961792
vt 0.14240700006484985 1.179610013961792
vt 0.19218699634075165 1.235159993171692
vt 0.4263800084590912 1.235159993171692
vt 0.19218699634075165 1.2651900053024292
vt 0.4263800084590912 1.2651900053024292
vt 0.19218699634075165 1.2651900053024292
vt 0.4263800084590912 1.235159993171692
vt -0.0980750024318695 1.2651900053024292
vt 0.19218699634075165 1.235159993171692
vt 0.19218699634075165 1.2651900053024292
vt 0.19218699634075165 1.235159993171692
vt -0.0980750024318695 1.2651900053024292
vt -0.0980750024318695 1.235159993171692
vt 0.22412000596523285 1.1204500198364258
vt 0.41291600465774536 1.179610013961792
vt 0.12265300005674362 1.309000015258789
vt 0.41291600465774536 1.179610013961792
vt 0.22412000596523285 1.1204500198364258
vt 0.4263800084590912 1.0975199937820435
vt 0.12265300005674362 1.309000015258789
vt 0.08712399750947952 1.1591999530792236
vt 0.22412000596523285 1.1204500198364258
vt 0.12265300005674362 1.309000015258789
vt 0.02405799925327301 1.18641996383667
vt 0.08712399750947952 1.1591999530792236
vt 0.02405799925327301 1.18641996383667
vt 0.12265300005674362 1.309000015258789
vt -0.0027169999666512012 1.213089942932129
vt -0.0027169999666512012 1.213089942932129
vt 0.12265300005674362 1.309000015258789
vt -0.05236300081014633 1.289489984512329
vt -0.05236300081014633 1.289489984512329
vt 0.12265300005674362 1.309000015258789
vt -0.11153999716043472 1.4028300046920776
vt 0.14240700006484985 1.4028300046920776
vt 0.172434002161026 1.289489984512329
vt 0.172434002161026 1.4028300046920776
vt 0.172434002161026 1.289489984512329
vt 0.14240700006484985 1.4028300046920776
vt 0.14240700006484985 1.289489984512329
vt 0.14240700006484985 1.289489984512329
vt 0.172434002161026 1.213089942932129
vt 0.172434002161026 1.289489984512329
vt 0.172434002161026 1.213089942932129
vt 0.14240700006484985 1.289489984512329
vt 0.14240700006484985 1.213089942932129
vt -0.0027169999666512012 1.235159993171692
vt 0.02405799925327301 1.2651900053024292
vt -0.0027169999666512012 1.2651900053024292
vt 0.02405799925327301 1.2651900053024292
vt -0.0027169999666512012 1.235159993171692
vt 0.02405799925327301 1.235159993171692
vt 0.02405799925327301 1.235159993171692
vt 0.08712399750947952 1.2651900053024292
vt 0.02405799925327301 1.2651900053024292
vt 0.08712399750947952 1.2651900053024292
vt 0.02405799925327301 1.235159993171692
vt 0.08712399750947952 1.235159993171692
vt 0.08712399750947952 1.235159993171692
vt 0.22412000596523285 1.2651900053024292
vt 0.08712399750947952 1.2651900053024292
vt 0.22412000596523285 1.2651900053024292
vt 0.08712399750947952 1.235159993171692
vt 0.22412000596523285 1.235159993171692
vt 0.22412000596523285 1.235159993171692
vt 0.4263800084590912 1.2651900053024292
vt 0.22412000596523285 1.2651900053024292
vt 0.4263800084590912 1.2651900053024292
vt 0.22412000596523285 1.235159993171692
vt 0.4263800084590912 1.235159993171692
vt 0.22771599888801575 1.1591999530792236
vt 0.19218699634075165 1.309000015258789
vt 0.09071999788284302 1.1204500198364258
vt 0.29078298807144165 1.18641996383667
vt 0.19218699634075165 1.309000015258789
vt 0.22771599888801575 1.1591999530792236
vt 0.19218699634075165 1.309000015258789
vt 0.29078298807144165 1.18641996383667
vt 0.3175579905509949 1.213089942932129
vt 0.19218699634075165 1.309000015258789
vt 0.3175579905509949 1.213089942932129
vt 0.3672040104866028 1.289489984512329
vt 0.19218699634075165 1.309000015258789
vt 0.3672040104866028 1.289489984512329
vt 0.4263800084590912 1.4028300046920776
vt 0.09071999788284302 1.1204500198364258
vt 0.19218699634075165 1.309000015258789
vt -0.0980750024318695 1.179610013961792
vt 0.09071999788284302 1.1204500198364258
vt -0.0980750024318695 1.179610013961792
vt -0.11153999716043472 1.0975199937820435
vt -0.3095720112323761 1.0364400148391724
vt -0.2558709979057312 1.0138100385665894
vt -0.2558709979057312 1.0364400148391724
vt -0.2558709979057312 1.0138100385665894
vt -0.3095720112323761 1.0364400148391724
vt -0.3095720112323761 1.0138100385665894
vt -0.11074499785900116 1.0138100385665894
vt 0.05926800146698952 1.0138100385665894
vt -0.11074499785900116 1.0364400148391724
vt 0.05926800146698952 1.0364400148391724
vt -0.11074499785900116 1.0364400148391724
vt 0.05926800146698952 1.0138100385665894
vt -0.2558709979057312 1.0364400148391724
vt -0.11074499785900116 1.0138100385665894
vt -0.11074499785900116 1.0364400148391724
vt -0.11074499785900116 1.0138100385665894
vt -0.2558709979057312 1.0364400148391724
vt -0.2558709979057312 1.0138100385665894
vt -0.13955900073051453 1.0546200275421143
vt -0.08667600154876709 0.9576280117034912
vt 0.0055669997818768024 1.1083400249481201
vt 0.0055669997818768024 1.1083400249481201
vt -0.08667600154876709 0.9576280117034912
vt 0.005034999921917915 1.0026500225067139
vt 0.005034999921917915 1.0026500225067139
vt 0.05926800146698952 1.056190013885498
vt 0.0055669997818768024 1.1083400249481201
vt -0.08667600154876709 0.9576280117034912
vt -0.13955900073051453 1.0546200275421143
vt -0.13339200615882874 0.9419050216674805
vt -0.13955900073051453 1.0546200275421143
vt -0.16047799587249756 0.9432989954948425
vt -0.13339200615882874 0.9419050216674805
vt -0.16047799587249756 0.9432989954948425
vt -0.13955900073051453 1.0546200275421143
vt -0.22362199425697327 0.9602659940719604
vt -0.22362199425697327 0.9602659940719604
vt -0.13955900073051453 1.0546200275421143
vt -0.3095720112323761 0.9923809766769409
vt -0.3095720112323761 1.0138100385665894
vt -0.22362199425697327 1.0364400148391724
vt -0.3095720112323761 1.0364400148391724
vt -0.22362199425697327 1.0364400148391724
vt -0.3095720112323761 1.0138100385665894
vt -0.22362199425697327 1.0138100385665894
vt -0.22362199425697327 1.0138100385665894
vt -0.16047799587249756 1.0364400148391724
vt -0.22362199425697327 1.0364400148391724
vt -0.16047799587249756 1.0364400148391724
vt -0.22362199425697327 1.0138100385665894
vt -0.16047799587249756 1.0138100385665894
vt -0.13339200615882874 1.0138100385665894
vt -0.16047799587249756 1.0364400148391724
vt -0.16047799587249756 1.0138100385665894
vt -0.16047799587249756 1.0364400148391724
vt -0.13339200615882874 1.0138100385665894
vt -0.13339200615882874 1.0364400148391724
vt -0.08667600154876709 1.0138100385665894
vt -0.13339200615882874 1.0364400148391724
vt -0.13339200615882874 1.0138100385665894
vt -0.13339200615882874 1.0364400148391724
vt -0.08667600154876709 1.0138100385665894
vt -0.08667600154876709 1.0364400148391724
vt -0.08667600154876709 1.0138100385665894
vt 0.005034999921917915 1.0364400148391724
vt -0.08667600154876709 1.0364400148391724
vt 0.005034999921917915 1.0364400148391724
vt -0.08667600154876709 1.0138100385665894
vt 0.005034999921917915 1.0138100385665894
vt 0.005034999921917915 1.0138100385665894
vt 0.05926800146698952 1.0364400148391724
vt 0.005034999921917915 1.0364400148391724
vt 0.05926800146698952 1.0364400148391724
vt 0.005034999921917915 1.0138100385665894
vt 0.05926800146698952 1.0138100385665894
vt -0.08982600271701813 0.9432989954948425
vt -0.02668200060725212 0.9602659940719604
vt -0.11074499785900116 1.0546200275421143
vt 0.05926800146698952 0.9923809766769409
vt -0.11074499785900116 1.0546200275421143
vt -0.02668200060725212 0.9602659940719604
vt -0.11074499785900116 1.0546200275421143
vt -0.11691199988126755 0.9419050216674805
vt -0.08982600271701813 0.9432989954948425
vt -0.11074499785900116 1.0546200275421143
vt -0.1636279970407486 0.9576280117034912
vt -0.11691199988126755 0.9419050216674805
vt -0.2558709979057312 1.1083400249481201
vt -0.1636279970407486 0.9576280117034912
vt -0.11074499785900116 1.0546200275421143
vt -0.1636279970407486 0.9576280117034912
vt -0.2558709979057312 1.1083400249481201
vt -0.25533899664878845 1.0026500225067139
vt -0.25533899664878845 1.0026500225067139
vt -0.2558709979057312 1.1083400249481201
vt -0.3095720112323761 1.056190013885498
vt -0.15740500390529633 1.0400999784469604
vt -0.17634400725364685 1.069949984550476
vt -0.17634400725364685 1.0400999784469604
vt -0.17634400725364685 1.069949984550476
vt -0.15740500390529633 1.0400999784469604
vt -0.15740500390529633 1.069949984550476
vt -0.15740500390529633 1.069949984550476
vt -0.17634400725364685 1.1352299451828003
vt -0.17634400725364685 1.069949984550476
vt -0.17634400725364685 1.1352299451828003
vt -0.15740500390529633 1.069949984550476
vt -0.15740500390529633 1.1352299451828003
vt -0.15740500390529633 1.1865299940109253
vt -0.17634400725364685 1.1352299451828003
vt -0.15740500390529633 1.1352299451828003
vt -0.15740500390529633 1.1865299940109253
vt -0.17634400725364685 1.1865299940109253
vt -0.17634400725364685 1.1352299451828003
vt -0.23849500715732574 1.073449969291687
vt -0.18811799585819244 1.0923899412155151
vt -0.23849500715732574 1.0923899412155151
vt -0.18811799585819244 1.0923899412155151
vt -0.23849500715732574 1.073449969291687
vt -0.18811799585819244 1.073449969291687
vt -0.1167759969830513 1.069949984550476
vt -0.0951320007443428 1.1352299451828003
vt -0.14563100039958954 1.1853400468826294
vt -0.09525399655103683 1.1865299940109253
vt -0.14563100039958954 1.1853400468826294
vt -0.0951320007443428 1.1352299451828003
vt -0.1883009970188141 1.090309977531433
vt -0.1167759969830513 1.069949984550476
vt -0.14563100039958954 1.1853400468826294
vt -0.1167759969830513 1.069949984550476
vt -0.1883009970188141 1.090309977531433
vt -0.13126499950885773 1.0400999784469604
vt -0.1883009970188141 1.090309977531433
vt -0.14471200108528137 1.027750015258789
vt -0.13126499950885773 1.0400999784469604
vt -0.14471200108528137 1.027750015258789
vt -0.1883009970188141 1.090309977531433
vt -0.18264900147914886 1.005429983139038
vt -0.18264900147914886 1.005429983139038
vt -0.1883009970188141 1.090309977531433
vt -0.23861800134181976 0.9793109893798828
vt -0.15740500390529633 1.1853400468826294
vt -0.17634400725364685 1.1853400468826294
vt -0.17634400725364685 1.090309977531433
vt -0.15740500390529633 1.1853400468826294
vt -0.17634400725364685 1.090309977531433
vt -0.15740500390529633 1.090309977531433
vt -0.17634400725364685 1.090309977531433
vt -0.17634400725364685 0.9793109893798828
vt -0.15740500390529633 1.090309977531433
vt -0.15740500390529633 1.090309977531433
vt -0.17634400725364685 0.9793109893798828
vt -0.15740500390529633 0.9793109893798828
vt -0.23861800134181976 1.073449969291687
vt -0.18264900147914886 1.0923899412155151
vt -0.23861800134181976 1.0923899412155151
vt -0.18264900147914886 1.0923899412155151
vt -0.23861800134181976 1.073449969291687
vt -0.18264900147914886 1.073449969291687
vt -0.18264900147914886 1.073449969291687
vt -0.14471200108528137 1.0923899412155151
vt -0.18264900147914886 1.0923899412155151
vt -0.14471200108528137 1.0923899412155151
vt -0.18264900147914886 1.073449969291687
vt -0.14471200108528137 1.073449969291687
vt -0.14471200108528137 1.073449969291687
vt -0.13126499950885773 1.0923899412155151
vt -0.14471200108528137 1.0923899412155151
vt -0.13126499950885773 1.0923899412155151
vt -0.14471200108528137 1.073449969291687
vt -0.13126499950885773 1.073449969291687
vt -0.21697300672531128 1.069949984550476
vt -0.1454479992389679 1.090309977531433
vt -0.18811799585819244 1.1853400468826294
vt -0.21697300672531128 1.069949984550476
vt -0.18811799585819244 1.1853400468826294
vt -0.23861800134181976 1.1352299451828003
vt -0.23861800134181976 1.1352299451828003
vt -0.18811799585819244 1.1853400468826294
vt -0.23849500715732574 1.1865299940109253
vt -0.1454479992389679 1.090309977531433
vt -0.21697300672531128 1.069949984550476
vt -0.20248399674892426 1.0400999784469604
vt -0.1890369951725006 1.027750015258789
vt -0.1454479992389679 1.090309977531433
vt -0.20248399674892426 1.0400999784469604
vt -0.1454479992389679 1.090309977531433
vt -0.1890369951725006 1.027750015258789
vt -0.1511009931564331 1.005429983139038
vt -0.1454479992389679 1.090309977531433
vt -0.1511009931564331 1.005429983139038
vt -0.0951320007443428 0.9793109893798828
vt -0.2181050032377243 1.1604000329971313
vt -0.24422700703144073 1.0627599954605103
vt -0.2181050032377243 1.0627599954605103
vt -0.24422700703144073 1.0627599954605103
vt -0.2181050032377243 1.1604000329971313
vt -0.24422700703144073 1.1604000329971313
vt -0.2310210019350052 1.1002099514007568
vt 0.02026600018143654 1.1002099514007568
vt -0.2310210019350052 1.126330018043518
vt 0.02026600018143654 1.126330018043518
vt -0.2310210019350052 1.126330018043518
vt 0.02026600018143654 1.1002099514007568
vt -0.4458729922771454 1.126330018043518
vt -0.2310210019350052 1.1002099514007568
vt -0.2310210019350052 1.126330018043518
vt -0.2310210019350052 1.1002099514007568
vt -0.4458729922771454 1.126330018043518
vt -0.4458729922771454 1.1002099514007568
vt -0.22224700450897217 1.0251799821853638
vt -0.07989499717950821 1.0274800062179565
vt -0.23131099343299866 1.1788599491119385
vt -0.23131099343299866 1.1788599491119385
vt -0.2904770076274872 1.0331000089645386
vt -0.22224700450897217 1.0251799821853638
vt -0.2904770076274872 1.0331000089645386
vt -0.23131099343299866 1.1788599491119385
vt -0.3237929940223694 1.050950050354004
vt -0.3237929940223694 1.050950050354004
vt -0.23131099343299866 1.1788599491119385
vt -0.3933179974555969 1.1098300218582153
vt -0.3933179974555969 1.1098300218582153
vt -0.23131099343299866 1.1788599491119385
vt -0.4825980067253113 1.2013599872589111
vt -0.07989499717950821 1.0274800062179565
vt -0.016459999606013298 1.1604000329971313
vt -0.23131099343299866 1.1788599491119385
vt -0.016459999606013298 1.1604000329971313
vt -0.07989499717950821 1.0274800062179565
vt 0.02026600018143654 1.0627599954605103
vt -0.24422700703144073 1.2013599872589111
vt -0.2181050032377243 1.1098300218582153
vt -0.2181050032377243 1.2013599872589111
vt -0.2181050032377243 1.1098300218582153
vt -0.24422700703144073 1.2013599872589111
vt -0.24422700703144073 1.1098300218582153
vt -0.3933179974555969 1.1002099514007568
vt -0.3237929940223694 1.126330018043518
vt -0.3933179974555969 1.126330018043518
vt -0.3237929940223694 1.126330018043518
vt -0.3933179974555969 1.1002099514007568
vt -0.3237929940223694 1.1002099514007568
vt -0.3237929940223694 1.1002099514007568
vt -0.2904770076274872 1.126330018043518
vt -0.3237929940223694 1.126330018043518
vt -0.2904770076274872 1.126330018043518
vt -0.3237929940223694 1.1002099514007568
vt -0.2904770076274872 1.1002099514007568
vt -0.2904770076274872 1.1002099514007568
vt -0.22224700450897217 1.126330018043518
vt -0.2904770076274872 1.126330018043518
vt -0.22224700450897217 1.126330018043518
vt -0.2904770076274872 1.1002099514007568
vt -0.22224700450897217 1.1002099514007568
vt -0.22224700450897217 1.1002099514007568
vt -0.07989499717950821 1.126330018043518
vt -0.22224700450897217 1.126330018043518
vt -0.07989499717950821 1.126330018043518
vt -0.22224700450897217 1.1002099514007568
vt -0.07989499717950821 1.1002099514007568
vt -0.07989499717950821 1.1002099514007568
vt 0.02026600018143654 1.126330018043518
vt -0.07989499717950821 1.126330018043518
vt 0.02026600018143654 1.126330018043518
vt -0.07989499717950821 1.1002099514007568
vt 0.02026600018143654 1.1002099514007568
vt -0.2310210019350052 1.1788599491119385
vt -0.38243699073791504 1.0274800062179565
vt -0.24008500576019287 1.0251799821853638
vt -0.17185600101947784 1.0331000089645386
vt -0.2310210019350052 1.1788599491119385
vt -0.24008500576019287 1.0251799821853638
vt -0.2310210019350052 1.1788599491119385
vt -0.17185600101947784 1.0331000089645386
vt -0.13853900134563446 1.050950050354004
vt -0.2310210019350052 1.1788599491119385
vt -0.13853900134563446 1.050950050354004
vt -0.06901399791240692 1.1098300218582153
vt -0.06901399791240692 1.1098300218582153
vt 0.02026600018143654 1.2013599872589111
vt -0.2310210019350052 1.1788599491119385
vt -0.38243699073791504 1.0274800062179565
vt -0.2310210019350052 1.1788599491119385
vt -0.4458729922771454 1.1604000329971313
vt -0.38243699073791504 1.0274800062179565
vt -0.4458729922771454 1.1604000329971313
vt -0.4825980067253113 1.0627599954605103
vt 0.04000899940729141 0.32089900970458984
vt -0.06187000125646591 0.4474770128726959
vt -0.10411299765110016 0.4085739850997925
vt -0.06187000125646591 0.4474770128726959
vt 0.04000899940729141 0.32089900970458984
vt 0.04000899940729141 0.3783259987831116
vt -0.10411299765110016 0.4085739850997925
vt -0.06187000125646591 0.4474770128726959
vt -0.10852500051259995 0.5006620287895203
vt -0.10852500051259995 0.5006620287895203
vt -0.15897099673748016 0.4732210040092468
vt -0.10411299765110016 0.4085739850997925
vt -0.10852500051259995 0.5006620287895203
vt -0.20620599389076233 0.6026830077171326
vt -0.15897099673748016 0.4732210040092468
vt -0.20620599389076233 0.6026830077171326
vt -0.10852500051259995 0.5006620287895203
vt -0.15621499717235565 0.6127349734306335
vt -0.15621499717235565 0.6127349734306335
vt -0.21877199411392212 0.7411609888076782
vt -0.20620599389076233 0.6026830077171326
vt -0.21877199411392212 0.7411609888076782
vt -0.15621499717235565 0.6127349734306335
vt -0.16813799738883972 0.7351409792900085
vt -0.16813799738883972 0.7351409792900085
vt -0.22064299881458282 0.7779240012168884
vt -0.21877199411392212 0.7411609888076782
vt -0.22064299881458282 0.7779240012168884
vt -0.16813799738883972 0.7351409792900085
vt -0.17795899510383606 0.8058210015296936
vt -0.22064299881458282 0.7779240012168884
vt -0.17795899510383606 0.8058210015296936
vt -0.2591930031776428 0.9169520139694214
vt -0.2807239890098572 0.9031779766082764
vt -0.22064299881458282 0.7779240012168884
vt -0.2591930031776428 0.9169520139694214
vt -0.2807239890098572 0.9031779766082764
vt -0.2591930031776428 0.9169520139694214
vt -0.345333993434906 0.9879360198974609
vt -0.06187000125646591 0.4474770128726959
vt 0.04000899940729141 0.3783259987831116
vt -0.019627999514341354 0.486380010843277
vt 0.04000899940729141 0.3783259987831116
vt 0.04000899940729141 0.4357529878616333
vt -0.019627999514341354 0.486380010843277
vt -0.06187000125646591 0.4474770128726959
vt -0.019627999514341354 0.486380010843277
vt -0.05807799845933914 0.5281019806861877
vt -0.05807799845933914 0.5281019806861877
vt -0.10852500051259995 0.5006620287895203
vt -0.06187000125646591 0.4474770128726959
vt -0.05807799845933914 0.5281019806861877
vt -0.15621499717235565 0.6127349734306335
vt -0.10852500051259995 0.5006620287895203
vt -0.15621499717235565 0.6127349734306335
vt -0.05807799845933914 0.5281019806861877
vt -0.10622400045394897 0.6227869987487793
vt -0.10622400045394897 0.6227869987487793
vt -0.16813799738883972 0.7351409792900085
vt -0.15621499717235565 0.6127349734306335
vt -0.16813799738883972 0.7351409792900085
vt -0.10622400045394897 0.6227869987487793
vt -0.11750300228595734 0.7291200160980225
vt -0.11750300228595734 0.7291200160980225
vt -0.17795899510383606 0.8058210015296936
vt -0.16813799738883972 0.7351409792900085
vt -0.17795899510383606 0.8058210015296936
vt -0.11750300228595734 0.7291200160980225
vt -0.13527600467205048 0.8337169885635376
vt -0.17795899510383606 0.8058210015296936
vt -0.13527600467205048 0.8337169885635376
vt -0.23766100406646729 0.9307249784469604
vt -0.2591930031776428 0.9169520139694214
vt -0.17795899510383606 0.8058210015296936
vt -0.23766100406646729 0.9307249784469604
vt -0.2591930031776428 0.9169520139694214
vt -0.23766100406646729 0.9307249784469604
vt -0.345333993434906 0.9879360198974609
vt -0.345333993434906 0.32089900970458984
vt -0.2434539943933487 0.4474770128726959
vt -0.345333993434906 0.3783259987831116
vt -0.2434539943933487 0.4474770128726959
vt -0.345333993434906 0.32089900970458984
vt -0.20121200382709503 0.4085739850997925
vt -0.20121200382709503 0.4085739850997925
vt -0.19679999351501465 0.5006620287895203
vt -0.2434539943933487 0.4474770128726959
vt -0.19679999351501465 0.5006620287895203
vt -0.20121200382709503 0.4085739850997925
vt -0.14635400474071503 0.4732210040092468
vt -0.09911900013685226 0.6026830077171326
vt -0.19679999351501465 0.5006620287895203
vt -0.14635400474071503 0.4732210040092468
vt -0.09911900013685226 0.6026830077171326
vt -0.14911000430583954 0.6127349734306335
vt -0.19679999351501465 0.5006620287895203
vt -0.08655200153589249 0.7411609888076782
vt -0.14911000430583954 0.6127349734306335
vt -0.09911900013685226 0.6026830077171326
vt -0.08655200153589249 0.7411609888076782
vt -0.13718700408935547 0.7351409792900085
vt -0.14911000430583954 0.6127349734306335
vt -0.08468200266361237 0.7779240012168884
vt -0.13718700408935547 0.7351409792900085
vt -0.08655200153589249 0.7411609888076782
vt -0.08468200266361237 0.7779240012168884
vt -0.12736499309539795 0.8058210015296936
vt -0.13718700408935547 0.7351409792900085
vt -0.08468200266361237 0.7779240012168884
vt -0.04613199830055237 0.9169520139694214
vt -0.12736499309539795 0.8058210015296936
vt -0.04613199830055237 0.9169520139694214
vt -0.08468200266361237 0.7779240012168884
vt -0.024600999429821968 0.9031779766082764
vt -0.04613199830055237 0.9169520139694214
vt -0.024600999429821968 0.9031779766082764
vt 0.0400100015103817 0.9879360198974609
vt -0.2434539943933487 0.4474770128726959
vt -0.24724699556827545 0.5281019806861877
vt -0.28569701313972473 0.486380010843277
vt -0.28569701313972473 0.486380010843277
vt -0.345333993434906 0.3783259987831116
vt -0.2434539943933487 0.4474770128726959
vt -0.345333993434906 0.4357529878616333
vt -0.345333993434906 0.3783259987831116
vt -0.28569701313972473 0.486380010843277
vt -0.24724699556827545 0.5281019806861877
vt -0.2434539943933487 0.4474770128726959
vt -0.19679999351501465 0.5006620287895203
vt -0.14911000430583954 0.6127349734306335
vt -0.24724699556827545 0.5281019806861877
vt -0.19679999351501465 0.5006620287895203
vt -0.14911000430583954 0.6127349734306335
vt -0.19910000264644623 0.6227869987487793
vt -0.24724699556827545 0.5281019806861877
vt -0.13718700408935547 0.7351409792900085
vt -0.19910000264644623 0.6227869987487793
vt -0.14911000430583954 0.6127349734306335
vt -0.13718700408935547 0.7351409792900085
vt -0.18782199919223785 0.7291200160980225
vt -0.19910000264644623 0.6227869987487793
vt -0.12736499309539795 0.8058210015296936
vt -0.18782199919223785 0.7291200160980225
vt -0.13718700408935547 0.7351409792900085
vt -0.12736499309539795 0.8058210015296936
vt -0.17004899680614471 0.8337169885635376
vt -0.18782199919223785 0.7291200160980225
vt -0.12736499309539795 0.8058210015296936
vt -0.06766299903392792 0.9307249784469604
vt -0.17004899680614471 0.8337169885635376
vt -0.06766299903392792 0.9307249784469604
vt -0.12736499309539795 0.8058210015296936
vt -0.04613199830055237 0.9169520139694214
vt -0.06766299903392792 0.9307249784469604
vt -0.04613199830055237 0.9169520139694214
vt 0.0400100015103817 0.9879360198974609
vt 0.1536480039358139 1.1387100219726562
vt 0.13374899327754974 1.2047100067138672
vt 0.13374899327754974 1.1387100219726562
vt 0.13374899327754974 1.2047100067138672
vt 0.1536480039358139 1.1387100219726562
vt 0.1536480039358139 1.2047100067138672
vt 0.1536480039358139 1.2047100067138672
vt 0.13374899327754974 1.264739990234375
vt 0.13374899327754974 1.2047100067138672
vt 0.13374899327754974 1.264739990234375
vt 0.1536480039358139 1.2047100067138672
vt 0.1536480039358139 1.264739990234375
vt 0.010459999553859234 1.199079990386963
vt 0.06992500275373459 1.1791800260543823
vt 0.06992500275373459 1.199079990386963
vt 0.06992500275373459 1.1791800260543823
vt 0.010459999553859234 1.199079990386963
vt 0.010459999553859234 1.1791800260543823
vt 0.16515100002288818 1.1791800260543823
vt 0.27693700790405273 1.1791800260543823
vt 0.16515100002288818 1.199079990386963
vt 0.27693700790405273 1.199079990386963
vt 0.16515100002288818 1.199079990386963
vt 0.27693700790405273 1.1791800260543823
vt 0.06992500275373459 1.199079990386963
vt 0.16515100002288818 1.1791800260543823
vt 0.16515100002288818 1.199079990386963
vt 0.16515100002288818 1.1791800260543823
vt 0.06992500275373459 1.199079990386963
vt 0.06992500275373459 1.1791800260543823
vt 0.12224599719047546 1.1966400146484375
vt 0.19615699350833893 1.1387100219726562
vt 0.21747300028800964 1.2873899936676025
vt 0.21747300028800964 1.2873899936676025
vt 0.19615699350833893 1.1387100219726562
vt 0.25260698795318604 1.2047100067138672
vt 0.27693700790405273 1.264739990234375
vt 0.21747300028800964 1.2873899936676025
vt 0.25260698795318604 1.2047100067138672
vt 0.19615699350833893 1.1387100219726562
vt 0.12224599719047546 1.1966400146484375
vt 0.16497500240802765 1.1107200384140015
vt 0.12224599719047546 1.1966400146484375
vt 0.14336200058460236 1.1026999950408936
vt 0.16497500240802765 1.1107200384140015
vt 0.14336200058460236 1.1026999950408936
vt 0.12224599719047546 1.1966400146484375
vt 0.08835999667644501 1.0947099924087524
vt 0.08835999667644501 1.0947099924087524
vt 0.12224599719047546 1.1966400146484375
vt 0.010459999553859234 1.0908700227737427
vt 0.010459999553859234 1.1791800260543823
vt 0.08835999667644501 1.199079990386963
vt 0.010459999553859234 1.199079990386963
vt 0.08835999667644501 1.199079990386963
vt 0.010459999553859234 1.1791800260543823
vt 0.08835999667644501 1.1791800260543823
vt 0.08835999667644501 1.1791800260543823
vt 0.14336200058460236 1.199079990386963
vt 0.08835999667644501 1.199079990386963
vt 0.14336200058460236 1.199079990386963
vt 0.08835999667644501 1.1791800260543823
vt 0.14336200058460236 1.1791800260543823
vt 0.14336200058460236 1.1791800260543823
vt 0.16497500240802765 1.199079990386963
vt 0.14336200058460236 1.199079990386963
vt 0.16497500240802765 1.199079990386963
vt 0.14336200058460236 1.1791800260543823
vt 0.16497500240802765 1.1791800260543823
vt 0.16497500240802765 1.1791800260543823
vt 0.19615699350833893 1.199079990386963
vt 0.16497500240802765 1.199079990386963
vt 0.19615699350833893 1.199079990386963
vt 0.16497500240802765 1.1791800260543823
vt 0.19615699350833893 1.1791800260543823
vt 0.16515100002288818 1.1966400146484375
vt 0.09124000370502472 1.1387100219726562
vt 0.1224220022559166 1.1107200384140015
vt 0.16515100002288818 1.1966400146484375
vt 0.1224220022559166 1.1107200384140015
vt 0.1440349966287613 1.1026999950408936
vt 0.16515100002288818 1.1966400146484375
vt 0.1440349966287613 1.1026999950408936
vt 0.19903700053691864 1.0947099924087524
vt 0.19903700053691864 1.0947099924087524
vt 0.27693700790405273 1.0908700227737427
vt 0.16515100002288818 1.1966400146484375
vt 0.09124000370502472 1.1387100219726562
vt 0.16515100002288818 1.1966400146484375
vt 0.06992500275373459 1.2873899936676025
vt 0.09124000370502472 1.1387100219726562
vt 0.06992500275373459 1.2873899936676025
vt 0.034790001809597015 1.2047100067138672
vt 0.034790001809597015 1.2047100067138672
vt 0.06992500275373459 1.2873899936676025
vt 0.010459999553859234 1.264739990234375
vt -0.19296300411224365 0.4223710000514984
vt -0.1557929962873459 0.33605000376701355
vt -0.1557929962873459 0.4223710000514984
vt -0.1557929962873459 0.33605000376701355
vt -0.19296300411224365 0.4223710000514984
vt -0.19296300411224365 0.33605000376701355
vt -0.19296300411224365 0.4223710000514984
vt -0.15579399466514587 0.5105839967727661
vt -0.19296300411224365 0.5105839967727661
vt -0.15579399466514587 0.5105839967727661
vt -0.19296300411224365 0.4223710000514984
vt -0.1557929962873459 0.4223710000514984
vt -0.13799600303173065 0.608377993106842
vt -0.01304600015282631 0.608377993106842
vt -0.13799600303173065 0.6455479860305786
vt -0.01304600015282631 0.6455479860305786
vt -0.13799600303173065 0.6455479860305786
vt -0.01304600015282631 0.608377993106842
vt -0.01304600015282631 0.6455479860305786
vt -0.01304600015282631 0.608377993106842
vt 0.08710400015115738 0.608377993106842
vt 0.08710400015115738 0.6455479860305786
vt -0.01304600015282631 0.6455479860305786
vt 0.08710400015115738 0.608377993106842
vt -0.38718700408935547 0.6455479860305786
vt -0.13799600303173065 0.608377993106842
vt -0.13799600303173065 0.6455479860305786
vt -0.13799600303173065 0.608377993106842
vt -0.38718700408935547 0.6455479860305786
vt -0.38718700408935547 0.608377993106842
vt -0.21076099574565887 0.7080370187759399
vt -0.34334099292755127 0.616470992565155
vt -0.24796000123023987 0.5067819952964783
vt -0.21076099574565887 0.7080370187759399
vt -0.24796000123023987 0.5067819952964783
vt -0.1382720023393631 0.4390619993209839
vt -0.3357110023498535 0.8196330070495605
vt -0.34334099292755127 0.616470992565155
vt -0.21076099574565887 0.7080370187759399
vt -0.1382720023393631 0.4390619993209839
vt 0.038430001586675644 0.5105839967727661
vt -0.21076099574565887 0.7080370187759399
vt 0.062029000371694565 0.33605000376701355
vt 0.038430001586675644 0.5105839967727661
vt -0.1382720023393631 0.4390619993209839
vt 0.038430001586675644 0.5105839967727661
vt 0.062029000371694565 0.33605000376701355
vt 0.08710400015115738 0.4223710000514984
vt -0.34334099292755127 0.616470992565155
vt -0.3357110023498535 0.8196330070495605
vt -0.37386301159858704 0.6803759932518005
vt -0.37386301159858704 0.6803759932518005
vt -0.3357110023498535 0.8196330070495605
vt -0.4101080000400543 0.7891110181808472
vt -0.4101080000400543 0.7891110181808472
vt -0.3357110023498535 0.8196330070495605
vt -0.4358609914779663 0.9178749918937683
vt -0.19296300411224365 0.9178749918937683
vt -0.15579399466514587 0.7891110181808472
vt -0.1557929962873459 0.9178749918937683
vt -0.15579399466514587 0.7891110181808472
vt -0.19296300411224365 0.9178749918937683
vt -0.19296300411224365 0.7891110181808472
vt -0.19296300411224365 0.7891110181808472
vt -0.15579399466514587 0.6803759932518005
vt -0.15579399466514587 0.7891110181808472
vt -0.15579399466514587 0.6803759932518005
vt -0.19296300411224365 0.7891110181808472
vt -0.19296300411224365 0.6803759932518005
vt -0.19296300411224365 0.6803759932518005
vt -0.15579399466514587 0.616470992565155
vt -0.15579399466514587 0.6803759932518005
vt -0.15579399466514587 0.616470992565155
vt -0.19296300411224365 0.6803759932518005
vt -0.19296300411224365 0.616470992565155
vt -0.19296300411224365 0.616470992565155
vt -0.15579399466514587 0.5067819952964783
vt -0.15579399466514587 0.616470992565155
vt -0.15579399466514587 0.5067819952964783
vt -0.19296300411224365 0.616470992565155
vt -0.19296300411224365 0.5067819952964783
vt -0.24796000123023987 0.608377993106842
vt -0.1382720023393631 0.6455479860305786
vt -0.24796000123023987 0.6455479860305786
vt -0.1382720023393631 0.6455479860305786
vt -0.24796000123023987 0.608377993106842
vt -0.1382720023393631 0.608377993106842
vt -0.1382720023393631 0.608377993106842
vt 0.062029000371694565 0.6455469727516174
vt -0.1382720023393631 0.6455479860305786
vt 0.062029000371694565 0.6455469727516174
vt -0.1382720023393631 0.608377993106842
vt 0.062029000371694565 0.608377993106842
vt -0.21048499643802643 0.4390619993209839
vt -0.38718700408935547 0.5105839967727661
vt -0.4107860028743744 0.33605000376701355
vt -0.4107860028743744 0.33605000376701355
vt -0.38718700408935547 0.5105839967727661
vt -0.4358609914779663 0.4223710000514984
vt -0.38718700408935547 0.5105839967727661
vt -0.21048499643802643 0.4390619993209839
vt -0.13799600303173065 0.7080370187759399
vt -0.10079699754714966 0.5067819952964783
vt -0.13799600303173065 0.7080370187759399
vt -0.21048499643802643 0.4390619993209839
vt -0.13799600303173065 0.7080370187759399
vt -0.10079699754714966 0.5067819952964783
vt -0.005415999796241522 0.616470992565155
vt -0.005415999796241522 0.616470992565155
vt -0.01304600015282631 0.8196330070495605
vt -0.13799600303173065 0.7080370187759399
vt -0.01304600015282631 0.8196330070495605
vt -0.005415999796241522 0.616470992565155
vt 0.025105999782681465 0.6803759932518005
vt -0.01304600015282631 0.8196330070495605
vt 0.025105999782681465 0.6803759932518005
vt 0.061351001262664795 0.7891110181808472
vt 0.061351001262664795 0.7891110181808472
vt 0.08710400015115738 0.9178749918937683
vt -0.01304600015282631 0.8196330070495605
vt 0.44909000396728516 1.0697100162506104
vt 0.419063001871109 0.9876180291175842
vt 0.44909000396728516 0.9876180291175842
vt 0.419063001871109 0.9876180291175842
vt 0.44909000396728516 1.0697100162506104
vt 0.419063001871109 1.0697100162506104
vt 0.4688439965248108 1.1252599954605103
vt 0.7030370235443115 1.1252599954605103
vt 0.4688439965248108 1.1552799940109253
vt 0.7030370235443115 1.1552799940109253
vt 0.4688439965248108 1.1552799940109253
vt 0.7030370235443115 1.1252599954605103
vt 0.17858099937438965 1.1552799940109253
vt 0.4688439965248108 1.1252599954605103
vt 0.4688439965248108 1.1552799940109253
vt 0.4688439965248108 1.1252599954605103
vt 0.17858099937438965 1.1552799940109253
vt 0.17858099937438965 1.1252599954605103
vt 0.500777006149292 1.0105500221252441
vt 0.6895719766616821 1.0697100162506104
vt 0.39930999279022217 1.1990900039672852
vt 0.6895719766616821 1.0697100162506104
vt 0.500777006149292 1.0105500221252441
vt 0.7030370235443115 0.9876180291175842
vt 0.39930999279022217 1.1990900039672852
vt 0.36378100514411926 1.049299955368042
vt 0.500777006149292 1.0105500221252441
vt 0.39930999279022217 1.1990900039672852
vt 0.30071398615837097 1.076509952545166
vt 0.36378100514411926 1.049299955368042
vt 0.30071398615837097 1.076509952545166
vt 0.39930999279022217 1.1990900039672852
vt 0.27393901348114014 1.1031800508499146
vt 0.27393901348114014 1.1031800508499146
vt 0.39930999279022217 1.1990900039672852
vt 0.22429299354553223 1.1795799732208252
vt 0.22429299354553223 1.1795799732208252
vt 0.39930999279022217 1.1990900039672852
vt 0.16511699557304382 1.2929199934005737
vt 0.419063001871109 1.2929199934005737
vt 0.44909000396728516 1.1795799732208252
vt 0.44909000396728516 1.2929199934005737
vt 0.44909000396728516 1.1795799732208252
vt 0.419063001871109 1.2929199934005737
vt 0.419063001871109 1.1795799732208252
vt 0.419063001871109 1.1795799732208252
vt 0.44909000396728516 1.1031800508499146
vt 0.44909000396728516 1.1795799732208252
vt 0.44909000396728516 1.1031800508499146
vt 0.419063001871109 1.1795799732208252
vt 0.419063001871109 1.1031800508499146
vt 0.27393901348114014 1.1252599954605103
vt 0.30071398615837097 1.1552799940109253
vt 0.27393901348114014 1.1552799940109253
vt 0.30071398615837097 1.1552799940109253
vt 0.27393901348114014 1.1252599954605103
vt 0.30071398615837097 1.1252599954605103
vt 0.30071398615837097 1.1252599954605103
vt 0.36378100514411926 1.1552799940109253
vt 0.30071398615837097 1.1552799940109253
vt 0.36378100514411926 1.1552799940109253
vt 0.30071398615837097 1.1252599954605103
vt 0.36378100514411926 1.1252599954605103
vt 0.36378100514411926 1.1252599954605103
vt 0.500777006149292 1.1552799940109253
vt 0.36378100514411926 1.1552799940109253
vt 0.500777006149292 1.1552799940109253
vt 0.36378100514411926 1.1252599954605103
vt 0.500777006149292 1.1252599954605103
vt 0.500777006149292 1.1252599954605103
vt 0.7030370235443115 1.1552799940109253
vt 0.500777006149292 1.1552799940109253
vt 0.7030370235443115 1.1552799940109253
vt 0.500777006149292 1.1252599954605103
vt 0.7030370235443115 1.1252599954605103
vt 0.5043730139732361 1.049299955368042
vt 0.4688439965248108 1.1990900039672852
vt 0.36737701296806335 1.0105500221252441
vt 0.5674390196800232 1.076509952545166
vt 0.4688439965248108 1.1990900039672852
vt 0.5043730139732361 1.049299955368042
vt 0.4688439965248108 1.1990900039672852
vt 0.5674390196800232 1.076509952545166
vt 0.5942140221595764 1.1031800508499146
vt 0.4688439965248108 1.1990900039672852
vt 0.5942140221595764 1.1031800508499146
vt 0.6438599824905396 1.1795799732208252
vt 0.4688439965248108 1.1990900039672852
vt 0.6438599824905396 1.1795799732208252
vt 0.7030370235443115 1.2929199934005737
vt 0.36737701296806335 1.0105500221252441
vt 0.4688439965248108 1.1990900039672852
vt 0.17858099937438965 1.0697100162506104
vt 0.36737701296806335 1.0105500221252441
vt 0.17858099937438965 1.0697100162506104
vt 0.16511699557304382 0.9876180291175842
vt -0.4246149957180023 0.8411110043525696
vt -0.3709140121936798 0.8184790015220642
vt -0.3709140121936798 0.8411110043525696
vt -0.3709140121936798 0.8184790015220642
vt -0.4246149957180023 0.8411110043525696
vt -0.4246149957180023 0.8184790015220642
vt -0.2257869988679886 0.8184790015220642
vt -0.05577399954199791 0.8184790015220642
vt -0.2257869988679886 0.8411110043525696
vt -0.05577399954199791 0.8411110043525696
vt -0.2257869988679886 0.8411110043525696
vt -0.05577399954199791 0.8184790015220642
vt -0.3709140121936798 0.8411110043525696
vt -0.2257869988679886 0.8184790015220642
vt -0.2257869988679886 0.8411110043525696
vt -0.2257869988679886 0.8184790015220642
vt -0.3709140121936798 0.8411110043525696
vt -0.3709140121936798 0.8184790015220642
vt -0.25460198521614075 0.8592950105667114
vt -0.20171800255775452 0.7622979879379272
vt -0.10947500169277191 0.9130150079727173
vt -0.10947500169277191 0.9130150079727173
vt -0.20171800255775452 0.7622979879379272
vt -0.11000800132751465 0.807325005531311
vt -0.11000800132751465 0.807325005531311
vt -0.05577399954199791 0.8608610033988953
vt -0.10947500169277191 0.9130150079727173
vt -0.20171800255775452 0.7622979879379272
vt -0.25460198521614075 0.8592950105667114
vt -0.24843500554561615 0.7465749979019165
vt -0.25460198521614075 0.8592950105667114
vt -0.275519996881485 0.7479699850082397
vt -0.24843500554561615 0.7465749979019165
vt -0.275519996881485 0.7479699850082397
vt -0.25460198521614075 0.8592950105667114
vt -0.3386650085449219 0.7649369835853577
vt -0.3386650085449219 0.7649369835853577
vt -0.25460198521614075 0.8592950105667114
vt -0.4246149957180023 0.7970510125160217
vt -0.4246149957180023 0.8184790015220642
vt -0.3386650085449219 0.8411110043525696
vt -0.4246149957180023 0.8411110043525696
vt -0.3386650085449219 0.8411110043525696
vt -0.4246149957180023 0.8184790015220642
vt -0.3386650085449219 0.8184790015220642
vt -0.3386650085449219 0.8184790015220642
vt -0.275519996881485 0.8411110043525696
vt -0.3386650085449219 0.8411110043525696
vt -0.275519996881485 0.8411110043525696
vt -0.3386650085449219 0.8184790015220642
vt -0.275519996881485 0.8184790015220642
vt -0.24843500554561615 0.8184790015220642
vt -0.275519996881485 0.8411110043525696
vt -0.275519996881485 0.8184790015220642
vt -0.275519996881485 0.8411110043525696
vt -0.24843500554561615 0.8184790015220642
vt -0.24843500554561615 0.8411110043525696
vt -0.20171800255775452 0.8184790015220642
vt -0.24843500554561615 0.8411110043525696
vt -0.24843500554561615 0.8184790015220642
vt -0.24843500554561615 0.8411110043525696
vt -0.20171800255775452 0.8184790015220642
vt -0.20171800255775452 0.8411110043525696
vt -0.20171800255775452 0.8184790015220642
vt -0.11000800132751465 0.8411110043525696
vt -0.20171800255775452 0.8411110043525696
vt -0.11000800132751465 0.8411110043525696
vt -0.20171800255775452 0.8184790015220642
vt -0.11000800132751465 0.8184790015220642
vt -0.11000800132751465 0.8184790015220642
vt -0.05577399954199791 0.8411110043525696
vt -0.11000800132751465 0.8411110043525696
vt -0.05577399954199791 0.8411110043525696
vt -0.11000800132751465 0.8184790015220642
vt -0.05577399954199791 0.8184790015220642
vt -0.20486900210380554 0.7479699850082397
vt -0.14172500371932983 0.7649369835853577
vt -0.2257869988679886 0.8592950105667114
vt -0.05577399954199791 0.7970510125160217
vt -0.2257869988679886 0.8592950105667114
vt -0.14172500371932983 0.7649369835853577
vt -0.2257869988679886 0.8592950105667114
vt -0.23195399343967438 0.7465749979019165
vt -0.20486900210380554 0.7479699850082397
vt -0.2257869988679886 0.8592950105667114
vt -0.278670996427536 0.7622979879379272
vt -0.23195399343967438 0.7465749979019165
vt -0.3709140121936798 0.9130150079727173
vt -0.278670996427536 0.7622979879379272
vt -0.2257869988679886 0.8592950105667114
vt -0.278670996427536 0.7622979879379272
vt -0.3709140121936798 0.9130150079727173
vt -0.37038201093673706 0.807325005531311
vt -0.37038201093673706 0.807325005531311
vt -0.3709140121936798 0.9130150079727173
vt -0.4246149957180023 0.8608610033988953
vt 0.028328999876976013 0.8905439972877502
vt 0.009390000253915787 0.9203940033912659
vt 0.009390000253915787 0.8905439972877502
vt 0.009390000253915787 0.9203940033912659
vt 0.028328999876976013 0.8905439972877502
vt 0.028328999876976013 0.9203940033912659
vt 0.028328999876976013 0.9203940033912659
vt 0.009390000253915787 0.9856749773025513
vt 0.009390000253915787 0.9203940033912659
vt 0.009390000253915787 0.9856749773025513
vt 0.028328999876976013 0.9203940033912659
vt 0.028328999876976013 0.9856749773025513
vt 0.028328999876976013 1.0369700193405151
vt 0.009390000253915787 0.9856749773025513
vt 0.028328999876976013 0.9856749773025513
vt 0.028328999876976013 1.0369700193405151
vt 0.009390000253915787 1.0369700193405151
vt 0.009390000253915787 0.9856749773025513
vt -0.05276099964976311 0.9238960146903992
vt -0.002382999984547496 0.9428349733352661
vt -0.05276099964976311 0.9428349733352661
vt -0.002382999984547496 0.9428349733352661
vt -0.05276099964976311 0.9238960146903992
vt -0.002382999984547496 0.9238960146903992
vt 0.06895899772644043 0.9203940033912659
vt 0.09060300141572952 0.9856749773025513
vt 0.0401029996573925 1.035789966583252
vt 0.09047999978065491 1.0369700193405151
vt 0.0401029996573925 1.035789966583252
vt 0.09060300141572952 0.9856749773025513
vt -0.002566999988630414 0.9407600164413452
vt 0.06895899772644043 0.9203940033912659
vt 0.0401029996573925 1.035789966583252
vt 0.06895899772644043 0.9203940033912659
vt -0.002566999988630414 0.9407600164413452
vt 0.05446900054812431 0.8905439972877502
vt -0.002566999988630414 0.9407600164413452
vt 0.04102199897170067 0.8781960010528564
vt 0.05446900054812431 0.8905439972877502
vt 0.04102199897170067 0.8781960010528564
vt -0.002566999988630414 0.9407600164413452
vt 0.003085999982431531 0.855879008769989
vt 0.003085999982431531 0.855879008769989
vt -0.002566999988630414 0.9407600164413452
vt -0.052882999181747437 0.8297569751739502
vt 0.028328999876976013 1.035789966583252
vt 0.009390000253915787 1.035789966583252
vt 0.009390000253915787 0.9407600164413452
vt 0.028328999876976013 1.035789966583252
vt 0.009390000253915787 0.9407600164413452
vt 0.028328999876976013 0.9407600164413452
vt 0.009390000253915787 0.9407600164413452
vt 0.009390000253915787 0.8297569751739502
vt 0.028328999876976013 0.9407600164413452
vt 0.028328999876976013 0.9407600164413452
vt 0.009390000253915787 0.8297569751739502
vt 0.028328999876976013 0.8297569751739502
vt -0.052882999181747437 0.9238960146903992
vt 0.003085999982431531 0.9428349733352661
vt -0.052882999181747437 0.9428349733352661
vt 0.003085999982431531 0.9428349733352661
vt -0.052882999181747437 0.9238960146903992
vt 0.003085999982431531 0.9238960146903992
vt 0.003085999982431531 0.9238960146903992
vt 0.04102199897170067 0.9428349733352661
vt 0.003085999982431531 0.9428349733352661
vt 0.04102199897170067 0.9428349733352661
vt 0.003085999982431531 0.9238960146903992
vt 0.04102199897170067 0.9238960146903992
vt 0.04102199897170067 0.9238960146903992
vt 0.05446900054812431 0.9428349733352661
vt 0.04102199897170067 0.9428349733352661
vt 0.05446900054812431 0.9428349733352661
vt 0.04102199897170067 0.9238960146903992
vt 0.05446900054812431 0.9238960146903992
vt -0.031238999217748642 0.9203940033912659
vt 0.040286000818014145 0.9407600164413452
vt -0.002382999984547496 1.035789966583252
vt -0.031238999217748642 0.9203940033912659
vt -0.002382999984547496 1.035789966583252
vt -0.052882999181747437 0.9856749773025513
vt -0.052882999181747437 0.9856749773025513
vt -0.002382999984547496 1.035789966583252
vt -0.05276099964976311 1.0369700193405151
vt 0.040286000818014145 0.9407600164413452
vt -0.031238999217748642 0.9203940033912659
vt -0.016750000417232513 0.8905439972877502
vt -0.0033019999973475933 0.8781960010528564
vt 0.040286000818014145 0.9407600164413452
vt -0.016750000417232513 0.8905439972877502
vt 0.040286000818014145 0.9407600164413452
vt -0.0033019999973475933 0.8781960010528564
vt 0.034634001553058624 0.855879008769989
vt 0.040286000818014145 0.9407600164413452
vt 0.034634001553058624 0.855879008769989
vt 0.09060300141572952 0.8297569751739502
vt -0.3052850067615509 1.2371900081634521
vt -0.33140701055526733 1.139549970626831
vt -0.3052850067615509 1.139549970626831
vt -0.33140701055526733 1.139549970626831
vt -0.3052850067615509 1.2371900081634521
vt -0.33140701055526733 1.2371900081634521
vt -0.3182010054588318 1.1770000457763672
vt -0.06691399961709976 1.1770000457763672
vt -0.3182010054588318 1.2031199932098389
vt -0.06691399961709976 1.2031199932098389
vt -0.3182010054588318 1.2031199932098389
vt -0.06691399961709976 1.1770000457763672
vt -0.5330529808998108 1.2031199932098389
vt -0.3182010054588318 1.1770000457763672
vt -0.3182010054588318 1.2031199932098389
vt -0.3182010054588318 1.1770000457763672
vt -0.5330529808998108 1.2031199932098389
vt -0.5330529808998108 1.1770000457763672
vt -0.3094269931316376 1.1019699573516846
vt -0.1670749932527542 1.1042699813842773
vt -0.31849101185798645 1.2556500434875488
vt -0.31849101185798645 1.2556500434875488
vt -0.3776569962501526 1.1098899841308594
vt -0.3094269931316376 1.1019699573516846
vt -0.3776569962501526 1.1098899841308594
vt -0.31849101185798645 1.2556500434875488
vt -0.4109730124473572 1.1277400255203247
vt -0.4109730124473572 1.1277400255203247
vt -0.31849101185798645 1.2556500434875488
vt -0.48049798607826233 1.1866199970245361
vt -0.48049798607826233 1.1866199970245361
vt -0.31849101185798645 1.2556500434875488
vt -0.5697780251502991 1.278149962425232
vt -0.1670749932527542 1.1042699813842773
vt -0.10363999754190445 1.2371900081634521
vt -0.31849101185798645 1.2556500434875488
vt -0.10363999754190445 1.2371900081634521
vt -0.1670749932527542 1.1042699813842773
vt -0.06691399961709976 1.139549970626831
vt -0.33140701055526733 1.278149962425232
vt -0.3052850067615509 1.1866199970245361
vt -0.3052850067615509 1.278149962425232
vt -0.3052850067615509 1.1866199970245361
vt -0.33140701055526733 1.278149962425232
vt -0.33140701055526733 1.1866199970245361
vt -0.48049798607826233 1.1770000457763672
vt -0.4109730124473572 1.2031199932098389
vt -0.48049798607826233 1.2031199932098389
vt -0.4109730124473572 1.2031199932098389
vt -0.48049798607826233 1.1770000457763672
vt -0.4109730124473572 1.1770000457763672
vt -0.4109730124473572 1.1770000457763672
vt -0.3776569962501526 1.2031199932098389
vt -0.4109730124473572 1.2031199932098389
vt -0.3776569962501526 1.2031199932098389
vt -0.4109730124473572 1.1770000457763672
vt -0.3776569962501526 1.1770000457763672
vt -0.3776569962501526 1.1770000457763672
vt -0.3094269931316376 1.2031199932098389
vt -0.3776569962501526 1.2031199932098389
vt -0.3094269931316376 1.2031199932098389
vt -0.3776569962501526 1.1770000457763672
vt -0.3094269931316376 1.1770000457763672
vt -0.3094269931316376 1.1770000457763672
vt -0.1670749932527542 1.2031199932098389
vt -0.3094269931316376 1.2031199932098389
vt -0.1670749932527542 1.2031199932098389
vt -0.3094269931316376 1.1770000457763672
vt -0.1670749932527542 1.1770000457763672
vt -0.1670749932527542 1.1770000457763672
vt -0.06691399961709976 1.2031199932098389
vt -0.1670749932527542 1.2031199932098389
vt -0.06691399961709976 1.2031199932098389
vt -0.1670749932527542 1.1770000457763672
vt -0.06691399961709976 1.1770000457763672
vt -0.3182010054588318 1.2556500434875488
vt -0.46961700916290283 1.1042699813842773
vt -0.3272649943828583 1.1019699573516846
vt -0.25903600454330444 1.1098899841308594
vt -0.3182010054588318 1.2556500434875488
vt -0.3272649943828583 1.1019699573516846
vt -0.3182010054588318 1.2556500434875488
vt -0.25903600454330444 1.1098899841308594
vt -0.22572000324726105 1.1277400255203247
vt -0.3182010054588318 1.2556500434875488
vt -0.22572000324726105 1.1277400255203247
vt -0.15619400143623352 1.1866199970245361
vt -0.15619400143623352 1.1866199970245361
vt -0.06691399961709976 1.278149962425232
vt -0.3182010054588318 1.2556500434875488
vt -0.46961700916290283 1.1042699813842773
vt -0.3182010054588318 1.2556500434875488
vt -0.5330529808998108 1.2371900081634521
vt -0.46961700916290283 1.1042699813842773
vt -0.5330529808998108 1.2371900081634521
vt -0.5697780251502991 1.139549970626831
vt -0.17867499589920044 0.9205880165100098
vt -0.28055399656295776 1.0471700429916382
vt -0.3227970004081726 1.0082600116729736
vt -0.28055399656295776 1.0471700429916382
vt -0.17867499589920044 0.9205880165100098
vt -0.17867499589920044 0.9780150055885315
vt -0.3227970004081726 1.0082600116729736
vt -0.28055399656295776 1.0471700429916382
vt -0.3272089958190918 1.100350022315979
vt -0.3272089958190918 1.100350022315979
vt -0.3776549994945526 1.072909951210022
vt -0.3227970004081726 1.0082600116729736
vt -0.3272089958190918 1.100350022315979
vt -0.42489001154899597 1.202370047569275
vt -0.3776549994945526 1.072909951210022
vt -0.42489001154899597 1.202370047569275
vt -0.3272089958190918 1.100350022315979
vt -0.3748989999294281 1.2124199867248535
vt -0.3748989999294281 1.2124199867248535
vt -0.43745699524879456 1.3408499956130981
vt -0.42489001154899597 1.202370047569275
vt -0.43745699524879456 1.3408499956130981
vt -0.3748989999294281 1.2124199867248535
vt -0.386821985244751 1.3348300457000732
vt -0.386821985244751 1.3348300457000732
vt -0.4393270015716553 1.3776099681854248
vt -0.43745699524879456 1.3408499956130981
vt -0.4393270015716553 1.3776099681854248
vt -0.386821985244751 1.3348300457000732
vt -0.3966430127620697 1.4055099487304688
vt -0.4393270015716553 1.3776099681854248
vt -0.3966430127620697 1.4055099487304688
vt -0.4778769910335541 1.5166399478912354
vt -0.4994080066680908 1.502869963645935
vt -0.4393270015716553 1.3776099681854248
vt -0.4778769910335541 1.5166399478912354
vt -0.4994080066680908 1.502869963645935
vt -0.4778769910335541 1.5166399478912354
vt -0.5640180110931396 1.587630033493042
vt -0.28055399656295776 1.0471700429916382
vt -0.17867499589920044 0.9780150055885315
vt -0.2383120059967041 1.086069941520691
vt -0.17867499589920044 0.9780150055885315
vt -0.17867499589920044 1.0354399681091309
vt -0.2383120059967041 1.086069941520691
vt -0.28055399656295776 1.0471700429916382
vt -0.2383120059967041 1.086069941520691
vt -0.2767620086669922 1.1277899742126465
vt -0.2767620086669922 1.1277899742126465
vt -0.3272089958190918 1.100350022315979
vt -0.28055399656295776 1.0471700429916382
vt -0.2767620086669922 1.1277899742126465
vt -0.3748989999294281 1.2124199867248535
vt -0.3272089958190918 1.100350022315979
vt -0.3748989999294281 1.2124199867248535
vt -0.2767620086669922 1.1277899742126465
vt -0.3249090015888214 1.222480058670044
vt -0.3249090015888214 1.222480058670044
vt -0.386821985244751 1.3348300457000732
vt -0.3748989999294281 1.2124199867248535
vt -0.386821985244751 1.3348300457000732
vt -0.3249090015888214 1.222480058670044
vt -0.3361870050430298 1.3288099765777588
vt -0.3361870050430298 1.3288099765777588
vt -0.3966430127620697 1.4055099487304688
vt -0.386821985244751 1.3348300457000732
vt -0.3966430127620697 1.4055099487304688
vt -0.3361870050430298 1.3288099765777588
vt -0.3539600074291229 1.4334100484848022
vt -0.3966430127620697 1.4055099487304688
vt -0.3539600074291229 1.4334100484848022
vt -0.4563460052013397 1.530419945716858
vt -0.4778769910335541 1.5166399478912354
vt -0.3966430127620697 1.4055099487304688
vt -0.4563460052013397 1.530419945716858
vt -0.4778769910335541 1.5166399478912354
vt -0.4563460052013397 1.530419945716858
vt -0.5640180110931396 1.587630033493042
vt -0.5640180110931396 0.9205880165100098
vt -0.4621390104293823 1.0471700429916382
vt -0.5640180110931396 0.9780150055885315
vt -0.4621390104293823 1.0471700429916382
vt -0.5640180110931396 0.9205880165100098
vt -0.4198960065841675 1.0082600116729736
vt -0.4198960065841675 1.0082600116729736
vt -0.4154840111732483 1.100350022315979
vt -0.4621390104293823 1.0471700429916382
vt -0.4154840111732483 1.100350022315979
vt -0.4198960065841675 1.0082600116729736
vt -0.3650380074977875 1.072909951210022
vt -0.3178029954433441 1.202370047569275
vt -0.4154840111732483 1.100350022315979
vt -0.3650380074977875 1.072909951210022
vt -0.3178029954433441 1.202370047569275
vt -0.367794007062912 1.2124199867248535
vt -0.4154840111732483 1.100350022315979
vt -0.30523601174354553 1.3408499956130981
vt -0.367794007062912 1.2124199867248535
vt -0.3178029954433441 1.202370047569275
vt -0.30523601174354553 1.3408499956130981
vt -0.3558709919452667 1.3348300457000732
vt -0.367794007062912 1.2124199867248535
vt -0.3033660054206848 1.3776099681854248
vt -0.3558709919452667 1.3348300457000732
vt -0.30523601174354553 1.3408499956130981
vt -0.3033660054206848 1.3776099681854248
vt -0.3460499942302704 1.4055099487304688
vt -0.3558709919452667 1.3348300457000732
vt -0.3033660054206848 1.3776099681854248
vt -0.2648159861564636 1.5166399478912354
vt -0.3460499942302704 1.4055099487304688
vt -0.2648159861564636 1.5166399478912354
vt -0.3033660054206848 1.3776099681854248
vt -0.24328500032424927 1.502869963645935
vt -0.2648159861564636 1.5166399478912354
vt -0.24328500032424927 1.502869963645935
vt -0.17867499589920044 1.587630033493042
vt -0.4621390104293823 1.0471700429916382
vt -0.4659309983253479 1.1277899742126465
vt -0.504381000995636 1.086069941520691
vt -0.504381000995636 1.086069941520691
vt -0.5640180110931396 0.9780150055885315
vt -0.4621390104293823 1.0471700429916382
vt -0.5640180110931396 1.0354399681091309
vt -0.5640180110931396 0.9780150055885315
vt -0.504381000995636 1.086069941520691
vt -0.4659309983253479 1.1277899742126465
vt -0.4621390104293823 1.0471700429916382
vt -0.4154840111732483 1.100350022315979
vt -0.367794007062912 1.2124199867248535
vt -0.4659309983253479 1.1277899742126465
vt -0.4154840111732483 1.100350022315979
vt -0.367794007062912 1.2124199867248535
vt -0.4177840054035187 1.222480058670044
vt -0.4659309983253479 1.1277899742126465
vt -0.3558709919452667 1.3348300457000732
vt -0.4177840054035187 1.222480058670044
vt -0.367794007062912 1.2124199867248535
vt -0.3558709919452667 1.3348300457000732
vt -0.4065060019493103 1.3288099765777588
vt -0.4177840054035187 1.222480058670044
vt -0.3460499942302704 1.4055099487304688
vt -0.4065060019493103 1.3288099765777588
vt -0.3558709919452667 1.3348300457000732
vt -0.3460499942302704 1.4055099487304688
vt -0.38873299956321716 1.4334100484848022
vt -0.4065060019493103 1.3288099765777588
vt -0.3460499942302704 1.4055099487304688
vt -0.28634700179100037 1.530419945716858
vt -0.38873299956321716 1.4334100484848022
vt -0.28634700179100037 1.530419945716858
vt -0.3460499942302704 1.4055099487304688
vt -0.2648159861564636 1.5166399478912354
vt -0.28634700179100037 1.530419945716858
vt -0.2648159861564636 1.5166399478912354
vt -0.17867499589920044 1.587630033493042
vt 0.3959810137748718 0.5446879863739014
vt 0.3959810137748718 0.7011989951133728
vt 0.36973801255226135 0.5463590025901794
vt 0.3959810137748718 0.8577089905738831
vt 0.3959810137748718 1.0021100044250488
vt 0.36973801255226135 0.8585450053215027
vt 0.3959810137748718 0.8577089905738831
vt 0.36973801255226135 0.8585450053215027
vt 0.3959810137748718 0.7011989951133728
vt 0.3959810137748718 1.1465100049972534
vt 0.36973801255226135 1.1465100049972534
vt 0.3959810137748718 1.0021100044250488
vt 0.3434950113296509 0.7011989951133728
vt 0.3434950113296509 0.5446879863739014
vt 0.36973801255226135 0.5463590025901794
vt 0.3434950113296509 1.0021100044250488
vt 0.3434950113296509 0.8577089905738831
vt 0.36973801255226135 0.8585450053215027
vt 0.36973801255226135 0.8585450053215027
vt 0.3434950113296509 0.8577089905738831
vt 0.3434950113296509 0.7011989951133728
vt 0.36973801255226135 1.1465100049972534
vt 0.3434950113296509 1.1465100049972534
vt 0.3434950113296509 1.0021100044250488
vt 0.31915798783302307 0.8661190271377563
vt 0.2804979979991913 0.8398759961128235
vt 0.3000600039958954 0.8398759961128235
vt 0.2804979979991913 0.8398759961128235
vt 0.31915798783302307 0.8661190271377563
vt 0.30532601475715637 0.8739920258522034
vt 0.36526599526405334 0.8769890069961548
vt 0.30532601475715637 0.8739920258522034
vt 0.31915798783302307 0.8661190271377563
vt 0.30532601475715637 0.8739920258522034
vt 0.36526599526405334 0.8769890069961548
vt 0.36526599526405334 0.8881229758262634
vt 0.4500339925289154 0.8398759961128235
vt 0.4113740026950836 0.8136330246925354
vt 0.4252060055732727 0.8057600259780884
vt 0.36526599526405334 0.8027629852294922
vt 0.4252060055732727 0.8057600259780884
vt 0.4113740026950836 0.8136330246925354
vt 0.4252060055732727 0.8057600259780884
vt 0.36526599526405334 0.8027629852294922
vt 0.36526599526405334 0.7916290163993835
vt 0.4113740026950836 0.8136330246925354
vt 0.4500339925289154 0.8398759961128235
vt 0.4304719865322113 0.8398759961128235
vt 0.4113740026950836 0.8661190271377563
vt 0.4304719865322113 0.8398759961128235
vt 0.4500339925289154 0.8398759961128235
vt 0.4500339925289154 0.8398759961128235
vt 0.4252060055732727 0.8739920258522034
vt 0.4113740026950836 0.8661190271377563
vt 0.4252060055732727 0.8739920258522034
vt 0.36526599526405334 0.8769890069961548
vt 0.4113740026950836 0.8661190271377563
vt 0.4252060055732727 0.8739920258522034
vt 0.36526599526405334 0.8881229758262634
vt 0.36526599526405334 0.8769890069961548
vt 0.34595298767089844 1.1465100049972534
vt 0.2996689975261688 1.1465100049972534
vt 0.3017770051956177 1.0000900030136108
vt 0.42031800746917725 0.5446879863739014
vt 0.40829798579216003 0.7011989951133728
vt 0.374210000038147 0.5406540036201477
vt 0.3017770051956177 1.0000900030136108
vt 0.3038859963417053 0.8536750078201294
vt 0.35008201003074646 0.8556920289993286
vt 0.35008201003074646 0.8556920289993286
vt 0.3038859963417053 0.8536750078201294
vt 0.315993994474411 0.6951479911804199
vt 0.3962770104408264 0.8577089905738831
vt 0.3942570090293884 1.0021100044250488
vt 0.35008201003074646 0.8556920289993286
vt 0.3962770104408264 0.8577089905738831
vt 0.35008201003074646 0.8556920289993286
vt 0.40829798579216003 0.7011989951133728
vt 0.315993994474411 0.6951479911804199
vt 0.3281019926071167 0.536620020866394
vt 0.374210000038147 0.5406540036201477
vt 0.39223700761795044 1.1465100049972534
vt 0.34595298767089844 1.1465100049972534
vt 0.3942570090293884 1.0021100044250488
vt 0.36973801255226135 1.1465100049972534
vt 0.3434950113296509 1.1465100049972534
vt 0.3434950113296509 1.0000900030136108
vt 0.3434950113296509 1.0000900030136108
vt 0.3434950113296509 0.8536750078201294
vt 0.36973801255226135 0.852840006351471
vt 0.36973801255226135 0.852840006351471
vt 0.3434950113296509 0.8536750078201294
vt 0.3434950113296509 0.6951479911804199
vt 0.3434950113296509 0.6951479911804199
vt 0.3434950113296509 0.536620020866394
vt 0.36973801255226135 0.534949004650116
vt 0.3959810137748718 1.1465100049972534
vt 0.36973801255226135 1.1465100049972534
vt 0.3959810137748718 1.0000900030136108
vt 0.3959810137748718 0.8536750078201294
vt 0.3959810137748718 1.0000900030136108
vt 0.36973801255226135 0.852840006351471
vt 0.3959810137748718 0.8536750078201294
vt 0.36973801255226135 0.852840006351471
vt 0.3959810137748718 0.6951479911804199
vt 0.3959810137748718 0.536620020866394
vt 0.3959810137748718 0.6951479911804199
vt 0.36973801255226135 0.534949004650116
vt 0.4398069977760315 1.1465100049972534
vt 0.3935230076313019 1.1465100049972534
vt 0.43769800662994385 1.0000900030136108
vt 0.3311780095100403 0.7011989951133728
vt 0.31915798783302307 0.5446879863739014
vt 0.36526599526405334 0.5406540036201477
vt 0.435589998960495 0.8536750078201294
vt 0.43769800662994385 1.0000900030136108
vt 0.38939398527145386 0.8556920289993286
vt 0.435589998960495 0.8536750078201294
vt 0.38939398527145386 0.8556920289993286
vt 0.4234820008277893 0.6951479911804199
vt 0.3452189862728119 1.0021100044250488
vt 0.3431980013847351 0.8577089905738831
vt 0.38939398527145386 0.8556920289993286
vt 0.38939398527145386 0.8556920289993286
vt 0.3431980013847351 0.8577089905738831
vt 0.3311780095100403 0.7011989951133728
vt 0.4113740026950836 0.536620020866394
vt 0.4234820008277893 0.6951479911804199
vt 0.36526599526405334 0.5406540036201477
vt 0.3935230076313019 1.1465100049972534
vt 0.3472389876842499 1.1465100049972534
vt 0.3452189862728119 1.0021100044250488
vt 0.6709110140800476 -1.071079969406128
vt 0.67119300365448 -1.2559200525283813
vt 0.7162129878997803 -1.0844899415969849
vt 0.7162129878997803 -1.0844899415969849
vt 0.67119300365448 -1.2559200525283813
vt 0.7117739915847778 -1.2559200525283813
vt 0.7201669812202454 -0.9494609832763672
vt 0.6709110140800476 -1.071079969406128
vt 0.7162129878997803 -1.0844899415969849
vt 0.6583539843559265 -0.922478973865509
vt 0.6709110140800476 -1.071079969406128
vt 0.7201669812202454 -0.9494609832763672
vt 0.7035620212554932 -0.8418139815330505
vt 0.6583539843559265 -0.922478973865509
vt 0.7201669812202454 -0.9494609832763672
vt 0.617438018321991 -0.8265290260314941
vt 0.6583539843559265 -0.922478973865509
vt 0.7035620212554932 -0.8418139815330505
vt 0.6521679759025574 -0.731078028678894
vt 0.617438018321991 -0.8265290260314941
vt 0.7035620212554932 -0.8418139815330505
vt 0.5732529759407043 -0.731078028678894
vt 0.617438018321991 -0.8265290260314941
vt 0.6521679759025574 -0.731078028678894
vt 0.6521679759025574 -0.731078028678894
vt 0.5942239761352539 -0.6741859912872314
vt 0.5732529759407043 -0.731078028678894
vt 0.5942239761352539 -0.6741859912872314
vt 0.6521679759025574 -0.731078028678894
vt 0.6570069789886475 -0.6580209732055664
vt 0.6570069789886475 -0.6580209732055664
vt 0.6002259850502014 -0.4321660101413727
vt 0.5942239761352539 -0.6741859912872314
vt 0.6002259850502014 -0.4321660101413727
vt 0.6570069789886475 -0.6580209732055664
vt 0.667123019695282 -0.43661099672317505
vt 0.6505600214004517 -0.11505299806594849
vt 0.6002259850502014 -0.4321660101413727
vt 0.667123019695282 -0.43661099672317505
vt 0.5824980139732361 -0.11007300019264221
vt 0.6002259850502014 -0.4321660101413727
vt 0.6505600214004517 -0.11505299806594849
vt 0.6505600214004517 -0.11505299806594849
vt 0.6024839878082275 0.3039489984512329
vt 0.5824980139732361 -0.11007300019264221
vt 0.6024839878082275 0.3039489984512329
vt 0.6505600214004517 -0.11505299806594849
vt 0.6851840019226074 0.3140000104904175
vt 0.6851840019226074 0.3140000104904175
vt 0.678396999835968 0.656557023525238
vt 0.6024839878082275 0.3039489984512329
vt 0.678396999835968 0.656557023525238
vt 0.6851840019226074 0.3140000104904175
vt 0.7587670087814331 0.6367300152778625
vt 0.819271981716156 0.7651309967041016
vt 0.678396999835968 0.656557023525238
vt 0.7587670087814331 0.6367300152778625
vt 0.7691709995269775 0.878354012966156
vt 0.678396999835968 0.656557023525238
vt 0.819271981716156 0.7651309967041016
vt 0.819271981716156 0.7651309967041016
vt 0.8797760009765625 0.8935310244560242
vt 0.7691709995269775 0.878354012966156
vt 0.8797760009765625 0.8935310244560242
vt 0.9251700043678284 1.0724200010299683
vt 0.7691709995269775 0.878354012966156
vt 0.9251700043678284 1.0724200010299683
vt 0.8797760009765625 0.8935310244560242
vt 1.0061299800872803 1.0189599990844727
vt 1.1431699991226196 1.2714600563049316
vt 0.9251700043678284 1.0724200010299683
vt 1.0061299800872803 1.0189599990844727
vt 0.6661279797554016 -1.2759000062942505
vt 0.6851900219917297 -1.4070299863815308
vt 0.7483590245246887 -1.3011300563812256
vt 0.7483590245246887 -1.3011300563812256
vt 0.6851900219917297 -1.4070299863815308
vt 0.7483590245246887 -1.43326997756958
vt 0.7483590245246887 -1.3011300563812256
vt 0.7483590245246887 -1.43326997756958
vt 0.8115280270576477 -1.4070299863815308
vt 0.830590009689331 -1.2759000062942505
vt 0.7483590245246887 -1.3011300563812256
vt 0.8115280270576477 -1.4070299863815308
vt 0.9600729942321777 0.7486109733581543
vt 1.0061299800872803 1.0189599990844727
vt 0.9078729748725891 0.7810329794883728
vt 0.9600729942321777 0.7486109733581543
vt 1.1431699991226196 1.2714600563049316
vt 1.0061299800872803 1.0189599990844727
vt 0.9078729748725891 0.7810329794883728
vt 0.8100020289421082 0.39250999689102173
vt 0.9600729942321777 0.7486109733581543
vt 0.9600729942321777 0.7486109733581543
vt 0.8100020289421082 0.39250999689102173
vt 0.8678990006446838 0.37055501341819763
vt 0.8100020289421082 0.39250999689102173
vt 0.8376259803771973 0.15026600658893585
vt 0.8678990006446838 0.37055501341819763
vt 0.8100020289421082 0.39250999689102173
vt 0.7536699771881104 -0.09118200093507767
vt 0.8376259803771973 0.15026600658893585
vt 0.8080869913101196 -0.22449399530887604
vt 0.8376259803771973 0.15026600658893585
vt 0.7536699771881104 -0.09118200093507767
vt 0.7536699771881104 -0.09118200093507767
vt 0.7532569766044617 -0.3541879951953888
vt 0.8080869913101196 -0.22449399530887604
vt 0.8275750279426575 -0.6073229908943176
vt 0.8080869913101196 -0.22449399530887604
vt 0.7532569766044617 -0.3541879951953888
vt 0.7532569766044617 -0.3541879951953888
vt 0.7883430123329163 -0.7437719702720642
vt 0.8275750279426575 -0.6073229908943176
vt 0.7883430123329163 -0.7437719702720642
vt 0.8601620197296143 -0.8734049797058105
vt 0.8275750279426575 -0.6073229908943176
vt 0.8601620197296143 -0.8734049797058105
vt 0.7883430123329163 -0.7437719702720642
vt 0.8042449951171875 -0.8674790263175964
vt 0.8042449951171875 -0.8674790263175964
vt 0.8238670229911804 -1.0032099485397339
vt 0.8601620197296143 -0.8734049797058105
vt 0.8238670229911804 -1.0032099485397339
vt 0.9038869738578796 -0.9984040260314941
vt 0.8601620197296143 -0.8734049797058105
vt 0.8221409916877747 -1.2559200525283813
vt 0.9038869738578796 -0.9984040260314941
vt 0.8238670229911804 -1.0032099485397339
vt 0.8238670229911804 -1.0032099485397339
vt 0.7793909907341003 -1.2559200525283813
vt 0.8221409916877747 -1.2559200525283813
vt 0.8100020289421082 0.39250999689102173
vt 0.9078729748725891 0.7810329794883728
vt 0.7587670087814331 0.6367300152778625
vt 0.9078729748725891 0.7810329794883728
vt 0.819271981716156 0.7651309967041016
vt 0.7587670087814331 0.6367300152778625
vt 0.819271981716156 0.7651309967041016
vt 0.9078729748725891 0.7810329794883728
vt 0.8797760009765625 0.8935310244560242
vt 0.8797760009765625 0.8935310244560242
vt 0.9078729748725891 0.7810329794883728
vt 1.0061299800872803 1.0189599990844727
vt 0.6851840019226074 0.3140000104904175
vt 0.8100020289421082 0.39250999689102173
vt 0.7587670087814331 0.6367300152778625
vt 0.8100020289421082 0.39250999689102173
vt 0.6851840019226074 0.3140000104904175
vt 0.7536699771881104 -0.09118200093507767
vt 0.6505600214004517 -0.11505299806594849
vt 0.7536699771881104 -0.09118200093507767
vt 0.6851840019226074 0.3140000104904175
vt 0.6505600214004517 -0.11505299806594849
vt 0.7532569766044617 -0.3541879951953888
vt 0.7536699771881104 -0.09118200093507767
vt 0.7532569766044617 -0.3541879951953888
vt 0.6505600214004517 -0.11505299806594849
vt 0.667123019695282 -0.43661099672317505
vt 0.667123019695282 -0.43661099672317505
vt 0.7883430123329163 -0.7437719702720642
vt 0.7532569766044617 -0.3541879951953888
vt 0.7883430123329163 -0.7437719702720642
vt 0.667123019695282 -0.43661099672317505
vt 0.6570069789886475 -0.6580209732055664
vt 0.6521679759025574 -0.731078028678894
vt 0.7883430123329163 -0.7437719702720642
vt 0.6570069789886475 -0.6580209732055664
vt 0.7035620212554932 -0.8418139815330505
vt 0.7883430123329163 -0.7437719702720642
vt 0.6521679759025574 -0.731078028678894
vt 0.7883430123329163 -0.7437719702720642
vt 0.7035620212554932 -0.8418139815330505
vt 0.8042449951171875 -0.8674790263175964
vt 0.7201669812202454 -0.9494609832763672
vt 0.8042449951171875 -0.8674790263175964
vt 0.7035620212554932 -0.8418139815330505
vt 0.8042449951171875 -0.8674790263175964
vt 0.7201669812202454 -0.9494609832763672
vt 0.8238670229911804 -1.0032099485397339
vt 0.7162129878997803 -1.0844899415969849
vt 0.8238670229911804 -1.0032099485397339
vt 0.7201669812202454 -0.9494609832763672
vt 0.8238670229911804 -1.0032099485397339
vt 0.7162129878997803 -1.0844899415969849
vt 0.7793909907341003 -1.2559200525283813
vt 0.7793909907341003 -1.2559200525283813
vt 0.7162129878997803 -1.0844899415969849
vt 0.7117739915847778 -1.2559200525283813
vt 0.7483590245246887 -1.6011899709701538
vt 0.7810919880867004 -1.4972699880599976
vt 0.7483590245246887 -1.6011899709701538
vt 0.7483590245246887 -1.6011899709701538
vt 0.7156260013580322 -1.4972699880599976
vt 0.7483590245246887 -1.6011899709701538
vt 0.7156260013580322 -1.4972699880599976
vt 0.6901670098304749 -1.5284500122070312
vt 0.7483590245246887 -1.6011899709701538
vt 0.7156260013580322 -1.4972699880599976
vt 0.7483590245246887 -1.6011899709701538
vt 0.7810919880867004 -1.4972699880599976
vt 0.7483590245246887 -1.6011899709701538
vt 0.8065509796142578 -1.5284500122070312
vt 0.7810919880867004 -1.4972699880599976
vt 0.6851900219917297 -1.4070299863815308
vt 0.7483590245246887 -1.3011300563812256
vt 0.6661270260810852 -1.2759000062942505
vt 0.7483590245246887 -1.43326997756958
vt 0.7483590245246887 -1.3011300563812256
vt 0.6851900219917297 -1.4070299863815308
vt 0.7483590245246887 -1.3011300563812256
vt 0.7483590245246887 -1.43326997756958
vt 0.8115280270576477 -1.4070299863815308
vt 0.7483590245246887 -1.3011300563812256
vt 0.8115280270576477 -1.4070299863815308
vt 0.830590009689331 -1.2759000062942505
vt 0.67119300365448 -0.1648630052804947
vt 0.7793909907341003 -0.20330999791622162
vt 0.8221409916877747 -0.1648630052804947
vt 0.7793909907341003 -0.20330999791622162
vt 0.67119300365448 -0.1648630052804947
vt 0.7117739915847778 -0.20330999791622162
vt 0.67119300365448 -0.1648630052804947
vt 0.8221409916877747 -0.1648630052804947
vt 0.7793909907341003 -0.12641599774360657
vt 0.67119300365448 -0.1648630052804947
vt 0.7793909907341003 -0.12641599774360657
vt 0.7117739915847778 -0.12641599774360657
vt 0.791251003742218 1.0724200010299683
vt 0.5732529759407043 1.2714600563049316
vt 0.7102950215339661 1.0189599990844727
vt 0.7102950215339661 1.0189599990844727
vt 0.8366450071334839 0.8935310244560242
vt 0.791251003742218 1.0724200010299683
vt 0.791251003742218 1.0724200010299683
vt 0.8366450071334839 0.8935310244560242
vt 0.9472500085830688 0.878354012966156
vt 0.8971490263938904 0.7651309967041016
vt 0.9472500085830688 0.878354012966156
vt 0.8366450071334839 0.8935310244560242
vt 0.8971490263938904 0.7651309967041016
vt 1.0380200147628784 0.656557023525238
vt 0.9472500085830688 0.878354012966156
vt 1.0380200147628784 0.656557023525238
vt 0.8971490263938904 0.7651309967041016
vt 0.9576539993286133 0.6367300152778625
vt 1.0312399864196777 0.3140000104904175
vt 1.0380200147628784 0.656557023525238
vt 0.9576539993286133 0.6367300152778625
vt 1.0380200147628784 0.656557023525238
vt 1.0312399864196777 0.3140000104904175
vt 1.1139400005340576 0.3039489984512329
vt 1.0312399864196777 0.3140000104904175
vt 1.0658600330352783 -0.11505299806594849
vt 1.1139400005340576 0.3039489984512329
vt 1.1139400005340576 0.3039489984512329
vt 1.0658600330352783 -0.11505299806594849
vt 1.1339199542999268 -0.11007300019264221
vt 1.0658600330352783 -0.11505299806594849
vt 1.116189956665039 -0.4321660101413727
vt 1.1339199542999268 -0.11007300019264221
vt 1.116189956665039 -0.4321660101413727
vt 1.0658600330352783 -0.11505299806594849
vt 1.049299955368042 -0.43661099672317505
vt 1.0594099760055542 -0.6580209732055664
vt 1.116189956665039 -0.4321660101413727
vt 1.049299955368042 -0.43661099672317505
vt 1.116189956665039 -0.4321660101413727
vt 1.0594099760055542 -0.6580209732055664
vt 1.1222000122070312 -0.6741859912872314
vt 1.0594099760055542 -0.6580209732055664
vt 1.0642499923706055 -0.731078028678894
vt 1.1222000122070312 -0.6741859912872314
vt 1.1222000122070312 -0.6741859912872314
vt 1.0642499923706055 -0.731078028678894
vt 1.1431699991226196 -0.731078028678894
vt 1.0642499923706055 -0.731078028678894
vt 1.0989799499511719 -0.8265290260314941
vt 1.1431699991226196 -0.731078028678894
vt 1.0989799499511719 -0.8265290260314941
vt 1.0642499923706055 -0.731078028678894
vt 1.0128599405288696 -0.8418139815330505
vt 1.0128599405288696 -0.8418139815330505
vt 1.0580699443817139 -0.922478973865509
vt 1.0989799499511719 -0.8265290260314941
vt 1.0580699443817139 -0.922478973865509
vt 1.0128599405288696 -0.8418139815330505
vt 0.9962549805641174 -0.9494609832763672
vt 0.9962549805641174 -0.9494609832763672
vt 1.0455100536346436 -1.071079969406128
vt 1.0580699443817139 -0.922478973865509
vt 1.0455100536346436 -1.071079969406128
vt 0.9962549805641174 -0.9494609832763672
vt 1.0002100467681885 -1.0844899415969849
vt 1.0002100467681885 -1.0844899415969849
vt 1.0452300310134888 -1.2559200525283813
vt 1.0455100536346436 -1.071079969406128
vt 1.0452300310134888 -1.2559200525283813
vt 1.0002100467681885 -1.0844899415969849
vt 1.0046499967575073 -1.2559200525283813
vt 0.8858309984207153 -1.2759000062942505
vt 0.9048929810523987 -1.4070299863815308
vt 0.9680629968643188 -1.3011300563812256
vt 0.9680629968643188 -1.3011300563812256
vt 0.9048929810523987 -1.4070299863815308
vt 0.9680629968643188 -1.43326997756958
vt 0.9680629968643188 -1.3011300563812256
vt 0.9680629968643188 -1.43326997756958
vt 1.0312299728393555 -1.4070299863815308
vt 1.0502899885177612 -1.2759000062942505
vt 0.9680629968643188 -1.3011300563812256
vt 1.0312299728393555 -1.4070299863815308
vt 0.892553985118866 -1.0032099485397339
vt 0.8942800164222717 -1.2559200525283813
vt 0.937030017375946 -1.2559200525283813
vt 0.8942800164222717 -1.2559200525283813
vt 0.892553985118866 -1.0032099485397339
vt 0.8125349879264832 -0.9984040260314941
vt 0.892553985118866 -1.0032099485397339
vt 0.8562589883804321 -0.8734049797058105
vt 0.8125349879264832 -0.9984040260314941
vt 0.8562589883804321 -0.8734049797058105
vt 0.892553985118866 -1.0032099485397339
vt 0.9121770262718201 -0.8674790263175964
vt 0.9280779957771301 -0.7437719702720642
vt 0.8562589883804321 -0.8734049797058105
vt 0.9121770262718201 -0.8674790263175964
vt 0.8888459801673889 -0.6073229908943176
vt 0.8562589883804321 -0.8734049797058105
vt 0.9280779957771301 -0.7437719702720642
vt 0.9280779957771301 -0.7437719702720642
vt 0.9631639719009399 -0.3541879951953888
vt 0.8888459801673889 -0.6073229908943176
vt 0.9083340167999268 -0.22449399530887604
vt 0.8888459801673889 -0.6073229908943176
vt 0.9631639719009399 -0.3541879951953888
vt 0.9631639719009399 -0.3541879951953888
vt 0.9627509713172913 -0.09118200093507767
vt 0.9083340167999268 -0.22449399530887604
vt 0.8787950277328491 0.15026600658893585
vt 0.9083340167999268 -0.22449399530887604
vt 0.9627509713172913 -0.09118200093507767
vt 0.9627509713172913 -0.09118200093507767
vt 0.9064189791679382 0.39250999689102173
vt 0.8787950277328491 0.15026600658893585
vt 0.8485230207443237 0.37055501341819763
vt 0.8787950277328491 0.15026600658893585
vt 0.9064189791679382 0.39250999689102173
vt 0.9064189791679382 0.39250999689102173
vt 0.7563490271568298 0.7486109733581543
vt 0.8485230207443237 0.37055501341819763
vt 0.7563490271568298 0.7486109733581543
vt 0.9064189791679382 0.39250999689102173
vt 0.8085479736328125 0.7810329794883728
vt 0.8085479736328125 0.7810329794883728
vt 0.7102950215339661 1.0189599990844727
vt 0.7563490271568298 0.7486109733581543
vt 0.5732529759407043 1.2714600563049316
vt 0.7563490271568298 0.7486109733581543
vt 0.7102950215339661 1.0189599990844727
vt 1.0002100467681885 -1.0844899415969849
vt 0.937030017375946 -1.2559200525283813
vt 1.0046499967575073 -1.2559200525283813
vt 0.937030017375946 -1.2559200525283813
vt 1.0002100467681885 -1.0844899415969849
vt 0.892553985118866 -1.0032099485397339
vt 0.892553985118866 -1.0032099485397339
vt 1.0002100467681885 -1.0844899415969849
vt 0.9962549805641174 -0.9494609832763672
vt 0.9962549805641174 -0.9494609832763672
vt 0.9121770262718201 -0.8674790263175964
vt 0.892553985118866 -1.0032099485397339
vt 0.9121770262718201 -0.8674790263175964
vt 0.9962549805641174 -0.9494609832763672
vt 1.0128599405288696 -0.8418139815330505
vt 1.0128599405288696 -0.8418139815330505
vt 0.9280779957771301 -0.7437719702720642
vt 0.9121770262718201 -0.8674790263175964
vt 1.0642499923706055 -0.731078028678894
vt 0.9280779957771301 -0.7437719702720642
vt 1.0128599405288696 -0.8418139815330505
vt 0.9280779957771301 -0.7437719702720642
vt 1.0642499923706055 -0.731078028678894
vt 1.0594099760055542 -0.6580209732055664
vt 1.049299955368042 -0.43661099672317505
vt 0.9280779957771301 -0.7437719702720642
vt 1.0594099760055542 -0.6580209732055664
vt 0.9280779957771301 -0.7437719702720642
vt 1.049299955368042 -0.43661099672317505
vt 0.9631639719009399 -0.3541879951953888
vt 1.0658600330352783 -0.11505299806594849
vt 0.9631639719009399 -0.3541879951953888
vt 1.049299955368042 -0.43661099672317505
vt 0.9631639719009399 -0.3541879951953888
vt 1.0658600330352783 -0.11505299806594849
vt 0.9627509713172913 -0.09118200093507767
vt 1.0312399864196777 0.3140000104904175
vt 0.9627509713172913 -0.09118200093507767
vt 1.0658600330352783 -0.11505299806594849
vt 0.9627509713172913 -0.09118200093507767
vt 1.0312399864196777 0.3140000104904175
vt 0.9064189791679382 0.39250999689102173
vt 0.9064189791679382 0.39250999689102173
vt 1.0312399864196777 0.3140000104904175
vt 0.9576539993286133 0.6367300152778625
vt 0.9576539993286133 0.6367300152778625
vt 0.8085479736328125 0.7810329794883728
vt 0.9064189791679382 0.39250999689102173
vt 0.8085479736328125 0.7810329794883728
vt 0.9576539993286133 0.6367300152778625
vt 0.8971490263938904 0.7651309967041016
vt 0.8366450071334839 0.8935310244560242
vt 0.8085479736328125 0.7810329794883728
vt 0.8971490263938904 0.7651309967041016
vt 0.8085479736328125 0.7810329794883728
vt 0.8366450071334839 0.8935310244560242
vt 0.7102950215339661 1.0189599990844727
vt 0.9353299736976624 -1.4972699880599976
vt 0.909870982170105 -1.5284500122070312
vt 0.9680629968643188 -1.6011899709701538
vt 0.9353299736976624 -1.4972699880599976
vt 0.9680629968643188 -1.6011899709701538
vt 1.0008000135421753 -1.4972699880599976
vt 0.9680629968643188 -1.6011899709701538
vt 1.0262500047683716 -1.5284500122070312
vt 1.0008000135421753 -1.4972699880599976
vt 0.9048929810523987 -1.4070299863815308
vt 0.9680629968643188 -1.3011300563812256
vt 0.8858309984207153 -1.2759000062942505
vt 0.9680629968643188 -1.43326997756958
vt 0.9680629968643188 -1.3011300563812256
vt 0.9048929810523987 -1.4070299863815308
vt 0.9680629968643188 -1.3011300563812256
vt 0.9680629968643188 -1.43326997756958
vt 1.0312299728393555 -1.4070299863815308
vt 0.9680629968643188 -1.3011300563812256
vt 1.0312299728393555 -1.4070299863815308
vt 1.0502899885177612 -1.2759000062942505
vn -0.714913374470689 -0.6992130340625324 0
vn -0.864358607723025 -0.5028759263030135 0
vn -0.714913374470689 -0.6992130340625324 0
vn -0.864358607723025 -0.5028759263030135 0
vn -0.714913374470689 -0.6992130340625324 0
vn -0.8643333286717884 -0.5029193742014184 0
vn -0.8643333286717884 -0.5029193742014184 0
vn -0.9262954028940693 -0.37679812443444266 0
vn -0.864358607723025 -0.5028759263030135 0
vn -0.9262954028940693 -0.37679812443444266 0
vn -0.8643333286717884 -0.5029193742014184 0
vn -0.9262954028940693 -0.37679812443444266 0
vn -0.35368641785533217 0.9353640563035673 0
vn -0.35368641785533217 0.9353640563035673 0
vn -0.35368641785533217 0.9353640563035673 0
vn -0.35368641785533217 0.9353640563035673 0
vn -0.35368641785533217 0.9353640563035673 0
vn -0.35368641785533217 0.9353640563035673 0
vn 0.6911817883199107 0.7226809361640101 0
vn 0.6870814637222604 0.726580389364643 0
vn 0.6911817883199107 0.7226809361640101 0
vn 0.6870814637222604 0.726580389364643 0
vn 0.6911817883199107 0.7226809361640101 0
vn 0.6870814637222604 0.726580389364643 0
vn 0.6911817883199107 0.7226809361640101 0
vn 0.691231751007723 0.7226331478688183 0
vn 0.6911817883199107 0.7226809361640101 0
vn 0.691231751007723 0.7226331478688183 0
vn 0.6911817883199107 0.7226809361640101 0
vn 0.6911817883199107 0.7226809361640101 0
vn 0 0 -1
vn 0 0 -1
vn 0 0 -1
vn 0 0 -1
vn 0 0 -1
vn 0 0 -1
vn 0 0 -1
vn 0 0 -1
vn 0 0 -1
vn 0 0 -1
vn 0 0 -1
vn 0 0 -1
vn 0 0 -1
vn 0 0 -1
vn 0 0 -1
vn 0 0 -1
vn 0 0 -1
vn 0 0 -1
vn 0 0 -1
vn 0 0 -1
vn 0 0 -1
vn -0.047199315325764296 -0.9988854912515144 0
vn -0.09479965074590647 -0.9954963717756353 0
vn -0.047299092081094056 -0.9988807716080554 0
vn -0.09479965074590647 -0.9954963717756353 0
vn -0.047199315325764296 -0.9988854912515144 0
vn -0.09479965074590647 -0.9954963717756353 0
vn -0.09479965074590647 -0.9954963717756353 0
vn -0.2517012955179687 -0.9678049689036403 0
vn -0.09479965074590647 -0.9954963717756353 0
vn -0.2517012955179687 -0.9678049689036403 0
vn -0.09479965074590647 -0.9954963717756353 0
vn -0.2517012955179687 -0.9678049689036403 0
vn -0.2517949672948698 -0.9677806024326874 0
vn -0.5271736535276349 -0.8497575766219007 0
vn -0.2517949672948698 -0.9677806024326874 0
vn -0.5271736535276349 -0.8497575766219007 0
vn -0.2517949672948698 -0.9677806024326874 0
vn -0.5271736535276349 -0.8497575766219007 0
vn -0.5271736535276349 -0.8497575766219007 0
vn -0.714913374470689 -0.6992130340625324 0
vn -0.5271736535276349 -0.8497575766219007 0
vn -0.714913374470689 -0.6992130340625324 0
vn -0.5271736535276349 -0.8497575766219007 0
vn -0.714913374470689 -0.6992130340625324 0
vn 0 0 1
vn 0 0 1
vn 0 0 1
vn 0 0 1
vn 0 0 1
vn 0 0 1
vn 0 0 1
vn 0 0 1
vn 0 0 1
vn 0 0 1
vn 0 0 1
vn 0 0 1
vn 0 0 1
vn 0 0 1
vn 0 0 1
vn 0 0 1
vn 0 0 1
vn 0 0 1
vn 0 0 1
vn 0 0 1
vn 0 0 1
vn -0.9612138996118552 -0.27580398690550184 0
vn -0.9612138996118552 -0.27580398690550184 0
vn -0.9612138996118552 -0.27580398690550184 0
vn -0.9612138996118552 -0.27580398690550184 0
vn -0.9612138996118552 -0.27580398690550184 0
vn -0.9612138996118552 -0.27580398690550184 0
vn -0.8763931998179693 0.48159626173052994 0
vn -0.7816389700103432 0.6237311284208681 0
vn -0.7816389700103432 0.6237311284208681 0
vn -0.7816389700103432 0.6237311284208681 0
vn -0.8763931998179693 0.48159626173052994 0
vn -0.8763931998179693 0.48159626173052994 0
vn -0.6455880554222095 0.7636858403140454 0
vn -0.683372130619791 0.7300702233978368 0
vn -0.6455880554222095 0.7636858403140454 0
vn -0.683372130619791 0.7300702233978368 0
vn -0.6455880554222095 0.7636858403140454 0
vn -0.683372130619791 0.7300702233978368 0
vn -0.683372130619791 0.7300702233978368 0
vn -0.683372130619791 0.7300702233978368 0
vn -0.6992130340625324 0.714913374470689 0
vn -0.6992130340625324 0.714913374470689 0
vn -0.683372130619791 0.7300702233978368 0
vn -0.6992130340625324 0.714913374470689 0
vn -0.7815902427055587 0.6237921869560934 0
vn -0.6455880554222095 0.7636858403140454 0
vn -0.6455880554222095 0.7636858403140454 0
vn -0.6455880554222095 0.7636858403140454 0
vn -0.7815902427055587 0.6237921869560934 0
vn -0.7815902427055587 0.6237921869560934 0
vn 0 0 -1
vn 0 0 -1
vn 0 0 -1
vn 0 0 -1
vn 0 0 -1
vn 0 0 -1
vn 0 0 -1
vn 0 0 -1
vn 0 0 -1
vn 0 0 -1
vn 0 0 -1
vn 0 0 -1
vn 0 0 -1
vn 0 0 -1
vn 0 0 -1
vn 0 0 -1
vn 0 0 -1
vn 0 0 -1
vn 0 0 -1
vn 0 0 -1
vn 0 0 -1
vn 0 0 -1
vn 0 0 -1
vn 0 0 -1
vn 0 0 -1
vn 0 0 -1
vn 0 0 -1
vn 0.9805845222944375 -0.1960969011396914 0
vn 0.9677806024326874 -0.2517949672948698 0
vn 0.9805845222944375 -0.1960969011396914 0
vn 0.9677806024326874 -0.2517949672948698 0
vn 0.9805845222944375 -0.1960969011396914 0
vn 0.9677806024326874 -0.2517949672948698 0
vn 0.9677806024326874 -0.2517949672948698 0
vn 0.9289930313019503 -0.3700972139754819 0
vn 0.9677806024326874 -0.2517949672948698 0
vn 0.9289930313019503 -0.3700972139754819 0
vn 0.9677806024326874 -0.2517949672948698 0
vn 0.9289930313019503 -0.3700972139754819 0
vn 0.9289930313019503 -0.3700972139754819 0
vn 0.843974246746011 -0.5363836973934829 0
vn 0.9289930313019503 -0.3700972139754819 0
vn 0.843974246746011 -0.5363836973934829 0
vn 0.9289930313019503 -0.3700972139754819 0
vn 0.843974246746011 -0.5363836973934829 0
vn 0.843974246746011 -0.5363836973934829 0
vn 0.6540545096065234 -0.7564474194968017 0
vn 0.843974246746011 -0.5363836973934829 0
vn 0.6540545096065234 -0.7564474194968017 0
vn 0.843974246746011 -0.5363836973934829 0
vn 0.6540545096065234 -0.7564474194968017 0
vn 0.6539972888748015 -0.7564968910341995 0
vn 0.4877047868254838 -0.8730086144520621 0
vn 0.6539972888748015 -0.7564968910341995 0
vn 0.4877047868254838 -0.8730086144520621 0
vn 0.6539972888748015 -0.7564968910341995 0
vn 0.4877047868254838 -0.8730086144520621 0
vn 0.4877047868254838 -0.8730086144520621 0
vn 0.45670843504608555 -0.8896164372119904 0
vn 0.4877047868254838 -0.8730086144520621 0
vn 0.45670843504608555 -0.8896164372119904 0
vn 0.4877047868254838 -0.8730086144520621 0
vn 0.456588694232429 -0.8896778991855006 0
vn 0 0 1
vn 0 0 1
vn 0 0 1
vn 0 0 1
vn 0 0 1
vn 0 0 1
vn 0 0 1
vn 0 0 1
vn 0 0 1
vn 0 0 1
vn 0 0 1
vn 0 0 1
vn 0 0 1
vn 0 0 1
vn 0 0 1
vn 0 0 1
vn 0 0 1
vn 0 0 1
vn 0 0 1
vn 0 0 1
vn 0 0 1
vn 0 0 1
vn 0 0 1
vn 0 0 1
vn 0 0 1
vn 0 0 1
vn 0 0 1
vn -0.9861768589450961 0.16569611607151216 0
vn -0.9861768589450961 0.16569611607151216 0
vn -0.9861768589450961 0.16569611607151216 0
vn -0.9861768589450961 0.16569611607151216 0
vn -0.9861768589450961 0.16569611607151216 0
vn -0.9861768589450961 0.16569611607151216 0
vn -0.3862904681141216 0.9223771865371416 0
vn -0.3700109225157624 0.9290274039117654 0
vn -0.3862904681141216 0.9223771865371416 0
vn -0.3700109225157624 0.9290274039117654 0
vn -0.3862904681141216 0.9223771865371416 0
vn -0.3700109225157624 0.9290274039117654 0
vn -0.409012824616085 0.9125286347833539 0
vn -0.3862904681141216 0.9223771865371416 0
vn -0.3862904681141216 0.9223771865371416 0
vn -0.3862904681141216 0.9223771865371416 0
vn -0.409012824616085 0.9125286347833539 0
vn -0.409012824616085 0.9125286347833539 0
vn 0 0 -1
vn 0 0 -1
vn 0 0 -1
vn 0 0 -1
vn 0 0 -1
vn 0 0 -1
vn 0 0 -1
vn 0 0 -1
vn 0 0 -1
vn 0 0 -1
vn 0 0 -1
vn 0 0 -1
vn 0 0 -1
vn 0 0 -1
vn 0 0 -1
vn 0 0 -1
vn 0 0 -1
vn 0 0 -1
vn 0 0 -1
vn 0 0 -1
vn 0 0 -1
vn 0.8864492809653468 -0.4628257472051654 0
vn 0.8642898296289617 -0.5029941256117615 0
vn 0.8864492809653468 -0.4628257472051654 0
vn 0.8642898296289617 -0.5029941256117615 0
vn 0.8864492809653468 -0.4628257472051654 0
vn 0.8643333286717884 -0.5029193742014184 0
vn 0.8643333286717884 -0.5029193742014184 0
vn 0.7816778810879655 -0.6236823632409598 0
vn 0.8642898296289617 -0.5029941256117615 0
vn 0.7816778810879655 -0.6236823632409598 0
vn 0.8643333286717884 -0.5029193742014184 0
vn 0.7816778810879655 -0.6236823632409598 0
vn 0.7815902427055587 -0.6237921869560934 0
vn 0.574502159070648 -0.8185030661049254 0
vn 0.7815902427055587 -0.6237921869560934 0
vn 0.574502159070648 -0.8185030661049254 0
vn 0.7815902427055587 -0.6237921869560934 0
vn 0.574502159070648 -0.8185030661049254 0
vn 0.574502159070648 -0.8185030661049254 0
vn 0.33729910320034834 -0.941397532915952 0
vn 0.574502159070648 -0.8185030661049254 0
vn 0.33729910320034834 -0.941397532915952 0
vn 0.574502159070648 -0.8185030661049254 0
vn 0.33729910320034834 -0.941397532915952 0
vn 0.33729910320034834 -0.941397532915952 0
vn 0.1960969011396914 -0.9805845222944375 0
vn 0.33729910320034834 -0.941397532915952 0
vn 0.1960969011396914 -0.9805845222944375 0
vn 0.33729910320034834 -0.941397532915952 0
vn 0.1960969011396914 -0.9805845222944375 0
vn 0.1960969011396914 -0.9805845222944375 0
vn 0.11049737978915368 -0.9938764153856009 0
vn 0.1960969011396914 -0.9805845222944375 0
vn 0.11049737978915368 -0.9938764153856009 0
vn 0.1960969011396914 -0.9805845222944375 0
vn 0.1103986010799324 -0.993887392454293 0
vn 0 0 1
vn 0 0 1
vn 0 0 1
vn 0 0 1
vn 0 0 1
vn 0 0 1
vn 0 0 1
vn 0 0 1
vn 0 0 1
vn 0 0 1
vn 0 0 1
vn 0 0 1
vn 0 0 1
vn 0 0 1
vn 0 0 1
vn 0 0 1
vn 0 0 1
vn 0 0 1
vn 0 0 1
vn 0 0 1
vn 0 0 1
vn -0.6951582079156138 0.7188567770895344 0
vn -0.695208174599392 0.7188084542979313 0
vn -0.695208174599392 0.7188084542979313 0
vn -0.695208174599392 0.7188084542979313 0
vn -0.6951582079156138 0.7188567770895344 0
vn -0.695208174599392 0.7188084542979313 0
vn 0.3469006778358511 0.9379018710488998 0
vn 0.34681272464376034 0.9379343975061215 0
vn 0.3469006778358511 0.9379018710488998 0
vn 0.34681272464376034 0.9379343975061215 0
vn 0.3469006778358511 0.9379018710488998 0
vn 0.34681272464376034 0.9379343975061215 0
vn 0.34681272464376034 0.9379343975061215 0
vn 0.3469006778358511 0.9379018710488998 0
vn 0.3469006778358511 0.9379018710488998 0
vn 0.3469006778358511 0.9379018710488998 0
vn 0.34681272464376034 0.9379343975061215 0
vn 0.34681272464376034 0.9379343975061215 0
vn 0 0 -1
vn 0 0 -1
vn 0 0 -1
vn 0 0 -1
vn 0 0 -1
vn 0 0 -1
vn 0 0 -1
vn 0 0 -1
vn 0 0 -1
vn 0 0 -1
vn 0 0 -1
vn 0 0 -1
vn 0 0 -1
vn 0 0 -1
vn 0 0 -1
vn 0 0 -1
vn 0 0 -1
vn 0 0 -1
vn 0 0 -1
vn 0 0 -1
vn 0 0 -1
vn 0.34681272464376034 -0.9379343975061215 0
vn 0.3067018095696328 -0.9518056524347356 0
vn 0.34681272464376034 -0.9379343975061215 0
vn 0.3067018095696328 -0.9518056524347356 0
vn 0.34681272464376034 -0.9379343975061215 0
vn 0.30679241086088505 -0.9517764530803259 0
vn 0.30679241086088505 -0.9517764530803259 0
vn 0.15800611534176565 -0.9874381335124772 0
vn 0.3067018095696328 -0.9518056524347356 0
vn 0.15800611534176565 -0.9874381335124772 0
vn 0.30679241086088505 -0.9517764530803259 0
vn 0.15800611534176565 -0.9874381335124772 0
vn -0.14140735598614715 -0.9899514935960283 0
vn 0.15800611534176565 -0.9874381335124772 0
vn 0.15800611534176565 -0.9874381335124772 0
vn 0.15800611534176565 -0.9874381335124772 0
vn -0.14140735598614715 -0.9899514935960283 0
vn -0.1413933452765613 -0.989953494822612 0
vn -0.3862904681141216 -0.9223771865371416 0
vn -0.1413933452765613 -0.989953494822612 0
vn -0.14140735598614715 -0.9899514935960283 0
vn -0.1413933452765613 -0.989953494822612 0
vn -0.3862904681141216 -0.9223771865371416 0
vn -0.3862904681141216 -0.9223771865371416 0
vn -0.3862904681141216 -0.9223771865371416 0
vn -0.5886116127643496 -0.808415963053026 0
vn -0.3862904681141216 -0.9223771865371416 0
vn -0.5886116127643496 -0.808415963053026 0
vn -0.3862904681141216 -0.9223771865371416 0
vn -0.5886769763995031 -0.8083683674273374 0
vn -0.5886769763995031 -0.8083683674273374 0
vn -0.703095519043722 -0.7110954163124938 0
vn -0.5886116127643496 -0.808415963053026 0
vn -0.703095519043722 -0.7110954163124938 0
vn -0.5886769763995031 -0.8083683674273374 0
vn -0.7029949298039596 -0.7111948598449837 0
vn 0 0 1
vn 0 0 1
vn 0 0 1
vn 0 0 1
vn 0 0 1
vn 0 0 1
vn 0 0 1
vn 0 0 1
vn 0 0 1
vn 0 0 1
vn 0 0 1
vn 0 0 1
vn 0 0 1
vn 0 0 1
vn 0 0 1
vn 0 0 1
vn 0 0 1
vn 0 0 1
vn 0 0 1
vn 0 0 1
vn 0 0 1
vn -0.8185030661049254 -0.574502159070648 0
vn -0.9290274039117654 -0.3700109225157624 0
vn -0.8185030661049254 -0.574502159070648 0
vn -0.9290274039117654 -0.3700109225157624 0
vn -0.8185030661049254 -0.574502159070648 0
vn -0.9290274039117654 -0.3700109225157624 0
vn -0.9290274039117654 -0.3700109225157624 0
vn -0.9888216295206207 -0.14910326955564931 0
vn -0.9290274039117654 -0.3700109225157624 0
vn -0.9888216295206207 -0.14910326955564931 0
vn -0.9290274039117654 -0.3700109225157624 0
vn -0.9888216295206207 -0.14910326955564931 0
vn -1 0 0
vn -0.9888216295206207 -0.14910326955564931 0
vn -0.9888216295206207 -0.14910326955564931 0
vn -1 0 0
vn -1 0 0
vn -0.9888216295206207 -0.14910326955564931 0
vn 0.023600507568585706 0.9997214692315581 0
vn 0.023600507568585706 0.9997214692315581 0
vn 0.023600507568585706 0.9997214692315581 0
vn 0.023600507568585706 0.9997214692315581 0
vn 0.023600507568585706 0.9997214692315581 0
vn 0.023600507568585706 0.9997214692315581 0
vn 0 0 -1
vn 0 0 -1
vn 0 0 -1
vn 0 0 -1
vn 0 0 -1
vn 0 0 -1
vn 0 0 -1
vn 0 0 -1
vn 0 0 -1
vn 0 0 -1
vn 0 0 -1
vn 0 0 -1
vn 0 0 -1
vn 0 0 -1
vn 0 0 -1
vn 0 0 -1
vn 0 0 -1
vn 0 0 -1
vn 0 0 -1
vn 0 0 -1
vn 0 0 -1
vn 0.9124913104280965 0.40909608699328204 0
vn 0.9125286347833539 0.409012824616085 0
vn 0.9124913104280965 0.40909608699328204 0
vn 0.9124913104280965 0.40909608699328204 0
vn 0.9124913104280965 0.40909608699328204 0
vn 0.9124913104280965 0.40909608699328204 0
vn 0.9124913104280965 0.40909608699328204 0
vn 0.9124913104280965 0.40909608699328204 0
vn 0.9124913104280965 0.40909608699328204 0
vn 0.9124913104280965 0.40909608699328204 0
vn 0.9124913104280965 0.40909608699328204 0
vn 0.9124913104280965 0.40909608699328204 0
vn -0.424997459047192 -0.9051945425174803 0
vn -0.4659936790927664 -0.8847880486566191 0
vn -0.424997459047192 -0.9051945425174803 0
vn -0.4659936790927664 -0.8847880486566191 0
vn -0.424997459047192 -0.9051945425174803 0
vn -0.46579591152420385 -0.8848921791988763 0
vn -0.46579591152420385 -0.8848921791988763 0
vn -0.5974208051598459 -0.8019279154401356 0
vn -0.4659936790927664 -0.8847880486566191 0
vn -0.5974208051598459 -0.8019279154401356 0
vn -0.46579591152420385 -0.8848921791988763 0
vn -0.5974851213854694 -0.8018799970837225 0
vn -0.5974851213854694 -0.8018799970837225 0
vn -0.8184560381527288 -0.5745691547684568 0
vn -0.5974208051598459 -0.8019279154401356 0
vn -0.8184560381527288 -0.5745691547684568 0
vn -0.5974851213854694 -0.8018799970837225 0
vn -0.8184560381527288 -0.5745691547684568 0
vn 0 0 1
vn 0 0 1
vn 0 0 1
vn 0 0 1
vn 0 0 1
vn 0 0 1
vn 0 0 1
vn 0 0 1
vn 0 0 1
vn 0 0 1
vn 0 0 1
vn 0 0 1
vn 0 0 1
vn 0 0 1
vn 0 0 1
vn 0 0 1
vn 0 0 1
vn 0 0 1
vn 0 0 1
vn 0 0 1
vn 0 0 1
vn -0.9353640563035673 0.35368641785533217 0
vn -0.9353640563035673 0.35368641785533217 0
vn -0.9353640563035673 0.35368641785533217 0
vn -0.9353640563035673 0.35368641785533217 0
vn -0.9353640563035673 0.35368641785533217 0
vn -0.9353640563035673 0.35368641785533217 0
vn -0.08629735728806252 0.9962694244656396 0
vn -0.0870007126466911 0.9962082493128472 0
vn -0.08629735728806252 0.9962694244656396 0
vn -0.0870007126466911 0.9962082493128472 0
vn -0.08629735728806252 0.9962694244656396 0
vn -0.0870007126466911 0.9962082493128472 0
vn -0.08629735728806252 0.9962694244656396 0
vn -0.08629735728806252 0.9962694244656396 0
vn -0.08629735728806252 0.9962694244656396 0
vn -0.08629735728806252 0.9962694244656396 0
vn -0.08629735728806252 0.9962694244656396 0
vn -0.08619810147661165 0.9962780170724576 0
vn 0 0 -1
vn 0 0 -1
vn 0 0 -1
vn 0 0 -1
vn 0 0 -1
vn 0 0 -1
vn 0 0 -1
vn 0 0 -1
vn 0 0 -1
vn 0 0 -1
vn 0 0 -1
vn 0 0 -1
vn 0 0 -1
vn 0 0 -1
vn 0 0 -1
vn 0 0 -1
vn 0 0 -1
vn 0 0 -1
vn 0 0 -1
vn 0 0 -1
vn 0 0 -1
vn 0.714913374470689 -0.6992130340625324 0
vn 0.6832156237802366 -0.7302166879923945 0
vn 0.714913374470689 -0.6992130340625324 0
vn 0.6832156237802366 -0.7302166879923945 0
vn 0.714913374470689 -0.6992130340625324 0
vn 0.6832156237802366 -0.7302166879923945 0
vn 0.6831123971181509 -0.7303132566943406 0
vn 0.5655225476424244 -0.8247328343821542 0
vn 0.6831123971181509 -0.7303132566943406 0
vn 0.5655225476424244 -0.8247328343821542 0
vn 0.6831123971181509 -0.7303132566943406 0
vn 0.5655225476424244 -0.8247328343821542 0
vn 0.5655225476424244 -0.8247328343821542 0
vn 0.3067018095696328 -0.9518056524347356 0
vn 0.5655225476424244 -0.8247328343821542 0
vn 0.3067018095696328 -0.9518056524347356 0
vn 0.5655225476424244 -0.8247328343821542 0
vn 0.30679241086088505 -0.9517764530803259 0
vn 0.30679241086088505 -0.9517764530803259 0
vn 0.047199315325764296 -0.9988854912515144 0
vn 0.3067018095696328 -0.9518056524347356 0
vn 0.047199315325764296 -0.9988854912515144 0
vn 0.30679241086088505 -0.9517764530803259 0
vn 0.047199315325764296 -0.9988854912515144 0
vn 0.047199315325764296 -0.9988854912515144 0
vn -0.18090026300570913 -0.9835014462848876 0
vn 0.047199315325764296 -0.9988854912515144 0
vn -0.18090026300570913 -0.9835014462848876 0
vn 0.047199315325764296 -0.9988854912515144 0
vn -0.18090026300570913 -0.9835014462848876 0
vn -0.18090026300570913 -0.9835014462848876 0
vn -0.3302925319323261 -0.9438786168516232 0
vn -0.18090026300570913 -0.9835014462848876 0
vn -0.3302925319323261 -0.9438786168516232 0
vn -0.18090026300570913 -0.9835014462848876 0
vn -0.33038161012349615 -0.9438474408993257 0
vn 0 0 1
vn 0 0 1
vn 0 0 1
vn 0 0 1
vn 0 0 1
vn 0 0 1
vn 0 0 1
vn 0 0 1
vn 0 0 1
vn 0 0 1
vn 0 0 1
vn 0 0 1
vn 0 0 1
vn 0 0 1
vn 0 0 1
vn 0 0 1
vn 0 0 1
vn 0 0 1
vn 0 0 1
vn 0 0 1
vn 0 0 1
vn 0.3308108499391706 -0.5198170621927505 -0.7876258016442973
vn 0.37859519760634663 -0.4574941925634413 -0.804589796181965
vn 0.4016078624841007 -0.42520832107921286 -0.8111159032320527
vn 0.37859519760634663 -0.4574941925634413 -0.804589796181965
vn 0.3308108499391706 -0.5198170621927505 -0.7876258016442973
vn 0.3308108499391706 -0.5198170621927505 -0.7876258016442973
vn 0.4016078624841007 -0.42520832107921286 -0.8111159032320527
vn 0.37859519760634663 -0.4574941925634413 -0.804589796181965
vn 0.48861204570099426 -0.29940738656504234 -0.8195202777638763
vn 0.48861204570099426 -0.29940738656504234 -0.8195202777638763
vn 0.511791700123379 -0.2597957819239133 -0.8188866877531735
vn 0.4016078624841007 -0.42520832107921286 -0.8111159032320527
vn 0.48861204570099426 -0.29940738656504234 -0.8195202777638763
vn 0.5651999275372894 -0.11779999320197912 -0.816499971533041
vn 0.511791700123379 -0.2597957819239133 -0.8188866877531735
vn 0.5651999275372894 -0.11779999320197912 -0.816499971533041
vn 0.48861204570099426 -0.29940738656504234 -0.8195202777638763
vn 0.5587714862237432 -0.13379317406471009 -0.8184581924307431
vn 0.5587714862237432 -0.13379317406471009 -0.8184581924307431
vn 0.5911775725985627 -0.06309760998717895 -0.8040695052483815
vn 0.5651999275372894 -0.11779999320197912 -0.816499971533041
vn 0.5911775725985627 -0.06309760998717895 -0.8040695052483815
vn 0.5587714862237432 -0.13379317406471009 -0.8184581924307431
vn 0.5825948703900187 -0.05509951700004652 -0.8108928783887542
vn 0.5825948703900187 -0.05509951700004652 -0.8108928783887542
vn 0.5604141216264419 -0.1579039802923513 -0.8130205072994754
vn 0.5911775725985627 -0.06309760998717895 -0.8040695052483815
vn 0.5604141216264419 -0.1579039802923513 -0.8130205072994754
vn 0.5825948703900187 -0.05509951700004652 -0.8108928783887542
vn 0.5730713685807681 -0.1334933359167943 -0.8085596674202661
vn 0.5604141216264419 -0.1579039802923513 -0.8130205072994754
vn 0.5730713685807681 -0.1334933359167943 -0.8085596674202661
vn 0.5038039166484919 -0.27550214956864777 -0.8187064059555745
vn 0.4873921801576672 -0.30659508267264596 -0.817586887127056
vn 0.5604141216264419 -0.1579039802923513 -0.8130205072994754
vn 0.5038039166484919 -0.27550214956864777 -0.8187064059555745
vn 0.4873921801576672 -0.30659508267264596 -0.817586887127056
vn 0.5038039166484919 -0.27550214956864777 -0.8187064059555745
vn 0.45690506465636743 -0.34660383883669144 -0.8192090946730446
vn -0.41078811174304036 0.42658766367233325 -0.8057767013591097
vn -0.36950689024860794 0.4953091967673697 -0.786214638414006
vn -0.39338376585206564 0.4484814642710194 -0.8025668750760708
vn -0.36950689024860794 0.4953091967673697 -0.786214638414006
vn -0.36950689024860794 0.4953091967673697 -0.786214638414006
vn -0.39338376585206564 0.4484814642710194 -0.8025668750760708
vn -0.41078811174304036 0.42658766367233325 -0.8057767013591097
vn -0.39338376585206564 0.4484814642710194 -0.8025668750760708
vn -0.4716993927250106 0.3301995437844706 -0.817598889546325
vn -0.4716993927250106 0.3301995437844706 -0.817598889546325
vn -0.4873921801576672 0.30659508267264596 -0.817586887127056
vn -0.41078811174304036 0.42658766367233325 -0.8057767013591097
vn -0.4716993927250106 0.3301995437844706 -0.817598889546325
vn -0.5581090390714718 0.1415022894537416 -0.8176132353295583
vn -0.4873921801576672 0.30659508267264596 -0.817586887127056
vn -0.5581090390714718 0.1415022894537416 -0.8176132353295583
vn -0.4716993927250106 0.3301995437844706 -0.817598889546325
vn -0.5506873669008024 0.1652962101026741 -0.8181812677283401
vn -0.5506965034038922 0.16519894042087388 -0.8181947636244975
vn -0.5816985406009002 0.07859979620285627 -0.8095979742437924
vn -0.5581778946483534 0.1414943949342825 -0.8175675960604806
vn -0.5816985406009002 0.07859979620285627 -0.8095979742437924
vn -0.5506965034038922 0.16519894042087388 -0.8181947636244975
vn -0.5820003770254504 0.0708000439139749 -0.8101005585259233
vn -0.5820003770254504 0.0708000439139749 -0.8101005585259233
vn -0.5195993726630669 0.24409971875411826 -0.818799010278046
vn -0.5816985406009002 0.07859979620285627 -0.8095979742437924
vn -0.5195993726630669 0.24409971875411826 -0.818799010278046
vn -0.5820003770254504 0.0708000439139749 -0.8101005585259233
vn -0.5347772306955922 0.21239096189668696 -0.8178651434277863
vn -0.5195993726630669 0.24409971875411826 -0.818799010278046
vn -0.5347772306955922 0.21239096189668696 -0.8178651434277863
vn -0.37049919525355834 0.4650990088811919 -0.803998294932395
vn -0.34808839021006677 0.4903836044352681 -0.7989733369155939
vn -0.5195993726630669 0.24409971875411826 -0.818799010278046
vn -0.37049919525355834 0.4650990088811919 -0.803998294932395
vn -0.34808839021006677 0.4903836044352681 -0.7989733369155939
vn -0.37049919525355834 0.4650990088811919 -0.803998294932395
vn -0.29190945275445584 0.5522178941345742 -0.7809252645357109
vn 0.3308108499391706 -0.5198170621927505 0.7876258016442973
vn 0.37859519760634663 -0.4574941925634413 0.804589796181965
vn 0.3308108499391706 -0.5198170621927505 0.7876258016442973
vn 0.37859519760634663 -0.4574941925634413 0.804589796181965
vn 0.3308108499391706 -0.5198170621927505 0.7876258016442973
vn 0.4016078624841007 -0.42520832107921286 0.8111159032320527
vn 0.4016078624841007 -0.42520832107921286 0.8111159032320527
vn 0.4885974222313039 -0.29949840866080224 0.8194957365347132
vn 0.37859519760634663 -0.4574941925634413 0.804589796181965
vn 0.4885974222313039 -0.29949840866080224 0.8194957365347132
vn 0.4016078624841007 -0.42520832107921286 0.8111159032320527
vn 0.511791700123379 -0.2597957819239133 0.8188866877531735
vn 0.5651999275372894 -0.11779999320197912 0.816499971533041
vn 0.4885974222313039 -0.29949840866080224 0.8194957365347132
vn 0.511791700123379 -0.2597957819239133 0.8188866877531735
vn 0.5651999275372894 -0.11779999320197912 0.816499971533041
vn 0.5587714862237432 -0.13379317406471009 0.8184581924307431
vn 0.4885974222313039 -0.29949840866080224 0.8194957365347132
vn 0.5911775725985627 -0.06309760998717895 0.8040695052483815
vn 0.5587714862237432 -0.13379317406471009 0.8184581924307431
vn 0.5651999275372894 -0.11779999320197912 0.816499971533041
vn 0.5911775725985627 -0.06309760998717895 0.8040695052483815
vn 0.5825948703900187 -0.05509951700004652 0.8108928783887542
vn 0.5587714862237432 -0.13379317406471009 0.8184581924307431
vn 0.5604229600966995 -0.15780647187806998 0.8130333469359354
vn 0.5825948703900187 -0.05509951700004652 0.8108928783887542
vn 0.5911775725985627 -0.06309760998717895 0.8040695052483815
vn 0.5604229600966995 -0.15780647187806998 0.8130333469359354
vn 0.5730713685807681 -0.1334933359167943 0.8085596674202661
vn 0.5825948703900187 -0.05509951700004652 0.8108928783887542
vn 0.5604229600966995 -0.15780647187806998 0.8130333469359354
vn 0.5038039166484919 -0.27550214956864777 0.8187064059555745
vn 0.5730713685807681 -0.1334933359167943 0.8085596674202661
vn 0.5038039166484919 -0.27550214956864777 0.8187064059555745
vn 0.5604229600966995 -0.15780647187806998 0.8130333469359354
vn 0.4873921801576672 -0.30659508267264596 0.817586887127056
vn 0.5038039166484919 -0.27550214956864777 0.8187064059555745
vn 0.4873921801576672 -0.30659508267264596 0.817586887127056
vn 0.45690506465636743 -0.34660383883669144 0.8192090946730446
vn -0.41078811174304036 0.42658766367233325 0.8057767013591097
vn -0.4716993927250106 0.3301995437844706 0.817598889546325
vn -0.39338376585206564 0.4484814642710194 0.8025668750760708
vn -0.39338376585206564 0.4484814642710194 0.8025668750760708
vn -0.36950689024860794 0.4953091967673697 0.786214638414006
vn -0.41078811174304036 0.42658766367233325 0.8057767013591097
vn -0.36950689024860794 0.4953091967673697 0.786214638414006
vn -0.36950689024860794 0.4953091967673697 0.786214638414006
vn -0.39338376585206564 0.4484814642710194 0.8025668750760708
vn -0.4716993927250106 0.3301995437844706 0.817598889546325
vn -0.41078811174304036 0.42658766367233325 0.8057767013591097
vn -0.4873921801576672 0.30659508267264596 0.817586887127056
vn -0.5581090390714718 0.1415022894537416 0.8176132353295583
vn -0.4716993927250106 0.3301995437844706 0.817598889546325
vn -0.4873921801576672 0.30659508267264596 0.817586887127056
vn -0.5581090390714718 0.1415022894537416 0.8176132353295583
vn -0.5506873669008024 0.1652962101026741 0.8181812677283401
vn -0.4716993927250106 0.3301995437844706 0.817598889546325
vn -0.5816985406009002 0.07859979620285627 0.8095979742437924
vn -0.5506965034038922 0.16519894042087388 0.8181947636244975
vn -0.5581778946483534 0.1414943949342825 0.8175675960604806
vn -0.5816985406009002 0.07859979620285627 0.8095979742437924
vn -0.5820003770254504 0.0708000439139749 0.8101005585259233
vn -0.5506965034038922 0.16519894042087388 0.8181947636244975
vn -0.5195993726630669 0.24409971875411826 0.818799010278046
vn -0.5820003770254504 0.0708000439139749 0.8101005585259233
vn -0.5816985406009002 0.07859979620285627 0.8095979742437924
vn -0.5195993726630669 0.24409971875411826 0.818799010278046
vn -0.534788547479328 0.2122954720395406 0.8178825355981499
vn -0.5820003770254504 0.0708000439139749 0.8101005585259233
vn -0.5195993726630669 0.24409971875411826 0.818799010278046
vn -0.37049919525355834 0.4650990088811919 0.803998294932395
vn -0.534788547479328 0.2122954720395406 0.8178825355981499
vn -0.37049919525355834 0.4650990088811919 0.803998294932395
vn -0.5195993726630669 0.24409971875411826 0.818799010278046
vn -0.348099112104817 0.49049875083000705 0.7988979807122063
vn -0.37049919525355834 0.4650990088811919 0.803998294932395
vn -0.348099112104817 0.49049875083000705 0.7988979807122063
vn -0.29188665262637864 0.5521747378151588 0.7809643019609337
vn 0.714913374470689 -0.6992130340625324 0
vn 0.864358607723025 -0.5028759263030135 0
vn 0.714913374470689 -0.6992130340625324 0
vn 0.864358607723025 -0.5028759263030135 0
vn 0.714913374470689 -0.6992130340625324 0
vn 0.8643333286717884 -0.5029193742014184 0
vn 0.8643333286717884 -0.5029193742014184 0
vn 0.9262954028940693 -0.37679812443444266 0
vn 0.864358607723025 -0.5028759263030135 0
vn 0.9262954028940693 -0.37679812443444266 0
vn 0.8643333286717884 -0.5029193742014184 0
vn 0.9262954028940693 -0.37679812443444266 0
vn 0.35368641785533217 0.9353640563035673 0
vn 0.35368641785533217 0.9353640563035673 0
vn 0.35368641785533217 0.9353640563035673 0
vn 0.35368641785533217 0.9353640563035673 0
vn 0.35368641785533217 0.9353640563035673 0
vn 0.35368641785533217 0.9353640563035673 0
vn -0.6911817883199107 0.7226809361640101 0
vn -0.6870814637222604 0.726580389364643 0
vn -0.6911817883199107 0.7226809361640101 0
vn -0.6870814637222604 0.726580389364643 0
vn -0.6911817883199107 0.7226809361640101 0
vn -0.6870814637222604 0.726580389364643 0
vn -0.691231751007723 0.7226331478688183 0
vn -0.691231751007723 0.7226331478688183 0
vn -0.691231751007723 0.7226331478688183 0
vn -0.691231751007723 0.7226331478688183 0
vn -0.691231751007723 0.7226331478688183 0
vn -0.6911817883199107 0.7226809361640101 0
vn 0 0 1
vn 0 0 1
vn 0 0 1
vn 0 0 1
vn 0 0 1
vn 0 0 1
vn 0 0 1
vn 0 0 1
vn 0 0 1
vn 0 0 1
vn 0 0 1
vn 0 0 1
vn 0 0 1
vn 0 0 1
vn 0 0 1
vn 0 0 1
vn 0 0 1
vn 0 0 1
vn 0 0 1
vn 0 0 1
vn 0 0 1
vn 0.047199315325764296 -0.9988854912515144 0
vn 0.09479965074590647 -0.9954963717756353 0
vn 0.047299092081094056 -0.9988807716080554 0
vn 0.09479965074590647 -0.9954963717756353 0
vn 0.047199315325764296 -0.9988854912515144 0
vn 0.09479965074590647 -0.9954963717756353 0
vn 0.09479965074590647 -0.9954963717756353 0
vn 0.2517949672948698 -0.9677806024326874 0
vn 0.09479965074590647 -0.9954963717756353 0
vn 0.2517949672948698 -0.9677806024326874 0
vn 0.09479965074590647 -0.9954963717756353 0
vn 0.2517949672948698 -0.9677806024326874 0
vn 0.2517949672948698 -0.9677806024326874 0
vn 0.5271736535276349 -0.8497575766219007 0
vn 0.2517949672948698 -0.9677806024326874 0
vn 0.5271736535276349 -0.8497575766219007 0
vn 0.2517949672948698 -0.9677806024326874 0
vn 0.5271736535276349 -0.8497575766219007 0
vn 0.5271736535276349 -0.8497575766219007 0
vn 0.714913374470689 -0.6992130340625324 0
vn 0.5271736535276349 -0.8497575766219007 0
vn 0.714913374470689 -0.6992130340625324 0
vn 0.5271736535276349 -0.8497575766219007 0
vn 0.714913374470689 -0.6992130340625324 0
vn 0 0 -1
vn 0 0 -1
vn 0 0 -1
vn 0 0 -1
vn 0 0 -1
vn 0 0 -1
vn 0 0 -1
vn 0 0 -1
vn 0 0 -1
vn 0 0 -1
vn 0 0 -1
vn 0 0 -1
vn 0 0 -1
vn 0 0 -1
vn 0 0 -1
vn 0 0 -1
vn 0 0 -1
vn 0 0 -1
vn 0 0 -1
vn 0 0 -1
vn 0 0 -1
vn 0.9612138996118552 -0.27580398690550184 0
vn 0.9612404052585694 -0.2757115944213106 0
vn 0.9612138996118552 -0.27580398690550184 0
vn 0.9612404052585694 -0.2757115944213106 0
vn 0.9612138996118552 -0.27580398690550184 0
vn 0.9612404052585694 -0.2757115944213106 0
vn 0.8763931998179693 0.48159626173052994 0
vn 0.7816389700103432 0.6237311284208681 0
vn 0.7816389661017593 0.6237311253019019 -0.00010000497973785915
vn 0.7816389700103432 0.6237311284208681 0
vn 0.8763931998179693 0.48159626173052994 0
vn 0.8763931998179693 0.48159626173052994 0
vn 0.6455880554222095 0.7636858403140454 0
vn 0.683372130619791 0.7300702233978368 0
vn 0.6455880554222095 0.7636858403140454 0
vn 0.683372130619791 0.7300702233978368 0
vn 0.6455880554222095 0.7636858403140454 0
vn 0.683372130619791 0.7300702233978368 0
vn 0.683372130619791 0.7300702233978368 0
vn 0.683372130619791 0.7300702233978368 0
vn 0.6992130340625324 0.714913374470689 0
vn 0.6992130340625324 0.714913374470689 0
vn 0.683372130619791 0.7300702233978368 0
vn 0.6992130340625324 0.714913374470689 0
vn 0.7815902427055587 0.6237921869560934 0
vn 0.6455880554222095 0.7636858403140454 0
vn 0.6455880554222095 0.7636858403140454 0
vn 0.6455880554222095 0.7636858403140454 0
vn 0.7815902427055587 0.6237921869560934 0
vn 0.7815902427055587 0.6237921869560934 0
vn 0 0 1
vn 0 0 1
vn 0 0 1
vn 0 0 1
vn 0 0 1
vn 0 0 1
vn 0 0 1
vn 0 0 1
vn 0 0 1
vn 0 0 1
vn 0 0 1
vn 0 0 1
vn 0 0 1
vn 0 0 1
vn 0 0 1
vn 0 0 1
vn 0 0 1
vn 0 0 1
vn 0 0 1
vn 0 0 1
vn 0 0 1
vn 0 0 1
vn 0 0 1
vn 0 0 1
vn 0 0 1
vn 0 0 1
vn 0 0 1
vn -0.9805845222944375 -0.1960969011396914 0
vn -0.9677806024326874 -0.2517949672948698 0
vn -0.9805845222944375 -0.1960969011396914 0
vn -0.9677806024326874 -0.2517949672948698 0
vn -0.9805845222944375 -0.1960969011396914 0
vn -0.9677806024326874 -0.2517949672948698 0
vn -0.9677806024326874 -0.2517949672948698 0
vn -0.9289930313019503 -0.3700972139754819 0
vn -0.9677806024326874 -0.2517949672948698 0
vn -0.9289930313019503 -0.3700972139754819 0
vn -0.9677806024326874 -0.2517949672948698 0
vn -0.9289930313019503 -0.3700972139754819 0
vn -0.9289930313019503 -0.3700972139754819 0
vn -0.843974246746011 -0.5363836973934829 0
vn -0.9289930313019503 -0.3700972139754819 0
vn -0.843974246746011 -0.5363836973934829 0
vn -0.9289930313019503 -0.3700972139754819 0
vn -0.843974246746011 -0.5363836973934829 0
vn -0.843974246746011 -0.5363836973934829 0
vn -0.6540545096065234 -0.7564474194968017 0
vn -0.843974246746011 -0.5363836973934829 0
vn -0.6540545096065234 -0.7564474194968017 0
vn -0.843974246746011 -0.5363836973934829 0
vn -0.6540545096065234 -0.7564474194968017 0
vn -0.6539972888748015 -0.7564968910341995 0
vn -0.4877047868254838 -0.8730086144520621 0
vn -0.6539972888748015 -0.7564968910341995 0
vn -0.4877047868254838 -0.8730086144520621 0
vn -0.6539972888748015 -0.7564968910341995 0
vn -0.4875860227671104 -0.8730749511938541 0
vn -0.4875860227671104 -0.8730749511938541 0
vn -0.45670843504608555 -0.8896164372119904 0
vn -0.4877047868254838 -0.8730086144520621 0
vn -0.45670843504608555 -0.8896164372119904 0
vn -0.4875860227671104 -0.8730749511938541 0
vn -0.45670843504608555 -0.8896164372119904 0
vn 0 0 -1
vn 0 0 -1
vn 0 0 -1
vn 0 0 -1
vn 0 0 -1
vn 0 0 -1
vn 0 0 -1
vn 0 0 -1
vn 0 0 -1
vn 0 0 -1
vn 0 0 -1
vn 0 0 -1
vn 0 0 -1
vn 0 0 -1
vn 0 0 -1
vn 0 0 -1
vn 0 0 -1
vn 0 0 -1
vn 0 0 -1
vn 0 0 -1
vn 0 0 -1
vn 0 0 -1
vn 0 0 -1
vn 0 0 -1
vn 0 0 -1
vn 0 0 -1
vn 0 0 -1
vn 0.9861768589450961 0.16569611607151216 0
vn 0.9861768589450961 0.16569611607151216 0
vn 0.9861768589450961 0.16569611607151216 0
vn 0.9861768589450961 0.16569611607151216 0
vn 0.9861768589450961 0.16569611607151216 0
vn 0.9861768589450961 0.16569611607151216 0
vn 0.3862904681141216 0.9223771865371416 0
vn 0.3700109225157624 0.9290274039117654 0
vn 0.3862904681141216 0.9223771865371416 0
vn 0.3700109225157624 0.9290274039117654 0
vn 0.3862904681141216 0.9223771865371416 0
vn 0.3700109225157624 0.9290274039117654 0
vn 0.409012824616085 0.9125286347833539 0
vn 0.3862904681141216 0.9223771865371416 0
vn 0.3862904681141216 0.9223771865371416 0
vn 0.3862904681141216 0.9223771865371416 0
vn 0.409012824616085 0.9125286347833539 0
vn 0.409012824616085 0.9125286347833539 0
vn 0 0 1
vn 0 0 1
vn 0 0 1
vn 0 0 1
vn 0 0 1
vn 0 0 1
vn 0 0 1
vn 0 0 1
vn 0 0 1
vn 0 0 1
vn 0 0 1
vn 0 0 1
vn 0 0 1
vn 0 0 1
vn 0 0 1
vn 0 0 1
vn 0 0 1
vn 0 0 1
vn 0 0 1
vn 0 0 1
vn 0 0 1
vn -0.8864492809653468 -0.4628257472051654 0
vn -0.8642898296289617 -0.5029941256117615 0
vn -0.8864492809653468 -0.4628257472051654 0
vn -0.8642898296289617 -0.5029941256117615 0
vn -0.8864492809653468 -0.4628257472051654 0
vn -0.8643333286717884 -0.5029193742014184 0
vn -0.8643333286717884 -0.5029193742014184 0
vn -0.7816778810879655 -0.6236823632409598 0
vn -0.8642898296289617 -0.5029941256117615 0
vn -0.7816778810879655 -0.6236823632409598 0
vn -0.8643333286717884 -0.5029193742014184 0
vn -0.7816778810879655 -0.6236823632409598 0
vn -0.7815902427055587 -0.6237921869560934 0
vn -0.574502159070648 -0.8185030661049254 0
vn -0.7815902427055587 -0.6237921869560934 0
vn -0.574502159070648 -0.8185030661049254 0
vn -0.7815902427055587 -0.6237921869560934 0
vn -0.574502159070648 -0.8185030661049254 0
vn -0.574502159070648 -0.8185030661049254 0
vn -0.33729910320034834 -0.941397532915952 0
vn -0.574502159070648 -0.8185030661049254 0
vn -0.33729910320034834 -0.941397532915952 0
vn -0.574502159070648 -0.8185030661049254 0
vn -0.33729910320034834 -0.941397532915952 0
vn -0.33729910320034834 -0.941397532915952 0
vn -0.1960969011396914 -0.9805845222944375 0
vn -0.33729910320034834 -0.941397532915952 0
vn -0.1960969011396914 -0.9805845222944375 0
vn -0.33729910320034834 -0.941397532915952 0
vn -0.1960969011396914 -0.9805845222944375 0
vn -0.1960969011396914 -0.9805845222944375 0
vn -0.11049737978915368 -0.9938764153856009 0
vn -0.1960969011396914 -0.9805845222944375 0
vn -0.11049737978915368 -0.9938764153856009 0
vn -0.1960969011396914 -0.9805845222944375 0
vn -0.1103986010799324 -0.993887392454293 0
vn 0 0 -1
vn 0 0 -1
vn 0 0 -1
vn 0 0 -1
vn 0 0 -1
vn 0 0 -1
vn 0 0 -1
vn 0 0 -1
vn 0 0 -1
vn 0 0 -1
vn 0 0 -1
vn 0 0 -1
vn 0 0 -1
vn 0 0 -1
vn 0 0 -1
vn 0 0 -1
vn 0 0 -1
vn 0 0 -1
vn 0 0 -1
vn 0 0 -1
vn 0 0 -1
vn 0.695208174599392 0.7188084542979313 0
vn 0.6951582079156138 0.7188567770895344 0
vn 0.695208174599392 0.7188084542979313 0
vn 0.6951582079156138 0.7188567770895344 0
vn 0.695208174599392 0.7188084542979313 0
vn 0.695208174599392 0.7188084542979313 0
vn -0.3469006778358511 0.9379018710488998 0
vn -0.34681272464376034 0.9379343975061215 0
vn -0.3469006778358511 0.9379018710488998 0
vn -0.34681272464376034 0.9379343975061215 0
vn -0.3469006778358511 0.9379018710488998 0
vn -0.34681272464376034 0.9379343975061215 0
vn -0.34710914395584413 0.9378247395874354 0
vn -0.3469006778358511 0.9379018710488998 0
vn -0.3469006778358511 0.9379018710488998 0
vn -0.3469006778358511 0.9379018710488998 0
vn -0.34710914395584413 0.9378247395874354 0
vn -0.34681272464376034 0.9379343975061215 0
vn 0 0 1
vn 0 0 1
vn 0 0 1
vn 0 0 1
vn 0 0 1
vn 0 0 1
vn 0 0 1
vn 0 0 1
vn 0 0 1
vn 0 0 1
vn 0 0 1
vn 0 0 1
vn 0 0 1
vn 0 0 1
vn 0 0 1
vn 0 0 1
vn 0 0 1
vn 0 0 1
vn 0 0 1
vn 0 0 1
vn 0 0 1
vn -0.34681272464376034 -0.9379343975061215 0
vn -0.3067018095696328 -0.9518056524347356 0
vn -0.34681272464376034 -0.9379343975061215 0
vn -0.3067018095696328 -0.9518056524347356 0
vn -0.34681272464376034 -0.9379343975061215 0
vn -0.30679241086088505 -0.9517764530803259 0
vn -0.30679241086088505 -0.9517764530803259 0
vn -0.15800611534176565 -0.9874381335124772 0
vn -0.3067018095696328 -0.9518056524347356 0
vn -0.15800611534176565 -0.9874381335124772 0
vn -0.30679241086088505 -0.9517764530803259 0
vn -0.15800611534176565 -0.9874381335124772 0
vn 0.14140735598614715 -0.9899514935960283 0
vn -0.15800611534176565 -0.9874381335124772 0
vn -0.15800611534176565 -0.9874381335124772 0
vn -0.15800611534176565 -0.9874381335124772 0
vn 0.14140735598614715 -0.9899514935960283 0
vn 0.1413933452765613 -0.989953494822612 0
vn 0.3862904681141216 -0.9223771865371416 0
vn 0.1413933452765613 -0.989953494822612 0
vn 0.14140735598614715 -0.9899514935960283 0
vn 0.1413933452765613 -0.989953494822612 0
vn 0.3862904681141216 -0.9223771865371416 0
vn 0.3862904681141216 -0.9223771865371416 0
vn 0.3862904681141216 -0.9223771865371416 0
vn 0.5886116127643496 -0.808415963053026 0
vn 0.3862904681141216 -0.9223771865371416 0
vn 0.5886116127643496 -0.808415963053026 0
vn 0.3862904681141216 -0.9223771865371416 0
vn 0.5886769763995031 -0.8083683674273374 0
vn 0.5886769763995031 -0.8083683674273374 0
vn 0.7031960346238297 -0.7109960174918857 0
vn 0.5886116127643496 -0.808415963053026 0
vn 0.7031960346238297 -0.7109960174918857 0
vn 0.5886769763995031 -0.8083683674273374 0
vn 0.7031960346238297 -0.7109960174918857 0
vn 0 0 -1
vn 0 0 -1
vn 0 0 -1
vn 0 0 -1
vn 0 0 -1
vn 0 0 -1
vn 0 0 -1
vn 0 0 -1
vn 0 0 -1
vn 0 0 -1
vn 0 0 -1
vn 0 0 -1
vn 0 0 -1
vn 0 0 -1
vn 0 0 -1
vn 0 0 -1
vn 0 0 -1
vn 0 0 -1
vn 0 0 -1
vn 0 0 -1
vn 0 0 -1
vn 0.8185030661049254 -0.574502159070648 0
vn 0.9289930313019503 -0.3700972139754819 0
vn 0.8185030661049254 -0.574502159070648 0
vn 0.9289930313019503 -0.3700972139754819 0
vn 0.8185030661049254 -0.574502159070648 0
vn 0.9289930313019503 -0.3700972139754819 0
vn 0.9289930313019503 -0.3700972139754819 0
vn 0.9888216295206207 -0.14910326955564931 0
vn 0.9289930313019503 -0.3700972139754819 0
vn 0.9888216295206207 -0.14910326955564931 0
vn 0.9289930313019503 -0.3700972139754819 0
vn 0.9888216295206207 -0.14910326955564931 0
vn 1 0 0
vn 0.9888216295206207 -0.14910326955564931 0
vn 0.9888216295206207 -0.14910326955564931 0
vn 1 0 0
vn 1 0 0
vn 0.9888216295206207 -0.14910326955564931 0
vn -0.023600507568585706 0.9997214692315581 0
vn -0.023600507568585706 0.9997214692315581 0
vn -0.023600507568585706 0.9997214692315581 0
vn -0.023600507568585706 0.9997214692315581 0
vn -0.023600507568585706 0.9997214692315581 0
vn -0.023600507568585706 0.9997214692315581 0
vn 0 0 1
vn 0 0 1
vn 0 0 1
vn 0 0 1
vn 0 0 1
vn 0 0 1
vn 0 0 1
vn 0 0 1
vn 0 0 1
vn 0 0 1
vn 0 0 1
vn 0 0 1
vn 0 0 1
vn 0 0 1
vn 0 0 1
vn 0 0 1
vn 0 0 1
vn 0 0 1
vn 0 0 1
vn 0 0 1
vn 0 0 1
vn -0.9124913104280965 0.40909608699328204 0
vn -0.9124539684974913 0.40917936821543094 0
vn -0.9124913104280965 0.40909608699328204 0
vn -0.9124913104280965 0.40909608699328204 0
vn -0.9124913104280965 0.40909608699328204 0
vn -0.9125286347833539 0.409012824616085 0
vn -0.9124913104280965 0.40909608699328204 0
vn -0.9124913104280965 0.40909608699328204 0
vn -0.9124913104280965 0.40909608699328204 0
vn -0.9124913104280965 0.40909608699328204 0
vn -0.9124913104280965 0.40909608699328204 0
vn -0.9124913104280965 0.40909608699328204 0
vn 0.424997459047192 -0.9051945425174803 0
vn 0.4655197356527872 -0.8850374996110386 0
vn 0.424997459047192 -0.9051945425174803 0
vn 0.4655197356527872 -0.8850374996110386 0
vn 0.424997459047192 -0.9051945425174803 0
vn 0.4659936790927664 -0.8847880486566191 0
vn 0.4659936790927664 -0.8847880486566191 0
vn 0.5974851213854694 -0.8018799970837225 0
vn 0.4655197356527872 -0.8850374996110386 0
vn 0.5974851213854694 -0.8018799970837225 0
vn 0.4659936790927664 -0.8847880486566191 0
vn 0.5974208051598459 -0.8019279154401356 0
vn 0.5974208051598459 -0.8019279154401356 0
vn 0.8184560381527288 -0.5745691547684568 0
vn 0.5974851213854694 -0.8018799970837225 0
vn 0.8184560381527288 -0.5745691547684568 0
vn 0.5974208051598459 -0.8019279154401356 0
vn 0.8184560381527288 -0.5745691547684568 0
vn 0 0 -1
vn 0 0 -1
vn 0 0 -1
vn 0 0 -1
vn 0 0 -1
vn 0 0 -1
vn 0 0 -1
vn 0 0 -1
vn 0 0 -1
vn 0 0 -1
vn 0 0 -1
vn 0 0 -1
vn 0 0 -1
vn 0 0 -1
vn 0 0 -1
vn 0 0 -1
vn 0 0 -1
vn 0 0 -1
vn 0 0 -1
vn 0 0 -1
vn 0 0 -1
vn 0.9353640563035673 0.35368641785533217 0
vn 0.9353640563035673 0.35368641785533217 0
vn 0.9353640563035673 0.35368641785533217 0
vn 0.9353640563035673 0.35368641785533217 0
vn 0.9353640563035673 0.35368641785533217 0
vn 0.9353640563035673 0.35368641785533217 0
vn 0.08629735728806252 0.9962694244656396 0
vn 0.0870007126466911 0.9962082493128472 0
vn 0.08629735728806252 0.9962694244656396 0
vn 0.0870007126466911 0.9962082493128472 0
vn 0.08629735728806252 0.9962694244656396 0
vn 0.0870007126466911 0.9962082493128472 0
vn 0.08629735728806252 0.9962694244656396 0
vn 0.08629735728806252 0.9962694244656396 0
vn 0.08629735728806252 0.9962694244656396 0
vn 0.08629735728806252 0.9962694244656396 0
vn 0.08629735728806252 0.9962694244656396 0
vn 0.08619810147661165 0.9962780170724576 0
vn 0 0 1
vn 0 0 1
vn 0 0 1
vn 0 0 1
vn 0 0 1
vn 0 0 1
vn 0 0 1
vn 0 0 1
vn 0 0 1
vn 0 0 1
vn 0 0 1
vn 0 0 1
vn 0 0 1
vn 0 0 1
vn 0 0 1
vn 0 0 1
vn 0 0 1
vn 0 0 1
vn 0 0 1
vn 0 0 1
vn 0 0 1
vn -0.714913374470689 -0.6992130340625324 0
vn -0.6832156237802366 -0.7302166879923945 0
vn -0.714913374470689 -0.6992130340625324 0
vn -0.6832156237802366 -0.7302166879923945 0
vn -0.714913374470689 -0.6992130340625324 0
vn -0.6832156237802366 -0.7302166879923945 0
vn -0.6831123971181509 -0.7303132566943406 0
vn -0.5655225476424244 -0.8247328343821542 0
vn -0.6831123971181509 -0.7303132566943406 0
vn -0.5655225476424244 -0.8247328343821542 0
vn -0.6831123971181509 -0.7303132566943406 0
vn -0.5655225476424244 -0.8247328343821542 0
vn -0.5655225476424244 -0.8247328343821542 0
vn -0.3067018095696328 -0.9518056524347356 0
vn -0.5655225476424244 -0.8247328343821542 0
vn -0.3067018095696328 -0.9518056524347356 0
vn -0.5655225476424244 -0.8247328343821542 0
vn -0.30679241086088505 -0.9517764530803259 0
vn -0.30679241086088505 -0.9517764530803259 0
vn -0.047199315325764296 -0.9988854912515144 0
vn -0.3067018095696328 -0.9518056524347356 0
vn -0.047199315325764296 -0.9988854912515144 0
vn -0.30679241086088505 -0.9517764530803259 0
vn -0.047199315325764296 -0.9988854912515144 0
vn -0.047199315325764296 -0.9988854912515144 0
vn 0.18090026300570913 -0.9835014462848876 0
vn -0.047199315325764296 -0.9988854912515144 0
vn 0.18090026300570913 -0.9835014462848876 0
vn -0.047199315325764296 -0.9988854912515144 0
vn 0.18090026300570913 -0.9835014462848876 0
vn 0.18090026300570913 -0.9835014462848876 0
vn 0.3302925319323261 -0.9438786168516232 0
vn 0.18090026300570913 -0.9835014462848876 0
vn 0.3302925319323261 -0.9438786168516232 0
vn 0.18090026300570913 -0.9835014462848876 0
vn 0.33038161012349615 -0.9438474408993257 0
vn 0 0 -1
vn 0 0 -1
vn 0 0 -1
vn 0 0 -1
vn 0 0 -1
vn 0 0 -1
vn 0 0 -1
vn 0 0 -1
vn 0 0 -1
vn 0 0 -1
vn 0 0 -1
vn 0 0 -1
vn 0 0 -1
vn 0 0 -1
vn 0 0 -1
vn 0 0 -1
vn 0 0 -1
vn 0 0 -1
vn 0 0 -1
vn 0 0 -1
vn 0 0 -1
vn -0.3308108499391706 -0.5198170621927505 0.7876258016442973
vn -0.37859519760634663 -0.4574941925634413 0.804589796181965
vn -0.4016078624841007 -0.42520832107921286 0.8111159032320527
vn -0.37859519760634663 -0.4574941925634413 0.804589796181965
vn -0.3308108499391706 -0.5198170621927505 0.7876258016442973
vn -0.3308108499391706 -0.5198170621927505 0.7876258016442973
vn -0.4016078624841007 -0.42520832107921286 0.8111159032320527
vn -0.37859519760634663 -0.4574941925634413 0.804589796181965
vn -0.4885974222313039 -0.29949840866080224 0.8194957365347132
vn -0.4885974222313039 -0.29949840866080224 0.8194957365347132
vn -0.511791700123379 -0.2597957819239133 0.8188866877531735
vn -0.4016078624841007 -0.42520832107921286 0.8111159032320527
vn -0.4885974222313039 -0.29949840866080224 0.8194957365347132
vn -0.5652746595519809 -0.11769472885370727 0.8164634162462175
vn -0.511791700123379 -0.2597957819239133 0.8188866877531735
vn -0.5652746595519809 -0.11769472885370727 0.8164634162462175
vn -0.4885974222313039 -0.29949840866080224 0.8194957365347132
vn -0.5587714862237432 -0.13379317406471009 0.8184581924307431
vn -0.5587714862237432 -0.13379317406471009 0.8184581924307431
vn -0.5912250860939272 -0.06310268474976526 0.804034171382411
vn -0.5652746595519809 -0.11769472885370727 0.8164634162462175
vn -0.5912250860939272 -0.06310268474976526 0.804034171382411
vn -0.5587714862237432 -0.13379317406471009 0.8184581924307431
vn -0.5825948703900187 -0.05509951700004652 0.8108928783887542
vn -0.5825948703900187 -0.05509951700004652 0.8108928783887542
vn -0.5604141216264419 -0.1579039802923513 0.8130205072994754
vn -0.5912250860939272 -0.06310268474976526 0.804034171382411
vn -0.5604141216264419 -0.1579039802923513 0.8130205072994754
vn -0.5825948703900187 -0.05509951700004652 0.8108928783887542
vn -0.5730713685807681 -0.1334933359167943 0.8085596674202661
vn -0.5604141216264419 -0.1579039802923513 0.8130205072994754
vn -0.5730713685807681 -0.1334933359167943 0.8085596674202661
vn -0.5038039166484919 -0.27550214956864777 0.8187064059555745
vn -0.4873921801576672 -0.30659508267264596 0.817586887127056
vn -0.5604141216264419 -0.1579039802923513 0.8130205072994754
vn -0.5038039166484919 -0.27550214956864777 0.8187064059555745
vn -0.4873921801576672 -0.30659508267264596 0.817586887127056
vn -0.5038039166484919 -0.27550214956864777 0.8187064059555745
vn -0.45690506465636743 -0.34660383883669144 0.8192090946730446
vn 0.41078811174304036 0.42658766367233325 0.8057767013591097
vn 0.36950689024860794 0.4953091967673697 0.786214638414006
vn 0.39338376585206564 0.4484814642710194 0.8025668750760708
vn 0.36950689024860794 0.4953091967673697 0.786214638414006
vn 0.36950689024860794 0.4953091967673697 0.786214638414006
vn 0.39338376585206564 0.4484814642710194 0.8025668750760708
vn 0.41078811174304036 0.42658766367233325 0.8057767013591097
vn 0.39338376585206564 0.4484814642710194 0.8025668750760708
vn 0.4716993927250106 0.3301995437844706 0.817598889546325
vn 0.4716993927250106 0.3301995437844706 0.817598889546325
vn 0.4873921801576672 0.30659508267264596 0.817586887127056
vn 0.41078811174304036 0.42658766367233325 0.8057767013591097
vn 0.4716993927250106 0.3301995437844706 0.817598889546325
vn 0.5581090390714718 0.1415022894537416 0.8176132353295583
vn 0.4873921801576672 0.30659508267264596 0.817586887127056
vn 0.5581090390714718 0.1415022894537416 0.8176132353295583
vn 0.4716993927250106 0.3301995437844706 0.817598889546325
vn 0.5506873669008024 0.1652962101026741 0.8181812677283401
vn 0.5506965034038922 0.16519894042087388 0.8181947636244975
vn 0.5816985406009002 0.07859979620285627 0.8095979742437924
vn 0.5581778946483534 0.1414943949342825 0.8175675960604806
vn 0.5816985406009002 0.07859979620285627 0.8095979742437924
vn 0.5506965034038922 0.16519894042087388 0.8181947636244975
vn 0.5820003770254504 0.0708000439139749 0.8101005585259233
vn 0.5820003770254504 0.0708000439139749 0.8101005585259233
vn 0.5195993726630669 0.24409971875411826 0.818799010278046
vn 0.5816985406009002 0.07859979620285627 0.8095979742437924
vn 0.5195993726630669 0.24409971875411826 0.818799010278046
vn 0.5820003770254504 0.0708000439139749 0.8101005585259233
vn 0.534788547479328 0.2122954720395406 0.8178825355981499
vn 0.5195993726630669 0.24409971875411826 0.818799010278046
vn 0.534788547479328 0.2122954720395406 0.8178825355981499
vn 0.37049919525355834 0.4650990088811919 0.803998294932395
vn 0.34808839021006677 0.4903836044352681 0.7989733369155939
vn 0.5195993726630669 0.24409971875411826 0.818799010278046
vn 0.37049919525355834 0.4650990088811919 0.803998294932395
vn 0.34808839021006677 0.4903836044352681 0.7989733369155939
vn 0.37049919525355834 0.4650990088811919 0.803998294932395
vn 0.29179515952488194 0.5521908907241766 0.7809870710063574
vn -0.3308108499391706 -0.5198170621927505 -0.7876258016442973
vn -0.37859519760634663 -0.4574941925634413 -0.804589796181965
vn -0.3308108499391706 -0.5198170621927505 -0.7876258016442973
vn -0.37859519760634663 -0.4574941925634413 -0.804589796181965
vn -0.3308108499391706 -0.5198170621927505 -0.7876258016442973
vn -0.4016078624841007 -0.42520832107921286 -0.8111159032320527
vn -0.4016078624841007 -0.42520832107921286 -0.8111159032320527
vn -0.4885974222313039 -0.29949840866080224 -0.8194957365347132
vn -0.37859519760634663 -0.4574941925634413 -0.804589796181965
vn -0.4885974222313039 -0.29949840866080224 -0.8194957365347132
vn -0.4016078624841007 -0.42520832107921286 -0.8111159032320527
vn -0.511791700123379 -0.2597957819239133 -0.8188866877531735
vn -0.5651999275372894 -0.11779999320197912 -0.816499971533041
vn -0.4885974222313039 -0.29949840866080224 -0.8194957365347132
vn -0.511791700123379 -0.2597957819239133 -0.8188866877531735
vn -0.5651999275372894 -0.11779999320197912 -0.816499971533041
vn -0.5587714862237432 -0.13379317406471009 -0.8184581924307431
vn -0.4885974222313039 -0.29949840866080224 -0.8194957365347132
vn -0.5912250860939272 -0.06310268474976526 -0.804034171382411
vn -0.5587714862237432 -0.13379317406471009 -0.8184581924307431
vn -0.5651999275372894 -0.11779999320197912 -0.816499971533041
vn -0.5912250860939272 -0.06310268474976526 -0.804034171382411
vn -0.5825948703900187 -0.05509951700004652 -0.8108928783887542
vn -0.5587714862237432 -0.13379317406471009 -0.8184581924307431
vn -0.5604141216264419 -0.1579039802923513 -0.8130205072994754
vn -0.5825948703900187 -0.05509951700004652 -0.8108928783887542
vn -0.5912250860939272 -0.06310268474976526 -0.804034171382411
vn -0.5604141216264419 -0.1579039802923513 -0.8130205072994754
vn -0.5730713685807681 -0.1334933359167943 -0.8085596674202661
vn -0.5825948703900187 -0.05509951700004652 -0.8108928783887542
vn -0.5604141216264419 -0.1579039802923513 -0.8130205072994754
vn -0.5038039166484919 -0.27550214956864777 -0.8187064059555745
vn -0.5730713685807681 -0.1334933359167943 -0.8085596674202661
vn -0.5038039166484919 -0.27550214956864777 -0.8187064059555745
vn -0.5604141216264419 -0.1579039802923513 -0.8130205072994754
vn -0.4873921801576672 -0.30659508267264596 -0.817586887127056
vn -0.5038039166484919 -0.27550214956864777 -0.8187064059555745
vn -0.4873921801576672 -0.30659508267264596 -0.817586887127056
vn -0.45690506465636743 -0.34660383883669144 -0.8192090946730446
vn 0.41078811174304036 0.42658766367233325 -0.8057767013591097
vn 0.4716993927250106 0.3301995437844706 -0.817598889546325
vn 0.39338376585206564 0.4484814642710194 -0.8025668750760708
vn 0.39338376585206564 0.4484814642710194 -0.8025668750760708
vn 0.36950689024860794 0.4953091967673697 -0.786214638414006
vn 0.41078811174304036 0.42658766367233325 -0.8057767013591097
vn 0.36950689024860794 0.4953091967673697 -0.786214638414006
vn 0.36950689024860794 0.4953091967673697 -0.786214638414006
vn 0.39338376585206564 0.4484814642710194 -0.8025668750760708
vn 0.4716993927250106 0.3301995437844706 -0.817598889546325
vn 0.41078811174304036 0.42658766367233325 -0.8057767013591097
vn 0.4873921801576672 0.30659508267264596 -0.817586887127056
vn 0.5581090390714718 0.1415022894537416 -0.8176132353295583
vn 0.4716993927250106 0.3301995437844706 -0.817598889546325
vn 0.4873921801576672 0.30659508267264596 -0.817586887127056
vn 0.5581090390714718 0.1415022894537416 -0.8176132353295583
vn 0.5506873669008024 0.1652962101026741 -0.8181812677283401
vn 0.4716993927250106 0.3301995437844706 -0.817598889546325
vn 0.5816985406009002 0.07859979620285627 -0.8095979742437924
vn 0.5506965034038922 0.16519894042087388 -0.8181947636244975
vn 0.5581778946483534 0.1414943949342825 -0.8175675960604806
vn 0.5816985406009002 0.07859979620285627 -0.8095979742437924
vn 0.5820003770254504 0.0708000439139749 -0.8101005585259233
vn 0.5506965034038922 0.16519894042087388 -0.8181947636244975
vn 0.5195993726630669 0.24409971875411826 -0.818799010278046
vn 0.5820003770254504 0.0708000439139749 -0.8101005585259233
vn 0.5816985406009002 0.07859979620285627 -0.8095979742437924
vn 0.5195993726630669 0.24409971875411826 -0.818799010278046
vn 0.534788547479328 0.2122954720395406 -0.8178825355981499
vn 0.5820003770254504 0.0708000439139749 -0.8101005585259233
vn 0.5195993726630669 0.24409971875411826 -0.818799010278046
vn 0.37049919525355834 0.4650990088811919 -0.803998294932395
vn 0.534788547479328 0.2122954720395406 -0.8178825355981499
vn 0.37049919525355834 0.4650990088811919 -0.803998294932395
vn 0.5195993726630669 0.24409971875411826 -0.818799010278046
vn 0.348099112104817 0.49049875083000705 -0.7988979807122063
vn 0.37049919525355834 0.4650990088811919 -0.803998294932395
vn 0.348099112104817 0.49049875083000705 -0.7988979807122063
vn 0.29188665262637864 0.5521747378151588 -0.7809643019609337
vn 0.45628286268121515 0.03929852395822398 -0.8889665771209513
vn 0.48727866160963657 0.03929827666575852 -0.8723618236666613
vn 0.804034171382411 0.06310268474976526 -0.5912250860939272
vn 0.45650420821198634 0.023600219452615902 -0.8894081951087115
vn 0.4936232249550776 0.007800366699063537 -0.8696408833905575
vn 0.8050310229852556 0.03940151736657729 -0.591922775757551
vn 0.45650420821198634 0.023600219452615902 -0.8894081951087115
vn 0.8050310229852556 0.03940151736657729 -0.591922775757551
vn 0.4906693331858834 0.03959752565121236 -0.8704456567949674
vn 0.4566150544229844 0.007900260282533857 -0.8896292924368909
vn 0.8083907369486051 0.007899909283843714 -0.5885932448210719
vn 0.48768955942881204 0.00789983112588454 -0.8729813779756779
vn 0.48727866160963657 0.03929827666575852 0.8723618236666613
vn 0.45628286268121515 0.03929852395822398 0.8889665771209513
vn 0.8040745602587362 0.0629980097355205 0.5911813193209706
vn 0.4936232249550776 0.007800366699063537 0.8696408833905575
vn 0.45650420821198634 0.023600219452615902 0.8894081951087115
vn 0.8050278476473078 0.039501369250987795 0.5919204391973975
vn 0.8050278476473078 0.039501369250987795 0.5919204391973975
vn 0.45650420821198634 0.023600219452615902 0.8894081951087115
vn 0.4905934120192661 0.03959947147557453 0.8704883606011914
vn 0.8083907369486051 0.007899909283843714 0.5885932448210719
vn 0.4566150544229844 0.007900260282533857 0.8896292924368909
vn 0.48768955942881204 0.00789983112588454 0.8729813779756779
vn -0.0863966048451125 0.9962608226118487 0
vn -0.08629735728806252 0.9962694244656396 0
vn -0.08629735728806252 0.9962694244656396 0
vn -0.08629735728806252 0.9962694244656396 0
vn -0.0863966048451125 0.9962608226118487 0
vn -0.0863966048451125 0.9962608226118487 0
vn -0.0863966048451125 0.9962608226118487 0
vn -0.0863966048451125 0.9962608226118487 0
vn -0.0863966048451125 0.9962608226118487 0
vn -0.0863966048451125 0.9962608226118487 0
vn -0.0863966048451125 0.9962608226118487 0
vn -0.0863966048451125 0.9962608226118487 0
vn -0.0863966048451125 0.9962608226118487 0
vn -0.0863966048451125 0.9962608226118487 0
vn -0.0863966048451125 0.9962608226118487 0
vn -0.08629735728806252 0.9962694244656396 0
vn -0.0863966048451125 0.9962608226118487 0
vn -0.0863966048451125 0.9962608226118487 0
vn -0.0863966048451125 0.9962608226118487 0
vn -0.08629735728806252 0.9962694244656396 0
vn -0.08629735728806252 0.9962694244656396 0
vn -0.0863966048451125 0.9962608226118487 0
vn -0.0863966048451125 0.9962608226118487 0
vn -0.0863966048451125 0.9962608226118487 0
vn -0.08629735728806252 0.9962694244656396 0
vn -0.0863966048451125 0.9962608226118487 0
vn -0.0863966048451125 0.9962608226118487 0
vn -0.0863966048451125 0.9962608226118487 0
vn -0.08649584414519038 0.9962522115135359 0
vn -0.08629735728806252 0.9962694244656396 0
vn -0.08649584414519038 0.9962522115135359 0
vn -0.08629735728806252 0.9962694244656396 0
vn -0.08629735728806252 0.9962694244656396 0
vn -0.08649584414519038 0.9962522115135359 0
vn -0.08629735728806252 0.9962694244656396 0
vn -0.08629735728806252 0.9962694244656396 0
vn -0.22770693482983068 0 0.9737297118966861
vn -0.4628116434517819 -0.007800196206558484 0.8864223257706225
vn -0.4876133574331528 -0.007900215803319685 0.8730239402462167
vn 0.4562036653379512 0.03930031473992848 0.8890071433872515
vn 0.4872024019005293 0.03930019182249108 0.8724043297147662
vn 0.22770070068333903 0.015800048032757277 0.9736029731828468
vn -0.4876133574331528 -0.007900215803319685 0.8730239402462167
vn -0.4659082047438429 -0.02370041821502153 0.8845155933779815
vn -0.22769984403354804 -0.007899993961353307 0.9736993227493324
vn -0.22769984403354804 -0.007899993961353307 0.9736993227493324
vn -0.4659082047438429 -0.02370041821502153 0.8845155933779815
vn -0.4872024019005293 -0.03930019182249108 0.8724043297147662
vn 0.45650420821198634 0.023600219452615902 0.8894081951087115
vn 0.4935046450843847 0.007800072923211994 0.8697081833250323
vn 0.22769984403354804 0.007899993961353307 0.9736993227493324
vn 0.45650420821198634 0.023600219452615902 0.8894081951087115
vn 0.22769984403354804 0.007899993961353307 0.9736993227493324
vn 0.4905934120192661 0.03959947147557453 0.8704883606011914
vn -0.4872024019005293 -0.03930019182249108 0.8724043297147662
vn -0.46260445437704917 -0.03140029997026276 0.8860085439499386
vn -0.22770105475357919 -0.015700072169395354 0.9736045076918981
vn 0.4566150544229844 0.007900260282533857 0.8896292924368909
vn 0.22770693482983068 0 0.9737297118966861
vn 0.4876137310343062 0.007800219475770945 0.8730246307424167
vn -0.8082817049893699 -0.01569964335627776 -0.5885866177360499
vn -0.46281129255496534 -0.007900192425128573 -0.8864216234068574
vn -0.4876899329935496 -0.0077998389892719846 -0.8729820684117678
vn -0.4876137310343062 -0.007800219475770945 -0.8730246307424167
vn -0.46598648442976776 -0.023699313106187003 -0.8844743856591215
vn -0.8050278476473078 -0.039501369250987795 -0.5919204391973975
vn -0.8050278476473078 -0.039501369250987795 -0.5919204391973975
vn -0.46598648442976776 -0.023699313106187003 -0.8844743856591215
vn -0.48727866160963657 -0.03929827666575852 -0.8723618236666613
vn -0.4873211628493289 -0.03930170418509889 -0.8723379278051165
vn -0.46260445437704917 -0.03140029997026276 -0.8860085439499386
vn -0.804034171382411 -0.06310268474976526 -0.5912250860939272
vn -0.4628116434517819 -0.007800196206558484 0.8864223257706225
vn -0.8082817049893699 -0.01569964335627776 0.5885866177360499
vn -0.48768955942881204 -0.00789983112588454 0.8729813779756779
vn -0.46598648442976776 -0.023699313106187003 0.8844743856591215
vn -0.4876899329935496 -0.0077998389892719846 0.8729820684117678
vn -0.8050278476473078 -0.039501369250987795 0.5919204391973975
vn -0.4659082047438429 -0.02370041821502153 0.8845155933779815
vn -0.8050310229852556 -0.03940151736657729 0.591922775757551
vn -0.4873211628493289 -0.03930170418509889 0.8723379278051165
vn -0.46260445437704917 -0.03140029997026276 0.8860085439499386
vn -0.4873211628493289 -0.03930170418509889 0.8723379278051165
vn -0.8040745602587362 -0.0629980097355205 0.5911813193209706
vn -0.4628116434517819 -0.007800196206558484 -0.8864223257706225
vn -0.22770693482983068 0 -0.9737297118966861
vn -0.4876133574331528 -0.007900215803319685 -0.8730239402462167
vn 0.4872024019005293 0.03930019182249108 -0.8724043297147662
vn 0.45628286268121515 0.03929852395822398 -0.8889665771209513
vn 0.22770105475357919 0.015700072169395354 -0.9736045076918981
vn -0.4659082047438429 -0.02370041821502153 -0.8845155933779815
vn -0.4876133574331528 -0.007900215803319685 -0.8730239402462167
vn -0.22769984403354804 -0.007899993961353307 -0.9736993227493324
vn -0.4659082047438429 -0.02370041821502153 -0.8845155933779815
vn -0.22769984403354804 -0.007899993961353307 -0.9736993227493324
vn -0.4872024019005293 -0.03930019182249108 -0.8724043297147662
vn 0.4935046450843847 0.007800072923211994 -0.8697081833250323
vn 0.45650420821198634 0.023600219452615902 -0.8894081951087115
vn 0.22770002051354893 0.007800000571410749 -0.9737000876292533
vn 0.22770002051354893 0.007800000571410749 -0.9737000876292533
vn 0.45650420821198634 0.023600219452615902 -0.8894081951087115
vn 0.4905934120192661 0.03959947147557453 -0.8704883606011914
vn -0.46252587736634626 -0.03140175362859823 -0.8860495147764262
vn -0.4872024019005293 -0.03930019182249108 -0.8724043297147662
vn -0.22770105475357919 -0.015700072169395354 -0.9736045076918981
vn 0.22770693482983068 0 -0.9737297118966861
vn 0.4566150544229844 0.007900260282533857 -0.8896292924368909
vn 0.4876133574331528 0.007900215803319685 -0.8730239402462167
vn -0.6237116410397304 -0.007900146709694838 0.7816145958933286
vn -0.6667979827186973 0.007799975889379022 0.7451976990157718
vn -0.6323716100207738 0 0.7746651837017939
vn -0.6323716100207738 0 0.7746651837017939
vn -0.6667979827186973 0.007799975889379022 0.7451976990157718
vn -0.6667974575653626 0.00789996886640116 0.74519711558505
vn -0.55000013792097 -0.06280000585369597 0.8328001005953889
vn -0.6237116410397304 -0.007900146709694838 0.7816145958933286
vn -0.6323716100207738 0 0.7746651837017939
vn -0.5225861609718297 -0.09499747944153505 0.8472775125426616
vn -0.6237116410397304 -0.007900146709694838 0.7816145958933286
vn -0.55000013792097 -0.06280000585369597 0.8328001005953889
vn -0.46672093544153403 -0.15820710251141068 0.8701391159668226
vn -0.5225861609718297 -0.09499747944153505 0.8472775125426616
vn -0.55000013792097 -0.06280000585369597 0.8328001005953889
vn -0.44921676109869996 -0.1813067676534977 0.8748326454534227
vn -0.5225861609718297 -0.09499747944153505 0.8472775125426616
vn -0.46672093544153403 -0.15820710251141068 0.8701391159668226
vn -0.45570335989810923 -0.06290046290964603 0.8879065150922854
vn -0.44921676109869996 -0.1813067676534977 0.8748326454534227
vn -0.46672093544153403 -0.15820710251141068 0.8701391159668226
vn -0.46549300572603464 -0.04729928944608294 0.8837867609542688
vn -0.44921676109869996 -0.1813067676534977 0.8748326454534227
vn -0.45570335989810923 -0.06290046290964603 0.8879065150922854
vn -0.45570335989810923 -0.06290046290964603 0.8879065150922854
vn -0.4960146184686535 0.06300186284991874 0.8660255559409525
vn -0.46549300572603464 -0.04729928944608294 0.8837867609542688
vn -0.4960146184686535 0.06300186284991874 0.8660255559409525
vn -0.45570335989810923 -0.06290046290964603 0.8879065150922854
vn -0.5023042568475264 0.0471003950472179 0.8634071961358963
vn -0.5023042568475264 0.0471003950472179 0.8634071961358963
vn -0.5029040570770381 -0.007800063111735828 0.8643070452049482
vn -0.4960146184686535 0.06300186284991874 0.8660255559409525
vn -0.5029040570770381 -0.007800063111735828 0.8643070452049482
vn -0.5023042568475264 0.0471003950472179 0.8634071961358963
vn -0.5028759263030135 0 0.864358607723025
vn -0.47829854070686406 0 0.8781973046859597
vn -0.5029040570770381 -0.007800063111735828 0.8643070452049482
vn -0.5028759263030135 0 0.864358607723025
vn -0.4722741260426448 0 0.8814517286106234
vn -0.5029040570770381 -0.007800063111735828 0.8643070452049482
vn -0.47829854070686406 0 0.8781973046859597
vn -0.47829854070686406 0 0.8781973046859597
vn -0.44020540310794576 0.05500067496485236 0.896210984549945
vn -0.4722741260426448 0 0.8814517286106234
vn -0.44020540310794576 0.05500067496485236 0.896210984549945
vn -0.47829854070686406 0 0.8781973046859597
vn -0.4336786465418776 0.06309689431906627 0.8988557244969261
vn -0.4336786465418776 0.06309689431906627 0.8988557244969261
vn -0.40220454984493403 0.12620142305969068 0.9068101790902785
vn -0.44020540310794576 0.05500067496485236 0.896210984549945
vn -0.40220454984493403 0.12620142305969068 0.9068101790902785
vn -0.4336786465418776 0.06309689431906627 0.8988557244969261
vn -0.39549964101655555 0.12659987626509236 0.9096991289901507
vn -0.3692908628002424 0.18069553585306602 0.911577414142664
vn -0.40220454984493403 0.12620142305969068 0.9068101790902785
vn -0.39549964101655555 0.12659987626509236 0.9096991289901507
vn -0.3534033357990593 0.2121019995158766 0.9111085687487878
vn -0.40220454984493403 0.12620142305969068 0.9068101790902785
vn -0.3692908628002424 0.18069553585306602 0.911577414142664
vn -0.3692908628002424 0.18069553585306602 0.911577414142664
vn -0.3302027516053362 0.24370203417264535 0.9119075947552906
vn -0.3534033357990593 0.2121019995158766 0.9111085687487878
vn -0.3302027516053362 0.24370203417264535 0.9119075947552906
vn -0.27611285089211185 0.2682124937483936 0.9229429840296194
vn -0.3534033357990593 0.2121019995158766 0.9111085687487878
vn -0.27611285089211185 0.2682124937483936 0.9229429840296194
vn -0.3302027516053362 0.24370203417264535 0.9119075947552906
vn -0.2590048917488489 0.2746051856735888 0.9260175257797991
vn -0.25899780251458804 0.274697636421828 0.9259920878910768
vn -0.27611285089211185 0.2682124937483936 0.9229429840296194
vn -0.2590048917488489 0.2746051856735888 0.9260175257797991
vn 0 0 1
vn 0 0 1
vn 0 0 1
vn 0 0 1
vn 0 0 1
vn 0 0 1
vn 0 0 1
vn 0 0 1
vn 0 0 1
vn 0 0 1
vn 0 0 1
vn 0 0 1
vn 0.5452117803528578 -0.1659035945283895 0.8217177811676141
vn 0.5671728748985628 -0.21268981318580013 0.7956619717859392
vn 0.5499268807756921 -0.17280845462028865 0.8171399291504885
vn 0.5452117803528578 -0.1659035945283895 0.8217177811676141
vn 0.567218007217413 -0.21270674525594924 0.7956252716014792
vn 0.5671728748985628 -0.21268981318580013 0.7956619717859392
vn 0.5499268807756921 -0.17280845462028865 0.8171399291504885
vn 0.537074497299892 -0.1026951206435416 0.8372602322731426
vn 0.5452117803528578 -0.1659035945283895 0.8217177811676141
vn 0.5452117803528578 -0.1659035945283895 0.8217177811676141
vn 0.537074497299892 -0.1026951206435416 0.8372602322731426
vn 0.5431151257886633 -0.09450262554947493 0.8343232070989156
vn 0.537074497299892 -0.1026951206435416 0.8372602322731426
vn 0.549996658671101 -0.06289961013029183 0.832794881406029
vn 0.5431151257886633 -0.09450262554947493 0.8343232070989156
vn 0.537074497299892 -0.1026951206435416 0.8372602322731426
vn 0.5360848911678132 -0.03149911393468461 0.8435761941181863
vn 0.549996658671101 -0.06289961013029183 0.832794881406029
vn 0.5418983131413025 -0.015699951063825403 0.8402974055363995
vn 0.549996658671101 -0.06289961013029183 0.832794881406029
vn 0.5360848911678132 -0.03149911393468461 0.8435761941181863
vn 0.5360848911678132 -0.03149911393468461 0.8435761941181863
vn 0.5598133788468445 0.031500752936808325 0.8280197361346489
vn 0.5418983131413025 -0.015699951063825403 0.8402974055363995
vn 0.5649065219088507 0.04710054267314235 0.8238095413290264
vn 0.5418983131413025 -0.015699951063825403 0.8402974055363995
vn 0.5598133788468445 0.031500752936808325 0.8280197361346489
vn 0.5598133788468445 0.031500752936808325 0.8280197361346489
vn 0.5681171410772229 0.06310190998288565 0.8205248704157325
vn 0.5649065219088507 0.04710054267314235 0.8238095413290264
vn 0.5680705728723654 0.06309673739424997 0.8205575092378741
vn 0.5187114520187828 0.10220225240136462 0.8488186668238711
vn 0.5649065219088507 0.04710054267314235 0.8238095413290264
vn 0.5187114520187828 0.10220225240136462 0.8488186668238711
vn 0.5680705728723654 0.06309673739424997 0.8205575092378741
vn 0.5340091541639579 0.09420161615835182 0.840214424288377
vn 0.5340091541639579 0.09420161615835182 0.840214424288377
vn 0.5121691303660577 -0.007899523830996217 0.8588482866160472
vn 0.5187114520187828 0.10220225240136462 0.8488186668238711
vn 0.5121691303660577 -0.007899523830996217 0.8588482866160472
vn 0.512185139791024 0 0.858875068084555
vn 0.5187114520187828 0.10220225240136462 0.8488186668238711
vn 0.5295051886080758 -0.13430130364403056 0.8376081512716074
vn 0.512185139791024 0 0.858875068084555
vn 0.5121691303660577 -0.007899523830996217 0.8588482866160472
vn 0.5121691303660577 -0.007899523830996217 0.8588482866160472
vn 0.5295051886080758 -0.13430130364403056 0.8376081512716074
vn 0.5295051886080758 -0.13430130364403056 0.8376081512716074
vn 0 0 1
vn 0 0 1
vn 0 0 1
vn 0 0 1
vn 0 0 1
vn 0 0 1
vn 0 0 1
vn 0 0 1
vn 0 0 1
vn 0 0 1
vn 0 0 1
vn 0 0 1
vn 0 0 1
vn 0 0 1
vn 0 0 1
vn 0 0 1
vn 0 0 1
vn 0 0 1
vn 0 0 1
vn 0 0 1
vn 0 0 1
vn 0 0 1
vn 0 0 1
vn 0 0 1
vn 0 0 1
vn 0 0 1
vn 0 0 1
vn 0 0 1
vn 0 0 1
vn 0 0 1
vn 0 0 1
vn 0 0 1
vn 0 0 1
vn 0 0 1
vn 0 0 1
vn 0 0 1
vn 0 0 1
vn 0 0 1
vn 0 0 1
vn 0 0 1
vn 0 0 1
vn 0 0 1
vn 0 0 1
vn 0 0 1
vn 0 0 1
vn 0 0 1
vn 0 0 1
vn 0 0 1
vn 0 0 1
vn 0 0 1
vn 0 0 1
vn 0 0 1
vn 0 0 1
vn 0 0 1
vn 0 0 1
vn 0 0 1
vn 0 0 1
vn 0 0 -1
vn 0 0 -1
vn 0 0 -1
vn 0 0 1
vn 0 0 1
vn 0 0 1
vn 0 0 1
vn 0 0 1
vn 0 0 1
vn 0 0 1
vn 0 0 1
vn 0 0 1
vn 0 0 1
vn 0 0 1
vn 0 0 1
vn 0 0 1
vn 0 0 1
vn 0 0 1
vn 0 0 1
vn 0 0 1
vn 0 0 1
vn 0 0 1
vn 0 0 1
vn 0 0 1
vn 0 0 1
vn 0 0 1
vn 0 0 1
vn 0 -1 0
vn 0 -1 0
vn 0 -1 0
vn 0 -1 0
vn 0 -1 0
vn 0 -1 0
vn 0 -1 0
vn 0 -1 0
vn 0 -1 0
vn 0 -1 0
vn 0 -1 0
vn 0 -1 0
vn -0.27611285089211185 0.2682124937483936 -0.9229429840296194
vn -0.25899780251458804 0.274697636421828 -0.9259920878910768
vn -0.2590048917488489 0.2746051856735888 -0.9260175257797991
vn -0.2590048917488489 0.2746051856735888 -0.9260175257797991
vn -0.3302027516053362 0.24370203417264535 -0.9119075947552906
vn -0.27611285089211185 0.2682124937483936 -0.9229429840296194
vn -0.27611285089211185 0.2682124937483936 -0.9229429840296194
vn -0.3302027516053362 0.24370203417264535 -0.9119075947552906
vn -0.3534033357990593 0.2121019995158766 -0.9111085687487878
vn -0.3692908628002424 0.18069553585306602 -0.911577414142664
vn -0.3534033357990593 0.2121019995158766 -0.9111085687487878
vn -0.3302027516053362 0.24370203417264535 -0.9119075947552906
vn -0.3692908628002424 0.18069553585306602 -0.911577414142664
vn -0.40220454984493403 0.12620142305969068 -0.9068101790902785
vn -0.3534033357990593 0.2121019995158766 -0.9111085687487878
vn -0.40220454984493403 0.12620142305969068 -0.9068101790902785
vn -0.3692908628002424 0.18069553585306602 -0.911577414142664
vn -0.39549964101655555 0.12659987626509236 -0.9096991289901507
vn -0.43359748452765395 0.0630996315212948 -0.8988946867754686
vn -0.40220454984493403 0.12620142305969068 -0.9068101790902785
vn -0.39549964101655555 0.12659987626509236 -0.9096991289901507
vn -0.40220454984493403 0.12620142305969068 -0.9068101790902785
vn -0.43359748452765395 0.0630996315212948 -0.8988946867754686
vn -0.44020540310794576 0.05500067496485236 -0.896210984549945
vn -0.43359748452765395 0.0630996315212948 -0.8988946867754686
vn -0.47829854070686406 0 -0.8781973046859597
vn -0.44020540310794576 0.05500067496485236 -0.896210984549945
vn -0.44020540310794576 0.05500067496485236 -0.896210984549945
vn -0.47829854070686406 0 -0.8781973046859597
vn -0.4721964395742145 0 -0.8814933479348754
vn -0.47829854070686406 0 -0.8781973046859597
vn -0.5029040570770381 -0.007800063111735828 -0.8643070452049482
vn -0.4721964395742145 0 -0.8814933479348754
vn -0.5029040570770381 -0.007800063111735828 -0.8643070452049482
vn -0.47829854070686406 0 -0.8781973046859597
vn -0.5029193742014184 0 -0.8643333286717884
vn -0.5023042568475264 0.0471003950472179 -0.8634071961358963
vn -0.5029040570770381 -0.007800063111735828 -0.8643070452049482
vn -0.5029193742014184 0 -0.8643333286717884
vn -0.5029040570770381 -0.007800063111735828 -0.8643070452049482
vn -0.5023042568475264 0.0471003950472179 -0.8634071961358963
vn -0.4960146184686535 0.06300186284991874 -0.8660255559409525
vn -0.5023042568475264 0.0471003950472179 -0.8634071961358963
vn -0.45570335989810923 -0.06290046290964603 -0.8879065150922854
vn -0.4960146184686535 0.06300186284991874 -0.8660255559409525
vn -0.4960146184686535 0.06300186284991874 -0.8660255559409525
vn -0.45570335989810923 -0.06290046290964603 -0.8879065150922854
vn -0.46549300572603464 -0.04729928944608294 -0.8837867609542688
vn -0.45570335989810923 -0.06290046290964603 -0.8879065150922854
vn -0.44921676109869996 -0.1813067676534977 -0.8748326454534227
vn -0.46549300572603464 -0.04729928944608294 -0.8837867609542688
vn -0.44921676109869996 -0.1813067676534977 -0.8748326454534227
vn -0.45570335989810923 -0.06290046290964603 -0.8879065150922854
vn -0.46672093544153403 -0.15820710251141068 -0.8701391159668226
vn -0.46672093544153403 -0.15820710251141068 -0.8701391159668226
vn -0.5225861609718297 -0.09499747944153505 -0.8472775125426616
vn -0.44921676109869996 -0.1813067676534977 -0.8748326454534227
vn -0.5225861609718297 -0.09499747944153505 -0.8472775125426616
vn -0.46672093544153403 -0.15820710251141068 -0.8701391159668226
vn -0.55000013792097 -0.06280000585369597 -0.8328001005953889
vn -0.55000013792097 -0.06280000585369597 -0.8328001005953889
vn -0.6237116410397304 -0.007900146709694838 -0.7816145958933286
vn -0.5225861609718297 -0.09499747944153505 -0.8472775125426616
vn -0.6237116410397304 -0.007900146709694838 -0.7816145958933286
vn -0.55000013792097 -0.06280000585369597 -0.8328001005953889
vn -0.6323716100207738 0 -0.7746651837017939
vn -0.6323716100207738 0 -0.7746651837017939
vn -0.6667979827186973 0.007799975889379022 -0.7451976990157718
vn -0.6237116410397304 -0.007900146709694838 -0.7816145958933286
vn -0.6667979827186973 0.007799975889379022 -0.7451976990157718
vn -0.6323716100207738 0 -0.7746651837017939
vn -0.6667979827186973 0.007799975889379022 -0.7451976990157718
vn 0 0 -1
vn 0 0 -1
vn 0 0 -1
vn 0 0 -1
vn 0 0 -1
vn 0 0 -1
vn 0 0 -1
vn 0 0 -1
vn 0 0 -1
vn 0 0 -1
vn 0 0 -1
vn 0 0 -1
vn 0.5121691303660577 -0.007899523830996217 -0.8588482866160472
vn 0.5295051886080758 -0.13430130364403056 -0.8376081512716074
vn 0.5295051886080758 -0.13430130364403056 -0.8376081512716074
vn 0.5295051886080758 -0.13430130364403056 -0.8376081512716074
vn 0.5121691303660577 -0.007899523830996217 -0.8588482866160472
vn 0.512185139791024 0 -0.858875068084555
vn 0.5121691303660577 -0.007899523830996217 -0.8588482866160472
vn 0.5187114520187828 0.10220225240136462 -0.8488186668238711
vn 0.512185139791024 0 -0.858875068084555
vn 0.5187114520187828 0.10220225240136462 -0.8488186668238711
vn 0.5121691303660577 -0.007899523830996217 -0.8588482866160472
vn 0.5340091541639579 0.09420161615835182 -0.840214424288377
vn 0.5680705728723654 0.06309673739424997 -0.8205575092378741
vn 0.5187114520187828 0.10220225240136462 -0.8488186668238711
vn 0.5340091541639579 0.09420161615835182 -0.840214424288377
vn 0.5649065219088507 0.04710054267314235 -0.8238095413290264
vn 0.5187114520187828 0.10220225240136462 -0.8488186668238711
vn 0.5680705728723654 0.06309673739424997 -0.8205575092378741
vn 0.5681171410772229 0.06310190998288565 -0.8205248704157325
vn 0.5598819805172206 0.03149898696492644 -0.8279734184817155
vn 0.5649065219088507 0.04710054267314235 -0.8238095413290264
vn 0.5418983131413025 -0.015699951063825403 -0.8402974055363995
vn 0.5649065219088507 0.04710054267314235 -0.8238095413290264
vn 0.5598819805172206 0.03149898696492644 -0.8279734184817155
vn 0.5598819805172206 0.03149898696492644 -0.8279734184817155
vn 0.5360848911678132 -0.03149911393468461 -0.8435761941181863
vn 0.5418983131413025 -0.015699951063825403 -0.8402974055363995
vn 0.549996658671101 -0.06289961013029183 -0.832794881406029
vn 0.5418983131413025 -0.015699951063825403 -0.8402974055363995
vn 0.5360848911678132 -0.03149911393468461 -0.8435761941181863
vn 0.5360848911678132 -0.03149911393468461 -0.8435761941181863
vn 0.537074497299892 -0.1026951206435416 -0.8372602322731426
vn 0.549996658671101 -0.06289961013029183 -0.832794881406029
vn 0.5431151257886633 -0.09450262554947493 -0.8343232070989156
vn 0.549996658671101 -0.06289961013029183 -0.832794881406029
vn 0.537074497299892 -0.1026951206435416 -0.8372602322731426
vn 0.537074497299892 -0.1026951206435416 -0.8372602322731426
vn 0.5452117803528578 -0.1659035945283895 -0.8217177811676141
vn 0.5431151257886633 -0.09450262554947493 -0.8343232070989156
vn 0.5452117803528578 -0.1659035945283895 -0.8217177811676141
vn 0.537074497299892 -0.1026951206435416 -0.8372602322731426
vn 0.5499966667842742 -0.17279894421366576 -0.8170949708600773
vn 0.5499966667842742 -0.17279894421366576 -0.8170949708600773
vn 0.567218007217413 -0.21270674525594924 -0.7956252716014792
vn 0.5452117803528578 -0.1659035945283895 -0.8217177811676141
vn 0.567218007217413 -0.21270674525594924 -0.7956252716014792
vn 0.5452117803528578 -0.1659035945283895 -0.8217177811676141
vn 0.567218007217413 -0.21270674525594924 -0.7956252716014792
vn 0 0 -1
vn 0 0 -1
vn 0 0 -1
vn 0 0 -1
vn 0 0 -1
vn 0 0 -1
vn 0 0 -1
vn 0 0 -1
vn 0 0 -1
vn 0 0 -1
vn 0 0 -1
vn 0 0 -1
vn 0 0 -1
vn 0 0 -1
vn 0 0 -1
vn 0 0 -1
vn 0 0 -1
vn 0 0 -1
vn 0 0 -1
vn 0 0 -1
vn 0 0 -1
vn 0 0 -1
vn 0 0 -1
vn 0 0 -1
vn 0 0 -1
vn 0 0 -1
vn 0 0 -1
vn 0 0 -1
vn 0 0 -1
vn 0 0 -1
vn 0 0 -1
vn 0 0 -1
vn 0 0 -1
vn 0 0 -1
vn 0 0 -1
vn 0 0 -1
vn 0 0 -1
vn 0 0 -1
vn 0 0 -1
vn 0 0 -1
vn 0 0 -1
vn 0 0 -1
vn 0 0 -1
vn 0 0 -1
vn 0 0 -1
vn 0 0 -1
vn 0 0 -1
vn 0 0 -1
vn 0 0 -1
vn 0 0 -1
vn 0 0 -1
vn 0 0 -1
vn 0 0 -1
vn 0 0 -1
vn 0 0 -1
vn 0 0 -1
vn 0 0 -1
vn 0 0 -1
vn 0 0 -1
vn 0 0 -1
vn 0 0 -1
vn 0 0 -1
vn 0 0 -1
vn 0 0 -1
vn 0 0 -1
vn 0 0 -1
vn 0 0 -1
vn 0 0 -1
vn 0 0 -1
vn 0 0 -1
vn 0 0 -1
vn 0 0 -1
vn 0 0 -1
vn 0 0 -1
vn 0 0 -1
vn 0 0 -1
vn 0 0 -1
vn 0 0 -1
f 1/1/1 2/2/2 3/3/3
f 4/4/4 5/5/5 6/6/6
f 7/7/7 8/8/8 9/9/9
f 10/10/10 11/11/11 12/12/12
f 13/13/13 14/14/14 15/15/15
f 16/16/16 17/17/17 18/18/18
f 19/19/19 20/20/20 21/21/21
f 22/22/22 23/23/23 24/24/24
f 25/25/25 26/26/26 27/27/27
f 28/28/28 29/29/29 30/30/30
f 31/31/31 32/32/32 33/33/33
f 34/34/34 35/35/35 36/36/36
f 37/37/37 38/38/38 39/39/39
f 40/40/40 41/41/41 42/42/42
f 43/43/43 44/44/44 45/45/45
f 46/46/46 47/47/47 48/48/48
f 49/49/49 50/50/50 51/51/51
f 52/52/52 53/53/53 54/54/54
f 55/55/55 56/56/56 57/57/57
f 58/58/58 59/59/59 60/60/60
f 61/61/61 62/62/62 63/63/63
f 64/64/64 65/65/65 66/66/66
f 67/67/67 68/68/68 69/69/69
f 70/70/70 71/71/71 72/72/72
f 73/73/73 74/74/74 75/75/75
f 76/76/76 77/77/77 78/78/78
f 79/79/79 80/80/80 81/81/81
f 82/82/82 83/83/83 84/84/84
f 85/85/85 86/86/86 87/87/87
f 88/88/88 89/89/89 90/90/90
f 91/91/91 92/92/92 93/93/93
f 94/94/94 95/95/95 96/96/96
f 97/97/97 98/98/98 99/99/99
f 100/100/100 101/101/101 102/102/102
f 103/103/103 104/104/104 105/105/105
f 106/106/106 107/107/107 108/108/108
f 109/109/109 110/110/110 111/111/111
f 112/112/112 113/113/113 114/114/114
f 115/115/115 116/116/116 117/117/117
f 118/118/118 119/119/119 120/120/120
f 121/121/121 122/122/122 123/123/123
f 124/124/124 125/125/125 126/126/126
f 127/127/127 128/128/128 129/129/129
f 130/130/130 131/131/131 132/132/132
f 133/133/133 134/134/134 135/135/135
f 136/136/136 137/137/137 138/138/138
f 139/139/139 140/140/140 141/141/141
f 142/142/142 143/143/143 144/144/144
f 145/145/145 146/146/146 147/147/147
f 148/148/148 149/149/149 150/150/150
f 151/151/151 152/152/152 153/153/153
f 154/154/154 155/155/155 156/156/156
f 157/157/157 158/158/158 159/159/159
f 160/160/160 161/161/161 162/162/162
f 163/163/163 164/164/164 165/165/165
f 166/166/166 167/167/167 168/168/168
f 169/169/169 170/170/170 171/171/171
f 172/172/172 173/173/173 174/174/174
f 175/175/175 176/176/176 177/177/177
f 178/178/178 179/179/179 180/180/180
f 181/181/181 182/182/182 183/183/183
f 184/184/184 185/185/185 186/186/186
f 187/187/187 188/188/188 189/189/189
f 190/190/190 191/191/191 192/192/192
f 193/193/193 194/194/194 195/195/195
f 196/196/196 197/197/197 198/198/198
f 199/199/199 200/200/200 201/201/201
f 202/202/202 203/203/203 204/204/204
f 205/205/205 206/206/206 207/207/207
f 208/208/208 209/209/209 210/210/210
f 211/211/211 212/212/212 213/213/213
f 214/214/214 215/215/215 216/216/216
f 217/217/217 218/218/218 219/219/219
f 220/220/220 221/221/221 222/222/222
f 223/223/223 224/224/224 225/225/225
f 226/226/226 227/227/227 228/228/228
f 229/229/229 230/230/230 231/231/231
f 232/232/232 233/233/233 234/234/234
f 235/235/235 236/236/236 237/237/237
f 238/238/238 239/239/239 240/240/240
f 241/241/241 242/242/242 243/243/243
f 244/244/244 245/245/245 246/246/246
f 247/247/247 248/248/248 249/249/249
f 250/250/250 251/251/251 252/252/252
f 253/253/253 254/254/254 255/255/255
f 256/256/256 257/257/257 258/258/258
f 259/259/259 260/260/260 261/261/261
f 262/262/262 263/263/263 264/264/264
f 265/265/265 266/266/266 267/267/267
f 268/268/268 269/269/269 270/270/270
f 271/271/271 272/272/272 273/273/273
f 274/274/274 275/275/275 276/276/276
f 277/277/277 278/278/278 279/279/279
f 280/280/280 281/281/281 282/282/282
f 283/283/283 284/284/284 285/285/285
f 286/286/286 287/287/287 288/288/288
f 289/289/289 290/290/290 291/291/291
f 292/292/292 293/293/293 294/294/294
f 295/295/295 296/296/296 297/297/297
f 298/298/298 299/299/299 300/300/300
f 301/301/301 302/302/302 303/303/303
f 304/304/304 305/305/305 306/306/306
f 307/307/307 308/308/308 309/309/309
f 310/310/310 311/311/311 312/312/312
f 313/313/313 314/314/314 315/315/315
f 316/316/316 317/317/317 318/318/318
f 319/319/319 320/320/320 321/321/321
f 322/322/322 323/323/323 324/324/324
f 325/325/325 326/326/326 327/327/327
f 328/328/328 329/329/329 330/330/330
f 331/331/331 332/332/332 333/333/333
f 334/334/334 335/335/335 336/336/336
f 337/337/337 338/338/338 339/339/339
f 340/340/340 341/341/341 342/342/342
f 343/343/343 344/344/344 345/345/345
f 346/346/346 347/347/347 348/348/348
f 349/349/349 350/350/350 351/351/351
f 352/352/352 353/353/353 354/354/354
f 355/355/355 356/356/356 357/357/357
f 358/358/358 359/359/359 360/360/360
f 361/361/361 362/362/362 363/363/363
f 364/364/364 365/365/365 366/366/366
f 367/367/367 368/368/368 369/369/369
f 370/370/370 371/371/371 372/372/372
f 373/373/373 374/374/374 375/375/375
f 376/376/376 377/377/377 378/378/378
f 379/379/379 380/380/380 381/381/381
f 382/382/382 383/383/383 384/384/384
f 385/385/385 386/386/386 387/387/387
f 388/388/388 389/389/389 390/390/390
f 391/391/391 392/392/392 393/393/393
f 394/394/394 395/395/395 396/396/396
f 397/397/397 398/398/398 399/399/399
f 400/400/400 401/401/401 402/402/402
f 403/403/403 404/404/404 405/405/405
f 406/406/406 407/407/407 408/408/408
f 409/409/409 410/410/410 411/411/411
f 412/412/412 413/413/413 414/414/414
f 415/415/415 416/416/416 417/417/417
f 418/418/418 419/419/419 420/420/420
f 421/421/421 422/422/422 423/423/423
f 424/424/424 425/425/425 426/426/426
f 427/427/427 428/428/428 429/429/429
f 430/430/430 431/431/431 432/432/432
f 433/433/433 434/434/434 435/435/435
f 436/436/436 437/437/437 438/438/438
f 439/439/439 440/440/440 441/441/441
f 442/442/442 443/443/443 444/444/444
f 445/445/445 446/446/446 447/447/447
f 448/448/448 449/449/449 450/450/450
f 451/451/451 452/452/452 453/453/453
f 454/454/454 455/455/455 456/456/456
f 457/457/457 458/458/458 459/459/459
f 460/460/460 461/461/461 462/462/462
f 463/463/463 464/464/464 465/465/465
f 466/466/466 467/467/467 468/468/468
f 469/469/469 470/470/470 471/471/471
f 472/472/472 473/473/473 474/474/474
f 475/475/475 476/476/476 477/477/477
f 478/478/478 479/479/479 480/480/480
f 481/481/481 482/482/482 483/483/483
f 484/484/484 485/485/485 486/486/486
f 487/487/487 488/488/488 489/489/489
f 490/490/490 491/491/491 492/492/492
f 493/493/493 494/494/494 495/495/495
f 496/496/496 497/497/497 498/498/498
f 499/499/499 500/500/500 501/501/501
f 502/502/502 503/503/503 504/504/504
f 505/505/505 506/506/506 507/507/507
f 508/508/508 509/509/509 510/510/510
f 511/511/511 512/512/512 513/513/513
f 514/514/514 515/515/515 516/516/516
f 517/517/517 518/518/518 519/519/519
f 520/520/520 521/521/521 522/522/522
f 523/523/523 524/524/524 525/525/525
f 526/526/526 527/527/527 528/528/528
f 529/529/529 530/530/530 531/531/531
f 532/532/532 533/533/533 534/534/534
f 535/535/535 536/536/536 537/537/537
f 538/538/538 539/539/539 540/540/540
f 541/541/541 542/542/542 543/543/543
f 544/544/544 545/545/545 546/546/546
f 547/547/547 548/548/548 549/549/549
f 550/550/550 551/551/551 552/552/552
f 553/553/553 554/554/554 555/555/555
f 556/556/556 557/557/557 558/558/558
f 559/559/559 560/560/560 561/561/561
f 562/562/562 563/563/563 564/564/564
f 565/565/565 566/566/566 567/567/567
f 568/568/568 569/569/569 570/570/570
f 571/571/571 572/572/572 573/573/573
f 574/574/574 575/575/575 576/576/576
f 577/577/577 578/578/578 579/579/579
f 580/580/580 581/581/581 582/582/582
f 583/583/583 584/584/584 585/585/585
f 586/586/586 587/587/587 588/588/588
f 589/589/589 590/590/590 591/591/591
f 592/592/592 593/593/593 594/594/594
f 595/595/595 596/596/596 597/597/597
f 598/598/598 599/599/599 600/600/600
f 601/601/601 602/602/602 603/603/603
f 604/604/604 605/605/605 606/606/606
f 607/607/607 608/608/608 609/609/609
f 610/610/610 611/611/611 612/612/612
f 613/613/613 614/614/614 615/615/615
f 616/616/616 617/617/617 618/618/618
f 619/619/619 620/620/620 621/621/621
f 622/622/622 623/623/623 624/624/624
f 625/625/625 626/626/626 627/627/627
f 628/628/628 629/629/629 630/630/630
f 631/631/631 632/632/632 633/633/633
f 634/634/634 635/635/635 636/636/636
f 637/637/637 638/638/638 639/639/639
f 640/640/640 641/641/641 642/642/642
f 643/643/643 644/644/644 645/645/645
f 646/646/646 647/647/647 648/648/648
f 649/649/649 650/650/650 651/651/651
f 652/652/652 653/653/653 654/654/654
f 655/655/655 656/656/656 657/657/657
f 658/658/658 659/659/659 660/660/660
f 661/661/661 662/662/662 663/663/663
f 664/664/664 665/665/665 666/666/666
f 667/667/667 668/668/668 669/669/669
f 670/670/670 671/671/671 672/672/672
f 673/673/673 674/674/674 675/675/675
f 676/676/676 677/677/677 678/678/678
f 679/679/679 680/680/680 681/681/681
f 682/682/682 683/683/683 684/684/684
f 685/685/685 686/686/686 687/687/687
f 688/688/688 689/689/689 690/690/690
f 691/691/691 692/692/692 693/693/693
f 694/694/694 695/695/695 696/696/696
f 697/697/697 698/698/698 699/699/699
f 700/700/700 701/701/701 702/702/702
f 703/703/703 704/704/704 705/705/705
f 706/706/706 707/707/707 708/708/708
f 709/709/709 710/710/710 711/711/711
f 712/712/712 713/713/713 714/714/714
f 715/715/715 716/716/716 717/717/717
f 718/718/718 719/719/719 720/720/720
f 721/721/721 722/722/722 723/723/723
f 724/724/724 725/725/725 726/726/726
f 727/727/727 728/728/728 729/729/729
f 730/730/730 731/731/731 732/732/732
f 733/733/733 734/734/734 735/735/735
f 736/736/736 737/737/737 738/738/738
f 739/739/739 740/740/740 741/741/741
f 742/742/742 743/743/743 744/744/744
f 745/745/745 746/746/746 747/747/747
f 748/748/748 749/749/749 750/750/750
f 751/751/751 752/752/752 753/753/753
f 754/754/754 755/755/755 756/756/756
f 757/757/757 758/758/758 759/759/759
f 760/760/760 761/761/761 762/762/762
f 763/763/763 764/764/764 765/765/765
f 766/766/766 767/767/767 768/768/768
f 769/769/769 770/770/770 771/771/771
f 772/772/772 773/773/773 774/774/774
f 775/775/775 776/776/776 777/777/777
f 778/778/778 779/779/779 780/780/780
f 781/781/781 782/782/782 783/783/783
f 784/784/784 785/785/785 786/786/786
f 787/787/787 788/788/788 789/789/789
f 790/790/790 791/791/791 792/792/792
f 793/793/793 794/794/794 795/795/795
f 796/796/796 797/797/797 798/798/798
f 799/799/799 800/800/800 801/801/801
f 802/802/802 803/803/803 804/804/804
f 805/805/805 806/806/806 807/807/807
f 808/808/808 809/809/809 810/810/810
f 811/811/811 812/812/812 813/813/813
f 814/814/814 815/815/815 816/816/816
f 817/817/817 818/818/818 819/819/819
f 820/820/820 821/821/821 822/822/822
f 823/823/823 824/824/824 825/825/825
f 826/826/826 827/827/827 828/828/828
f 829/829/829 830/830/830 831/831/831
f 832/832/832 833/833/833 834/834/834
f 835/835/835 836/836/836 837/837/837
f 838/838/838 839/839/839 840/840/840
f 841/841/841 842/842/842 843/843/843
f 844/844/844 845/845/845 846/846/846
f 847/847/847 848/848/848 849/849/849
f 850/850/850 851/851/851 852/852/852
f 853/853/853 854/854/854 855/855/855
f 856/856/856 857/857/857 858/858/858
f 859/859/859 860/860/860 861/861/861
f 862/862/862 863/863/863 864/864/864
f 865/865/865 866/866/866 867/867/867
f 868/868/868 869/869/869 870/870/870
f 871/871/871 872/872/872 873/873/873
f 874/874/874 875/875/875 876/876/876
f 877/877/877 878/878/878 879/879/879
f 880/880/880 881/881/881 882/882/882
f 883/883/883 884/884/884 885/885/885
f 886/886/886 887/887/887 888/888/888
f 889/889/889 890/890/890 891/891/891
f 892/892/892 893/893/893 894/894/894
f 895/895/895 896/896/896 897/897/897
f 898/898/898 899/899/899 900/900/900
f 901/901/901 902/902/902 903/903/903
f 904/904/904 905/905/905 906/906/906
f 907/907/907 908/908/908 909/909/909
f 910/910/910 911/911/911 912/912/912
f 913/913/913 914/914/914 915/915/915
f 916/916/916 917/917/917 918/918/918
f 919/919/919 920/920/920 921/921/921
f 922/922/922 923/923/923 924/924/924
f 925/925/925 926/926/926 927/927/927
f 928/928/928 929/929/929 930/930/930
f 931/931/931 932/932/932 933/933/933
f 934/934/934 935/935/935 936/936/936
f 937/937/937 938/938/938 939/939/939
f 940/940/940 941/941/941 942/942/942
f 943/943/943 944/944/944 945/945/945
f 946/946/946 947/947/947 948/948/948
f 949/949/949 950/950/950 951/951/951
f 952/952/952 953/953/953 954/954/954
f 955/955/955 956/956/956 957/957/957
f 958/958/958 959/959/959 960/960/960
f 961/961/961 962/962/962 963/963/963
f 964/964/964 965/965/965 966/966/966
f 967/967/967 968/968/968 969/969/969
f 970/970/970 971/971/971 972/972/972
f 973/973/973 974/974/974 975/975/975
f 976/976/976 977/977/977 978/978/978
f 979/979/979 980/980/980 981/981/981
f 982/982/982 983/983/983 984/984/984
f 985/985/985 986/986/986 987/987/987
f 988/988/988 989/989/989 990/990/990
f 991/991/991 992/992/992 993/993/993
f 994/994/994 995/995/995 996/996/996
f 997/997/997 998/998/998 999/999/999
f 1000/1000/1000 1001/1001/1001 1002/1002/1002
f 1003/1003/1003 1004/1004/1004 1005/1005/1005
f 1006/1006/1006 1007/1007/1007 1008/1008/1008
f 1009/1009/1009 1010/1010/1010 1011/1011/1011
f 1012/1012/1012 1013/1013/1013 1014/1014/1014
f 1015/1015/1015 1016/1016/1016 1017/1017/1017
f 1018/1018/1018 1019/1019/1019 1020/1020/1020
f 1021/1021/1021 1022/1022/1022 1023/1023/1023
f 1024/1024/1024 1025/1025/1025 1026/1026/1026
f 1027/1027/1027 1028/1028/1028 1029/1029/1029
f 1030/1030/1030 1031/1031/1031 1032/1032/1032
f 1033/1033/1033 1034/1034/1034 1035/1035/1035
f 1036/1036/1036 1037/1037/1037 1038/1038/1038
f 1039/1039/1039 1040/1040/1040 1041/1041/1041
f 1042/1042/1042 1043/1043/1043 1044/1044/1044
f 1045/1045/1045 1046/1046/1046 1047/1047/1047
f 1048/1048/1048 1049/1049/1049 1050/1050/1050
f 1051/1051/1051 1052/1052/1052 1053/1053/1053
f 1054/1054/1054 1055/1055/1055 1056/1056/1056
f 1057/1057/1057 1058/1058/1058 1059/1059/1059
f 1060/1060/1060 1061/1061/1061 1062/1062/1062
f 1063/1063/1063 1064/1064/1064 1065/1065/1065
f 1066/1066/1066 1067/1067/1067 1068/1068/1068
f 1069/1069/1069 1070/1070/1070 1071/1071/1071
f 1072/1072/1072 1073/1073/1073 1074/1074/1074
f 1075/1075/1075 1076/1076/1076 1077/1077/1077
f 1078/1078/1078 1079/1079/1079 1080/1080/1080
f 1081/1081/1081 1082/1082/1082 1083/1083/1083
f 1084/1084/1084 1085/1085/1085 1086/1086/1086
f 1087/1087/1087 1088/1088/1088 1089/1089/1089
f 1090/1090/1090 1091/1091/1091 1092/1092/1092
f 1093/1093/1093 1094/1094/1094 1095/1095/1095
f 1096/1096/1096 1097/1097/1097 1098/1098/1098
f 1099/1099/1099 1100/1100/1100 1101/1101/1101
f 1102/1102/1102 1103/1103/1103 1104/1104/1104
f 1105/1105/1105 1106/1106/1106 1107/1107/1107
f 1108/1108/1108 1109/1109/1109 1110/1110/1110
f 1111/1111/1111 1112/1112/1112 1113/1113/1113
f 1114/1114/1114 1115/1115/1115 1116/1116/1116
f 1117/1117/1117 1118/1118/1118 1119/1119/1119
f 1120/1120/1120 1121/1121/1121 1122/1122/1122
f 1123/1123/1123 1124/1124/1124 1125/1125/1125
f 1126/1126/1126 1127/1127/1127 1128/1128/1128
f 1129/1129/1129 1130/1130/1130 1131/1131/1131
f 1132/1132/1132 1133/1133/1133 1134/1134/1134
f 1135/1135/1135 1136/1136/1136 1137/1137/1137
f 1138/1138/1138 1139/1139/1139 1140/1140/1140
f 1141/1141/1141 1142/1142/1142 1143/1143/1143
f 1144/1144/1144 1145/1145/1145 1146/1146/1146
f 1147/1147/1147 1148/1148/1148 1149/1149/1149
f 1150/1150/1150 1151/1151/1151 1152/1152/1152
f 1153/1153/1153 1154/1154/1154 1155/1155/1155
f 1156/1156/1156 1157/1157/1157 1158/1158/1158
f 1159/1159/1159 1160/1160/1160 1161/1161/1161
f 1162/1162/1162 1163/1163/1163 1164/1164/1164
f 1165/1165/1165 1166/1166/1166 1167/1167/1167
f 1168/1168/1168 1169/1169/1169 1170/1170/1170
f 1171/1171/1171 1172/1172/1172 1173/1173/1173
f 1174/1174/1174 1175/1175/1175 1176/1176/1176
f 1177/1177/1177 1178/1178/1178 1179/1179/1179
f 1180/1180/1180 1181/1181/1181 1182/1182/1182
f 1183/1183/1183 1184/1184/1184 1185/1185/1185
f 1186/1186/1186 1187/1187/1187 1188/1188/1188
f 1189/1189/1189 1190/1190/1190 1191/1191/1191
f 1192/1192/1192 1193/1193/1193 1194/1194/1194
f 1195/1195/1195 1196/1196/1196 1197/1197/1197
f 1198/1198/1198 1199/1199/1199 1200/1200/1200
f 1201/1201/1201 1202/1202/1202 1203/1203/1203
f 1204/1204/1204 1205/1205/1205 1206/1206/1206
f 1207/1207/1207 1208/1208/1208 1209/1209/1209
f 1210/1210/1210 1211/1211/1211 1212/1212/1212
f 1213/1213/1213 1214/1214/1214 1215/1215/1215
f 1216/1216/1216 1217/1217/1217 1218/1218/1218
f 1219/1219/1219 1220/1220/1220 1221/1221/1221
f 1222/1222/1222 1223/1223/1223 1224/1224/1224
f 1225/1225/1225 1226/1226/1226 1227/1227/1227
f 1228/1228/1228 1229/1229/1229 1230/1230/1230
f 1231/1231/1231 1232/1232/1232 1233/1233/1233
f 1234/1234/1234 1235/1235/1235 1236/1236/1236
f 1237/1237/1237 1238/1238/1238 1239/1239/1239
f 1240/1240/1240 1241/1241/1241 1242/1242/1242
f 1243/1243/1243 1244/1244/1244 1245/1245/1245
f 1246/1246/1246 1247/1247/1247 1248/1248/1248
f 1249/1249/1249 1250/1250/1250 1251/1251/1251
f 1252/1252/1252 1253/1253/1253 1254/1254/1254
f 1255/1255/1255 1256/1256/1256 1257/1257/1257
f 1258/1258/1258 1259/1259/1259 1260/1260/1260
f 1261/1261/1261 1262/1262/1262 1263/1263/1263
f 1264/1264/1264 1265/1265/1265 1266/1266/1266
f 1267/1267/1267 1268/1268/1268 1269/1269/1269
f 1270/1270/1270 1271/1271/1271 1272/1272/1272
f 1273/1273/1273 1274/1274/1274 1275/1275/1275
f 1276/1276/1276 1277/1277/1277 1278/1278/1278
f 1279/1279/1279 1280/1280/1280 1281/1281/1281
f 1282/1282/1282 1283/1283/1283 1284/1284/1284
f 1285/1285/1285 1286/1286/1286 1287/1287/1287
f 1288/1288/1288 1289/1289/1289 1290/1290/1290
f 1291/1291/1291 1292/1292/1292 1293/1293/1293
f 1294/1294/1294 1295/1295/1295 1296/1296/1296
f 1297/1297/1297 1298/1298/1298 1299/1299/1299
f 1300/1300/1300 1301/1301/1301 1302/1302/1302
f 1303/1303/1303 1304/1304/1304 1305/1305/1305
f 1306/1306/1306 1307/1307/1307 1308/1308/1308
f 1309/1309/1309 1310/1310/1310 1311/1311/1311
f 1312/1312/1312 1313/1313/1313 1314/1314/1314
f 1315/1315/1315 1316/1316/1316 1317/1317/1317
f 1318/1318/1318 1319/1319/1319 1320/1320/1320
f 1321/1321/1321 1322/1322/1322 1323/1323/1323
f 1324/1324/1324 1325/1325/1325 1326/1326/1326
f 1327/1327/1327 1328/1328/1328 1329/1329/1329
f 1330/1330/1330 1331/1331/1331 1332/1332/1332
f 1333/1333/1333 1334/1334/1334 1335/1335/1335
f 1336/1336/1336 1337/1337/1337 1338/1338/1338
f 1339/1339/1339 1340/1340/1340 1341/1341/1341
f 1342/1342/1342 1343/1343/1343 1344/1344/1344
f 1345/1345/1345 1346/1346/1346 1347/1347/1347
f 1348/1348/1348 1349/1349/1349 1350/1350/1350
f 1351/1351/1351 1352/1352/1352 1353/1353/1353
f 1354/1354/1354 1355/1355/1355 1356/1356/1356
f 1357/1357/1357 1358/1358/1358 1359/1359/1359
f 1360/1360/1360 1361/1361/1361 1362/1362/1362
f 1363/1363/1363 1364/1364/1364 1365/1365/1365
f 1366/1366/1366 1367/1367/1367 1368/1368/1368
f 1369/1369/1369 1370/1370/1370 1371/1371/1371
f 1372/1372/1372 1373/1373/1373 1374/1374/1374
f 1375/1375/1375 1376/1376/1376 1377/1377/1377
f 1378/1378/1378 1379/1379/1379 1380/1380/1380
f 1381/1381/1381 1382/1382/1382 1383/1383/1383
f 1384/1384/1384 1385/1385/1385 1386/1386/1386
f 1387/1387/1387 1388/1388/1388 1389/1389/1389
f 1390/1390/1390 1391/1391/1391 1392/1392/1392
f 1393/1393/1393 1394/1394/1394 1395/1395/1395
f 1396/1396/1396 1397/1397/1397 1398/1398/1398
f 1399/1399/1399 1400/1400/1400 1401/1401/1401
f 1402/1402/1402 1403/1403/1403 1404/1404/1404
f 1405/1405/1405 1406/1406/1406 1407/1407/1407
f 1408/1408/1408 1409/1409/1409 1410/1410/1410
f 1411/1411/1411 1412/1412/1412 1413/1413/1413
f 1414/1414/1414 1415/1415/1415 1416/1416/1416
f 1417/1417/1417 1418/1418/1418 1419/1419/1419
f 1420/1420/1420 1421/1421/1421 1422/1422/1422
f 1423/1423/1423 1424/1424/1424 1425/1425/1425
f 1426/1426/1426 1427/1427/1427 1428/1428/1428
f 1429/1429/1429 1430/1430/1430 1431/1431/1431
f 1432/1432/1432 1433/1433/1433 1434/1434/1434
f 1435/1435/1435 1436/1436/1436 1437/1437/1437
f 1438/1438/1438 1439/1439/1439 1440/1440/1440
f 1441/1441/1441 1442/1442/1442 1443/1443/1443
f 1444/1444/1444 1445/1445/1445 1446/1446/1446
f 1447/1447/1447 1448/1448/1448 1449/1449/1449
f 1450/1450/1450 1451/1451/1451 1452/1452/1452
f 1453/1453/1453 1454/1454/1454 1455/1455/1455
f 1456/1456/1456 1457/1457/1457 1458/1458/1458
f 1459/1459/1459 1460/1460/1460 1461/1461/1461
f 1462/1462/1462 1463/1463/1463 1464/1464/1464
f 1465/1465/1465 1466/1466/1466 1467/1467/1467
f 1468/1468/1468 1469/1469/1469 1470/1470/1470
f 1471/1471/1471 1472/1472/1472 1473/1473/1473
f 1474/1474/1474 1475/1475/1475 1476/1476/1476
f 1477/1477/1477 1478/1478/1478 1479/1479/1479
f 1480/1480/1480 1481/1481/1481 1482/1482/1482
f 1483/1483/1483 1484/1484/1484 1485/1485/1485
f 1486/1486/1486 1487/1487/1487 1488/1488/1488
f 1489/1489/1489 1490/1490/1490 1491/1491/1491
f 1492/1492/1492 1493/1493/1493 1494/1494/1494
f 1495/1495/1495 1496/1496/1496 1497/1497/1497
f 1498/1498/1498 1499/1499/1499 1500/1500/1500
f 1501/1501/1501 1502/1502/1502 1503/1503/1503
f 1504/1504/1504 1505/1505/1505 1506/1506/1506
f 1507/1507/1507 1508/1508/1508 1509/1509/1509
f 1510/1510/1510 1511/1511/1511 1512/1512/1512
f 1513/1513/1513 1514/1514/1514 1515/1515/1515
f 1516/1516/1516 1517/1517/1517 1518/1518/1518
f 1519/1519/1519 1520/1520/1520 1521/1521/1521
f 1522/1522/1522 1523/1523/1523 1524/1524/1524
f 1525/1525/1525 1526/1526/1526 1527/1527/1527
f 1528/1528/1528 1529/1529/1529 1530/1530/1530
f 1531/1531/1531 1532/1532/1532 1533/1533/1533
f 1534/1534/1534 1535/1535/1535 1536/1536/1536
f 1537/1537/1537 1538/1538/1538 1539/1539/1539
f 1540/1540/1540 1541/1541/1541 1542/1542/1542
f 1543/1543/1543 1544/1544/1544 1545/1545/1545
f 1546/1546/1546 1547/1547/1547 1548/1548/1548
f 1549/1549/1549 1550/1550/1550 1551/1551/1551
f 1552/1552/1552 1553/1553/1553 1554/1554/1554
f 1555/1555/1555 1556/1556/1556 1557/1557/1557
f 1558/1558/1558 1559/1559/1559 1560/1560/1560
f 1561/1561/1561 1562/1562/1562 1563/1563/1563
f 1564/1564/1564 1565/1565/1565 1566/1566/1566
f 1567/1567/1567 1568/1568/1568 1569/1569/1569
f 1570/1570/1570 1571/1571/1571 1572/1572/1572
f 1573/1573/1573 1574/1574/1574 1575/1575/1575
f 1576/1576/1576 1577/1577/1577 1578/1578/1578
f 1579/1579/1579 1580/1580/1580 1581/1581/1581
f 1582/1582/1582 1583/1583/1583 1584/1584/1584
f 1585/1585/1585 1586/1586/1586 1587/1587/1587
f 1588/1588/1588 1589/1589/1589 1590/1590/1590
f 1591/1591/1591 1592/1592/1592 1593/1593/1593
f 1594/1594/1594 1595/1595/1595 1596/1596/1596
f 1597/1597/1597 1598/1598/1598 1599/1599/1599
f 1600/1600/1600 1601/1601/1601 1602/1602/1602
f 1603/1603/1603 1604/1604/1604 1605/1605/1605
f 1606/1606/1606 1607/1607/1607 1608/1608/1608
f 1609/1609/1609 1610/1610/1610 1611/1611/1611
f 1612/1612/1612 1613/1613/1613 1614/1614/1614
f 1615/1615/1615 1616/1616/1616 1617/1617/1617
f 1618/1618/1618 1619/1619/1619 1620/1620/1620
f 1621/1621/1621 1622/1622/1622 1623/1623/1623
f 1624/1624/1624 1625/1625/1625 1626/1626/1626
f 1627/1627/1627 1628/1628/1628 1629/1629/1629
f 1630/1630/1630 1631/1631/1631 1632/1632/1632
f 1633/1633/1633 1634/1634/1634 1635/1635/1635
f 1636/1636/1636 1637/1637/1637 1638/1638/1638
f 1639/1639/1639 1640/1640/1640 1641/1641/1641
f 1642/1642/1642 1643/1643/1643 1644/1644/1644
f 1645/1645/1645 1646/1646/1646 1647/1647/1647
f 1648/1648/1648 1649/1649/1649 1650/1650/1650
f 1651/1651/1651 1652/1652/1652 1653/1653/1653
f 1654/1654/1654 1655/1655/1655 1656/1656/1656
f 1657/1657/1657 1658/1658/1658 1659/1659/1659
f 1660/1660/1660 1661/1661/1661 1662/1662/1662
f 1663/1663/1663 1664/1664/1664 1665/1665/1665
f 1666/1666/1666 1667/1667/1667 1668/1668/1668
f 1669/1669/1669 1670/1670/1670 1671/1671/1671
f 1672/1672/1672 1673/1673/1673 1674/1674/1674
f 1675/1675/1675 1676/1676/1676 1677/1677/1677
f 1678/1678/1678 1679/1679/1679 1680/1680/1680
f 1681/1681/1681 1682/1682/1682 1683/1683/1683
f 1684/1684/1684 1685/1685/1685 1686/1686/1686
f 1687/1687/1687 1688/1688/1688 1689/1689/1689
f 1690/1690/1690 1691/1691/1691 1692/1692/1692
f 1693/1693/1693 1694/1694/1694 1695/1695/1695
f 1696/1696/1696 1697/1697/1697 1698/1698/1698
f 1699/1699/1699 1700/1700/1700 1701/1701/1701
f 1702/1702/1702 1703/1703/1703 1704/1704/1704
f 1705/1705/1705 1706/1706/1706 1707/1707/1707
f 1708/1708/1708 1709/1709/1709 1710/1710/1710
f 1711/1711/1711 1712/1712/1712 1713/1713/1713
f 1714/1714/1714 1715/1715/1715 1716/1716/1716
f 1717/1717/1717 1718/1718/1718 1719/1719/1719
f 1720/1720/1720 1721/1721/1721 1722/1722/1722
f 1723/1723/1723 1724/1724/1724 1725/1725/1725
f 1726/1726/1726 1727/1727/1727 1728/1728/1728
f 1729/1729/1729 1730/1730/1730 1731/1731/1731
f 1732/1732/1732 1733/1733/1733 1734/1734/1734
f 1735/1735/1735 1736/1736/1736 1737/1737/1737
f 1738/1738/1738 1739/1739/1739 1740/1740/1740
f 1741/1741/1741 1742/1742/1742 1743/1743/1743
f 1744/1744/1744 1745/1745/1745 1746/1746/1746
f 1747/1747/1747 1748/1748/1748 1749/1749/1749
f 1750/1750/1750 1751/1751/1751 1752/1752/1752
f 1753/1753/1753 1754/1754/1754 1755/1755/1755
f 1756/1756/1756 1757/1757/1757 1758/1758/1758
f 1759/1759/1759 1760/1760/1760 1761/1761/1761
f 1762/1762/1762 1763/1763/1763 1764/1764/1764
f 1765/1765/1765 1766/1766/1766 1767/1767/1767
f 1768/1768/1768 1769/1769/1769 1770/1770/1770
f 1771/1771/1771 1772/1772/1772 1773/1773/1773
f 1774/1774/1774 1775/1775/1775 1776/1776/1776
f 1777/1777/1777 1778/1778/1778 1779/1779/1779
f 1780/1780/1780 1781/1781/1781 1782/1782/1782
f 1783/1783/1783 1784/1784/1784 1785/1785/1785
f 1786/1786/1786 1787/1787/1787 1788/1788/1788
f 1789/1789/1789 1790/1790/1790 1791/1791/1791
f 1792/1792/1792 1793/1793/1793 1794/1794/1794
f 1795/1795/1795 1796/1796/1796 1797/1797/1797
f 1798/1798/1798 1799/1799/1799 1800/1800/1800
f 1801/1801/1801 1802/1802/1802 1803/1803/1803
f 1804/1804/1804 1805/1805/1805 1806/1806/1806
f 1807/1807/1807 1808/1808/1808 1809/1809/1809
f 1810/1810/1810 1811/1811/1811 1812/1812/1812
f 1813/1813/1813 1814/1814/1814 1815/1815/1815
f 1816/1816/1816 1817/1817/1817 1818/1818/1818
f 1819/1819/1819 1820/1820/1820 1821/1821/1821
f 1822/1822/1822 1823/1823/1823 1824/1824/1824
f 1825/1825/1825 1826/1826/1826 1827/1827/1827
f 1828/1828/1828 1829/1829/1829 1830/1830/1830
f 1831/1831/1831 1832/1832/1832 1833/1833/1833
f 1834/1834/1834 1835/1835/1835 1836/1836/1836
f 1837/1837/1837 1838/1838/1838 1839/1839/1839
f 1840/1840/1840 1841/1841/1841 1842/1842/1842
f 1843/1843/1843 1844/1844/1844 1845/1845/1845
f 1846/1846/1846 1847/1847/1847 1848/1848/1848
f 1849/1849/1849 1850/1850/1850 1851/1851/1851
f 1852/1852/1852 1853/1853/1853 1854/1854/1854
f 1855/1855/1855 1856/1856/1856 1857/1857/1857
f 1858/1858/1858 1859/1859/1859 1860/1860/1860
f 1861/1861/1861 1862/1862/1862 1863/1863/1863
f 1864/1864/1864 1865/1865/1865 1866/1866/1866
f 1867/1867/1867 1868/1868/1868 1869/1869/1869
f 1870/1870/1870 1871/1871/1871 1872/1872/1872
f 1873/1873/1873 1874/1874/1874 1875/1875/1875
f 1876/1876/1876 1877/1877/1877 1878/1878/1878
f 1879/1879/1879 1880/1880/1880 1881/1881/1881
f 1882/1882/1882 1883/1883/1883 1884/1884/1884
f 1885/1885/1885 1886/1886/1886 1887/1887/1887
f 1888/1888/1888 1889/1889/1889 1890/1890/1890
f 1891/1891/1891 1892/1892/1892 1893/1893/1893
f 1894/1894/1894 1895/1895/1895 1896/1896/1896
f 1897/1897/1897 1898/1898/1898 1899/1899/1899
f 1900/1900/1900 1901/1901/1901 1902/1902/1902
f 1903/1903/1903 1904/1904/1904 1905/1905/1905
f 1906/1906/1906 1907/1907/1907 1908/1908/1908
f 1909/1909/1909 1910/1910/1910 1911/1911/1911
f 1912/1912/1912 1913/1913/1913 1914/1914/1914
f 1915/1915/1915 1916/1916/1916 1917/1917/1917
f 1918/1918/1918 1919/1919/1919 1920/1920/1920
f 1921/1921/1921 1922/1922/1922 1923/1923/1923
f 1924/1924/1924 1925/1925/1925 1926/1926/1926
f 1927/1927/1927 1928/1928/1928 1929/1929/1929
f 1930/1930/1930 1931/1931/1931 1932/1932/1932
f 1933/1933/1933 1934/1934/1934 1935/1935/1935
f 1936/1936/1936 1937/1937/1937 1938/1938/1938
f 1939/1939/1939 1940/1940/1940 1941/1941/1941
f 1942/1942/1942 1943/1943/1943 1944/1944/1944
f 1945/1945/1945 1946/1946/1946 1947/1947/1947
f 1948/1948/1948 1949/1949/1949 1950/1950/1950
f 1951/1951/1951 1952/1952/1952 1953/1953/1953
f 1954/1954/1954 1955/1955/1955 1956/1956/1956
f 1957/1957/1957 1958/1958/1958 1959/1959/1959
f 1960/1960/1960 1961/1961/1961 1962/1962/1962
f 1963/1963/1963 1964/1964/1964 1965/1965/1965
f 1966/1966/1966 1967/1967/1967 1968/1968/1968
f 1969/1969/1969 1970/1970/1970 1971/1971/1971
f 1972/1972/1972 1973/1973/1973 1974/1974/1974
f 1975/1975/1975 1976/1976/1976 1977/1977/1977
f 1978/1978/1978 1979/1979/1979 1980/1980/1980
f 1981/1981/1981 1982/1982/1982 1983/1983/1983
f 1984/1984/1984 1985/1985/1985 1986/1986/1986
f 1987/1987/1987 1988/1988/1988 1989/1989/1989
f 1990/1990/1990 1991/1991/1991 1992/1992/1992
f 1993/1993/1993 1994/1994/1994 1995/1995/1995
f 1996/1996/1996 1997/1997/1997 1998/1998/1998
f 1999/1999/1999 2000/2000/2000 2001/2001/2001
f 2002/2002/2002 2003/2003/2003 2004/2004/2004
f 2005/2005/2005 2006/2006/2006 2007/2007/2007
f 2008/2008/2008 2009/2009/2009 2010/2010/2010
f 2011/2011/2011 2012/2012/2012 2013/2013/2013
f 2014/2014/2014 2015/2015/2015 2016/2016/2016
f 2017/2017/2017 2018/2018/2018 2019/2019/2019
f 2020/2020/2020 2021/2021/2021 2022/2022/2022
f 2023/2023/2023 2024/2024/2024 2025/2025/2025
f 2026/2026/2026 2027/2027/2027 2028/2028/2028
f 2029/2029/2029 2030/2030/2030 2031/2031/2031
f 2032/2032/2032 2033/2033/2033 2034/2034/2034
f 2035/2035/2035 2036/2036/2036 2037/2037/2037
f 2038/2038/2038 2039/2039/2039 2040/2040/2040
f 2041/2041/2041 2042/2042/2042 2043/2043/2043
f 2044/2044/2044 2045/2045/2045 2046/2046/2046
f 2047/2047/2047 2048/2048/2048 2049/2049/2049
f 2050/2050/2050 2051/2051/2051 2052/2052/2052
f 2053/2053/2053 2054/2054/2054 2055/2055/2055
f 2056/2056/2056 2057/2057/2057 2058/2058/2058
f 2059/2059/2059 2060/2060/2060 2061/2061/2061
f 2062/2062/2062 2063/2063/2063 2064/2064/2064
f 2065/2065/2065 2066/2066/2066 2067/2067/2067
f 2068/2068/2068 2069/2069/2069 2070/2070/2070
f 2071/2071/2071 2072/2072/2072 2073/2073/2073
f 2074/2074/2074 2075/2075/2075 2076/2076/2076
f 2077/2077/2077 2078/2078/2078 2079/2079/2079
f 2080/2080/2080 2081/2081/2081 2082/2082/2082
