o 
v -1.876757025718689 0.2689786215181747 0.20187599956989288
v -1.847411036491394 0.03427262947515636 -0.18076300621032715
v -1.847411036491394 0.03427262947515636 0.18076300621032715
v -1.847411036491394 0.03427262947515636 -0.18076300621032715
v -1.876757025718689 0.2689786215181747 0.20187599956989288
v -1.876757025718689 0.2689786215181747 -0.20187599956989288
v -1.847411036491394 -0.200432364190062 -0.18076300621032715
v -1.847411036491394 0.03427262947515636 0.18076300621032715
v -1.847411036491394 0.03427262947515636 -0.18076300621032715
v -1.847411036491394 0.03427262947515636 0.18076300621032715
v -1.847411036491394 -0.200432364190062 -0.18076300621032715
v -1.847411036491394 -0.200432364190062 0.18076300621032715
v -1.876757025718689 -0.43513736530586095 -0.20187599956989288
v -1.847411036491394 -0.200432364190062 0.18076300621032715
v -1.847411036491394 -0.200432364190062 -0.18076300621032715
v -1.847411036491394 -0.200432364190062 0.18076300621032715
v -1.876757025718689 -0.43513736530586095 -0.20187599956989288
v -1.876757025718689 -0.43513736530586095 0.20187599956989288
v 1.9750109910964966 0.1671666313763061 2.41869093418163e-16
v 1.9750109910964966 0.16662962332920223 -0.050645001232624054
v 1.9750109910964966 0.1876076270695129 2.41869093418163e-16
v 1.9750109910964966 0.16662962332920223 0.050645001232624054
v 1.9750109910964966 0.1671666313763061 2.41869093418163e-16
v 1.9750109910964966 0.1876076270695129 2.41869093418163e-16
v 1.9750109910964966 0.16662962332920223 -0.050645001232624054
v 1.9750109910964966 0.1671666313763061 2.41869093418163e-16
v 1.9750109910964966 0.15217563108162074 -0.036191001534461975
v 1.9750109910964966 0.1671666313763061 2.41869093418163e-16
v 1.9750109910964966 0.16662962332920223 0.050645001232624054
v 1.9750109910964966 0.15217563108162074 0.036191001534461975
v 1.9750109910964966 0.11598462954715877 -0.05118200182914734
v 1.9750109910964966 0.16662962332920223 -0.050645001232624054
v 1.9750109910964966 0.15217563108162074 -0.036191001534461975
v 1.9750109910964966 0.11598462954715877 0.05118200182914734
v 1.9750109910964966 0.15217563108162074 0.036191001534461975
v 1.9750109910964966 0.16662962332920223 0.050645001232624054
v 1.9750109910964966 0.16662962332920223 -0.050645001232624054
v 1.9750109910964966 0.11598462954715877 -0.05118200182914734
v 1.9750109910964966 0.11598462954715877 -0.07162299752235413
v 1.9750109910964966 0.16662962332920223 0.050645001232624054
v 1.9750109910964966 0.11598462954715877 0.07162299752235413
v 1.9750109910964966 0.11598462954715877 0.05118200182914734
v 1.9750109910964966 0.11598462954715877 -0.05118200182914734
v 1.9750109910964966 0.06533962831453471 -0.050645001232624054
v 1.9750109910964966 0.11598462954715877 -0.07162299752235413
v 1.9750109910964966 0.06533962831453471 0.050645001232624054
v 1.9750109910964966 0.11598462954715877 0.05118200182914734
v 1.9750109910964966 0.11598462954715877 0.07162299752235413
v 1.9750109910964966 0.06533962831453471 -0.050645001232624054
v 1.9750109910964966 0.11598462954715877 -0.05118200182914734
v 1.9750109910964966 0.0797936280126968 -0.036191001534461975
v 1.9750109910964966 0.11598462954715877 0.05118200182914734
v 1.9750109910964966 0.06533962831453471 0.050645001232624054
v 1.9750109910964966 0.0797936280126968 0.036191001534461975
v 1.9750109910964966 0.06480262771801143 2.41869093418163e-16
v 1.9750109910964966 0.06533962831453471 -0.050645001232624054
v 1.9750109910964966 0.0797936280126968 -0.036191001534461975
v 1.9750109910964966 0.06533962831453471 0.050645001232624054
v 1.9750109910964966 0.06480262771801143 2.41869093418163e-16
v 1.9750109910964966 0.0797936280126968 0.036191001534461975
v 1.9750109910964966 0.06533962831453471 -0.050645001232624054
v 1.9750109910964966 0.06480262771801143 2.41869093418163e-16
v 1.9750109910964966 0.04436163202480464 2.41869093418163e-16
v 1.9750109910964966 0.06533962831453471 0.050645001232624054
v 1.9750109910964966 0.04436163202480464 2.41869093418163e-16
v 1.9750109910964966 0.06480262771801143 2.41869093418163e-16
v 1.7435029745101929 0.15217563108162074 -0.036191001534461975
v 1.9750109910964966 0.11598462954715877 -0.05118200182914734
v 1.9750109910964966 0.15217563108162074 -0.036191001534461975
v 1.9750109910964966 0.11598462954715877 -0.05118200182914734
v 1.7435029745101929 0.15217563108162074 -0.036191001534461975
v 1.7435029745101929 0.11598462954715877 -0.05118200182914734
v 1.7435029745101929 0.11598462954715877 -0.05118200182914734
v 1.9750109910964966 0.0797936280126968 -0.036191001534461975
v 1.9750109910964966 0.11598462954715877 -0.05118200182914734
v 1.9750109910964966 0.15217563108162074 -0.036191001534461975
v 1.7435029745101929 0.1671666313763061 2.1351753747991207e-16
v 1.7435029745101929 0.15217563108162074 -0.036191001534461975
v 1.7435029745101929 0.1671666313763061 2.1351753747991207e-16
v 1.9750109910964966 0.15217563108162074 -0.036191001534461975
v 1.9750109910964966 0.1671666313763061 2.41869093418163e-16
v 1.7435029745101929 0.15217563108162074 -0.036191001534461975
v 1.7435029745101929 0.0797936280126968 -0.036191001534461975
v 1.7435029745101929 0.11598462954715877 -0.05118200182914734
v 1.9750109910964966 0.0797936280126968 -0.036191001534461975
v 1.7435029745101929 0.11598462954715877 -0.05118200182914734
v 1.7435029745101929 0.0797936280126968 -0.036191001534461975
v 1.7435029745101929 0.15217563108162074 0.036191001534461975
v 1.7435029745101929 0.15217563108162074 -0.036191001534461975
v 1.7435029745101929 0.1671666313763061 2.1351753747991207e-16
v 1.9750109910964966 0.1671666313763061 2.41869093418163e-16
v 1.7435029745101929 0.15217563108162074 0.036191001534461975
v 1.7435029745101929 0.1671666313763061 2.1351753747991207e-16
v 1.7435029745101929 0.15217563108162074 0.036191001534461975
v 1.7435029745101929 0.0797936280126968 -0.036191001534461975
v 1.7435029745101929 0.15217563108162074 -0.036191001534461975
v 1.7435029745101929 0.15217563108162074 0.036191001534461975
v 1.9750109910964966 0.1671666313763061 2.41869093418163e-16
v 1.9750109910964966 0.15217563108162074 0.036191001534461975
v 1.9750109910964966 0.0797936280126968 -0.036191001534461975
v 1.7435029745101929 0.0797936280126968 -0.036191001534461975
v 1.9750109910964966 0.06480262771801143 2.41869093418163e-16
v 1.9750109910964966 0.15217563108162074 0.036191001534461975
v 1.7435029745101929 0.11598462954715877 0.05118200182914734
v 1.7435029745101929 0.15217563108162074 0.036191001534461975
v 1.7435029745101929 0.11598462954715877 0.05118200182914734
v 1.9750109910964966 0.15217563108162074 0.036191001534461975
v 1.9750109910964966 0.11598462954715877 0.05118200182914734
v 1.7435029745101929 0.0797936280126968 0.036191001534461975
v 1.7435029745101929 0.15217563108162074 0.036191001534461975
v 1.7435029745101929 0.11598462954715877 0.05118200182914734
v 1.9750109910964966 0.11598462954715877 0.05118200182914734
v 1.7435029745101929 0.0797936280126968 0.036191001534461975
v 1.7435029745101929 0.11598462954715877 0.05118200182914734
v 1.7435029745101929 0.15217563108162074 0.036191001534461975
v 1.7435029745101929 0.0797936280126968 0.036191001534461975
v 1.7435029745101929 0.0797936280126968 -0.036191001534461975
v 1.7435029745101929 0.0797936280126968 0.036191001534461975
v 1.9750109910964966 0.11598462954715877 0.05118200182914734
v 1.9750109910964966 0.0797936280126968 0.036191001534461975
v 1.7435029745101929 0.06480262771801143 2.1351753747991207e-16
v 1.9750109910964966 0.06480262771801143 2.41869093418163e-16
v 1.7435029745101929 0.0797936280126968 -0.036191001534461975
v 1.7435029745101929 0.0797936280126968 -0.036191001534461975
v 1.7435029745101929 0.0797936280126968 0.036191001534461975
v 1.7435029745101929 0.06480262771801143 2.1351753747991207e-16
v 1.9750109910964966 0.06480262771801143 2.41869093418163e-16
v 1.7435029745101929 0.06480262771801143 2.1351753747991207e-16
v 1.9750109910964966 0.0797936280126968 0.036191001534461975
v 1.7435029745101929 0.0797936280126968 0.036191001534461975
v 1.9750109910964966 0.0797936280126968 0.036191001534461975
v 1.7435029745101929 0.06480262771801143 2.1351753747991207e-16
v -0.9913730621337891 0.3614766259546676 0.1345909982919693
v -0.9913730621337891 0.1065466363783279 -0.17324300110340118
v -0.9913730621337891 0.1065466363783279 0.17324300110340118
v -0.9913730621337891 0.3614766259546676 0.1345909982919693
v -0.9913730621337891 0.1065466363783279 0.17324300110340118
v -0.9913730621337891 0.33741461828903346 0.17324300110340118
v -0.9913730621337891 0.3614766259546676 -0.1345909982919693
v -0.9913730621337891 0.1065466363783279 -0.17324300110340118
v -0.9913730621337891 0.3614766259546676 0.1345909982919693
v -0.9913730621337891 0.1065466363783279 -0.17324300110340118
v -0.9913730621337891 0.3614766259546676 -0.1345909982919693
v -0.9913730621337891 0.33741461828903346 -0.17324300110340118
v -0.9913730621337891 0.1065466363783279 0.17324300110340118
v -0.9913730621337891 0.1065466363783279 -0.17324300110340118
v -0.9913730621337891 0.0804846321101585 0.15980899333953857
v -0.9913730621337891 0.0804846321101585 0.15980899333953857
v -0.9913730621337891 0.1065466363783279 -0.17324300110340118
v -0.9913730621337891 0.0804846321101585 -0.15980899333953857
v -0.9913730621337891 0.0804846321101585 -0.15980899333953857
v -0.9913730621337891 -0.10370336874767155 -0.11432900279760361
v -0.9913730621337891 0.0804846321101585 0.15980899333953857
v -0.9913730621337891 -0.10370336874767155 -0.11432900279760361
v -0.9913730621337891 0.0804846321101585 -0.15980899333953857
v -0.9913730621337891 -0.08009737014218182 -0.15980899333953857
v -0.9913730621337891 -0.10370336874767155 0.11432900279760361
v -0.9913730621337891 0.0804846321101585 0.15980899333953857
v -0.9913730621337891 -0.10370336874767155 -0.11432900279760361
v -0.9913730621337891 0.0804846321101585 0.15980899333953857
v -0.9913730621337891 -0.10370336874767155 0.11432900279760361
v -0.9913730621337891 -0.08009737014218182 0.15980899333953857
v 1.7214720249176025 0.17115263239101558 2.108195257846703e-16
v 1.1591429710388184 0.15499463275627284 -0.039009999483823776
v 1.1591429710388184 0.17115363076881557 1.4195407957678078e-16
v 1.1591429710388184 0.15499463275627284 -0.039009999483823776
v 1.7214720249176025 0.17115263239101558 2.108195257846703e-16
v 1.7214720249176025 0.15499463275627284 -0.039009999483823776
v 1.1591429710388184 0.17115363076881557 1.4195407957678078e-16
v 1.7214720249176025 0.15499463275627284 0.039009999483823776
v 1.7214720249176025 0.17115263239101558 2.108195257846703e-16
v 1.1591429710388184 0.15499463275627284 -0.039009999483823776
v 1.7214720249176025 0.15499463275627284 -0.039009999483823776
v 1.1591429710388184 0.11598462954715877 -0.0551690012216568
v 1.7214720249176025 0.15499463275627284 0.039009999483823776
v 1.1591429710388184 0.17115363076881557 1.4195407957678078e-16
v 1.1591429710388184 0.15499463275627284 0.039009999483823776
v 1.7214720249176025 0.11598462954715877 -0.0551690012216568
v 1.1591429710388184 0.11598462954715877 -0.0551690012216568
v 1.7214720249176025 0.15499463275627284 -0.039009999483823776
v 1.7214720249176025 0.15499463275627284 0.039009999483823776
v 1.1591429710388184 0.15499463275627284 0.039009999483823776
v 1.7214720249176025 0.11598462954715877 0.0551690012216568
v 1.1591429710388184 0.11598462954715877 -0.0551690012216568
v 1.7214720249176025 0.11598462954715877 -0.0551690012216568
v 1.1591429710388184 0.07697463378862529 -0.039009999483823776
v 1.1591429710388184 0.11598462954715877 0.0551690012216568
v 1.7214720249176025 0.11598462954715877 0.0551690012216568
v 1.1591429710388184 0.15499463275627284 0.039009999483823776
v 1.7214720249176025 0.07697463378862529 -0.039009999483823776
v 1.1591429710388184 0.07697463378862529 -0.039009999483823776
v 1.7214720249176025 0.11598462954715877 -0.0551690012216568
v 1.7214720249176025 0.11598462954715877 0.0551690012216568
v 1.1591429710388184 0.11598462954715877 0.0551690012216568
v 1.7214720249176025 0.07697463378862529 0.039009999483823776
v 1.1591429710388184 0.07697463378862529 -0.039009999483823776
v 1.7214720249176025 0.07697463378862529 -0.039009999483823776
v 1.1591429710388184 0.06081562832550197 1.4195407957678078e-16
v 1.1591429710388184 0.07697463378862529 0.039009999483823776
v 1.7214720249176025 0.07697463378862529 0.039009999483823776
v 1.1591429710388184 0.11598462954715877 0.0551690012216568
v 1.7214720249176025 0.06081562832550197 2.108195257846703e-16
v 1.1591429710388184 0.06081562832550197 1.4195407957678078e-16
v 1.7214720249176025 0.07697463378862529 -0.039009999483823776
v 1.7214720249176025 0.07697463378862529 0.039009999483823776
v 1.1591429710388184 0.07697463378862529 0.039009999483823776
v 1.7214720249176025 0.06081562832550197 2.108195257846703e-16
v 1.1591429710388184 0.06081562832550197 1.4195407957678078e-16
v 1.7214720249176025 0.06081562832550197 2.108195257846703e-16
v 1.1591429710388184 0.07697463378862529 0.039009999483823776
v 1.1819149255752563 0.11598462954715877 -0.07020299881696701
v 1.1819149255752563 0.16562562779144435 -0.049640998244285583
v 1.1819149255752563 0.06634363130287318 -0.049640998244285583
v 1.1819149255752563 0.06634363130287318 0.049640998244285583
v 1.1819149255752563 0.06634363130287318 -0.049640998244285583
v 1.1819149255752563 0.16562562779144435 -0.049640998244285583
v 1.1819149255752563 0.06634363130287318 -0.049640998244285583
v 1.1819149255752563 0.06634363130287318 0.049640998244285583
v 1.1819149255752563 0.04578163073019176 1.4474282967649716e-16
v 1.1819149255752563 0.06634363130287318 0.049640998244285583
v 1.1819149255752563 0.16562562779144435 -0.049640998244285583
v 1.1819149255752563 0.16562562779144435 0.049640998244285583
v 1.1819149255752563 0.16562562779144435 0.049640998244285583
v 1.1819149255752563 0.16562562779144435 -0.049640998244285583
v 1.1819149255752563 0.18618763581470638 1.4474282967649716e-16
v 1.1819149255752563 0.06634363130287318 0.049640998244285583
v 1.1819149255752563 0.16562562779144435 0.049640998244285583
v 1.1819149255752563 0.11598462954715877 0.07020299881696701
v 1.1616899967193604 0.13922263280109554 -0.02712099999189377
v 1.1616899967193604 0.20301362470344692 -0.033479999750852585
v 1.1616899967193604 0.13922263280109554 0.02712099999189377
v 1.1616899967193604 0.20301362470344692 -0.033479999750852585
v 1.1616899967193604 0.13922263280109554 -0.02712099999189377
v 1.1616899967193604 0.16612962976650386 -0.04719800129532814
v 1.1616899967193604 0.20301362470344692 0.033479999750852585
v 1.1616899967193604 0.13922263280109554 0.02712099999189377
v 1.1616899967193604 0.20301362470344692 -0.033479999750852585
v 1.1616899967193604 0.13922263280109554 0.02712099999189377
v 1.1616899967193604 0.20301362470344692 0.033479999750852585
v 1.1616899967193604 0.16612962976650386 0.04719800129532814
v 1.1616899967193604 0.26680564478592067 -0.02712099999189377
v 1.1616899967193604 0.20301362470344692 -0.033479999750852585
v 1.1616899967193604 0.23989861801818996 -0.04719800129532814
v 1.1616899967193604 0.2747266252394119 1.4226599945960718e-16
v 1.1616899967193604 0.20301362470344692 -0.033479999750852585
v 1.1616899967193604 0.26680564478592067 -0.02712099999189377
v 1.1616899967193604 0.2747266252394119 1.4226599945960718e-16
v 1.1616899967193604 0.20301362470344692 0.033479999750852585
v 1.1616899967193604 0.20301362470344692 -0.033479999750852585
v 1.1616899967193604 0.20301362470344692 0.033479999750852585
v 1.1616899967193604 0.2747266252394119 1.4226599945960718e-16
v 1.1616899967193604 0.26680564478592067 0.02712099999189377
v 1.1616899967193604 0.20301362470344692 0.033479999750852585
v 1.1616899967193604 0.26680564478592067 0.02712099999189377
v 1.1616899967193604 0.23989861801818996 0.04719800129532814
v -1.7374320030212402 -0.43513736530586095 -0.20187599956989288
v -1.7374320030212402 -0.43513736530586095 0.20187599956989288
v -1.876757025718689 -0.43513736530586095 0.20187599956989288
v -1.876757025718689 -0.43513736530586095 0.20187599956989288
v -1.876757025718689 -0.43513736530586095 -0.20187599956989288
v -1.7374320030212402 -0.43513736530586095 -0.20187599956989288
v -1.876757025718689 0.2689786215181747 0.20187599956989288
v -1.847411036491394 0.03427262947515636 0.18076300621032715
v -1.7374320030212402 0.2689786215181747 0.20187599956989288
v -1.7374320030212402 0.2689786215181747 0.20187599956989288
v -1.847411036491394 0.03427262947515636 0.18076300621032715
v -1.7374320030212402 0.03427262947515636 0.18076300621032715
v -1.847411036491394 0.03427262947515636 0.18076300621032715
v -1.847411036491394 -0.200432364190062 0.18076300621032715
v -1.7374320030212402 0.03427262947515636 0.18076300621032715
v -1.7374320030212402 0.03427262947515636 0.18076300621032715
v -1.847411036491394 -0.200432364190062 0.18076300621032715
v -1.7374320030212402 -0.200432364190062 0.18076300621032715
v -1.847411036491394 -0.200432364190062 0.18076300621032715
v -1.7374320030212402 -0.43513736530586095 0.20187599956989288
v -1.7374320030212402 -0.200432364190062 0.18076300621032715
v -1.7374320030212402 -0.43513736530586095 0.20187599956989288
v -1.847411036491394 -0.200432364190062 0.18076300621032715
v -1.876757025718689 -0.43513736530586095 0.20187599956989288
v -1.847411036491394 0.03427262947515636 -0.18076300621032715
v -1.7374320030212402 0.2689786215181747 -0.20187599956989288
v -1.7374320030212402 0.03427262947515636 -0.18076300621032715
v -1.7374320030212402 0.2689786215181747 -0.20187599956989288
v -1.847411036491394 0.03427262947515636 -0.18076300621032715
v -1.876757025718689 0.2689786215181747 -0.20187599956989288
v -1.7374320030212402 -0.200432364190062 -0.18076300621032715
v -1.847411036491394 0.03427262947515636 -0.18076300621032715
v -1.7374320030212402 0.03427262947515636 -0.18076300621032715
v -1.847411036491394 -0.200432364190062 -0.18076300621032715
v -1.847411036491394 0.03427262947515636 -0.18076300621032715
v -1.7374320030212402 -0.200432364190062 -0.18076300621032715
v -1.7374320030212402 -0.43513736530586095 -0.20187599956989288
v -1.847411036491394 -0.200432364190062 -0.18076300621032715
v -1.7374320030212402 -0.200432364190062 -0.18076300621032715
v -1.876757025718689 -0.43513736530586095 -0.20187599956989288
v -1.847411036491394 -0.200432364190062 -0.18076300621032715
v -1.7374320030212402 -0.43513736530586095 -0.20187599956989288
v -0.4435670077800751 -0.08382437034889073 0.14246399700641632
v -0.4435670077800751 -0.08382437034889073 -0.14246399700641632
v -0.28128400444984436 -0.08382437034889073 0.14246399700641632
v -0.4435670077800751 -0.08382437034889073 0.14246399700641632
v -0.46956801414489746 -0.026371369430859992 -0.14246399700641632
v -0.4435670077800751 -0.08382437034889073 -0.14246399700641632
v -0.46956801414489746 -0.026371369430859992 0.14246399700641632
v -0.46956801414489746 -0.026371369430859992 -0.14246399700641632
v -0.4435670077800751 -0.08382437034889073 0.14246399700641632
v -0.28128400444984436 -0.08382437034889073 0.14246399700641632
v -0.4435670077800751 -0.08382437034889073 -0.14246399700641632
v -0.28128400444984436 -0.08382437034889073 -0.14246399700641632
v -0.28128400444984436 -0.08382437034889073 0.14246399700641632
v -0.28128400444984436 -0.08382437034889073 -0.14246399700641632
v -0.25528302788734436 -0.026371369430859992 0.14246399700641632
v -0.25528302788734436 -0.026371369430859992 0.14246399700641632
v -0.28128400444984436 -0.08382437034889073 -0.14246399700641632
v -0.25528302788734436 -0.026371369430859992 -0.14246399700641632
v -0.9913730621337891 0.3614766259546676 -0.1345909982919693
v -0.9913730621337891 0.3614766259546676 0.1345909982919693
v -0.8900750279426575 0.3614766259546676 0.1345909982919693
v -0.8900750279426575 0.3614766259546676 0.1345909982919693
v -0.8900750279426575 0.3614766259546676 -0.1345909982919693
v -0.9913730621337891 0.3614766259546676 -0.1345909982919693
v -0.9913730621337891 0.3614766259546676 0.1345909982919693
v -0.8900750279426575 0.33741461828903346 0.17324300110340118
v -0.8900750279426575 0.3614766259546676 0.1345909982919693
v -0.9913730621337891 0.3614766259546676 -0.1345909982919693
v -0.8900750279426575 0.3614766259546676 -0.1345909982919693
v -0.9913730621337891 0.33741461828903346 -0.17324300110340118
v -0.8900750279426575 0.33741461828903346 0.17324300110340118
v -0.9913730621337891 0.3614766259546676 0.1345909982919693
v -0.9913730621337891 0.33741461828903346 0.17324300110340118
v -0.9913730621337891 0.33741461828903346 0.17324300110340118
v -0.9913730621337891 0.1065466363783279 0.17324300110340118
v -0.8900750279426575 0.33741461828903346 0.17324300110340118
v -0.8900750279426575 0.33741461828903346 0.17324300110340118
v -0.9913730621337891 0.1065466363783279 0.17324300110340118
v -0.8900750279426575 0.1065466363783279 0.17324300110340118
v -0.8900750279426575 0.33741461828903346 -0.17324300110340118
v -0.9913730621337891 0.33741461828903346 -0.17324300110340118
v -0.8900750279426575 0.3614766259546676 -0.1345909982919693
v -0.8900750279426575 0.1065466363783279 -0.17324300110340118
v -0.9913730621337891 0.33741461828903346 -0.17324300110340118
v -0.8900750279426575 0.33741461828903346 -0.17324300110340118
v -0.9913730621337891 0.33741461828903346 -0.17324300110340118
v -0.8900750279426575 0.1065466363783279 -0.17324300110340118
v -0.9913730621337891 0.1065466363783279 -0.17324300110340118
v -1.876757025718689 0.2689786215181747 -0.20187599956989288
v -1.876757025718689 0.2689786215181747 0.20187599956989288
v -1.7374320030212402 0.2689786215181747 0.20187599956989288
v -1.7374320030212402 0.2689786215181747 0.20187599956989288
v -1.7374320030212402 0.2689786215181747 -0.20187599956989288
v -1.876757025718689 0.2689786215181747 -0.20187599956989288
v -0.8900750279426575 0.0804846321101585 0.15980899333953857
v -0.9913730621337891 0.0804846321101585 0.15980899333953857
v -0.8900750279426575 -0.08009737014218182 0.15980899333953857
v -0.9913730621337891 0.0804846321101585 0.15980899333953857
v -0.9913730621337891 -0.08009737014218182 0.15980899333953857
v -0.8900750279426575 -0.08009737014218182 0.15980899333953857
v -0.9913730621337891 -0.08009737014218182 0.15980899333953857
v -0.8900750279426575 -0.10370336874767155 0.11432900279760361
v -0.8900750279426575 -0.08009737014218182 0.15980899333953857
v -0.8900750279426575 -0.10370336874767155 0.11432900279760361
v -0.9913730621337891 -0.08009737014218182 0.15980899333953857
v -0.9913730621337891 -0.10370336874767155 0.11432900279760361
v -0.8900750279426575 -0.10370336874767155 -0.11432900279760361
v -0.8900750279426575 -0.10370336874767155 0.11432900279760361
v -0.9913730621337891 -0.10370336874767155 0.11432900279760361
v -0.9913730621337891 -0.10370336874767155 0.11432900279760361
v -0.9913730621337891 -0.10370336874767155 -0.11432900279760361
v -0.8900750279426575 -0.10370336874767155 -0.11432900279760361
v -0.8900750279426575 -0.10370336874767155 -0.11432900279760361
v -0.9913730621337891 -0.10370336874767155 -0.11432900279760361
v -0.8900750279426575 -0.08009737014218182 -0.15980899333953857
v -0.9913730621337891 -0.08009737014218182 -0.15980899333953857
v -0.8900750279426575 -0.08009737014218182 -0.15980899333953857
v -0.9913730621337891 -0.10370336874767155 -0.11432900279760361
v -0.9913730621337891 -0.08009737014218182 -0.15980899333953857
v -0.8900750279426575 0.0804846321101585 -0.15980899333953857
v -0.8900750279426575 -0.08009737014218182 -0.15980899333953857
v -0.8900750279426575 0.0804846321101585 -0.15980899333953857
v -0.9913730621337891 -0.08009737014218182 -0.15980899333953857
v -0.9913730621337891 0.0804846321101585 -0.15980899333953857
v 0.854362964630127 0.26680564478592067 0.02712099999189377
v 1.1616899967193604 0.26680564478592067 0.02712099999189377
v 1.1616899967193604 0.2747266252394119 1.4226599945960718e-16
v 1.1616899967193604 0.26680564478592067 0.02712099999189377
v 0.854362964630127 0.26680564478592067 0.02712099999189377
v 0.854362964630127 0.23989861801818996 0.04719800129532814
v 1.1616899967193604 0.26680564478592067 0.02712099999189377
v 0.854362964630127 0.23989861801818996 0.04719800129532814
v 1.1616899967193604 0.23989861801818996 0.04719800129532814
v 0.854362964630127 0.26680564478592067 0.02712099999189377
v 1.1616899967193604 0.2747266252394119 1.4226599945960718e-16
v 0.854362964630127 0.2747266252394119 1.0462928820588932e-16
v 0.854362964630127 0.2747266252394119 1.0462928820588932e-16
v 1.1616899967193604 0.2747266252394119 1.4226599945960718e-16
v 1.1616899967193604 0.26680564478592067 -0.02712099999189377
v 0.854362964630127 0.2747266252394119 1.0462928820588932e-16
v 1.1616899967193604 0.26680564478592067 -0.02712099999189377
v 0.854362964630127 0.26680564478592067 -0.02712099999189377
v 1.1616899967193604 0.23989861801818996 -0.04719800129532814
v 0.854362964630127 0.26680564478592067 -0.02712099999189377
v 1.1616899967193604 0.26680564478592067 -0.02712099999189377
v 1.1616899967193604 0.23989861801818996 -0.04719800129532814
v 0.854362964630127 0.23989861801818996 -0.04719800129532814
v 0.854362964630127 0.26680564478592067 -0.02712099999189377
v -0.9913730621337891 0.0804846321101585 -0.15980899333953857
v -0.8900750279426575 0.1065466363783279 -0.17324300110340118
v -0.8900750279426575 0.0804846321101585 -0.15980899333953857
v -0.8900750279426575 0.1065466363783279 -0.17324300110340118
v -0.9913730621337891 0.0804846321101585 -0.15980899333953857
v -0.9913730621337891 0.1065466363783279 -0.17324300110340118
v -0.9913730621337891 0.0804846321101585 0.15980899333953857
v -0.8900750279426575 0.0804846321101585 0.15980899333953857
v -0.9913730621337891 0.1065466363783279 0.17324300110340118
v -0.8900750279426575 0.1065466363783279 0.17324300110340118
v -0.9913730621337891 0.1065466363783279 0.17324300110340118
v -0.8900750279426575 0.0804846321101585 0.15980899333953857
v 0.7990249991416931 0.19407963350967555 0.15132099390029907
v 0.7990249991416931 0.09387562767223506 0.15132099390029907
v 0.8313309550285339 0.1439776231403747 0.15132099390029907
v 0.7990249991416931 0.09387562767223506 0.15132099390029907
v 0.7990249991416931 0.19407963350967555 0.15132099390029907
v 0.2603769898414612 0.09387562767223506 0.15132099390029907
v 0.7990249991416931 0.19407963350967555 0.15132099390029907
v 0.2603769898414612 0.19407963350967555 0.15132099390029907
v 0.2603769898414612 0.09387562767223506 0.15132099390029907
v 0.2603769898414612 0.09387562767223506 0.15132099390029907
v 0.2603769898414612 0.19407963350967555 0.15132099390029907
v 0.22807100415229797 0.1439776231403747 0.15132099390029907
v 0.7990249991416931 0.09387562767223506 -0.15132099390029907
v 0.2603769898414612 0.19407963350967555 -0.15132099390029907
v 0.7990249991416931 0.19407963350967555 -0.15132099390029907
v 0.7990249991416931 0.09387562767223506 -0.15132099390029907
v 0.7990249991416931 0.19407963350967555 -0.15132099390029907
v 0.8313309550285339 0.1439776231403747 -0.15132099390029907
v 0.2603769898414612 0.09387562767223506 -0.15132099390029907
v 0.2603769898414612 0.19407963350967555 -0.15132099390029907
v 0.7990249991416931 0.09387562767223506 -0.15132099390029907
v 0.2603769898414612 0.19407963350967555 -0.15132099390029907
v 0.2603769898414612 0.09387562767223506 -0.15132099390029907
v 0.22807100415229797 0.1439776231403747 -0.15132099390029907
v -1.5110950469970703 -0.049427369901975104 -1.8505577461428948e-16
v -1.2696740627288818 -0.049427369901975104 -1.5549022193927614e-16
v -1.5110950469970703 -0.03639236968738907 0.10506600141525269
v -1.2696740627288818 -0.03639236968738907 0.10506600141525269
v -1.5110950469970703 -0.03639236968738907 0.10506600141525269
v -1.2696740627288818 -0.049427369901975104 -1.5549022193927614e-16
v -1.2696740627288818 -0.049427369901975104 -1.5549022193927614e-16
v -1.5110950469970703 -0.049427369901975104 -1.8505577461428948e-16
v -1.2696740627288818 -0.03639236968738907 -0.10506600141525269
v -1.5110950469970703 -0.03639236968738907 -0.10506600141525269
v -1.2696740627288818 -0.03639236968738907 -0.10506600141525269
v -1.5110950469970703 -0.049427369901975104 -1.8505577461428948e-16
v -0.28128400444984436 0.03108062938408046 0.14246399700641632
v -0.28128400444984436 -0.08382437034889073 0.14246399700641632
v -0.25528302788734436 -0.026371369430859992 0.14246399700641632
v -0.28128400444984436 -0.08382437034889073 0.14246399700641632
v -0.28128400444984436 0.03108062938408046 0.14246399700641632
v -0.4435670077800751 -0.08382437034889073 0.14246399700641632
v -0.28128400444984436 0.03108062938408046 0.14246399700641632
v -0.4435670077800751 0.03108062938408046 0.14246399700641632
v -0.4435670077800751 -0.08382437034889073 0.14246399700641632
v -0.4435670077800751 -0.08382437034889073 0.14246399700641632
v -0.4435670077800751 0.03108062938408046 0.14246399700641632
v -0.46956801414489746 -0.026371369430859992 0.14246399700641632
v -0.28128400444984436 -0.08382437034889073 -0.14246399700641632
v -0.4435670077800751 0.03108062938408046 -0.14246399700641632
v -0.28128400444984436 0.03108062938408046 -0.14246399700641632
v -0.28128400444984436 -0.08382437034889073 -0.14246399700641632
v -0.28128400444984436 0.03108062938408046 -0.14246399700641632
v -0.25528302788734436 -0.026371369430859992 -0.14246399700641632
v -0.4435670077800751 -0.08382437034889073 -0.14246399700641632
v -0.4435670077800751 0.03108062938408046 -0.14246399700641632
v -0.28128400444984436 -0.08382437034889073 -0.14246399700641632
v -0.4435670077800751 0.03108062938408046 -0.14246399700641632
v -0.4435670077800751 -0.08382437034889073 -0.14246399700641632
v -0.46956801414489746 -0.026371369430859992 -0.14246399700641632
v -0.5510460138320923 0.20235763088421016 -0.12560099363327026
v 0.17638199031352997 0.20235763088421016 -0.12560099363327026
v -0.5510460138320923 0.09408862487033992 -0.12560099363327026
v 0.17638199031352997 0.09408862487033992 -0.12560099363327026
v -0.5510460138320923 0.09408862487033992 -0.12560099363327026
v 0.17638199031352997 0.20235763088421016 -0.12560099363327026
v -0.5510460138320923 0.20235763088421016 0.12560099363327026
v 0.17638199031352997 0.09408862487033992 0.12560099363327026
v 0.17638199031352997 0.20235763088421016 0.12560099363327026
v 0.17638199031352997 0.09408862487033992 0.12560099363327026
v -0.5510460138320923 0.20235763088421016 0.12560099363327026
v -0.5510460138320923 0.09408862487033992 0.12560099363327026
v -1.5110950469970703 -0.03639236968738907 0.10506600141525269
v -1.2696740627288818 -0.03639236968738907 0.10506600141525269
v -1.5110950469970703 0.06119162932590633 0.12177599966526031
v -1.2696740627288818 0.06119162932590633 0.12177599966526031
v -1.5110950469970703 0.06119162932590633 0.12177599966526031
v -1.2696740627288818 -0.03639236968738907 0.10506600141525269
v -1.5110950469970703 0.06119162932590633 0.12177599966526031
v -1.2696740627288818 0.06119162932590633 0.12177599966526031
v -1.5110950469970703 0.15877462521747737 0.10506600141525269
v -1.2696740627288818 0.15877562359527736 0.10506600141525269
v -1.5110950469970703 0.15877462521747737 0.10506600141525269
v -1.2696740627288818 0.06119162932590633 0.12177599966526031
v -1.5110950469970703 0.06119162932590633 -0.12177599966526031
v -1.2696740627288818 0.06119162932590633 -0.12177599966526031
v -1.5110950469970703 -0.03639236968738907 -0.10506600141525269
v -1.2696740627288818 -0.03639236968738907 -0.10506600141525269
v -1.5110950469970703 -0.03639236968738907 -0.10506600141525269
v -1.2696740627288818 0.06119162932590633 -0.12177599966526031
v -1.5110950469970703 0.15877462521747737 -0.10506600141525269
v -1.2696740627288818 0.06119162932590633 -0.12177599966526031
v -1.5110950469970703 0.06119162932590633 -0.12177599966526031
v -1.2696740627288818 0.06119162932590633 -0.12177599966526031
v -1.5110950469970703 0.15877462521747737 -0.10506600141525269
v -1.2696740627288818 0.15877562359527736 -0.10506600141525269
v -0.7613149881362915 0.3109756369944015 -0.09051600098609924
v 0.7806139588356018 0.3109756369944015 -0.09051600098609924
v -0.7613149881362915 0.2358726222868362 -0.09051600098609924
v 0.7806139588356018 0.2358726222868362 -0.09051600098609924
v -0.7613149881362915 0.2358726222868362 -0.09051600098609924
v 0.7806139588356018 0.3109756369944015 -0.09051600098609924
v -0.7613149881362915 0.3109756369944015 0.09051600098609924
v 0.7806139588356018 0.2358726222868362 0.09051600098609924
v 0.7806139588356018 0.3109756369944015 0.09051600098609924
v 0.7806139588356018 0.2358726222868362 0.09051600098609924
v -0.7613149881362915 0.3109756369944015 0.09051600098609924
v -0.7613149881362915 0.2358726222868362 0.09051600098609924
v 0.2603769898414612 0.19407963350967555 -0.15132099390029907
v 0.22807100415229797 0.1439776231403747 0.15132099390029907
v 0.2603769898414612 0.19407963350967555 0.15132099390029907
v 0.22807100415229797 0.1439776231403747 0.15132099390029907
v 0.2603769898414612 0.19407963350967555 -0.15132099390029907
v 0.22807100415229797 0.1439776231403747 -0.15132099390029907
v 0.2603769898414612 0.19407963350967555 0.15132099390029907
v 0.7990249991416931 0.19407963350967555 -0.15132099390029907
v 0.2603769898414612 0.19407963350967555 -0.15132099390029907
v 0.2603769898414612 0.19407963350967555 0.15132099390029907
v 0.7990249991416931 0.19407963350967555 0.15132099390029907
v 0.7990249991416931 0.19407963350967555 -0.15132099390029907
v 0.7990249991416931 0.19407963350967555 0.15132099390029907
v 0.8313309550285339 0.1439776231403747 -0.15132099390029907
v 0.7990249991416931 0.19407963350967555 -0.15132099390029907
v 0.8313309550285339 0.1439776231403747 0.15132099390029907
v 0.8313309550285339 0.1439776231403747 -0.15132099390029907
v 0.7990249991416931 0.19407963350967555 0.15132099390029907
v -1.2696740627288818 0.17180962458805232 -1.5549022193927614e-16
v -1.5110950469970703 0.15877462521747737 -0.10506600141525269
v -1.5110950469970703 0.17180962458805232 -1.8505577461428948e-16
v -1.5110950469970703 0.15877462521747737 -0.10506600141525269
v -1.2696740627288818 0.17180962458805232 -1.5549022193927614e-16
v -1.2696740627288818 0.15877562359527736 -0.10506600141525269
v -1.5110950469970703 0.17180962458805232 -1.8505577461428948e-16
v -1.2696740627288818 0.15877562359527736 0.10506600141525269
v -1.2696740627288818 0.17180962458805232 -1.5549022193927614e-16
v -1.2696740627288818 0.15877562359527736 0.10506600141525269
v -1.5110950469970703 0.17180962458805232 -1.8505577461428948e-16
v -1.5110950469970703 0.15877462521747737 0.10506600141525269
v 0.854362964630127 0.23989861801818996 0.04719800129532814
v 1.1616899967193604 0.20301362470344692 0.033479999750852585
v 1.1616899967193604 0.23989861801818996 0.04719800129532814
v 1.1616899967193604 0.20301362470344692 0.033479999750852585
v 0.854362964630127 0.23989861801818996 0.04719800129532814
v 0.854362964630127 0.20301362470344692 0.033479999750852585
v 0.854362964630127 0.20301362470344692 0.033479999750852585
v 1.1616899967193604 0.16612962976650386 0.04719800129532814
v 1.1616899967193604 0.20301362470344692 0.033479999750852585
v 1.1616899967193604 0.16612962976650386 0.04719800129532814
v 0.854362964630127 0.20301362470344692 0.033479999750852585
v 0.854362964630127 0.16612962976650386 0.04719800129532814
v 0.854362964630127 0.23989861801818996 -0.04719800129532814
v 1.1616899967193604 0.23989861801818996 -0.04719800129532814
v 0.854362964630127 0.20301362470344692 -0.033479999750852585
v 1.1616899967193604 0.20301362470344692 -0.033479999750852585
v 0.854362964630127 0.20301362470344692 -0.033479999750852585
v 1.1616899967193604 0.23989861801818996 -0.04719800129532814
v 0.854362964630127 0.20301362470344692 -0.033479999750852585
v 1.1616899967193604 0.20301362470344692 -0.033479999750852585
v 0.854362964630127 0.16612962976650386 -0.04719800129532814
v 1.1616899967193604 0.16612962976650386 -0.04719800129532814
v 0.854362964630127 0.16612962976650386 -0.04719800129532814
v 1.1616899967193604 0.20301362470344692 -0.033479999750852585
v 0.7990249991416931 0.09387562767223506 0.15132099390029907
v 0.2603769898414612 0.09387562767223506 0.15132099390029907
v 0.2603769898414612 0.09387562767223506 -0.15132099390029907
v 0.2603769898414612 0.09387562767223506 0.15132099390029907
v 0.22807100415229797 0.1439776231403747 -0.15132099390029907
v 0.2603769898414612 0.09387562767223506 -0.15132099390029907
v 0.22807100415229797 0.1439776231403747 -0.15132099390029907
v 0.2603769898414612 0.09387562767223506 0.15132099390029907
v 0.22807100415229797 0.1439776231403747 0.15132099390029907
v 0.7990249991416931 0.09387562767223506 0.15132099390029907
v 0.2603769898414612 0.09387562767223506 -0.15132099390029907
v 0.7990249991416931 0.09387562767223506 -0.15132099390029907
v 0.7990249991416931 0.09387562767223506 0.15132099390029907
v 0.7990249991416931 0.09387562767223506 -0.15132099390029907
v 0.8313309550285339 0.1439776231403747 0.15132099390029907
v 0.8313309550285339 0.1439776231403747 0.15132099390029907
v 0.7990249991416931 0.09387562767223506 -0.15132099390029907
v 0.8313309550285339 0.1439776231403747 -0.15132099390029907
v 1.1616899967193604 0.13922263280109554 -0.02712099999189377
v 0.854362964630127 0.13922263280109554 -0.02712099999189377
v 0.854362964630127 0.16612962976650386 -0.04719800129532814
v 1.1616899967193604 0.13922263280109554 -0.02712099999189377
v 0.854362964630127 0.16612962976650386 -0.04719800129532814
v 1.1616899967193604 0.16612962976650386 -0.04719800129532814
v 1.1616899967193604 0.16612962976650386 0.04719800129532814
v 0.854362964630127 0.16612962976650386 0.04719800129532814
v 0.854362964630127 0.13922263280109554 0.02712099999189377
v 1.1616899967193604 0.16612962976650386 0.04719800129532814
v 0.854362964630127 0.13922263280109554 0.02712099999189377
v 1.1616899967193604 0.13922263280109554 0.02712099999189377
v 1.1819149255752563 0.16562562779144435 0.049640998244285583
v 0.8486549854278564 0.18618763581470638 1.0393026103127791e-16
v 0.8486549854278564 0.16562562779144435 0.049640998244285583
v 0.8486549854278564 0.18618763581470638 1.0393026103127791e-16
v 1.1819149255752563 0.16562562779144435 0.049640998244285583
v 1.1819149255752563 0.18618763581470638 1.4474282967649716e-16
v 1.1819149255752563 0.16562562779144435 0.049640998244285583
v 0.8486549854278564 0.16562562779144435 0.049640998244285583
v 1.1819149255752563 0.11598462954715877 0.07020299881696701
v 1.1819149255752563 0.18618763581470638 1.4474282967649716e-16
v 0.8486549854278564 0.16562562779144435 -0.049640998244285583
v 0.8486549854278564 0.18618763581470638 1.0393026103127791e-16
v 0.8486549854278564 0.11598462954715877 0.07020299881696701
v 1.1819149255752563 0.11598462954715877 0.07020299881696701
v 0.8486549854278564 0.16562562779144435 0.049640998244285583
v 0.8486549854278564 0.16562562779144435 -0.049640998244285583
v 1.1819149255752563 0.18618763581470638 1.4474282967649716e-16
v 1.1819149255752563 0.16562562779144435 -0.049640998244285583
v 1.1819149255752563 0.11598462954715877 0.07020299881696701
v 0.8486549854278564 0.11598462954715877 0.07020299881696701
v 1.1819149255752563 0.06634363130287318 0.049640998244285583
v 0.8486549854278564 0.16562562779144435 -0.049640998244285583
v 1.1819149255752563 0.16562562779144435 -0.049640998244285583
v 0.8486549854278564 0.11598462954715877 -0.07020299881696701
v 0.8486549854278564 0.06634363130287318 0.049640998244285583
v 1.1819149255752563 0.06634363130287318 0.049640998244285583
v 0.8486549854278564 0.11598462954715877 0.07020299881696701
v 1.1819149255752563 0.11598462954715877 -0.07020299881696701
v 0.8486549854278564 0.11598462954715877 -0.07020299881696701
v 1.1819149255752563 0.16562562779144435 -0.049640998244285583
v 1.1819149255752563 0.06634363130287318 0.049640998244285583
v 0.8486549854278564 0.06634363130287318 0.049640998244285583
v 1.1819149255752563 0.04578163073019176 1.4474282967649716e-16
v 0.8486549854278564 0.11598462954715877 -0.07020299881696701
v 1.1819149255752563 0.11598462954715877 -0.07020299881696701
v 0.8486549854278564 0.06634363130287318 -0.049640998244285583
v 0.8486549854278564 0.04578163073019176 1.0393026103127791e-16
v 1.1819149255752563 0.04578163073019176 1.4474282967649716e-16
v 0.8486549854278564 0.06634363130287318 0.049640998244285583
v 1.1819149255752563 0.06634363130287318 -0.049640998244285583
v 0.8486549854278564 0.06634363130287318 -0.049640998244285583
v 1.1819149255752563 0.11598462954715877 -0.07020299881696701
v 1.1819149255752563 0.04578163073019176 1.4474282967649716e-16
v 0.8486549854278564 0.04578163073019176 1.0393026103127791e-16
v 1.1819149255752563 0.06634363130287318 -0.049640998244285583
v 0.8486549854278564 0.06634363130287318 -0.049640998244285583
v 1.1819149255752563 0.06634363130287318 -0.049640998244285583
v 0.8486549854278564 0.04578163073019176 1.0393026103127791e-16
v -0.5510460138320923 0.20235763088421016 0.12560099363327026
v -0.5510460138320923 0.20235763088421016 -0.12560099363327026
v -0.5510460138320923 0.09408862487033992 0.12560099363327026
v -0.5510460138320923 0.09408862487033992 0.12560099363327026
v -0.5510460138320923 0.20235763088421016 -0.12560099363327026
v -0.5510460138320923 0.09408862487033992 -0.12560099363327026
v -0.5510460138320923 0.20235763088421016 0.12560099363327026
v 0.17638199031352997 0.20235763088421016 -0.12560099363327026
v -0.5510460138320923 0.20235763088421016 -0.12560099363327026
v 0.17638199031352997 0.09408862487033992 0.12560099363327026
v -0.5510460138320923 0.09408862487033992 0.12560099363327026
v -0.5510460138320923 0.09408862487033992 -0.12560099363327026
v -0.5510460138320923 0.20235763088421016 0.12560099363327026
v 0.17638199031352997 0.20235763088421016 0.12560099363327026
v 0.17638199031352997 0.20235763088421016 -0.12560099363327026
v 0.17638199031352997 0.09408862487033992 0.12560099363327026
v -0.5510460138320923 0.09408862487033992 -0.12560099363327026
v 0.17638199031352997 0.09408862487033992 -0.12560099363327026
v 0.17638199031352997 0.20235763088421016 0.12560099363327026
v 0.17638199031352997 0.09408862487033992 -0.12560099363327026
v 0.17638199031352997 0.20235763088421016 -0.12560099363327026
v 0.17638199031352997 0.09408862487033992 0.12560099363327026
v 0.17638199031352997 0.09408862487033992 -0.12560099363327026
v 0.17638199031352997 0.20235763088421016 0.12560099363327026
v -0.7613149881362915 0.3109756369944015 0.09051600098609924
v -0.7613149881362915 0.3109756369944015 -0.09051600098609924
v -0.7613149881362915 0.2358726222868362 0.09051600098609924
v -0.7613149881362915 0.2358726222868362 0.09051600098609924
v -0.7613149881362915 0.3109756369944015 -0.09051600098609924
v -0.7613149881362915 0.2358726222868362 -0.09051600098609924
v -0.7613149881362915 0.3109756369944015 0.09051600098609924
v 0.7806139588356018 0.3109756369944015 -0.09051600098609924
v -0.7613149881362915 0.3109756369944015 -0.09051600098609924
v 0.7806139588356018 0.2358726222868362 0.09051600098609924
v -0.7613149881362915 0.2358726222868362 0.09051600098609924
v -0.7613149881362915 0.2358726222868362 -0.09051600098609924
v -0.7613149881362915 0.3109756369944015 0.09051600098609924
v 0.7806139588356018 0.3109756369944015 0.09051600098609924
v 0.7806139588356018 0.3109756369944015 -0.09051600098609924
v 0.7806139588356018 0.2358726222868362 0.09051600098609924
v -0.7613149881362915 0.2358726222868362 -0.09051600098609924
v 0.7806139588356018 0.2358726222868362 -0.09051600098609924
v 0.7806139588356018 0.3109756369944015 0.09051600098609924
v 0.7806139588356018 0.2358726222868362 -0.09051600098609924
v 0.7806139588356018 0.3109756369944015 -0.09051600098609924
v 0.7806139588356018 0.2358726222868362 0.09051600098609924
v 0.7806139588356018 0.2358726222868362 -0.09051600098609924
v 0.7806139588356018 0.3109756369944015 0.09051600098609924
v 1.9750109910964966 0.06533962831453471 -0.050645001232624054
v 1.7117890119552612 0.06533962831453471 -0.050645001232624054
v 1.7117890119552612 0.11598462954715877 -0.07162299752235413
v 1.9750109910964966 0.04436163202480464 2.41869093418163e-16
v 1.7117890119552612 0.06533962831453471 -0.050645001232624054
v 1.9750109910964966 0.06533962831453471 -0.050645001232624054
v 1.9750109910964966 0.06533962831453471 -0.050645001232624054
v 1.7117890119552612 0.11598462954715877 -0.07162299752235413
v 1.9750109910964966 0.11598462954715877 -0.07162299752235413
v 1.9750109910964966 0.04436163202480464 2.41869093418163e-16
v 1.7117890119552612 0.04436163202480464 2.0963369289340409e-16
v 1.7117890119552612 0.06533962831453471 -0.050645001232624054
v 1.9750109910964966 0.11598462954715877 -0.07162299752235413
v 1.7117890119552612 0.11598462954715877 -0.07162299752235413
v 1.7117890119552612 0.16662962332920223 -0.050645001232624054
v 1.9750109910964966 0.06533962831453471 0.050645001232624054
v 1.7117890119552612 0.04436163202480464 2.0963369289340409e-16
v 1.9750109910964966 0.04436163202480464 2.41869093418163e-16
v 1.9750109910964966 0.11598462954715877 -0.07162299752235413
v 1.7117890119552612 0.16662962332920223 -0.050645001232624054
v 1.9750109910964966 0.16662962332920223 -0.050645001232624054
v 1.9750109910964966 0.06533962831453471 0.050645001232624054
v 1.7117890119552612 0.06533962831453471 0.050645001232624054
v 1.7117890119552612 0.04436163202480464 2.0963369289340409e-16
v 1.7117890119552612 0.1876076270695129 2.0963369289340409e-16
v 1.9750109910964966 0.16662962332920223 -0.050645001232624054
v 1.7117890119552612 0.16662962332920223 -0.050645001232624054
v 1.9750109910964966 0.11598462954715877 0.07162299752235413
v 1.7117890119552612 0.06533962831453471 0.050645001232624054
v 1.9750109910964966 0.06533962831453471 0.050645001232624054
v 1.9750109910964966 0.16662962332920223 -0.050645001232624054
v 1.7117890119552612 0.1876076270695129 2.0963369289340409e-16
v 1.9750109910964966 0.1876076270695129 2.41869093418163e-16
v 1.9750109910964966 0.11598462954715877 0.07162299752235413
v 1.7117890119552612 0.11598462954715877 0.07162299752235413
v 1.7117890119552612 0.06533962831453471 0.050645001232624054
v 1.7117890119552612 0.16662962332920223 0.050645001232624054
v 1.9750109910964966 0.1876076270695129 2.41869093418163e-16
v 1.7117890119552612 0.1876076270695129 2.0963369289340409e-16
v 1.9750109910964966 0.16662962332920223 0.050645001232624054
v 1.7117890119552612 0.11598462954715877 0.07162299752235413
v 1.9750109910964966 0.11598462954715877 0.07162299752235413
v 1.9750109910964966 0.1876076270695129 2.41869093418163e-16
v 1.7117890119552612 0.16662962332920223 0.050645001232624054
v 1.9750109910964966 0.16662962332920223 0.050645001232624054
v 1.9750109910964966 0.16662962332920223 0.050645001232624054
v 1.7117890119552612 0.16662962332920223 0.050645001232624054
v 1.7117890119552612 0.11598462954715877 0.07162299752235413
v -0.4435670077800751 0.03108062938408046 0.14246399700641632
v -0.4435670077800751 0.03108062938408046 -0.14246399700641632
v -0.46956801414489746 -0.026371369430859992 0.14246399700641632
v -0.46956801414489746 -0.026371369430859992 0.14246399700641632
v -0.4435670077800751 0.03108062938408046 -0.14246399700641632
v -0.46956801414489746 -0.026371369430859992 -0.14246399700641632
v -0.4435670077800751 0.03108062938408046 0.14246399700641632
v -0.28128400444984436 0.03108062938408046 -0.14246399700641632
v -0.4435670077800751 0.03108062938408046 -0.14246399700641632
v -0.28128400444984436 0.03108062938408046 0.14246399700641632
v -0.28128400444984436 0.03108062938408046 -0.14246399700641632
v -0.4435670077800751 0.03108062938408046 0.14246399700641632
v -0.28128400444984436 0.03108062938408046 0.14246399700641632
v -0.25528302788734436 -0.026371369430859992 -0.14246399700641632
v -0.28128400444984436 0.03108062938408046 -0.14246399700641632
v -0.25528302788734436 -0.026371369430859992 0.14246399700641632
v -0.25528302788734436 -0.026371369430859992 -0.14246399700641632
v -0.28128400444984436 0.03108062938408046 0.14246399700641632
v 0.854362964630127 0.20301362470344692 0.033479999750852585
v 0.854362964630127 0.13922263280109554 0.02712099999189377
v 0.854362964630127 0.16612962976650386 0.04719800129532814
v 0.854362964630127 0.13922263280109554 0.02712099999189377
v 0.854362964630127 0.20301362470344692 0.033479999750852585
v 0.854362964630127 0.13922263280109554 -0.02712099999189377
v 0.854362964630127 0.26680564478592067 0.02712099999189377
v 0.854362964630127 0.20301362470344692 0.033479999750852585
v 0.854362964630127 0.23989861801818996 0.04719800129532814
v 0.854362964630127 0.2747266252394119 1.0462928820588932e-16
v 0.854362964630127 0.20301362470344692 0.033479999750852585
v 0.854362964630127 0.26680564478592067 0.02712099999189377
v 0.854362964630127 0.20301362470344692 -0.033479999750852585
v 0.854362964630127 0.13922263280109554 -0.02712099999189377
v 0.854362964630127 0.20301362470344692 0.033479999750852585
v 0.854362964630127 0.2747266252394119 1.0462928820588932e-16
v 0.854362964630127 0.20301362470344692 -0.033479999750852585
v 0.854362964630127 0.20301362470344692 0.033479999750852585
v 0.854362964630127 0.13922263280109554 -0.02712099999189377
v 0.854362964630127 0.20301362470344692 -0.033479999750852585
v 0.854362964630127 0.16612962976650386 -0.04719800129532814
v 0.854362964630127 0.20301362470344692 -0.033479999750852585
v 0.854362964630127 0.2747266252394119 1.0462928820588932e-16
v 0.854362964630127 0.26680564478592067 -0.02712099999189377
v 0.854362964630127 0.20301362470344692 -0.033479999750852585
v 0.854362964630127 0.26680564478592067 -0.02712099999189377
v 0.854362964630127 0.23989861801818996 -0.04719800129532814
v -0.8900750279426575 0.1065466363783279 0.17324300110340118
v -0.8900750279426575 0.3614766259546676 0.1345909982919693
v -0.8900750279426575 0.33741461828903346 0.17324300110340118
v -0.8900750279426575 0.3614766259546676 0.1345909982919693
v -0.8900750279426575 0.1065466363783279 0.17324300110340118
v -0.8900750279426575 0.3614766259546676 -0.1345909982919693
v -0.8900750279426575 0.3614766259546676 -0.1345909982919693
v -0.8900750279426575 0.1065466363783279 0.17324300110340118
v -0.8900750279426575 0.1065466363783279 -0.17324300110340118
v -0.8900750279426575 0.3614766259546676 -0.1345909982919693
v -0.8900750279426575 0.1065466363783279 -0.17324300110340118
v -0.8900750279426575 0.33741461828903346 -0.17324300110340118
v -0.8900750279426575 0.1065466363783279 -0.17324300110340118
v -0.8900750279426575 0.1065466363783279 0.17324300110340118
v -0.8900750279426575 0.0804846321101585 -0.15980899333953857
v -0.8900750279426575 0.0804846321101585 -0.15980899333953857
v -0.8900750279426575 0.1065466363783279 0.17324300110340118
v -0.8900750279426575 0.0804846321101585 0.15980899333953857
v -0.8900750279426575 0.0804846321101585 0.15980899333953857
v -0.8900750279426575 -0.10370336874767155 0.11432900279760361
v -0.8900750279426575 0.0804846321101585 -0.15980899333953857
v -0.8900750279426575 -0.10370336874767155 0.11432900279760361
v -0.8900750279426575 0.0804846321101585 0.15980899333953857
v -0.8900750279426575 -0.08009737014218182 0.15980899333953857
v -0.8900750279426575 0.0804846321101585 -0.15980899333953857
v -0.8900750279426575 -0.10370336874767155 0.11432900279760361
v -0.8900750279426575 -0.10370336874767155 -0.11432900279760361
v -0.8900750279426575 0.0804846321101585 -0.15980899333953857
v -0.8900750279426575 -0.10370336874767155 -0.11432900279760361
v -0.8900750279426575 -0.08009737014218182 -0.15980899333953857
v 1.7117890119552612 0.06533962831453471 0.050645001232624054
v 1.7117890119552612 0.06533962831453471 -0.050645001232624054
v 1.7117890119552612 0.04436163202480464 2.0963369289340409e-16
v 1.7117890119552612 0.06533962831453471 -0.050645001232624054
v 1.7117890119552612 0.06533962831453471 0.050645001232624054
v 1.7117890119552612 0.16662962332920223 0.050645001232624054
v 1.7117890119552612 0.16662962332920223 0.050645001232624054
v 1.7117890119552612 0.06533962831453471 0.050645001232624054
v 1.7117890119552612 0.11598462954715877 0.07162299752235413
v 1.7117890119552612 0.16662962332920223 0.050645001232624054
v 1.7117890119552612 0.16662962332920223 -0.050645001232624054
v 1.7117890119552612 0.06533962831453471 -0.050645001232624054
v 1.7117890119552612 0.06533962831453471 -0.050645001232624054
v 1.7117890119552612 0.16662962332920223 -0.050645001232624054
v 1.7117890119552612 0.11598462954715877 -0.07162299752235413
v 1.7117890119552612 0.16662962332920223 -0.050645001232624054
v 1.7117890119552612 0.16662962332920223 0.050645001232624054
v 1.7117890119552612 0.1876076270695129 2.0963369289340409e-16
v -1.7374320030212402 0.2689786215181747 0.20187599956989288
v -1.7374320030212402 0.03427262947515636 0.18076300621032715
v -1.7374320030212402 0.2689786215181747 -0.20187599956989288
v -1.7374320030212402 0.03427262947515636 0.18076300621032715
v -1.7374320030212402 0.03427262947515636 -0.18076300621032715
v -1.7374320030212402 0.2689786215181747 -0.20187599956989288
v -1.7374320030212402 0.03427262947515636 0.18076300621032715
v -1.7374320030212402 -0.200432364190062 0.18076300621032715
v -1.7374320030212402 0.03427262947515636 -0.18076300621032715
v -1.7374320030212402 -0.200432364190062 0.18076300621032715
v -1.7374320030212402 -0.200432364190062 -0.18076300621032715
v -1.7374320030212402 0.03427262947515636 -0.18076300621032715
v -1.7374320030212402 -0.200432364190062 0.18076300621032715
v -1.7374320030212402 -0.43513736530586095 0.20187599956989288
v -1.7374320030212402 -0.200432364190062 -0.18076300621032715
v -1.7374320030212402 -0.43513736530586095 0.20187599956989288
v -1.7374320030212402 -0.43513736530586095 -0.20187599956989288
v -1.7374320030212402 -0.200432364190062 -0.18076300621032715
vt 0 0
vt 0 0
vt 0 0
vt 0 0
vt 0 0
vt 0 0
vt 0 0
vt 0 0
vt 0 0
vt 0 0
vt 0 0
vt 0 0
vt 0 0
vt 0 0
vt 0 0
vt 0 0
vt 0 0
vt 0 0
vt 0 0
vt 0 0
vt 0 0
vt 0 0
vt 0 0
vt 0 0
vt 0 0
vt 0 0
vt 0 0
vt 0 0
vt 0 0
vt 0 0
vt 0 0
vt 0 0
vt 0 0
vt 0 0
vt 0 0
vt 0 0
vt 0 0
vt 0 0
vt 0 0
vt 0 0
vt 0 0
vt 0 0
vt 0 0
vt 0 0
vt 0 0
vt 0 0
vt 0 0
vt 0 0
vt 0 0
vt 0 0
vt 0 0
vt 0 0
vt 0 0
vt 0 0
vt 0 0
vt 0 0
vt 0 0
vt 0 0
vt 0 0
vt 0 0
vt 0 0
vt 0 0
vt 0 0
vt 0 0
vt 0 0
vt 0 0
vt 0 0
vt 0 0
vt 0 0
vt 0 0
vt 0 0
vt 0 0
vt 0 0
vt 0 0
vt 0 0
vt 0 0
vt 0 0
vt 0 0
vt 0 0
vt 0 0
vt 0 0
vt 0 0
vt 0 0
vt 0 0
vt 0 0
vt 0 0
vt 0 0
vt 0 0
vt 0 0
vt 0 0
vt 0 0
vt 0 0
vt 0 0
vt 0 0
vt 0 0
vt 0 0
vt 0 0
vt 0 0
vt 0 0
vt 0 0
vt 0 0
vt 0 0
vt 0 0
vt 0 0
vt 0 0
vt 0 0
vt 0 0
vt 0 0
vt 0 0
vt 0 0
vt 0 0
vt 0 0
vt 0 0
vt 0 0
vt 0 0
vt 0 0
vt 0 0
vt 0 0
vt 0 0
vt 0 0
vt 0 0
vt 0 0
vt 0 0
vt 0 0
vt 0 0
vt 0 0
vt 0 0
vt 0 0
vt 0 0
vt 0 0
vt 0 0
vt 0 0
vt 0 0
vt 0 0
vt 0 0
vt 0 0
vt 0 0
vt 0 0
vt 0 0
vt 0 0
vt 0 0
vt 0 0
vt 0 0
vt 0 0
vt 0 0
vt 0 0
vt 0 0
vt 0 0
vt 0 0
vt 0 0
vt 0 0
vt 0 0
vt 0 0
vt 0 0
vt 0 0
vt 0 0
vt 0 0
vt 0 0
vt 0 0
vt 0 0
vt 0 0
vt 0 0
vt 0 0
vt 0 0
vt 0 0
vt 0 0
vt 0 0
vt 0 0
vt 0 0
vt 0 0
vt 0 0
vt 0 0
vt 0 0
vt 0 0
vt 0 0
vt 0 0
vt 0 0
vt 0 0
vt 0 0
vt 0 0
vt 0 0
vt 0 0
vt 0 0
vt 0 0
vt 0 0
vt 0 0
vt 0 0
vt 0 0
vt 0 0
vt 0 0
vt 0 0
vt 0 0
vt 0 0
vt 0 0
vt 0 0
vt 0 0
vt 0 0
vt 0 0
vt 0 0
vt 0 0
vt 0 0
vt 0 0
vt 0 0
vt 0 0
vt 0 0
vt 0 0
vt 0 0
vt 0 0
vt 0 0
vt 0 0
vt 0 0
vt 0 0
vt 0 0
vt 0 0
vt 0 0
vt 0 0
vt 0 0
vt 0 0
vt 0 0
vt 0 0
vt 0 0
vt 0 0
vt 0 0
vt 0 0
vt 0 0
vt 0 0
vt 0 0
vt 0 0
vt 0 0
vt 0 0
vt 0 0
vt 0 0
vt 0 0
vt 0 0
vt 0 0
vt 0 0
vt 0 0
vt 0 0
vt 0 0
vt 0 0
vt 0 0
vt 0 0
vt 0 0
vt 0 0
vt 0 0
vt 0 0
vt 0 0
vt 0 0
vt 0 0
vt 0 0
vt 0 0
vt 0 0
vt 0 0
vt 0 0
vt 0 0
vt 0 0
vt 0 0
vt 0 0
vt 0 0
vt 0 0
vt 0 0
vt 0 0
vt 0 0
vt 0 0
vt 0 0
vt 0 0
vt 0 0
vt 0 0
vt 0 0
vt 0 0
vt 0 0
vt 0 0
vt 0 0
vt 0 0
vt 0 0
vt 0 0
vt 0 0
vt 0 0
vt 0 0
vt 0 0
vt 0 0
vt 0 0
vt 0 0
vt 0 0
vt 0 0
vt 0 0
vt 0 0
vt 0 0
vt 0 0
vt 0 0
vt 0 0
vt 0 0
vt 0 0
vt 0 0
vt 0 0
vt 0 0
vt 0 0
vt 0 0
vt 0 0
vt 0 0
vt 0 0
vt 0 0
vt 0 0
vt 0 0
vt 0 0
vt 0 0
vt 0 0
vt 0 0
vt 0 0
vt 0 0
vt 0 0
vt 0 0
vt 0 0
vt 0 0
vt 0 0
vt 0 0
vt 0 0
vt 0 0
vt 0 0
vt 0 0
vt 0 0
vt 0 0
vt 0 0
vt 0 0
vt 0 0
vt 0 0
vt 0 0
vt 0 0
vt 0 0
vt 0 0
vt 0 0
vt 0 0
vt 0 0
vt 0 0
vt 0 0
vt 0 0
vt 0 0
vt 0 0
vt 0 0
vt 0 0
vt 0 0
vt 0 0
vt 0 0
vt 0 0
vt 0 0
vt 0 0
vt 0 0
vt 0 0
vt 0 0
vt 0 0
vt 0 0
vt 0 0
vt 0 0
vt 0 0
vt 0 0
vt 0 0
vt 0 0
vt 0 0
vt 0 0
vt 0 0
vt 0 0
vt 0 0
vt 0 0
vt 0 0
vt 0 0
vt 0 0
vt 0 0
vt 0 0
vt 0 0
vt 0 0
vt 0 0
vt 0 0
vt 0 0
vt 0 0
vt 0 0
vt 0 0
vt 0 0
vt 0 0
vt 0 0
vt 0 0
vt 0 0
vt 0 0
vt 0 0
vt 0 0
vt 0 0
vt 0 0
vt 0 0
vt 0 0
vt 0 0
vt 0 0
vt 0 0
vt 0 0
vt 0 0
vt 0 0
vt 0 0
vt 0 0
vt 0 0
vt 0 0
vt 0 0
vt 0 0
vt 0 0
vt 0 0
vt 0 0
vt 0 0
vt 0 0
vt 0 0
vt 0 0
vt 0 0
vt 0 0
vt 0 0
vt 0 0
vt 0 0
vt 0 0
vt 0 0
vt 0 0
vt 0 0
vt 0 0
vt 0 0
vt 0 0
vt 0 0
vt 0 0
vt 0 0
vt 0 0
vt 0 0
vt 0 0
vt 0 0
vt 0 0
vt 0 0
vt 0 0
vt 0 0
vt 0 0
vt 0 0
vt 0 0
vt 0 0
vt 0 0
vt 0 0
vt 0 0
vt 0 0
vt 0 0
vt 0 0
vt 0 0
vt 0 0
vt 0 0
vt 0 0
vt 0 0
vt 0 0
vt 0 0
vt 0 0
vt 0 0
vt 0 0
vt 0 0
vt 0 0
vt 0 0
vt 0 0
vt 0 0
vt 0 0
vt 0 0
vt 0 0
vt 0 0
vt 0 0
vt 0 0
vt 0 0
vt 0 0
vt 0 0
vt 0 0
vt 0 0
vt 0 0
vt 0 0
vt 0 0
vt 0 0
vt 0 0
vt 0 0
vt 0 0
vt 0 0
vt 0 0
vt 0 0
vt 0 0
vt 0 0
vt 0 0
vt 0 0
vt 0 0
vt 0 0
vt 0 0
vt 0 0
vt 0 0
vt 0 0
vt 0 0
vt 0 0
vt 0 0
vt 0 0
vt 0 0
vt 0 0
vt 0 0
vt 0 0
vt 0 0
vt 0 0
vt 0 0
vt 0 0
vt 0 0
vt 0 0
vt 0 0
vt 0 0
vt 0 0
vt 0 0
vt 0 0
vt 0 0
vt 0 0
vt 0 0
vt 0 0
vt 0 0
vt 0 0
vt 0 0
vt 0 0
vt 0 0
vt 0 0
vt 0 0
vt 0 0
vt 0 0
vt 0 0
vt 0 0
vt 0 0
vt 0 0
vt 0 0
vt 0 0
vt 0 0
vt 0 0
vt 0 0
vt 0 0
vt 0 0
vt 0 0
vt 0 0
vt 0 0
vt 0 0
vt 0 0
vt 0 0
vt 0 0
vt 0 0
vt 0 0
vt 0 0
vt 0 0
vt 0 0
vt 0 0
vt 0 0
vt 0 0
vt 0 0
vt 0 0
vt 0 0
vt 0 0
vt 0 0
vt 0 0
vt 0 0
vt 0 0
vt 0 0
vt 0 0
vt 0 0
vt 0 0
vt 0 0
vt 0 0
vt 0 0
vt 0 0
vt 0 0
vt 0 0
vt 0 0
vt 0 0
vt 0 0
vt 0 0
vt 0 0
vt 0 0
vt 0 0
vt 0 0
vt 0 0
vt 0 0
vt 0 0
vt 0 0
vt 0 0
vt 0 0
vt 0 0
vt 0 0
vt 0 0
vt 0 0
vt 0 0
vt 0 0
vt 0 0
vt 0 0
vt 0 0
vt 0 0
vt 0 0
vt 0 0
vt 0 0
vt 0 0
vt 0 0
vt 0 0
vt 0 0
vt 0 0
vt 0 0
vt 0 0
vt 0 0
vt 0 0
vt 0 0
vt 0 0
vt 0 0
vt 0 0
vt 0 0
vt 0 0
vt 0 0
vt 0 0
vt 0 0
vt 0 0
vt 0 0
vt 0 0
vt 0 0
vt 0 0
vt 0 0
vt 0 0
vt 0 0
vt 0 0
vt 0 0
vt 0 0
vt 0 0
vt 0 0
vt 0 0
vt 0 0
vt 0 0
vt 0 0
vt 0 0
vt 0 0
vt 0 0
vt 0 0
vt 0 0
vt 0 0
vt 0 0
vt 0 0
vt 0 0
vt 0 0
vt 0 0
vt 0 0
vt 0 0
vt 0 0
vt 0 0
vt 0 0
vt 0 0
vt 0 0
vt 0 0
vt 0 0
vt 0 0
vt 0 0
vt 0 0
vt 0 0
vt 0 0
vt 0 0
vt 0 0
vt 0 0
vt 0 0
vt 0 0
vt 0 0
vt 0 0
vt 0 0
vt 0 0
vt 0 0
vt 0 0
vt 0 0
vt 0 0
vt 0 0
vt 0 0
vt 0 0
vt 0 0
vt 0 0
vt 0 0
vt 0 0
vt 0 0
vt 0 0
vt 0 0
vt 0 0
vt 0 0
vt 0 0
vt 0 0
vt 0 0
vt 0 0
vt 0 0
vt 0 0
vt 0 0
vt 0 0
vt 0 0
vt 0 0
vt 0 0
vt 0 0
vt 0 0
vt 0 0
vt 0 0
vt 0 0
vt 0 0
vt 0 0
vt 0 0
vt 0 0
vt 0 0
vt 0 0
vt 0 0
vt 0 0
vt 0 0
vt 0 0
vt 0 0
vt 0 0
vt 0 0
vt 0 0
vt 0 0
vt 0 0
vt 0 0
vt 0 0
vt 0 0
vt 0 0
vt 0 0
vt 0 0
vt 0 0
vt 0 0
vt 0 0
vt 0 0
vt 0 0
vt 0 0
vt 0 0
vt 0 0
vt 0 0
vt 0 0
vt 0 0
vt 0 0
vt 0 0
vt 0 0
vt 0 0
vt 0 0
vt 0 0
vt 0 0
vt 0 0
vt 0 0
vt 0 0
vt 0 0
vt 0 0
vt 0 0
vt 0 0
vt 0 0
vt 0 0
vt 0 0
vt 0 0
vt 0 0
vt 0 0
vt 0 0
vt 0 0
vt 0 0
vt 0 0
vt 0 0
vt 0 0
vt 0 0
vt 0 0
vt 0 0
vt 0 0
vt 0 0
vt 0 0
vt 0 0
vt 0 0
vt 0 0
vt 0 0
vt 0 0
vt 0 0
vt 0 0
vt 0 0
vt 0 0
vt 0 0
vt 0 0
vt 0 0
vt 0 0
vt 0 0
vt 0 0
vt 0 0
vt 0 0
vt 0 0
vt 0 0
vt 0 0
vt 0 0
vt 0 0
vt 0 0
vt 0 0
vt 0 0
vt 0 0
vt 0 0
vt 0 0
vt 0 0
vt 0 0
vt 0 0
vt 0 0
vt 0 0
vt 0 0
vt 0 0
vt 0 0
vt 0 0
vt 0 0
vt 0 0
vt 0 0
vt 0 0
vt 0 0
vt 0 0
vt 0 0
vt 0 0
vt 0 0
vt 0 0
vt 0 0
vt 0 0
vt 0 0
vt 0 0
vt 0 0
vt 0 0
vt 0 0
vt 0 0
vt 0 0
vt 0 0
vt 0 0
vt 0 0
vt 0 0
vt 0 0
vt 0 0
vt 0 0
vt 0 0
vt 0 0
vt 0 0
vt 0 0
vt 0 0
vt 0 0
vt 0 0
vt 0 0
vt 0 0
vt 0 0
vt 0 0
vt 0 0
vt 0 0
vt 0 0
vt 0 0
vt 0 0
vt 0 0
vt 0 0
vt 0 0
vt 0 0
vt 0 0
vt 0 0
vt 0 0
vt 0 0
vt 0 0
vt 0 0
vt 0 0
vt 0 0
vt 0 0
vt 0 0
vt 0 0
vt 0 0
vt 0 0
vt 0 0
vt 0 0
vt 0 0
vt 0 0
vt 0 0
vt 0 0
vt 0 0
vt 0 0
vt 0 0
vt 0 0
vt 0 0
vt 0 0
vt 0 0
vn -0.992270213331499 -0.12409602626620075 -1.2151805757150127e-16
vn -0.9979565007898148 -0.06389696809198753 -1.2221442506558531e-16
vn -0.9979565007898148 -0.06389696809198753 -1.2221442506558531e-16
vn -0.9979565007898148 -0.06389696809198753 -1.2221442506558531e-16
vn -0.992270213331499 -0.12409602626620075 -1.2151805757150127e-16
vn -0.992270213331499 -0.12409602626620075 -1.2151805757150127e-16
vn -0.9979565007898148 0.06389696809198753 -1.2221442506558531e-16
vn -0.9979565007898148 -0.06389696809198753 -1.2221442506558531e-16
vn -0.9979565007898148 -0.06389696809198753 -1.2221442506558531e-16
vn -0.9979565007898148 -0.06389696809198753 -1.2221442506558531e-16
vn -0.9979565007898148 0.06389696809198753 -1.2221442506558531e-16
vn -0.9979565007898148 0.06389696809198753 -1.2221442506558531e-16
vn -0.992270213331499 0.12409602626620075 -1.2151805757150127e-16
vn -0.9979565007898148 0.06389696809198753 -1.2221442506558531e-16
vn -0.9979565007898148 0.06389696809198753 -1.2221442506558531e-16
vn -0.9979565007898148 0.06389696809198753 -1.2221442506558531e-16
vn -0.992270213331499 0.12409602626620075 -1.2151805757150127e-16
vn -0.992270213331499 0.12409602626620075 -1.2151805757150127e-16
vn 1 0 1.2246468525851679e-16
vn 1 0 1.2246468525851679e-16
vn 1 0 1.2246468525851679e-16
vn 1 0 1.2246468525851679e-16
vn 1 0 1.2246468525851679e-16
vn 1 0 1.2246468525851679e-16
vn 1 0 1.2246468525851679e-16
vn 1 0 1.2246468525851679e-16
vn 1 0 1.2246468525851679e-16
vn 1 0 1.2246468525851679e-16
vn 1 0 1.2246468525851679e-16
vn 1 0 1.2246468525851679e-16
vn 1 0 1.2246468525851679e-16
vn 1 0 1.2246468525851679e-16
vn 1 0 1.2246468525851679e-16
vn 1 0 1.2246468525851679e-16
vn 1 0 1.2246468525851679e-16
vn 1 0 1.2246468525851679e-16
vn 1 0 1.2246468525851679e-16
vn 1 0 1.2246468525851679e-16
vn 1 0 1.2246468525851679e-16
vn 1 0 1.2246468525851679e-16
vn 1 0 1.2246468525851679e-16
vn 1 0 1.2246468525851679e-16
vn 1 0 1.2246468525851679e-16
vn 1 0 1.2246468525851679e-16
vn 1 0 1.2246468525851679e-16
vn 1 0 1.2246468525851679e-16
vn 1 0 1.2246468525851679e-16
vn 1 0 1.2246468525851679e-16
vn 1 0 1.2246468525851679e-16
vn 1 0 1.2246468525851679e-16
vn 1 0 1.2246468525851679e-16
vn 1 0 1.2246468525851679e-16
vn 1 0 1.2246468525851679e-16
vn 1 0 1.2246468525851679e-16
vn 1 0 1.2246468525851679e-16
vn 1 0 1.2246468525851679e-16
vn 1 0 1.2246468525851679e-16
vn 1 0 1.2246468525851679e-16
vn 1 0 1.2246468525851679e-16
vn 1 0 1.2246468525851679e-16
vn 1 0 1.2246468525851679e-16
vn 1 0 1.2246468525851679e-16
vn 1 0 1.2246468525851679e-16
vn 1 0 1.2246468525851679e-16
vn 1 0 1.2246468525851679e-16
vn 1 0 1.2246468525851679e-16
vn 0.6302749486203605 -0.5489779090007183 0.5489779090007183
vn -1.2246468525851679e-16 0 1
vn -8.659560751628624e-17 -0.7071067811865476 0.7071067811865476
vn -1.2246468525851679e-16 0 1
vn 0.6302749486203605 -0.5489779090007183 0.5489779090007183
vn 0.6302760941573253 0 0.7763710743798912
vn 0.6302760941573253 0 0.7763710743798912
vn -8.659560751628624e-17 0.7071067811865476 0.7071067811865476
vn -1.2246468525851679e-16 0 1
vn -8.659560751628624e-17 -0.7071067811865476 0.7071067811865476
vn 0.6302760941573253 -0.7763710743798912 7.718656016587162e-17
vn 0.6302749486203605 -0.5489779090007183 0.5489779090007183
vn 0.6302760941573253 -0.7763710743798912 7.718656016587162e-17
vn -8.659560751628624e-17 -0.7071067811865476 0.7071067811865476
vn 0 -1 0
vn 0.6302749486203605 -0.5489779090007183 0.5489779090007183
vn 0.6302749486203605 0.5489779090007183 0.5489779090007183
vn 0.6302760941573253 0 0.7763710743798912
vn -8.659560751628624e-17 0.7071067811865476 0.7071067811865476
vn 0.6302760941573253 0 0.7763710743798912
vn 0.6302749486203605 0.5489779090007183 0.5489779090007183
vn 0.6302749486203605 -0.5489779090007183 -0.5489779090007183
vn 0.6302749486203605 -0.5489779090007183 0.5489779090007183
vn 0.6302760941573253 -0.7763710743798912 7.718656016587162e-17
vn 0 -1 0
vn 0.6302749486203605 -0.5489779090007183 -0.5489779090007183
vn 0.6302760941573253 -0.7763710743798912 7.718656016587162e-17
vn 0.6302749486203605 -0.5489779090007183 -0.5489779090007183
vn 0.6302749486203605 0.5489779090007183 0.5489779090007183
vn 0.6302749486203605 -0.5489779090007183 0.5489779090007183
vn 0.6302749486203605 -0.5489779090007183 -0.5489779090007183
vn 0 -1 0
vn 8.659560751628624e-17 -0.7071067811865476 -0.7071067811865476
vn -8.659560751628624e-17 0.7071067811865476 0.7071067811865476
vn 0.6302749486203605 0.5489779090007183 0.5489779090007183
vn 0 1 0
vn 8.659560751628624e-17 -0.7071067811865476 -0.7071067811865476
vn 0.6302760941573253 0 -0.7763710743798912
vn 0.6302749486203605 -0.5489779090007183 -0.5489779090007183
vn 0.6302760941573253 0 -0.7763710743798912
vn 8.659560751628624e-17 -0.7071067811865476 -0.7071067811865476
vn 1.2246468525851679e-16 0 -1
vn 0.6302749486203605 0.5489779090007183 -0.5489779090007183
vn 0.6302749486203605 -0.5489779090007183 -0.5489779090007183
vn 0.6302760941573253 0 -0.7763710743798912
vn 1.2246468525851679e-16 0 -1
vn 0.6302749486203605 0.5489779090007183 -0.5489779090007183
vn 0.6302760941573253 0 -0.7763710743798912
vn 0.6302749486203605 -0.5489779090007183 -0.5489779090007183
vn 0.6302749486203605 0.5489779090007183 -0.5489779090007183
vn 0.6302749486203605 0.5489779090007183 0.5489779090007183
vn 0.6302749486203605 0.5489779090007183 -0.5489779090007183
vn 1.2246468525851679e-16 0 -1
vn 8.659560751628624e-17 0.7071067811865476 -0.7071067811865476
vn 0.6302760941573253 0.7763710743798912 7.718656016587162e-17
vn 0 1 0
vn 0.6302749486203605 0.5489779090007183 0.5489779090007183
vn 0.6302749486203605 0.5489779090007183 0.5489779090007183
vn 0.6302749486203605 0.5489779090007183 -0.5489779090007183
vn 0.6302760941573253 0.7763710743798912 7.718656016587162e-17
vn 0 1 0
vn 0.6302760941573253 0.7763710743798912 7.718656016587162e-17
vn 8.659560751628624e-17 0.7071067811865476 -0.7071067811865476
vn 0.6302749486203605 0.5489779090007183 -0.5489779090007183
vn 8.659560751628624e-17 0.7071067811865476 -0.7071067811865476
vn 0.6302760941573253 0.7763710743798912 7.718656016587162e-17
vn -1 0 -1.2246468525851679e-16
vn -1 0 -1.2246468525851679e-16
vn -1 0 -1.2246468525851679e-16
vn -1 0 -1.2246468525851679e-16
vn -1 0 -1.2246468525851679e-16
vn -1 0 -1.2246468525851679e-16
vn -1 0 -1.2246468525851679e-16
vn -1 0 -1.2246468525851679e-16
vn -1 0 -1.2246468525851679e-16
vn -1 0 -1.2246468525851679e-16
vn -1 0 -1.2246468525851679e-16
vn -1 0 -1.2246468525851679e-16
vn -1 0 -1.2246468525851679e-16
vn -1 0 -1.2246468525851679e-16
vn -1 0 -1.2246468525851679e-16
vn -1 0 -1.2246468525851679e-16
vn -1 0 -1.2246468525851679e-16
vn -1 0 -1.2246468525851679e-16
vn -1 0 -1.2246468525851679e-16
vn -1 0 -1.2246468525851679e-16
vn -1 0 -1.2246468525851679e-16
vn -1 0 -1.2246468525851679e-16
vn -1 0 -1.2246468525851679e-16
vn -1 0 -1.2246468525851679e-16
vn -1 0 -1.2246468525851679e-16
vn -1 0 -1.2246468525851679e-16
vn -1 0 -1.2246468525851679e-16
vn -1 0 -1.2246468525851679e-16
vn -1 0 -1.2246468525851679e-16
vn -1 0 -1.2246468525851679e-16
vn 0 1 0
vn 8.659560751628624e-17 0.7071067811865476 -0.7071067811865476
vn 0 1 0
vn 8.659560751628624e-17 0.7071067811865476 -0.7071067811865476
vn 0 1 0
vn 8.659560751628624e-17 0.7071067811865476 -0.7071067811865476
vn 0 1 0
vn -8.659560751628624e-17 0.7071067811865476 0.7071067811865476
vn 0 1 0
vn 8.659560751628624e-17 0.7071067811865476 -0.7071067811865476
vn 8.659560751628624e-17 0.7071067811865476 -0.7071067811865476
vn 1.2246468525851679e-16 0 -1
vn -8.659560751628624e-17 0.7071067811865476 0.7071067811865476
vn 0 1 0
vn -8.659560751628624e-17 0.7071067811865476 0.7071067811865476
vn 1.2246468525851679e-16 0 -1
vn 1.2246468525851679e-16 0 -1
vn 8.659560751628624e-17 0.7071067811865476 -0.7071067811865476
vn -8.659560751628624e-17 0.7071067811865476 0.7071067811865476
vn -8.659560751628624e-17 0.7071067811865476 0.7071067811865476
vn -1.2246468525851679e-16 0 1
vn 1.2246468525851679e-16 0 -1
vn 1.2246468525851679e-16 0 -1
vn 8.659560751628624e-17 -0.7071067811865476 -0.7071067811865476
vn -1.2246468525851679e-16 0 1
vn -1.2246468525851679e-16 0 1
vn -8.659560751628624e-17 0.7071067811865476 0.7071067811865476
vn 8.659560751628624e-17 -0.7071067811865476 -0.7071067811865476
vn 8.659560751628624e-17 -0.7071067811865476 -0.7071067811865476
vn 1.2246468525851679e-16 0 -1
vn -1.2246468525851679e-16 0 1
vn -1.2246468525851679e-16 0 1
vn -8.659560751628624e-17 -0.7071067811865476 0.7071067811865476
vn 8.659560751628624e-17 -0.7071067811865476 -0.7071067811865476
vn 8.659560751628624e-17 -0.7071067811865476 -0.7071067811865476
vn 0 -1 0
vn -8.659560751628624e-17 -0.7071067811865476 0.7071067811865476
vn -8.659560751628624e-17 -0.7071067811865476 0.7071067811865476
vn -1.2246468525851679e-16 0 1
vn 0 -1 0
vn 0 -1 0
vn 8.659560751628624e-17 -0.7071067811865476 -0.7071067811865476
vn -8.659560751628624e-17 -0.7071067811865476 0.7071067811865476
vn -8.659560751628624e-17 -0.7071067811865476 0.7071067811865476
vn 0 -1 0
vn 0 -1 0
vn 0 -1 0
vn -8.659560751628624e-17 -0.7071067811865476 0.7071067811865476
vn 1 0 1.2246468525851679e-16
vn 1 0 1.2246468525851679e-16
vn 1 0 1.2246468525851679e-16
vn 1 0 1.2246468525851679e-16
vn 1 0 1.2246468525851679e-16
vn 1 0 1.2246468525851679e-16
vn 1 0 1.2246468525851679e-16
vn 1 0 1.2246468525851679e-16
vn 1 0 1.2246468525851679e-16
vn 1 0 1.2246468525851679e-16
vn 1 0 1.2246468525851679e-16
vn 1 0 1.2246468525851679e-16
vn 1 0 1.2246468525851679e-16
vn 1 0 1.2246468525851679e-16
vn 1 0 1.2246468525851679e-16
vn 1 0 1.2246468525851679e-16
vn 1 0 1.2246468525851679e-16
vn 1 0 1.2246468525851679e-16
vn 1 0 1.2246468525851679e-16
vn 1 0 1.2246468525851679e-16
vn 1 0 1.2246468525851679e-16
vn 1 0 1.2246468525851679e-16
vn 1 0 1.2246468525851679e-16
vn 1 0 1.2246468525851679e-16
vn 1 0 1.2246468525851679e-16
vn 1 0 1.2246468525851679e-16
vn 1 0 1.2246468525851679e-16
vn 1 0 1.2246468525851679e-16
vn 1 0 1.2246468525851679e-16
vn 1 0 1.2246468525851679e-16
vn 1 0 1.2246468525851679e-16
vn 1 0 1.2246468525851679e-16
vn 1 0 1.2246468525851679e-16
vn 1 0 1.2246468525851679e-16
vn 1 0 1.2246468525851679e-16
vn 1 0 1.2246468525851679e-16
vn 1 0 1.2246468525851679e-16
vn 1 0 1.2246468525851679e-16
vn 1 0 1.2246468525851679e-16
vn 1 0 1.2246468525851679e-16
vn 1 0 1.2246468525851679e-16
vn 1 0 1.2246468525851679e-16
vn 1 0 1.2246468525851679e-16
vn 1 0 1.2246468525851679e-16
vn 1 0 1.2246468525851679e-16
vn 0 -1 0
vn 0 -1 0
vn 0 -1 0
vn 0 -1 0
vn 0 -1 0
vn 0 -1 0
vn -1.2197212397029099e-16 -0.08959800122894994 0.9959780108896867
vn -1.2233220494067032e-16 -0.046501011009511824 0.9989182428883222
vn -1.2197212397029099e-16 -0.08959800122894994 0.9959780108896867
vn -1.2197212397029099e-16 -0.08959800122894994 0.9959780108896867
vn -1.2233220494067032e-16 -0.046501011009511824 0.9989182428883222
vn -1.2234172190761007e-16 -0.04479999541342718 0.9989959761735565
vn -1.2233220494067032e-16 -0.046501011009511824 0.9989182428883222
vn -1.2233220494067032e-16 0.046501011009511824 0.9989182428883222
vn -1.2234172190761007e-16 -0.04479999541342718 0.9989959761735565
vn -1.2234172190761007e-16 -0.04479999541342718 0.9989959761735565
vn -1.2233220494067032e-16 0.046501011009511824 0.9989182428883222
vn -1.2234172190761007e-16 0.04479999541342718 0.9989959761735565
vn -1.2233220494067032e-16 0.046501011009511824 0.9989182428883222
vn -1.2197212397029099e-16 0.08959800122894994 0.9959780108896867
vn -1.2234172190761007e-16 0.04479999541342718 0.9989959761735565
vn -1.2197212397029099e-16 0.08959800122894994 0.9959780108896867
vn -1.2233220494067032e-16 0.046501011009511824 0.9989182428883222
vn -1.2197212397029099e-16 0.08959800122894994 0.9959780108896867
vn 1.2233220494067032e-16 -0.046501011009511824 -0.9989182428883222
vn 1.2197212397029099e-16 -0.08959800122894994 -0.9959780108896867
vn 1.2234172190761007e-16 -0.04479999541342718 -0.9989959761735565
vn 1.2197212397029099e-16 -0.08959800122894994 -0.9959780108896867
vn 1.2233220494067032e-16 -0.046501011009511824 -0.9989182428883222
vn 1.2197212397029099e-16 -0.08959800122894994 -0.9959780108896867
vn 1.2234172190761007e-16 0.04479999541342718 -0.9989959761735565
vn 1.2233220494067032e-16 -0.046501011009511824 -0.9989182428883222
vn 1.2234172190761007e-16 -0.04479999541342718 -0.9989959761735565
vn 1.2233220494067032e-16 0.046501011009511824 -0.9989182428883222
vn 1.2233220494067032e-16 -0.046501011009511824 -0.9989182428883222
vn 1.2234172190761007e-16 0.04479999541342718 -0.9989959761735565
vn 1.2197212397029099e-16 0.08959800122894994 -0.9959780108896867
vn 1.2233220494067032e-16 0.046501011009511824 -0.9989182428883222
vn 1.2234172190761007e-16 0.04479999541342718 -0.9989959761735565
vn 1.2197212397029099e-16 0.08959800122894994 -0.9959780108896867
vn 1.2233220494067032e-16 0.046501011009511824 -0.9989182428883222
vn 1.2197212397029099e-16 0.08959800122894994 -0.9959780108896867
vn -0.5421060299271662 -0.8403100929517664 -6.638884068477903e-17
vn -0.5421060299271662 -0.8403100929517664 -6.638884068477903e-17
vn 0.5421060299271662 -0.8403100929517664 6.638884068477903e-17
vn -0.5421060299271662 -0.8403100929517664 -6.638884068477903e-17
vn -0.9110399979488594 -0.4123179866769604 -1.1157022566102305e-16
vn -0.5421060299271662 -0.8403100929517664 -6.638884068477903e-17
vn -0.9110399979488594 -0.4123179866769604 -1.1157022566102305e-16
vn -0.9110399979488594 -0.4123179866769604 -1.1157022566102305e-16
vn -0.5421060299271662 -0.8403100929517664 -6.638884068477903e-17
vn 0.5421060299271662 -0.8403100929517664 6.638884068477903e-17
vn -0.5421060299271662 -0.8403100929517664 -6.638884068477903e-17
vn 0.5421060299271662 -0.8403100929517664 6.638884068477903e-17
vn 0.5421060299271662 -0.8403100929517664 6.638884068477903e-17
vn 0.5421060299271662 -0.8403100929517664 6.638884068477903e-17
vn 0.9110399979488594 -0.4123179866769604 1.1157022566102305e-16
vn 0.9110399979488594 -0.4123179866769604 1.1157022566102305e-16
vn 0.5421060299271662 -0.8403100929517664 6.638884068477903e-17
vn 0.9110399979488594 -0.4123179866769604 1.1157022566102305e-16
vn 3.3653307678175765e-17 0.9615013733533514 -0.2748001256179098
vn -3.3653307678175765e-17 0.9615013733533514 0.2748001256179098
vn -3.3653307678175765e-17 0.9615013733533514 0.2748001256179098
vn -3.3653307678175765e-17 0.9615013733533514 0.2748001256179098
vn 3.3653307678175765e-17 0.9615013733533514 -0.2748001256179098
vn 3.3653307678175765e-17 0.9615013733533514 -0.2748001256179098
vn -3.3653307678175765e-17 0.9615013733533514 0.2748001256179098
vn -1.0706203325801028e-16 0.4855159234560133 0.8742278238941235
vn -3.3653307678175765e-17 0.9615013733533514 0.2748001256179098
vn 3.3653307678175765e-17 0.9615013733533514 -0.2748001256179098
vn 3.3653307678175765e-17 0.9615013733533514 -0.2748001256179098
vn 1.0706203325801028e-16 0.4855159234560133 -0.8742278238941235
vn -1.0706203325801028e-16 0.4855159234560133 0.8742278238941235
vn -3.3653307678175765e-17 0.9615013733533514 0.2748001256179098
vn -1.0706203325801028e-16 0.4855159234560133 0.8742278238941235
vn -1.0706203325801028e-16 0.4855159234560133 0.8742278238941235
vn -1.2246468525851679e-16 0 1
vn -1.0706203325801028e-16 0.4855159234560133 0.8742278238941235
vn -1.0706203325801028e-16 0.4855159234560133 0.8742278238941235
vn -1.2246468525851679e-16 0 1
vn -1.2246468525851679e-16 0 1
vn 1.0706203325801028e-16 0.4855159234560133 -0.8742278238941235
vn 1.0706203325801028e-16 0.4855159234560133 -0.8742278238941235
vn 3.3653307678175765e-17 0.9615013733533514 -0.2748001256179098
vn 1.2246468525851679e-16 0 -1
vn 1.0706203325801028e-16 0.4855159234560133 -0.8742278238941235
vn 1.0706203325801028e-16 0.4855159234560133 -0.8742278238941235
vn 1.0706203325801028e-16 0.4855159234560133 -0.8742278238941235
vn 1.2246468525851679e-16 0 -1
vn 1.2246468525851679e-16 0 -1
vn 0 1 0
vn 0 1 0
vn 0 1 0
vn 0 1 0
vn 0 1 0
vn 0 1 0
vn -1.2246468525851679e-16 0 1
vn -1.2246468525851679e-16 0 1
vn -1.0465761674210926e-16 -0.5192961655824435 0.8545943437745017
vn -1.2246468525851679e-16 0 1
vn -1.0465761674210926e-16 -0.5192961655824435 0.8545943437745017
vn -1.0465761674210926e-16 -0.5192961655824435 0.8545943437745017
vn -1.0465761674210926e-16 -0.5192961655824435 0.8545943437745017
vn -2.9036008485600236e-17 -0.9714859822789679 0.23709699752520833
vn -1.0465761674210926e-16 -0.5192961655824435 0.8545943437745017
vn -2.9036008485600236e-17 -0.9714859822789679 0.23709699752520833
vn -1.0465761674210926e-16 -0.5192961655824435 0.8545943437745017
vn -2.9036008485600236e-17 -0.9714859822789679 0.23709699752520833
vn 2.9036008485600236e-17 -0.9714859822789679 -0.23709699752520833
vn -2.9036008485600236e-17 -0.9714859822789679 0.23709699752520833
vn -2.9036008485600236e-17 -0.9714859822789679 0.23709699752520833
vn -2.9036008485600236e-17 -0.9714859822789679 0.23709699752520833
vn 2.9036008485600236e-17 -0.9714859822789679 -0.23709699752520833
vn 2.9036008485600236e-17 -0.9714859822789679 -0.23709699752520833
vn 2.9036008485600236e-17 -0.9714859822789679 -0.23709699752520833
vn 2.9036008485600236e-17 -0.9714859822789679 -0.23709699752520833
vn 1.0465761674210926e-16 -0.5192961655824435 -0.8545943437745017
vn 1.0465761674210926e-16 -0.5192961655824435 -0.8545943437745017
vn 1.0465761674210926e-16 -0.5192961655824435 -0.8545943437745017
vn 2.9036008485600236e-17 -0.9714859822789679 -0.23709699752520833
vn 1.0465761674210926e-16 -0.5192961655824435 -0.8545943437745017
vn 1.2246468525851679e-16 0 -1
vn 1.0465761674210926e-16 -0.5192961655824435 -0.8545943437745017
vn 1.2246468525851679e-16 0 -1
vn 1.0465761674210926e-16 -0.5192961655824435 -0.8545943437745017
vn 1.2246468525851679e-16 0 -1
vn -6.985198911160346e-17 0.8213776465618761 0.5703847488568341
vn -6.985198911160346e-17 0.8213776465618761 0.5703847488568341
vn 0 1 0
vn -6.985198911160346e-17 0.8213776465618761 0.5703847488568341
vn -6.985198911160346e-17 0.8213776465618761 0.5703847488568341
vn -9.815516484398927e-17 0.5979978498051264 0.8014977053170179
vn -6.985198911160346e-17 0.8213776465618761 0.5703847488568341
vn -9.815516484398927e-17 0.5979978498051264 0.8014977053170179
vn -9.815516484398927e-17 0.5979978498051264 0.8014977053170179
vn -6.985198911160346e-17 0.8213776465618761 0.5703847488568341
vn 0 1 0
vn 0 1 0
vn 0 1 0
vn 0 1 0
vn 6.985198911160346e-17 0.8213776465618761 -0.5703847488568341
vn 0 1 0
vn 6.985198911160346e-17 0.8213776465618761 -0.5703847488568341
vn 6.985198911160346e-17 0.8213776465618761 -0.5703847488568341
vn 9.815516484398927e-17 0.5979978498051264 -0.8014977053170179
vn 6.985198911160346e-17 0.8213776465618761 -0.5703847488568341
vn 6.985198911160346e-17 0.8213776465618761 -0.5703847488568341
vn 9.815516484398927e-17 0.5979978498051264 -0.8014977053170179
vn 9.815516484398927e-17 0.5979978498051264 -0.8014977053170179
vn 6.985198911160346e-17 0.8213776465618761 -0.5703847488568341
vn 1.0885395448554928e-16 -0.458178981668199 -0.8888599556496467
vn 1.0885395448554928e-16 -0.458178981668199 -0.8888599556496467
vn 1.0885395448554928e-16 -0.458178981668199 -0.8888599556496467
vn 1.0885395448554928e-16 -0.458178981668199 -0.8888599556496467
vn 1.0885395448554928e-16 -0.458178981668199 -0.8888599556496467
vn 1.0885395448554928e-16 -0.458178981668199 -0.8888599556496467
vn -1.0885395448554928e-16 -0.458178981668199 0.8888599556496467
vn -1.0885395448554928e-16 -0.458178981668199 0.8888599556496467
vn -1.0885395448554928e-16 -0.458178981668199 0.8888599556496467
vn -1.0885395448554928e-16 -0.458178981668199 0.8888599556496467
vn -1.0885395448554928e-16 -0.458178981668199 0.8888599556496467
vn -1.0885395448554928e-16 -0.458178981668199 0.8888599556496467
vn -1.2246468525851679e-16 0 1
vn -1.2246468525851679e-16 0 1
vn -1.2246468525851679e-16 0 1
vn -1.2246468525851679e-16 0 1
vn -1.2246468525851679e-16 0 1
vn -1.2246468525851679e-16 0 1
vn -1.2246468525851679e-16 0 1
vn -1.2246468525851679e-16 0 1
vn -1.2246468525851679e-16 0 1
vn -1.2246468525851679e-16 0 1
vn -1.2246468525851679e-16 0 1
vn -1.2246468525851679e-16 0 1
vn 1.2246468525851679e-16 0 -1
vn 1.2246468525851679e-16 0 -1
vn 1.2246468525851679e-16 0 -1
vn 1.2246468525851679e-16 0 -1
vn 1.2246468525851679e-16 0 -1
vn 1.2246468525851679e-16 0 -1
vn 1.2246468525851679e-16 0 -1
vn 1.2246468525851679e-16 0 -1
vn 1.2246468525851679e-16 0 -1
vn 1.2246468525851679e-16 0 -1
vn 1.2246468525851679e-16 0 -1
vn 1.2246468525851679e-16 0 -1
vn 0 -1 0
vn 0 -1 0
vn -1.5075285620870333e-17 -0.9923943890906993 0.1230990515856952
vn -1.5075285620870333e-17 -0.9923943890906993 0.1230990515856952
vn -1.5075285620870333e-17 -0.9923943890906993 0.1230990515856952
vn 0 -1 0
vn 0 -1 0
vn 0 -1 0
vn 1.5075285620870333e-17 -0.9923943890906993 -0.1230990515856952
vn 1.5075285620870333e-17 -0.9923943890906993 -0.1230990515856952
vn 1.5075285620870333e-17 -0.9923943890906993 -0.1230990515856952
vn 0 -1 0
vn -1.2246468525851679e-16 0 1
vn -1.2246468525851679e-16 0 1
vn -1.2246468525851679e-16 0 1
vn -1.2246468525851679e-16 0 1
vn -1.2246468525851679e-16 0 1
vn -1.2246468525851679e-16 0 1
vn -1.2246468525851679e-16 0 1
vn -1.2246468525851679e-16 0 1
vn -1.2246468525851679e-16 0 1
vn -1.2246468525851679e-16 0 1
vn -1.2246468525851679e-16 0 1
vn -1.2246468525851679e-16 0 1
vn 1.2246468525851679e-16 0 -1
vn 1.2246468525851679e-16 0 -1
vn 1.2246468525851679e-16 0 -1
vn 1.2246468525851679e-16 0 -1
vn 1.2246468525851679e-16 0 -1
vn 1.2246468525851679e-16 0 -1
vn 1.2246468525851679e-16 0 -1
vn 1.2246468525851679e-16 0 -1
vn 1.2246468525851679e-16 0 -1
vn 1.2246468525851679e-16 0 -1
vn 1.2246468525851679e-16 0 -1
vn 1.2246468525851679e-16 0 -1
vn 1.2246468525851679e-16 0 -1
vn 1.2246468525851679e-16 0 -1
vn 1.2246468525851679e-16 0 -1
vn 1.2246468525851679e-16 0 -1
vn 1.2246468525851679e-16 0 -1
vn 1.2246468525851679e-16 0 -1
vn -1.2246468525851679e-16 0 1
vn -1.2246468525851679e-16 0 1
vn -1.2246468525851679e-16 0 1
vn -1.2246468525851679e-16 0 1
vn -1.2246468525851679e-16 0 1
vn -1.2246468525851679e-16 0 1
vn -1.2070751220700372e-16 -0.16879193036969273 0.9856517053412289
vn -1.2070751220700372e-16 -0.16879193036969273 0.9856517053412289
vn -1.2246468525851679e-16 0 1
vn -1.2246468525851679e-16 0 1
vn -1.2246468525851679e-16 0 1
vn -1.2070751220700372e-16 -0.16879193036969273 0.9856517053412289
vn -1.2246468525851679e-16 0 1
vn -1.2246468525851679e-16 0 1
vn -1.2070751220700372e-16 0.16879193036969273 0.9856517053412289
vn -1.2070751220700372e-16 0.16879193036969273 0.9856517053412289
vn -1.2070751220700372e-16 0.16879193036969273 0.9856517053412289
vn -1.2246468525851679e-16 0 1
vn 1.2246468525851679e-16 0 -1
vn 1.2246468525851679e-16 0 -1
vn 1.2070751220700372e-16 -0.16879193036969273 -0.9856517053412289
vn 1.2070751220700372e-16 -0.16879193036969273 -0.9856517053412289
vn 1.2070751220700372e-16 -0.16879193036969273 -0.9856517053412289
vn 1.2246468525851679e-16 0 -1
vn 1.2070751220700372e-16 0.16879193036969273 -0.9856517053412289
vn 1.2246468525851679e-16 0 -1
vn 1.2246468525851679e-16 0 -1
vn 1.2246468525851679e-16 0 -1
vn 1.2070751220700372e-16 0.16879193036969273 -0.9856517053412289
vn 1.2070751220700372e-16 0.16879193036969273 -0.9856517053412289
vn 1.2246468525851679e-16 0 -1
vn 1.2246468525851679e-16 0 -1
vn 1.2246468525851679e-16 0 -1
vn 1.2246468525851679e-16 0 -1
vn 1.2246468525851679e-16 0 -1
vn 1.2246468525851679e-16 0 -1
vn -1.2246468525851679e-16 0 1
vn -1.2246468525851679e-16 0 1
vn -1.2246468525851679e-16 0 1
vn -1.2246468525851679e-16 0 1
vn -1.2246468525851679e-16 0 1
vn -1.2246468525851679e-16 0 1
vn -0.478614193177242 0.8780253151756489 -5.861333144821311e-17
vn -0.8404300749794226 0.5419200024635389 -1.029229991667324e-16
vn -0.478614193177242 0.8780253151756489 -5.861333144821311e-17
vn -0.8404300749794226 0.5419200024635389 -1.029229991667324e-16
vn -0.478614193177242 0.8780253151756489 -5.861333144821311e-17
vn -0.8404300749794226 0.5419200024635389 -1.029229991667324e-16
vn -0.478614193177242 0.8780253151756489 -5.861333144821311e-17
vn 0.478614193177242 0.8780253151756489 5.861333144821311e-17
vn -0.478614193177242 0.8780253151756489 -5.861333144821311e-17
vn -0.478614193177242 0.8780253151756489 -5.861333144821311e-17
vn 0.478614193177242 0.8780253151756489 5.861333144821311e-17
vn 0.478614193177242 0.8780253151756489 5.861333144821311e-17
vn 0.478614193177242 0.8780253151756489 5.861333144821311e-17
vn 0.8404300749794226 0.5419200024635389 1.029229991667324e-16
vn 0.478614193177242 0.8780253151756489 5.861333144821311e-17
vn 0.8404300749794226 0.5419200024635389 1.029229991667324e-16
vn 0.8404300749794226 0.5419200024635389 1.029229991667324e-16
vn 0.478614193177242 0.8780253151756489 5.861333144821311e-17
vn 0 1 0
vn 1.5075285620870333e-17 0.9923943890906993 -0.1230990515856952
vn 0 1 0
vn 1.5075285620870333e-17 0.9923943890906993 -0.1230990515856952
vn 0 1 0
vn 1.5075285620870333e-17 0.9923943890906993 -0.1230990515856952
vn 0 1 0
vn -1.5075285620870333e-17 0.9923943890906993 0.1230990515856952
vn 0 1 0
vn -1.5075285620870333e-17 0.9923943890906993 0.1230990515856952
vn 0 1 0
vn -1.5075285620870333e-17 0.9923943890906993 0.1230990515856952
vn -1.1478307786549499e-16 -0.34859097628556124 0.9372749496557983
vn -1.2246468525851679e-16 0 1
vn -1.1478307786549499e-16 -0.34859097628556124 0.9372749496557983
vn -1.2246468525851679e-16 0 1
vn -1.1478307786549499e-16 -0.34859097628556124 0.9372749496557983
vn -1.2246468525851679e-16 0 1
vn -1.2246468525851679e-16 0 1
vn -1.1478307786549499e-16 0.34859097628556124 0.9372749496557983
vn -1.2246468525851679e-16 0 1
vn -1.1478307786549499e-16 0.34859097628556124 0.9372749496557983
vn -1.2246468525851679e-16 0 1
vn -1.1478307786549499e-16 0.34859097628556124 0.9372749496557983
vn 1.1478307786549499e-16 -0.34859097628556124 -0.9372749496557983
vn 1.1478307786549499e-16 -0.34859097628556124 -0.9372749496557983
vn 1.2246468525851679e-16 0 -1
vn 1.2246468525851679e-16 0 -1
vn 1.2246468525851679e-16 0 -1
vn 1.1478307786549499e-16 -0.34859097628556124 -0.9372749496557983
vn 1.2246468525851679e-16 0 -1
vn 1.2246468525851679e-16 0 -1
vn 1.1478307786549499e-16 0.34859097628556124 -0.9372749496557983
vn 1.1478307786549499e-16 0.34859097628556124 -0.9372749496557983
vn 1.1478307786549499e-16 0.34859097628556124 -0.9372749496557983
vn 1.2246468525851679e-16 0 -1
vn 0.478614193177242 -0.8780253151756489 5.861333144821311e-17
vn -0.478614193177242 -0.8780253151756489 -5.861333144821311e-17
vn -0.478614193177242 -0.8780253151756489 -5.861333144821311e-17
vn -0.478614193177242 -0.8780253151756489 -5.861333144821311e-17
vn -0.8404300749794226 -0.5419200024635389 -1.029229991667324e-16
vn -0.478614193177242 -0.8780253151756489 -5.861333144821311e-17
vn -0.8404300749794226 -0.5419200024635389 -1.029229991667324e-16
vn -0.478614193177242 -0.8780253151756489 -5.861333144821311e-17
vn -0.8404300749794226 -0.5419200024635389 -1.029229991667324e-16
vn 0.478614193177242 -0.8780253151756489 5.861333144821311e-17
vn -0.478614193177242 -0.8780253151756489 -5.861333144821311e-17
vn 0.478614193177242 -0.8780253151756489 5.861333144821311e-17
vn 0.478614193177242 -0.8780253151756489 5.861333144821311e-17
vn 0.478614193177242 -0.8780253151756489 5.861333144821311e-17
vn 0.8404300749794226 -0.5419200024635389 1.029229991667324e-16
vn 0.8404300749794226 -0.5419200024635389 1.029229991667324e-16
vn 0.478614193177242 -0.8780253151756489 5.861333144821311e-17
vn 0.8404300749794226 -0.5419200024635389 1.029229991667324e-16
vn 9.815516484398927e-17 -0.5979978498051264 -0.8014977053170179
vn 9.815516484398927e-17 -0.5979978498051264 -0.8014977053170179
vn 9.815516484398927e-17 -0.5979978498051264 -0.8014977053170179
vn 9.815516484398927e-17 -0.5979978498051264 -0.8014977053170179
vn 9.815516484398927e-17 -0.5979978498051264 -0.8014977053170179
vn 9.815516484398927e-17 -0.5979978498051264 -0.8014977053170179
vn -9.815516484398927e-17 -0.5979978498051264 0.8014977053170179
vn -9.815516484398927e-17 -0.5979978498051264 0.8014977053170179
vn -9.815516484398927e-17 -0.5979978498051264 0.8014977053170179
vn -9.815516484398927e-17 -0.5979978498051264 0.8014977053170179
vn -9.815516484398927e-17 -0.5979978498051264 0.8014977053170179
vn -9.815516484398927e-17 -0.5979978498051264 0.8014977053170179
vn -8.659560751628624e-17 0.7071067811865476 0.7071067811865476
vn 0 1 0
vn -8.659560751628624e-17 0.7071067811865476 0.7071067811865476
vn 0 1 0
vn -8.659560751628624e-17 0.7071067811865476 0.7071067811865476
vn 0 1 0
vn -8.659560751628624e-17 0.7071067811865476 0.7071067811865476
vn -8.659560751628624e-17 0.7071067811865476 0.7071067811865476
vn -1.2246468525851679e-16 0 1
vn 0 1 0
vn 8.659560751628624e-17 0.7071067811865476 -0.7071067811865476
vn 0 1 0
vn -1.2246468525851679e-16 0 1
vn -1.2246468525851679e-16 0 1
vn -8.659560751628624e-17 0.7071067811865476 0.7071067811865476
vn 8.659560751628624e-17 0.7071067811865476 -0.7071067811865476
vn 0 1 0
vn 8.659560751628624e-17 0.7071067811865476 -0.7071067811865476
vn -1.2246468525851679e-16 0 1
vn -1.2246468525851679e-16 0 1
vn -8.659560751628624e-17 -0.7071067811865476 0.7071067811865476
vn 8.659560751628624e-17 0.7071067811865476 -0.7071067811865476
vn 8.659560751628624e-17 0.7071067811865476 -0.7071067811865476
vn 1.2246468525851679e-16 0 -1
vn -8.659560751628624e-17 -0.7071067811865476 0.7071067811865476
vn -8.659560751628624e-17 -0.7071067811865476 0.7071067811865476
vn -1.2246468525851679e-16 0 1
vn 1.2246468525851679e-16 0 -1
vn 1.2246468525851679e-16 0 -1
vn 8.659560751628624e-17 0.7071067811865476 -0.7071067811865476
vn -8.659560751628624e-17 -0.7071067811865476 0.7071067811865476
vn -8.659560751628624e-17 -0.7071067811865476 0.7071067811865476
vn 0 -1 0
vn 1.2246468525851679e-16 0 -1
vn 1.2246468525851679e-16 0 -1
vn 8.659560751628624e-17 -0.7071067811865476 -0.7071067811865476
vn 0 -1 0
vn 0 -1 0
vn -8.659560751628624e-17 -0.7071067811865476 0.7071067811865476
vn 8.659560751628624e-17 -0.7071067811865476 -0.7071067811865476
vn 8.659560751628624e-17 -0.7071067811865476 -0.7071067811865476
vn 1.2246468525851679e-16 0 -1
vn 0 -1 0
vn 0 -1 0
vn 8.659560751628624e-17 -0.7071067811865476 -0.7071067811865476
vn 8.659560751628624e-17 -0.7071067811865476 -0.7071067811865476
vn 8.659560751628624e-17 -0.7071067811865476 -0.7071067811865476
vn 0 -1 0
vn -0.7071067811865476 0.7071067811865476 -8.659560751628624e-17
vn -0.7071067811865476 0.7071067811865476 -8.659560751628624e-17
vn -0.7071067811865476 -0.7071067811865476 -8.659560751628624e-17
vn -0.7071067811865476 -0.7071067811865476 -8.659560751628624e-17
vn -0.7071067811865476 0.7071067811865476 -8.659560751628624e-17
vn -0.7071067811865476 -0.7071067811865476 -8.659560751628624e-17
vn -0.7071067811865476 0.7071067811865476 -8.659560751628624e-17
vn 0.7071067811865476 0.7071067811865476 8.659560751628624e-17
vn -0.7071067811865476 0.7071067811865476 -8.659560751628624e-17
vn 0.7071067811865476 -0.7071067811865476 8.659560751628624e-17
vn -0.7071067811865476 -0.7071067811865476 -8.659560751628624e-17
vn -0.7071067811865476 -0.7071067811865476 -8.659560751628624e-17
vn -0.7071067811865476 0.7071067811865476 -8.659560751628624e-17
vn 0.7071067811865476 0.7071067811865476 8.659560751628624e-17
vn 0.7071067811865476 0.7071067811865476 8.659560751628624e-17
vn 0.7071067811865476 -0.7071067811865476 8.659560751628624e-17
vn -0.7071067811865476 -0.7071067811865476 -8.659560751628624e-17
vn 0.7071067811865476 -0.7071067811865476 8.659560751628624e-17
vn 0.7071067811865476 0.7071067811865476 8.659560751628624e-17
vn 0.7071067811865476 -0.7071067811865476 8.659560751628624e-17
vn 0.7071067811865476 0.7071067811865476 8.659560751628624e-17
vn 0.7071067811865476 -0.7071067811865476 8.659560751628624e-17
vn 0.7071067811865476 -0.7071067811865476 8.659560751628624e-17
vn 0.7071067811865476 0.7071067811865476 8.659560751628624e-17
vn -0.7071067811865476 0.7071067811865476 -8.659560751628624e-17
vn -0.7071067811865476 0.7071067811865476 -8.659560751628624e-17
vn -0.7071067811865476 -0.7071067811865476 -8.659560751628624e-17
vn -0.7071067811865476 -0.7071067811865476 -8.659560751628624e-17
vn -0.7071067811865476 0.7071067811865476 -8.659560751628624e-17
vn -0.7071067811865476 -0.7071067811865476 -8.659560751628624e-17
vn -0.7071067811865476 0.7071067811865476 -8.659560751628624e-17
vn 0.7071067811865476 0.7071067811865476 8.659560751628624e-17
vn -0.7071067811865476 0.7071067811865476 -8.659560751628624e-17
vn 0.7071067811865476 -0.7071067811865476 8.659560751628624e-17
vn -0.7071067811865476 -0.7071067811865476 -8.659560751628624e-17
vn -0.7071067811865476 -0.7071067811865476 -8.659560751628624e-17
vn -0.7071067811865476 0.7071067811865476 -8.659560751628624e-17
vn 0.7071067811865476 0.7071067811865476 8.659560751628624e-17
vn 0.7071067811865476 0.7071067811865476 8.659560751628624e-17
vn 0.7071067811865476 -0.7071067811865476 8.659560751628624e-17
vn -0.7071067811865476 -0.7071067811865476 -8.659560751628624e-17
vn 0.7071067811865476 -0.7071067811865476 8.659560751628624e-17
vn 0.7071067811865476 0.7071067811865476 8.659560751628624e-17
vn 0.7071067811865476 -0.7071067811865476 8.659560751628624e-17
vn 0.7071067811865476 0.7071067811865476 8.659560751628624e-17
vn 0.7071067811865476 -0.7071067811865476 8.659560751628624e-17
vn 0.7071067811865476 -0.7071067811865476 8.659560751628624e-17
vn 0.7071067811865476 0.7071067811865476 8.659560751628624e-17
vn 8.659560751628624e-17 -0.7071067811865476 -0.7071067811865476
vn 8.659560751628624e-17 -0.7071067811865476 -0.7071067811865476
vn 1.2246468525851679e-16 0 -1
vn 0 -1 0
vn 8.659560751628624e-17 -0.7071067811865476 -0.7071067811865476
vn 8.659560751628624e-17 -0.7071067811865476 -0.7071067811865476
vn 8.659560751628624e-17 -0.7071067811865476 -0.7071067811865476
vn 1.2246468525851679e-16 0 -1
vn 1.2246468525851679e-16 0 -1
vn 0 -1 0
vn 0 -1 0
vn 8.659560751628624e-17 -0.7071067811865476 -0.7071067811865476
vn 1.2246468525851679e-16 0 -1
vn 1.2246468525851679e-16 0 -1
vn 8.659560751628624e-17 0.7071067811865476 -0.7071067811865476
vn -8.659560751628624e-17 -0.7071067811865476 0.7071067811865476
vn 0 -1 0
vn 0 -1 0
vn 1.2246468525851679e-16 0 -1
vn 8.659560751628624e-17 0.7071067811865476 -0.7071067811865476
vn 8.659560751628624e-17 0.7071067811865476 -0.7071067811865476
vn -8.659560751628624e-17 -0.7071067811865476 0.7071067811865476
vn -8.659560751628624e-17 -0.7071067811865476 0.7071067811865476
vn 0 -1 0
vn 0 1 0
vn 8.659560751628624e-17 0.7071067811865476 -0.7071067811865476
vn 8.659560751628624e-17 0.7071067811865476 -0.7071067811865476
vn -1.2246468525851679e-16 0 1
vn -8.659560751628624e-17 -0.7071067811865476 0.7071067811865476
vn -8.659560751628624e-17 -0.7071067811865476 0.7071067811865476
vn 8.659560751628624e-17 0.7071067811865476 -0.7071067811865476
vn 0 1 0
vn 0 1 0
vn -1.2246468525851679e-16 0 1
vn -1.2246468525851679e-16 0 1
vn -8.659560751628624e-17 -0.7071067811865476 0.7071067811865476
vn -8.659560751628624e-17 0.7071067811865476 0.7071067811865476
vn 0 1 0
vn 0 1 0
vn -8.659560751628624e-17 0.7071067811865476 0.7071067811865476
vn -1.2246468525851679e-16 0 1
vn -1.2246468525851679e-16 0 1
vn 0 1 0
vn -8.659560751628624e-17 0.7071067811865476 0.7071067811865476
vn -8.659560751628624e-17 0.7071067811865476 0.7071067811865476
vn -8.659560751628624e-17 0.7071067811865476 0.7071067811865476
vn -8.659560751628624e-17 0.7071067811865476 0.7071067811865476
vn -1.2246468525851679e-16 0 1
vn -0.5421060299271662 0.8403100929517664 -6.638884068477903e-17
vn -0.5421060299271662 0.8403100929517664 -6.638884068477903e-17
vn -0.9110399979488594 0.4123179866769604 -1.1157022566102305e-16
vn -0.9110399979488594 0.4123179866769604 -1.1157022566102305e-16
vn -0.5421060299271662 0.8403100929517664 -6.638884068477903e-17
vn -0.9110399979488594 0.4123179866769604 -1.1157022566102305e-16
vn -0.5421060299271662 0.8403100929517664 -6.638884068477903e-17
vn 0.5421060299271662 0.8403100929517664 6.638884068477903e-17
vn -0.5421060299271662 0.8403100929517664 -6.638884068477903e-17
vn 0.5421060299271662 0.8403100929517664 6.638884068477903e-17
vn 0.5421060299271662 0.8403100929517664 6.638884068477903e-17
vn -0.5421060299271662 0.8403100929517664 -6.638884068477903e-17
vn 0.5421060299271662 0.8403100929517664 6.638884068477903e-17
vn 0.9110399979488594 0.4123179866769604 1.1157022566102305e-16
vn 0.5421060299271662 0.8403100929517664 6.638884068477903e-17
vn 0.9110399979488594 0.4123179866769604 1.1157022566102305e-16
vn 0.9110399979488594 0.4123179866769604 1.1157022566102305e-16
vn 0.5421060299271662 0.8403100929517664 6.638884068477903e-17
vn -1 0 -1.2246468525851679e-16
vn -1 0 -1.2246468525851679e-16
vn -1 0 -1.2246468525851679e-16
vn -1 0 -1.2246468525851679e-16
vn -1 0 -1.2246468525851679e-16
vn -1 0 -1.2246468525851679e-16
vn -1 0 -1.2246468525851679e-16
vn -1 0 -1.2246468525851679e-16
vn -1 0 -1.2246468525851679e-16
vn -1 0 -1.2246468525851679e-16
vn -1 0 -1.2246468525851679e-16
vn -1 0 -1.2246468525851679e-16
vn -1 0 -1.2246468525851679e-16
vn -1 0 -1.2246468525851679e-16
vn -1 0 -1.2246468525851679e-16
vn -1 0 -1.2246468525851679e-16
vn -1 0 -1.2246468525851679e-16
vn -1 0 -1.2246468525851679e-16
vn -1 0 -1.2246468525851679e-16
vn -1 0 -1.2246468525851679e-16
vn -1 0 -1.2246468525851679e-16
vn -1 0 -1.2246468525851679e-16
vn -1 0 -1.2246468525851679e-16
vn -1 0 -1.2246468525851679e-16
vn -1 0 -1.2246468525851679e-16
vn -1 0 -1.2246468525851679e-16
vn -1 0 -1.2246468525851679e-16
vn 1 0 1.2246468525851679e-16
vn 1 0 1.2246468525851679e-16
vn 1 0 1.2246468525851679e-16
vn 1 0 1.2246468525851679e-16
vn 1 0 1.2246468525851679e-16
vn 1 0 1.2246468525851679e-16
vn 1 0 1.2246468525851679e-16
vn 1 0 1.2246468525851679e-16
vn 1 0 1.2246468525851679e-16
vn 1 0 1.2246468525851679e-16
vn 1 0 1.2246468525851679e-16
vn 1 0 1.2246468525851679e-16
vn 1 0 1.2246468525851679e-16
vn 1 0 1.2246468525851679e-16
vn 1 0 1.2246468525851679e-16
vn 1 0 1.2246468525851679e-16
vn 1 0 1.2246468525851679e-16
vn 1 0 1.2246468525851679e-16
vn 1 0 1.2246468525851679e-16
vn 1 0 1.2246468525851679e-16
vn 1 0 1.2246468525851679e-16
vn 1 0 1.2246468525851679e-16
vn 1 0 1.2246468525851679e-16
vn 1 0 1.2246468525851679e-16
vn 1 0 1.2246468525851679e-16
vn 1 0 1.2246468525851679e-16
vn 1 0 1.2246468525851679e-16
vn 1 0 1.2246468525851679e-16
vn 1 0 1.2246468525851679e-16
vn 1 0 1.2246468525851679e-16
vn -1 0 -1.2246468525851679e-16
vn -1 0 -1.2246468525851679e-16
vn -1 0 -1.2246468525851679e-16
vn -1 0 -1.2246468525851679e-16
vn -1 0 -1.2246468525851679e-16
vn -1 0 -1.2246468525851679e-16
vn -1 0 -1.2246468525851679e-16
vn -1 0 -1.2246468525851679e-16
vn -1 0 -1.2246468525851679e-16
vn -1 0 -1.2246468525851679e-16
vn -1 0 -1.2246468525851679e-16
vn -1 0 -1.2246468525851679e-16
vn -1 0 -1.2246468525851679e-16
vn -1 0 -1.2246468525851679e-16
vn -1 0 -1.2246468525851679e-16
vn -1 0 -1.2246468525851679e-16
vn -1 0 -1.2246468525851679e-16
vn -1 0 -1.2246468525851679e-16
vn 1 0 1.2246468525851679e-16
vn 1 0 1.2246468525851679e-16
vn 1 0 1.2246468525851679e-16
vn 1 0 1.2246468525851679e-16
vn 1 0 1.2246468525851679e-16
vn 1 0 1.2246468525851679e-16
vn 1 0 1.2246468525851679e-16
vn 1 0 1.2246468525851679e-16
vn 1 0 1.2246468525851679e-16
vn 1 0 1.2246468525851679e-16
vn 1 0 1.2246468525851679e-16
vn 1 0 1.2246468525851679e-16
vn 1 0 1.2246468525851679e-16
vn 1 0 1.2246468525851679e-16
vn 1 0 1.2246468525851679e-16
vn 1 0 1.2246468525851679e-16
vn 1 0 1.2246468525851679e-16
vn 1 0 1.2246468525851679e-16
f 1/1/1 2/2/2 3/3/3
f 4/4/4 5/5/5 6/6/6
f 7/7/7 8/8/8 9/9/9
f 10/10/10 11/11/11 12/12/12
f 13/13/13 14/14/14 15/15/15
f 16/16/16 17/17/17 18/18/18
f 19/19/19 20/20/20 21/21/21
f 22/22/22 23/23/23 24/24/24
f 25/25/25 26/26/26 27/27/27
f 28/28/28 29/29/29 30/30/30
f 31/31/31 32/32/32 33/33/33
f 34/34/34 35/35/35 36/36/36
f 37/37/37 38/38/38 39/39/39
f 40/40/40 41/41/41 42/42/42
f 43/43/43 44/44/44 45/45/45
f 46/46/46 47/47/47 48/48/48
f 49/49/49 50/50/50 51/51/51
f 52/52/52 53/53/53 54/54/54
f 55/55/55 56/56/56 57/57/57
f 58/58/58 59/59/59 60/60/60
f 61/61/61 62/62/62 63/63/63
f 64/64/64 65/65/65 66/66/66
f 67/67/67 68/68/68 69/69/69
f 70/70/70 71/71/71 72/72/72
f 73/73/73 74/74/74 75/75/75
f 76/76/76 77/77/77 78/78/78
f 79/79/79 80/80/80 81/81/81
f 82/82/82 83/83/83 84/84/84
f 85/85/85 86/86/86 87/87/87
f 88/88/88 89/89/89 90/90/90
f 91/91/91 92/92/92 93/93/93
f 94/94/94 95/95/95 96/96/96
f 97/97/97 98/98/98 99/99/99
f 100/100/100 101/101/101 102/102/102
f 103/103/103 104/104/104 105/105/105
f 106/106/106 107/107/107 108/108/108
f 109/109/109 110/110/110 111/111/111
f 112/112/112 113/113/113 114/114/114
f 115/115/115 116/116/116 117/117/117
f 118/118/118 119/119/119 120/120/120
f 121/121/121 122/122/122 123/123/123
f 124/124/124 125/125/125 126/126/126
f 127/127/127 128/128/128 129/129/129
f 130/130/130 131/131/131 132/132/132
f 133/133/133 134/134/134 135/135/135
f 136/136/136 137/137/137 138/138/138
f 139/139/139 140/140/140 141/141/141
f 142/142/142 143/143/143 144/144/144
f 145/145/145 146/146/146 147/147/147
f 148/148/148 149/149/149 150/150/150
f 151/151/151 152/152/152 153/153/153
f 154/154/154 155/155/155 156/156/156
f 157/157/157 158/158/158 159/159/159
f 160/160/160 161/161/161 162/162/162
f 163/163/163 164/164/164 165/165/165
f 166/166/166 167/167/167 168/168/168
f 169/169/169 170/170/170 171/171/171
f 172/172/172 173/173/173 174/174/174
f 175/175/175 176/176/176 177/177/177
f 178/178/178 179/179/179 180/180/180
f 181/181/181 182/182/182 183/183/183
f 184/184/184 185/185/185 186/186/186
f 187/187/187 188/188/188 189/189/189
f 190/190/190 191/191/191 192/192/192
f 193/193/193 194/194/194 195/195/195
f 196/196/196 197/197/197 198/198/198
f 199/199/199 200/200/200 201/201/201
f 202/202/202 203/203/203 204/204/204
f 205/205/205 206/206/206 207/207/207
f 208/208/208 209/209/209 210/210/210
f 211/211/211 212/212/212 213/213/213
f 214/214/214 215/215/215 216/216/216
f 217/217/217 218/218/218 219/219/219
f 220/220/220 221/221/221 222/222/222
f 223/223/223 224/224/224 225/225/225
f 226/226/226 227/227/227 228/228/228
f 229/229/229 230/230/230 231/231/231
f 232/232/232 233/233/233 234/234/234
f 235/235/235 236/236/236 237/237/237
f 238/238/238 239/239/239 240/240/240
f 241/241/241 242/242/242 243/243/243
f 244/244/244 245/245/245 246/246/246
f 247/247/247 248/248/248 249/249/249
f 250/250/250 251/251/251 252/252/252
f 253/253/253 254/254/254 255/255/255
f 256/256/256 257/257/257 258/258/258
f 259/259/259 260/260/260 261/261/261
f 262/262/262 263/263/263 264/264/264
f 265/265/265 266/266/266 267/267/267
f 268/268/268 269/269/269 270/270/270
f 271/271/271 272/272/272 273/273/273
f 274/274/274 275/275/275 276/276/276
f 277/277/277 278/278/278 279/279/279
f 280/280/280 281/281/281 282/282/282
f 283/283/283 284/284/284 285/285/285
f 286/286/286 287/287/287 288/288/288
f 289/289/289 290/290/290 291/291/291
f 292/292/292 293/293/293 294/294/294
f 295/295/295 296/296/296 297/297/297
f 298/298/298 299/299/299 300/300/300
f 301/301/301 302/302/302 303/303/303
f 304/304/304 305/305/305 306/306/306
f 307/307/307 308/308/308 309/309/309
f 310/310/310 311/311/311 312/312/312
f 313/313/313 314/314/314 315/315/315
f 316/316/316 317/317/317 318/318/318
f 319/319/319 320/320/320 321/321/321
f 322/322/322 323/323/323 324/324/324
f 325/325/325 326/326/326 327/327/327
f 328/328/328 329/329/329 330/330/330
f 331/331/331 332/332/332 333/333/333
f 334/334/334 335/335/335 336/336/336
f 337/337/337 338/338/338 339/339/339
f 340/340/340 341/341/341 342/342/342
f 343/343/343 344/344/344 345/345/345
f 346/346/346 347/347/347 348/348/348
f 349/349/349 350/350/350 351/351/351
f 352/352/352 353/353/353 354/354/354
f 355/355/355 356/356/356 357/357/357
f 358/358/358 359/359/359 360/360/360
f 361/361/361 362/362/362 363/363/363
f 364/364/364 365/365/365 366/366/366
f 367/367/367 368/368/368 369/369/369
f 370/370/370 371/371/371 372/372/372
f 373/373/373 374/374/374 375/375/375
f 376/376/376 377/377/377 378/378/378
f 379/379/379 380/380/380 381/381/381
f 382/382/382 383/383/383 384/384/384
f 385/385/385 386/386/386 387/387/387
f 388/388/388 389/389/389 390/390/390
f 391/391/391 392/392/392 393/393/393
f 394/394/394 395/395/395 396/396/396
f 397/397/397 398/398/398 399/399/399
f 400/400/400 401/401/401 402/402/402
f 403/403/403 404/404/404 405/405/405
f 406/406/406 407/407/407 408/408/408
f 409/409/409 410/410/410 411/411/411
f 412/412/412 413/413/413 414/414/414
f 415/415/415 416/416/416 417/417/417
f 418/418/418 419/419/419 420/420/420
f 421/421/421 422/422/422 423/423/423
f 424/424/424 425/425/425 426/426/426
f 427/427/427 428/428/428 429/429/429
f 430/430/430 431/431/431 432/432/432
f 433/433/433 434/434/434 435/435/435
f 436/436/436 437/437/437 438/438/438
f 439/439/439 440/440/440 441/441/441
f 442/442/442 443/443/443 444/444/444
f 445/445/445 446/446/446 447/447/447
f 448/448/448 449/449/449 450/450/450
f 451/451/451 452/452/452 453/453/453
f 454/454/454 455/455/455 456/456/456
f 457/457/457 458/458/458 459/459/459
f 460/460/460 461/461/461 462/462/462
f 463/463/463 464/464/464 465/465/465
f 466/466/466 467/467/467 468/468/468
f 469/469/469 470/470/470 471/471/471
f 472/472/472 473/473/473 474/474/474
f 475/475/475 476/476/476 477/477/477
f 478/478/478 479/479/479 480/480/480
f 481/481/481 482/482/482 483/483/483
f 484/484/484 485/485/485 486/486/486
f 487/487/487 488/488/488 489/489/489
f 490/490/490 491/491/491 492/492/492
f 493/493/493 494/494/494 495/495/495
f 496/496/496 497/497/497 498/498/498
f 499/499/499 500/500/500 501/501/501
f 502/502/502 503/503/503 504/504/504
f 505/505/505 506/506/506 507/507/507
f 508/508/508 509/509/509 510/510/510
f 511/511/511 512/512/512 513/513/513
f 514/514/514 515/515/515 516/516/516
f 517/517/517 518/518/518 519/519/519
f 520/520/520 521/521/521 522/522/522
f 523/523/523 524/524/524 525/525/525
f 526/526/526 527/527/527 528/528/528
f 529/529/529 530/530/530 531/531/531
f 532/532/532 533/533/533 534/534/534
f 535/535/535 536/536/536 537/537/537
f 538/538/538 539/539/539 540/540/540
f 541/541/541 542/542/542 543/543/543
f 544/544/544 545/545/545 546/546/546
f 547/547/547 548/548/548 549/549/549
f 550/550/550 551/551/551 552/552/552
f 553/553/553 554/554/554 555/555/555
f 556/556/556 557/557/557 558/558/558
f 559/559/559 560/560/560 561/561/561
f 562/562/562 563/563/563 564/564/564
f 565/565/565 566/566/566 567/567/567
f 568/568/568 569/569/569 570/570/570
f 571/571/571 572/572/572 573/573/573
f 574/574/574 575/575/575 576/576/576
f 577/577/577 578/578/578 579/579/579
f 580/580/580 581/581/581 582/582/582
f 583/583/583 584/584/584 585/585/585
f 586/586/586 587/587/587 588/588/588
f 589/589/589 590/590/590 591/591/591
f 592/592/592 593/593/593 594/594/594
f 595/595/595 596/596/596 597/597/597
f 598/598/598 599/599/599 600/600/600
f 601/601/601 602/602/602 603/603/603
f 604/604/604 605/605/605 606/606/606
f 607/607/607 608/608/608 609/609/609
f 610/610/610 611/611/611 612/612/612
f 613/613/613 614/614/614 615/615/615
f 616/616/616 617/617/617 618/618/618
f 619/619/619 620/620/620 621/621/621
f 622/622/622 623/623/623 624/624/624
f 625/625/625 626/626/626 627/627/627
f 628/628/628 629/629/629 630/630/630
f 631/631/631 632/632/632 633/633/633
f 634/634/634 635/635/635 636/636/636
f 637/637/637 638/638/638 639/639/639
f 640/640/640 641/641/641 642/642/642
f 643/643/643 644/644/644 645/645/645
f 646/646/646 647/647/647 648/648/648
f 649/649/649 650/650/650 651/651/651
f 652/652/652 653/653/653 654/654/654
f 655/655/655 656/656/656 657/657/657
f 658/658/658 659/659/659 660/660/660
f 661/661/661 662/662/662 663/663/663
f 664/664/664 665/665/665 666/666/666
f 667/667/667 668/668/668 669/669/669
f 670/670/670 671/671/671 672/672/672
f 673/673/673 674/674/674 675/675/675
f 676/676/676 677/677/677 678/678/678
f 679/679/679 680/680/680 681/681/681
f 682/682/682 683/683/683 684/684/684
f 685/685/685 686/686/686 687/687/687
f 688/688/688 689/689/689 690/690/690
f 691/691/691 692/692/692 693/693/693
f 694/694/694 695/695/695 696/696/696
f 697/697/697 698/698/698 699/699/699
f 700/700/700 701/701/701 702/702/702
f 703/703/703 704/704/704 705/705/705
f 706/706/706 707/707/707 708/708/708
f 709/709/709 710/710/710 711/711/711
f 712/712/712 713/713/713 714/714/714
f 715/715/715 716/716/716 717/717/717
f 718/718/718 719/719/719 720/720/720
f 721/721/721 722/722/722 723/723/723
f 724/724/724 725/725/725 726/726/726
f 727/727/727 728/728/728 729/729/729
f 730/730/730 731/731/731 732/732/732
f 733/733/733 734/734/734 735/735/735
f 736/736/736 737/737/737 738/738/738
f 739/739/739 740/740/740 741/741/741
f 742/742/742 743/743/743 744/744/744
f 745/745/745 746/746/746 747/747/747
f 748/748/748 749/749/749 750/750/750
f 751/751/751 752/752/752 753/753/753
f 754/754/754 755/755/755 756/756/756
f 757/757/757 758/758/758 759/759/759
f 760/760/760 761/761/761 762/762/762
f 763/763/763 764/764/764 765/765/765
f 766/766/766 767/767/767 768/768/768
f 769/769/769 770/770/770 771/771/771
f 772/772/772 773/773/773 774/774/774
f 775/775/775 776/776/776 777/777/777
f 778/778/778 779/779/779 780/780/780
f 781/781/781 782/782/782 783/783/783
f 784/784/784 785/785/785 786/786/786
f 787/787/787 788/788/788 789/789/789
f 790/790/790 791/791/791 792/792/792
f 793/793/793 794/794/794 795/795/795
f 796/796/796 797/797/797 798/798/798
f 799/799/799 800/800/800 801/801/801
f 802/802/802 803/803/803 804/804/804
f 805/805/805 806/806/806 807/807/807
f 808/808/808 809/809/809 810/810/810
f 811/811/811 812/812/812 813/813/813
f 814/814/814 815/815/815 816/816/816
f 817/817/817 818/818/818 819/819/819
f 820/820/820 821/821/821 822/822/822
f 823/823/823 824/824/824 825/825/825
f 826/826/826 827/827/827 828/828/828
f 829/829/829 830/830/830 831/831/831
f 832/832/832 833/833/833 834/834/834
f 835/835/835 836/836/836 837/837/837
f 838/838/838 839/839/839 840/840/840
f 841/841/841 842/842/842 843/843/843
f 844/844/844 845/845/845 846/846/846
f 847/847/847 848/848/848 849/849/849
f 850/850/850 851/851/851 852/852/852
f 853/853/853 854/854/854 855/855/855
f 856/856/856 857/857/857 858/858/858
f 859/859/859 860/860/860 861/861/861
f 862/862/862 863/863/863 864/864/864
o 
v -1.5754213333129883 -0.22619350656314702 0.0641070008277893
v -1.5574513673782349 -0.3177145163659653 0.00005999999848427251
v -1.5535783767700195 -0.3117345015649399 0.07709100097417831
v -1.5574513673782349 -0.3177145163659653 0.00005999999848427251
v -1.5754213333129883 -0.22619350656314702 0.0641070008277893
v -1.5858203172683716 -0.22004150255962224 0.00005999999848427251
v -1.5574513673782349 -0.3177145163659653 0.00005999999848427251
v -1.5754213333129883 -0.22619350656314702 -0.054106999188661575
v -1.5535783767700195 -0.3117345015649399 -0.06709200143814087
v -1.5754213333129883 -0.22619350656314702 -0.054106999188661575
v -1.5574513673782349 -0.3177145163659653 0.00005999999848427251
v -1.5858203172683716 -0.22004150255962224 0.00005999999848427251
v -1.5569853782653809 -0.2996995191220841 -0.14272700250148773
v -1.5535783767700195 -0.3117345015649399 -0.06709200143814087
v -1.5622813701629639 -0.23388550087257237 -0.09107799828052521
v -1.5535783767700195 -0.3117345015649399 -0.06709200143814087
v -1.5754213333129883 -0.22619350656314702 -0.054106999188661575
v -1.5622813701629639 -0.23388550087257237 -0.09107799828052521
v -1.5622813701629639 -0.23388550087257237 -0.09107799828052521
v -1.6057003736495972 -0.2637815217618546 -0.14883099496364594
v -1.5569853782653809 -0.2996995191220841 -0.14272700250148773
v -1.6057003736495972 -0.2637815217618546 -0.14883099496364594
v -1.5622813701629639 -0.23388550087257237 -0.09107799828052521
v -1.5777174234390259 -0.22471650346561284 -0.08801700174808502
v -1.5535783767700195 -0.3117345015649399 0.07709100097417831
v -1.5569853782653809 -0.2996995191220841 0.1527249962091446
v -1.5622813701629639 -0.23388550087257237 0.10107800364494324
v -1.5535783767700195 -0.3117345015649399 0.07709100097417831
v -1.5622813701629639 -0.23388550087257237 0.10107800364494324
v -1.5754213333129883 -0.22619350656314702 0.0641070008277893
v -1.6057003736495972 -0.2637815217618546 0.15883000195026398
v -1.5622813701629639 -0.23388550087257237 0.10107800364494324
v -1.5569853782653809 -0.2996995191220841 0.1527249962091446
v -1.5622813701629639 -0.23388550087257237 0.10107800364494324
v -1.6057003736495972 -0.2637815217618546 0.15883000195026398
v -1.5777174234390259 -0.22471650346561284 0.09801600128412247
v -1.6057003736495972 -0.2637815217618546 0.15883000195026398
v -1.6356223821640015 -0.19007851585193486 0.15559999644756317
v -1.5777174234390259 -0.22471650346561284 0.09801600128412247
v -1.6735193729400635 -0.30450851126952977 0.07309100031852722
v -1.7182053327560425 -0.4041335026864609 -0.0006910000229254365
v -1.7104613780975342 -0.4010355214719376 0.0880500003695488
v -1.7182053327560425 -0.4041335026864609 -0.0006910000229254365
v -1.6735193729400635 -0.30450851126952977 0.07309100031852722
v -1.679301381111145 -0.29160151287360997 -0.0006910000229254365
v -1.7182053327560425 -0.4041335026864609 -0.0006910000229254365
v -1.6735193729400635 -0.30450851126952977 -0.06309200078248978
v -1.7104613780975342 -0.4010355214719376 -0.07805199921131134
v -1.6735193729400635 -0.30450851126952977 -0.06309200078248978
v -1.7182053327560425 -0.4041335026864609 -0.0006910000229254365
v -1.679301381111145 -0.29160151287360997 -0.0006910000229254365
v 1.683396577835083 0.09338248864368587 0.05424699932336807
v 1.6530126333236694 0.11195247963623195 0.022753000259399414
v 1.6529985666275024 0.11482248798565059 0.027666000649333
v 1.6530126333236694 0.11195247963623195 0.022753000259399414
v 1.683396577835083 0.09338248864368587 0.05424699932336807
v 1.6921466588974 0.07292948261455684 0.03134400025010109
v 1.6529775857925415 0.11880348221019893 0.030438000336289406
v 1.683396577835083 0.09338248864368587 0.05424699932336807
v 1.6529985666275024 0.11482248798565059 0.027666000649333
v 1.6799455881118774 0.12117348209575801 0.06295400112867355
v 1.683396577835083 0.09338248864368587 0.05424699932336807
v 1.6529775857925415 0.11880348221019893 0.030438000336289406
v 1.6833956241607666 0.09338248864368587 -0.05424699932336807
v 1.6530126333236694 0.11195247963623195 -0.02275400049984455
v 1.6921466588974 0.07292948261455684 -0.031346000730991364
v 1.6530126333236694 0.11195247963623195 -0.02275400049984455
v 1.6833956241607666 0.09338248864368587 -0.05424699932336807
v 1.6529985666275024 0.11482248798565059 -0.027666000649333
v 1.6833956241607666 0.09338248864368587 -0.05424699932336807
v 1.6529775857925415 0.11880348221019893 -0.030438000336289406
v 1.6529985666275024 0.11482248798565059 -0.027666000649333
v 1.6529775857925415 0.11880348221019893 -0.030438000336289406
v 1.6833956241607666 0.09338248864368587 -0.05424699932336807
v 1.6799455881118774 0.12117348209575801 -0.06295499950647354
v -1.5799434185028076 -0.22338551684661717 0.2006639987230301
v -1.6356223821640015 -0.19007851585193486 0.15559999644756317
v -1.6057003736495972 -0.2637815217618546 0.15883000195026398
v 1.6530336141586304 0.10782149032310634 1.9763424035079544e-16
v 1.692266583442688 0.06605748430446773 2.0243890239519745e-16
v 1.6921466588974 0.07292948261455684 -0.031346000730991364
v 1.6530336141586304 0.10782149032310634 1.9763424035079544e-16
v 1.6921466588974 0.07292948261455684 -0.031346000730991364
v 1.6530126333236694 0.11195247963623195 -0.02275400049984455
v 1.6530126333236694 0.11195247963623195 0.022753000259399414
v 1.6921466588974 0.07292948261455684 0.03134400025010109
v 1.6530336141586304 0.10782149032310634 1.9763424035079544e-16
v 1.6921466588974 0.07292948261455684 0.03134400025010109
v 1.692266583442688 0.06605748430446773 2.0243890239519745e-16
v 1.6530336141586304 0.10782149032310634 1.9763424035079544e-16
v -1.4779434204101562 -0.009222515219887206 0.10469800233840942
v -1.4196743965148926 -0.07886551349802823 0.12657499313354492
v -1.4582563638687134 -0.009066514963348815 0.10649000108242035
v -1.4196743965148926 -0.07886551349802823 0.12657499313354492
v -1.4241024255752563 -0.06776151276572556 0.16098900139331818
v -1.4582563638687134 -0.009066514963348815 0.10649000108242035
v -1.7055833339691162 -0.38723051949783177 -0.15843500196933746
v -1.7104613780975342 -0.4010355214719376 -0.07805199921131134
v -1.6661603450775146 -0.3207445184831223 -0.09893500059843063
v -1.7104613780975342 -0.4010355214719376 -0.07805199921131134
v -1.6735193729400635 -0.30450851126952977 -0.06309200078248978
v -1.6661603450775146 -0.3207445184831223 -0.09893500059843063
v -1.4582563638687134 -0.009066514963348815 -0.09627299755811691
v -1.4241024255752563 -0.06776151276572556 -0.15077300369739532
v -1.4196743965148926 -0.07886551349802823 -0.11636000126600266
v -1.4196743965148926 -0.07886551349802823 -0.11636000126600266
v -1.4779434204101562 -0.009222515219887206 -0.09448099881410599
v -1.4582563638687134 -0.009066514963348815 -0.09627299755811691
v -1.7104613780975342 -0.4010355214719376 0.0880500003695488
v -1.7055833339691162 -0.38723051949783177 0.15759800374507904
v -1.6661603450775146 -0.3207445184831223 0.0980990007519722
v -1.7104613780975342 -0.4010355214719376 0.0880500003695488
v -1.6661603450775146 -0.3207445184831223 0.0980990007519722
v -1.6735193729400635 -0.30450851126952977 0.07309100031852722
v -1.6057003736495972 -0.2637815217618546 -0.14883099496364594
v -1.5777174234390259 -0.22471650346561284 -0.08801700174808502
v -1.6356223821640015 -0.19007851585193486 -0.15188999474048615
v -1.5799434185028076 -0.22338551684661717 -0.19066399335861206
v -1.6057003736495972 -0.2637815217618546 -0.14883099496364594
v -1.6356223821640015 -0.19007851585193486 -0.15188999474048615
v -1.7278673648834229 -0.31997052236839146 0.16845600306987762
v -1.7066513299942017 -0.2293005029801926 0.15115700662136078
v -1.6747174263000488 -0.3015475015287003 0.09839600324630737
v 1.6534316539764404 0.030196483885804704 1.9768298444993197e-16
v 1.6921466588974 0.07292948261455684 -0.031346000730991364
v 1.692266583442688 0.06605748430446773 2.0243890239519745e-16
v 1.6921466588974 0.07292948261455684 -0.031346000730991364
v 1.6534316539764404 0.030196483885804704 1.9768298444993197e-16
v 1.6533966064453125 0.03702548489526897 -0.0344030000269413
v 1.6921466588974 0.07292948261455684 0.03134400025010109
v 1.6534316539764404 0.030196483885804704 1.9768298444993197e-16
v 1.692266583442688 0.06605748430446773 2.0243890239519745e-16
v 1.6534316539764404 0.030196483885804704 1.9768298444993197e-16
v 1.6921466588974 0.07292948261455684 0.03134400025010109
v 1.6533966064453125 0.03702548489526897 0.034400999546051025
v -1.7278673648834229 -0.31997052236839146 0.16845600306987762
v -1.6661603450775146 -0.3207445184831223 0.0980990007519722
v -1.7055833339691162 -0.38723051949783177 0.15759800374507904
v -1.6661603450775146 -0.3207445184831223 0.0980990007519722
v -1.7278673648834229 -0.31997052236839146 0.16845600306987762
v -1.6747174263000488 -0.3015475015287003 0.09839600324630737
v -1.6759443283081055 -0.29877052112861485 -0.21365900337696075
v -1.7278673648834229 -0.31997052236839146 -0.16546599566936493
v -1.7066513299942017 -0.2293005029801926 -0.15624700486660004
v 1.5990556478500366 0.08321548596576839 0.04896700009703636
v 1.5714576244354248 0.10043848649219661 0.021361999213695526
v 1.571433663368225 0.1023654897566238 0.025032000616192818
v 1.5714576244354248 0.10043848649219661 0.021361999213695526
v 1.5990556478500366 0.08321548596576839 0.04896700009703636
v 1.6060936450958252 0.06702848122076183 0.02930000051856041
v 1.571402668952942 0.10485648707107692 0.026962000876665115
v 1.5990556478500366 0.08321548596576839 0.04896700009703636
v 1.571433663368225 0.1023654897566238 0.025032000616192818
v 1.596091628074646 0.10566149250225215 0.05621200054883957
v 1.5990556478500366 0.08321548596576839 0.04896700009703636
v 1.571402668952942 0.10485648707107692 0.026962000876665115
v 1.5990556478500366 0.08321548596576839 -0.04896700009703636
v 1.5714576244354248 0.10043848649219661 -0.021362999454140663
v 1.6060936450958252 0.06702848122076183 -0.02930000051856041
v 1.5714576244354248 0.10043848649219661 -0.021362999454140663
v 1.5990556478500366 0.08321548596576839 -0.04896700009703636
v 1.571433663368225 0.1023654897566238 -0.025032000616192818
v 1.5990556478500366 0.08321548596576839 -0.04896700009703636
v 1.571402668952942 0.10485648707107692 -0.026962999254465103
v 1.571433663368225 0.1023654897566238 -0.025032000616192818
v 1.571402668952942 0.10485648707107692 -0.026962999254465103
v 1.5990556478500366 0.08321548596576839 -0.04896700009703636
v 1.596091628074646 0.10566149250225215 -0.05621299892663956
v -1.7278673648834229 -0.31997052236839146 -0.16546599566936493
v -1.6747174263000488 -0.3015475015287003 -0.09540700167417526
v -1.7066513299942017 -0.2293005029801926 -0.15624700486660004
v 1.5723556280136108 0.02835848525718837 1.8775403777243746e-16
v 1.6060936450958252 0.06702848122076183 -0.02930000051856041
v 1.6062296628952026 0.06136848375753551 1.91902408101395e-16
v 1.6060936450958252 0.06702848122076183 -0.02930000051856041
v 1.5723556280136108 0.02835848525718837 1.8775403777243746e-16
v 1.5722806453704834 0.03431748197034984 -0.03387700021266937
v 1.6060936450958252 0.06702848122076183 0.02930000051856041
v 1.5723556280136108 0.02835848525718837 1.8775403777243746e-16
v 1.6062296628952026 0.06136848375753551 1.91902408101395e-16
v 1.5723556280136108 0.02835848525718837 1.8775403777243746e-16
v 1.6060936450958252 0.06702848122076183 0.02930000051856041
v 1.5722806453704834 0.03431748197034984 0.033876001834869385
v -1.6759443283081055 -0.29877052112861485 0.21664999425411224
v -1.7066513299942017 -0.2293005029801926 0.15115700662136078
v -1.7278673648834229 -0.31997052236839146 0.16845600306987762
v -1.7278673648834229 -0.31997052236839146 -0.16546599566936493
v -1.6661603450775146 -0.3207445184831223 -0.09893500059843063
v -1.6747174263000488 -0.3015475015287003 -0.09540700167417526
v -1.6661603450775146 -0.3207445184831223 -0.09893500059843063
v -1.7278673648834229 -0.31997052236839146 -0.16546599566936493
v -1.7055833339691162 -0.38723051949783177 -0.15843500196933746
v 1.5714976787567139 0.09717148140625148 1.8764896598230852e-16
v 1.6062296628952026 0.06136848375753551 1.91902408101395e-16
v 1.6060936450958252 0.06702848122076183 -0.02930000051856041
v 1.5714976787567139 0.09717148140625148 1.8764896598230852e-16
v 1.6060936450958252 0.06702848122076183 -0.02930000051856041
v 1.5714576244354248 0.10043848649219661 -0.021362999454140663
v 1.5714576244354248 0.10043848649219661 0.021361999213695526
v 1.6060936450958252 0.06702848122076183 0.02930000051856041
v 1.5714976787567139 0.09717148140625148 1.8764896598230852e-16
v 1.6060936450958252 0.06702848122076183 0.02930000051856041
v 1.6062296628952026 0.06136848375753551 1.91902408101395e-16
v 1.5714976787567139 0.09717148140625148 1.8764896598230852e-16
v 1.6799455881118774 0.12117348209575801 0.06295400112867355
v 1.6529775857925415 0.11880348221019893 0.030438000336289406
v 1.6527836322784424 0.15681649342731624 0.05752599984407425
v 1.6799455881118774 0.12117348209575801 -0.06295499950647354
v 1.6527836322784424 0.15681649342731624 -0.05752699822187424
v 1.6529775857925415 0.11880348221019893 -0.030438000336289406
v -1.6827284097671509 0.2793945033903518 -2.108787916211985e-16
v -1.6263093948364258 0.27731048659042506 -0.059505000710487366
v -1.6822264194488525 0.26835748151497035 -2.1081731555807357e-16
v -1.6263093948364258 0.27731048659042506 -0.059505000710487366
v -1.6827284097671509 0.2793945033903518 -2.108787916211985e-16
v -1.6390373706817627 0.3037894924040237 -0.050039999186992645
v -1.6827284097671509 0.2793945033903518 -2.108787916211985e-16
v -1.6263093948364258 0.27731048659042506 0.059505000710487366
v -1.6390373706817627 0.3037894924040237 0.05003900080919266
v -1.6263093948364258 0.27731048659042506 0.059505000710487366
v -1.6827284097671509 0.2793945033903518 -2.108787916211985e-16
v -1.6822264194488525 0.26835748151497035 -2.1081731555807357e-16
v 1.5990556478500366 0.08321548596576839 -0.04896700009703636
v 1.571388602256775 0.10596648946956783 -0.0806799978017807
v 1.596091628074646 0.10566149250225215 -0.05621299892663956
v 1.571388602256775 0.10596648946956783 -0.0806799978017807
v 1.5990556478500366 0.08321548596576839 -0.04896700009703636
v 1.5719016790390015 0.06477448687509685 -0.06856700032949448
v 1.6060936450958252 0.06702848122076183 -0.02930000051856041
v 1.5719016790390015 0.06477448687509685 -0.06856700032949448
v 1.5990556478500366 0.08321548596576839 -0.04896700009703636
v 1.5719016790390015 0.06477448687509685 -0.06856700032949448
v 1.6060936450958252 0.06702848122076183 -0.02930000051856041
v 1.5722806453704834 0.03431748197034984 -0.03387700021266937
v 1.571388602256775 0.10596648946956783 0.08067899942398071
v 1.5990556478500366 0.08321548596576839 0.04896700009703636
v 1.596091628074646 0.10566149250225215 0.05621200054883957
v 1.5990556478500366 0.08321548596576839 0.04896700009703636
v 1.571388602256775 0.10596648946956783 0.08067899942398071
v 1.5719016790390015 0.06477448687509685 0.06856600195169449
v 1.5719016790390015 0.06477448687509685 0.06856600195169449
v 1.6060936450958252 0.06702848122076183 0.02930000051856041
v 1.5990556478500366 0.08321548596576839 0.04896700009703636
v 1.6060936450958252 0.06702848122076183 0.02930000051856041
v 1.5719016790390015 0.06477448687509685 0.06856600195169449
v 1.5722806453704834 0.03431748197034984 0.033876001834869385
v -1.7055833339691162 -0.38723051949783177 -0.15843500196933746
v -1.6759443283081055 -0.29877052112861485 -0.21365900337696075
v -1.630791425704956 -0.40076151891990514 -0.19833000004291534
v -1.6759443283081055 -0.29877052112861485 -0.21365900337696075
v -1.7055833339691162 -0.38723051949783177 -0.15843500196933746
v -1.7278673648834229 -0.31997052236839146 -0.16546599566936493
v -1.630791425704956 -0.40076151891990514 -0.19833000004291534
v -1.616869330406189 -0.4326745013837418 -0.08337099850177765
v -1.7055833339691162 -0.38723051949783177 -0.15843500196933746
v -1.7104613780975342 -0.4010355214719376 -0.07805199921131134
v -1.7055833339691162 -0.38723051949783177 -0.15843500196933746
v -1.616869330406189 -0.4326745013837418 -0.08337099850177765
v -1.7055833339691162 -0.38723051949783177 0.15759800374507904
v -1.6759443283081055 -0.29877052112861485 0.21664999425411224
v -1.7278673648834229 -0.31997052236839146 0.16845600306987762
v -1.6759443283081055 -0.29877052112861485 0.21664999425411224
v -1.7055833339691162 -0.38723051949783177 0.15759800374507904
v -1.630791425704956 -0.40076250239654393 0.1974949985742569
v -1.7055833339691162 -0.38723051949783177 0.15759800374507904
v -1.616869330406189 -0.4326745013837418 0.0933699980378151
v -1.630791425704956 -0.40076250239654393 0.1974949985742569
v -1.616869330406189 -0.4326745013837418 0.0933699980378151
v -1.7055833339691162 -0.38723051949783177 0.15759800374507904
v -1.7104613780975342 -0.4010355214719376 0.0880500003695488
v 1.482948660850525 0.1170344908590713 1.7680483990997514e-16
v 1.5270715951919556 0.07040148571685939 1.8220834101319614e-16
v 1.5269886255264282 0.07768748298839717 -0.04202999919652939
v 1.482948660850525 0.1170344908590713 1.7680483990997514e-16
v 1.5269886255264282 0.07768748298839717 -0.04202999919652939
v 1.482948660850525 0.12123947933868556 -0.027723999693989754
v 1.482948660850525 0.12123947933868556 0.027723999693989754
v 1.5269886255264282 0.07768748298839717 0.04202999919652939
v 1.482948660850525 0.1170344908590713 1.7680483990997514e-16
v 1.5269886255264282 0.07768748298839717 0.04202999919652939
v 1.5270715951919556 0.07040148571685939 1.8220834101319614e-16
v 1.482948660850525 0.1170344908590713 1.7680483990997514e-16
v -1.4779434204101562 -0.009222515219887206 0.10469800233840942
v -1.4076753854751587 -0.08726551412983746 -0.00010399999882793054
v -1.4196743965148926 -0.07886551349802823 0.12657499313354492
v -1.4076753854751587 -0.08726551412983746 -0.00010399999882793054
v -1.4779434204101562 -0.009222515219887206 0.10469800233840942
v -1.4773863554000854 -0.009269515344937751 -0.00010399999882793054
v -1.4076753854751587 -0.08726551412983746 -0.00010399999882793054
v -1.4779434204101562 -0.009222515219887206 -0.09448099881410599
v -1.4196743965148926 -0.07886551349802823 -0.11636000126600266
v -1.4779434204101562 -0.009222515219887206 -0.09448099881410599
v -1.4076753854751587 -0.08726551412983746 -0.00010399999882793054
v -1.4773863554000854 -0.009269515344937751 -0.00010399999882793054
v 1.6833956241607666 0.09338248864368587 -0.05424699932336807
v 1.6529706716537476 0.12026448146061092 -0.08532200008630753
v 1.6799455881118774 0.12117348209575801 -0.06295499950647354
v 1.6529706716537476 0.12026448146061092 -0.08532200008630753
v 1.6833956241607666 0.09338248864368587 -0.05424699932336807
v 1.653213620185852 0.07272048637823253 -0.07206899672746658
v 1.6921466588974 0.07292948261455684 -0.031346000730991364
v 1.653213620185852 0.07272048637823253 -0.07206899672746658
v 1.6833956241607666 0.09338248864368587 -0.05424699932336807
v 1.653213620185852 0.07272048637823253 -0.07206899672746658
v 1.6921466588974 0.07292948261455684 -0.031346000730991364
v 1.6533966064453125 0.03702548489526897 -0.0344030000269413
v 1.6529706716537476 0.12026448146061092 0.08532100170850754
v 1.683396577835083 0.09338248864368587 0.05424699932336807
v 1.6799455881118774 0.12117348209575801 0.06295400112867355
v 1.683396577835083 0.09338248864368587 0.05424699932336807
v 1.6529706716537476 0.12026448146061092 0.08532100170850754
v 1.653213620185852 0.07272048637823253 0.0720679983496666
v 1.653213620185852 0.07272048637823253 0.0720679983496666
v 1.6921466588974 0.07292948261455684 0.03134400025010109
v 1.683396577835083 0.09338248864368587 0.05424699932336807
v 1.6921466588974 0.07292948261455684 0.03134400025010109
v 1.653213620185852 0.07272048637823253 0.0720679983496666
v 1.6533966064453125 0.03702548489526897 0.034400999546051025
v 1.482948660850525 0.02846248791174083 1.7680483990997514e-16
v 1.5269886255264282 0.07768748298839717 -0.04202999919652939
v 1.5270715951919556 0.07040148571685939 1.8220834101319614e-16
v 1.5269886255264282 0.07768748298839717 -0.04202999919652939
v 1.482948660850525 0.02846248791174083 1.7680483990997514e-16
v 1.482948660850525 0.036132488107244065 -0.05027899891138077
v 1.5269886255264282 0.07768748298839717 0.04202999919652939
v 1.482948660850525 0.02846248791174083 1.7680483990997514e-16
v 1.5270715951919556 0.07040148571685939 1.8220834101319614e-16
v 1.482948660850525 0.02846248791174083 1.7680483990997514e-16
v 1.5269886255264282 0.07768748298839717 0.04202999919652939
v 1.482948660850525 0.036132488107244065 0.05027800053358078
v 1.482948660850525 0.12372049287513881 0.02626200020313263
v 1.518190622329712 0.09863248065666347 0.05581500008702278
v 1.482948660850525 0.12123947933868556 0.027723999693989754
v 1.5269886255264282 0.07768748298839717 0.04202999919652939
v 1.482948660850525 0.12123947933868556 0.027723999693989754
v 1.518190622329712 0.09863248065666347 0.05581500008702278
v -1.6466493606567383 0.26458248094276576 -2.0646037660074446e-16
v -1.620436429977417 0.23848247126297145 -0.04095900058746338
v -1.6613943576812744 0.23848247126297145 -2.0826611849539262e-16
v -1.620436429977417 0.23848247126297145 -0.04095900058746338
v -1.6466493606567383 0.26458248094276576 -2.0646037660074446e-16
v -1.620435357093811 0.26458248094276576 -0.02621299959719181
v 1.518190622329712 0.09863248065666347 -0.05581500008702278
v 1.482948660850525 0.12372049287513881 -0.02626200020313263
v 1.482948660850525 0.12123947933868556 -0.027723999693989754
v 1.5269886255264282 0.07768748298839717 -0.04202999919652939
v 1.518190622329712 0.09863248065666347 -0.05581500008702278
v 1.482948660850525 0.12123947933868556 -0.027723999693989754
v -1.6466493606567383 0.26458248094276576 -2.0646037660074446e-16
v -1.620436429977417 0.23848247126297145 0.04095900058746338
v -1.620435357093811 0.26458248094276576 0.02621299959719181
v -1.620436429977417 0.23848247126297145 0.04095900058746338
v -1.6466493606567383 0.26458248094276576 -2.0646037660074446e-16
v -1.6613943576812744 0.23848247126297145 -2.0826611849539262e-16
v 1.596091628074646 0.10566149250225215 0.05621200054883957
v 1.571402668952942 0.10485648707107692 0.026962000876665115
v 1.5709925889968872 0.13769548729614406 0.05424699932336807
v 1.596091628074646 0.10566149250225215 -0.05621299892663956
v 1.5709925889968872 0.13769548729614406 -0.05424699932336807
v 1.571402668952942 0.10485648707107692 -0.026962999254465103
v -1.0196343660354614 -0.399513516867598 9.999999974752427e-7
v -0.9573532938957214 -0.4788905124311051 -0.11886999756097794
v -0.9564692974090576 -0.4834255020265183 9.999999974752427e-7
v -0.9573532938957214 -0.4788905124311051 -0.11886999756097794
v -1.0196343660354614 -0.399513516867598 9.999999974752427e-7
v -1.0101593732833862 -0.40090850397392125 -0.12476500123739243
v -1.0101593732833862 -0.40090752049728245 0.12476599961519241
v -1.0196343660354614 -0.399513516867598 9.999999974752427e-7
v -0.9573532938957214 -0.4788905124311051 0.11887200176715851
v -0.9573532938957214 -0.4788905124311051 0.11887200176715851
v -1.0196343660354614 -0.399513516867598 9.999999974752427e-7
v -0.9564692974090576 -0.4834255020265183 9.999999974752427e-7
v 1.571388602256775 0.10596648946956783 -0.0806799978017807
v 1.5709925889968872 0.13769548729614406 -0.05424699932336807
v 1.596091628074646 0.10566149250225215 -0.05621299892663956
v 1.571388602256775 0.10596648946956783 0.08067899942398071
v 1.596091628074646 0.10566149250225215 0.05621200054883957
v 1.5709925889968872 0.13769548729614406 0.05424699932336807
v -1.4582563638687134 -0.009066514963348815 0.10649000108242035
v -1.4084653854370117 0.04840148583606868 0.1255510002374649
v -1.4779434204101562 -0.009222515219887206 0.10469800233840942
v -1.4084653854370117 0.04840148583606868 0.1255510002374649
v -1.4582563638687134 -0.009066514963348815 0.10649000108242035
v -1.4138293266296387 0.04244448587850719 0.15927700698375702
v 1.387320637702942 0.022472485607425263 1.650937888510168e-16
v 1.422649621963501 0.06272148684219508 -0.028857000172138214
v 1.422715663909912 0.056596483742753556 1.6942842701903147e-16
v 1.422649621963501 0.06272148684219508 -0.028857000172138214
v 1.387320637702942 0.022472485607425263 1.650937888510168e-16
v 1.387320637702942 0.028853486930886796 -0.03205699846148491
v 1.422649621963501 0.06272148684219508 0.028857000172138214
v 1.387320637702942 0.022472485607425263 1.650937888510168e-16
v 1.422715663909912 0.056596483742753556 1.6942842701903147e-16
v 1.387320637702942 0.022472485607425263 1.650937888510168e-16
v 1.422649621963501 0.06272148684219508 0.028857000172138214
v 1.387320637702942 0.028853486930886796 0.03205600008368492
v -1.4084653854370117 0.04840148583606868 -0.11533399671316147
v -1.4582563638687134 -0.009066514963348815 -0.09627299755811691
v -1.4779434204101562 -0.009222515219887206 -0.09448099881410599
v -1.4582563638687134 -0.009066514963348815 -0.09627299755811691
v -1.4084653854370117 0.04840148583606868 -0.11533399671316147
v -1.4138293266296387 0.04244448587850719 -0.14906199276447296
v -1.6929993629455566 0.3217214901800552 -2.1213660907809154e-16
v -1.6390373706817627 0.3037894924040237 -0.050039999186992645
v -1.6827284097671509 0.2793945033903518 -2.108787916211985e-16
v -1.6390373706817627 0.3037894924040237 -0.050039999186992645
v -1.6929993629455566 0.3217214901800552 -2.1213660907809154e-16
v -1.6590003967285156 0.33564850286201625 -0.036740999668836594
v -1.6929993629455566 0.3217214901800552 -2.1213660907809154e-16
v -1.6915004253387451 0.3555944819803634 -0.020162999629974365
v -1.6590003967285156 0.33564850286201625 -0.036740999668836594
v -1.6915004253387451 0.3555944819803634 -0.020162999629974365
v -1.6929993629455566 0.3217214901800552 -2.1213660907809154e-16
v -1.7071763277053833 0.3429135043974319 -2.1387278839194644e-16
v 1.387320637702942 0.09344048396305232 1.650937888510168e-16
v 1.422715663909912 0.056596483742753556 1.6942842701903147e-16
v 1.422649621963501 0.06272148684219508 -0.028857000172138214
v 1.387320637702942 0.09344048396305232 1.650937888510168e-16
v 1.422649621963501 0.06272148684219508 -0.028857000172138214
v 1.387320637702942 0.09771948651031642 -0.023148000240325928
v 1.387320637702942 0.09771948651031642 0.023148000240325928
v 1.422649621963501 0.06272148684219508 0.028857000172138214
v 1.387320637702942 0.09344048396305232 1.650937888510168e-16
v 1.422649621963501 0.06272148684219508 0.028857000172138214
v 1.422715663909912 0.056596483742753556 1.6942842701903147e-16
v 1.387320637702942 0.09344048396305232 1.650937888510168e-16
v 1.5147355794906616 0.1275664825792709 0.055730000138282776
v 1.482948660850525 0.12372049287513881 0.02626200020313263
v 1.482948660850525 0.12692649260715633 0.025431999936699867
v 1.482948660850525 0.12372049287513881 0.02626200020313263
v 1.5147355794906616 0.1275664825792709 0.055730000138282776
v 1.518190622329712 0.09863248065666347 0.05581500008702278
v 1.5147355794906616 0.1275664825792709 -0.055730000138282776
v 1.482948660850525 0.12372049287513881 -0.02626200020313263
v 1.518190622329712 0.09863248065666347 -0.05581500008702278
v 1.482948660850525 0.12372049287513881 -0.02626200020313263
v 1.5147355794906616 0.1275664825792709 -0.055730000138282776
v 1.482948660850525 0.12692649260715633 -0.025431999936699867
v 0.9524747133255005 0.020386483227769425 0.08170799911022186
v 0.9562656879425049 0.015727486168901017 0.00005999999848427251
v 0.9633866548538208 0.10432448581413417 0.07648199796676636
v 0.9633866548538208 0.10432448581413417 0.07648199796676636
v 0.9562656879425049 0.015727486168901017 0.00005999999848427251
v 0.9684066772460938 0.10920248523906856 0.00005999999848427251
v 0.9562656879425049 0.015727486168901017 0.00005999999848427251
v 0.9633866548538208 0.10432448581413417 -0.06648299843072891
v 0.9684066772460938 0.10920248523906856 0.00005999999848427251
v 0.9633866548538208 0.10432448581413417 -0.06648299843072891
v 0.9562656879425049 0.015727486168901017 0.00005999999848427251
v 0.9524747133255005 0.020386483227769425 -0.07170899957418442
v 1.4146316051483154 0.08159448549703746 0.05149799957871437
v 1.387320637702942 0.09771948651031642 0.023148000240325928
v 1.387320637702942 0.10112349287227779 0.029650000855326653
v 1.387320637702942 0.09771948651031642 0.023148000240325928
v 1.4146316051483154 0.08159448549703746 0.05149799957871437
v 1.422649621963501 0.06272148684219508 0.028857000172138214
v 1.4146316051483154 0.08159448549703746 -0.05149799957871437
v 1.387320637702942 0.09771948651031642 -0.023148000240325928
v 1.422649621963501 0.06272148684219508 -0.028857000172138214
v 1.387320637702942 0.09771948651031642 -0.023148000240325928
v 1.4146316051483154 0.08159448549703746 -0.05149799957871437
v 1.387320637702942 0.10112349287227779 -0.02965099923312664
v 1.387320637702942 0.10112349287227779 0.029650000855326653
v 1.4116315841674805 0.10684448078827052 0.057679999619722366
v 1.4146316051483154 0.08159448549703746 0.05149799957871437
v 1.4116315841674805 0.10684448078827052 0.057679999619722366
v 1.387320637702942 0.10112349287227779 0.029650000855326653
v 1.387320637702942 0.10613448516086726 0.03208800032734871
v 1.387320637702942 0.10112349287227779 -0.02965099923312664
v 1.4116315841674805 0.10684448078827052 -0.057679999619722366
v 1.387320637702942 0.10613448516086726 -0.03208800032734871
v 1.4116315841674805 0.10684448078827052 -0.057679999619722366
v 1.387320637702942 0.10112349287227779 -0.02965099923312664
v 1.4146316051483154 0.08159448549703746 -0.05149799957871437
v 1.5269886255264282 0.07768748298839717 -0.04202999919652939
v 1.482948660850525 0.07533548370556026 -0.08001600205898285
v 1.518190622329712 0.09863248065666347 -0.05581500008702278
v 1.482948660850525 0.07533548370556026 -0.08001600205898285
v 1.5269886255264282 0.07768748298839717 -0.04202999919652939
v 1.482948660850525 0.036132488107244065 -0.05027899891138077
v 1.482948660850525 0.07533548370556026 0.08001500368118286
v 1.5269886255264282 0.07768748298839717 0.04202999919652939
v 1.518190622329712 0.09863248065666347 0.05581500008702278
v 1.5269886255264282 0.07768748298839717 0.04202999919652939
v 1.482948660850525 0.07533548370556026 0.08001500368118286
v 1.482948660850525 0.036132488107244065 0.05027800053358078
v 1.6529706716537476 0.12026448146061092 -0.08532200008630753
v 1.6527836322784424 0.15681649342731624 -0.05752699822187424
v 1.6799455881118774 0.12117348209575801 -0.06295499950647354
v 1.6529706716537476 0.12026448146061092 0.08532100170850754
v 1.6799455881118774 0.12117348209575801 0.06295400112867355
v 1.6527836322784424 0.15681649342731624 0.05752599984407425
v -1.7104613780975342 -0.4010355214719376 0.0880500003695488
v -1.6140903234481812 -0.43913349911018223 -0.0006910000229254365
v -1.616869330406189 -0.4326745013837418 0.0933699980378151
v -1.6140903234481812 -0.43913349911018223 -0.0006910000229254365
v -1.7104613780975342 -0.4010355214719376 0.0880500003695488
v -1.7182053327560425 -0.4041335026864609 -0.0006910000229254365
v -1.6140903234481812 -0.43913349911018223 -0.0006910000229254365
v -1.7104613780975342 -0.4010355214719376 -0.07805199921131134
v -1.616869330406189 -0.4326745013837418 -0.08337099850177765
v -1.7104613780975342 -0.4010355214719376 -0.07805199921131134
v -1.6140903234481812 -0.43913349911018223 -0.0006910000229254365
v -1.7182053327560425 -0.4041335026864609 -0.0006910000229254365
v 1.4146316051483154 0.08159448549703746 -0.05149799957871437
v 1.387320637702942 0.10774448112205653 -0.07992500066757202
v 1.4116315841674805 0.10684448078827052 -0.057679999619722366
v 1.387320637702942 0.10774448112205653 -0.07992500066757202
v 1.4146316051483154 0.08159448549703746 -0.05149799957871437
v 1.387320637702942 0.06301648513034969 -0.07017599791288376
v 1.325563669204712 0.09222948149398952 0.05120600014925003
v 1.2931486368179321 0.11320948198990016 0.021133000031113625
v 1.2931506633758545 0.11532048479274898 0.024886999279260635
v 1.2931486368179321 0.11320948198990016 0.021133000031113625
v 1.325563669204712 0.09222948149398952 0.05120600014925003
v 1.3335065841674805 0.07324448571161418 0.030004000291228294
v 1.2931525707244873 0.11799148813442378 0.026822000741958618
v 1.325563669204712 0.09222948149398952 0.05120600014925003
v 1.2931506633758545 0.11532048479274898 0.024886999279260635
v 1.3224406242370605 0.11852448776916652 0.0589819997549057
v 1.325563669204712 0.09222948149398952 0.05120600014925003
v 1.2931525707244873 0.11799148813442378 0.026822000741958618
v 1.387320637702942 0.10774448112205653 0.07992400228977203
v 1.4146316051483154 0.08159448549703746 0.05149799957871437
v 1.4116315841674805 0.10684448078827052 0.057679999619722366
v 1.4146316051483154 0.08159448549703746 0.05149799957871437
v 1.387320637702942 0.10774448112205653 0.07992400228977203
v 1.387320637702942 0.06301648513034969 0.07017499953508377
v 1.325563669204712 0.09222948149398952 -0.05120600014925003
v 1.2931486368179321 0.11320948198990016 -0.021133000031113625
v 1.3335065841674805 0.07324448571161418 -0.030004000291228294
v 1.2931486368179321 0.11320948198990016 -0.021133000031113625
v 1.325563669204712 0.09222948149398952 -0.05120600014925003
v 1.2931506633758545 0.11532048479274898 -0.024886999279260635
v 1.325563669204712 0.09222948149398952 -0.05120600014925003
v 1.2931525707244873 0.11799148813442378 -0.026822999119758606
v 1.2931506633758545 0.11532048479274898 -0.024886999279260635
v 1.2931525707244873 0.11799148813442378 -0.026822999119758606
v 1.325563669204712 0.09222948149398952 -0.05120600014925003
v 1.3224406242370605 0.11852448776916652 -0.0589819997549057
v 1.2931456565856934 0.10945449367717891 1.5356068088543084e-16
v 1.333581566810608 0.0666034852023521 1.585126472533163e-16
v 1.3335065841674805 0.07324448571161418 -0.030004000291228294
v 1.2931456565856934 0.10945449367717891 1.5356068088543084e-16
v 1.3335065841674805 0.07324448571161418 -0.030004000291228294
v 1.2931486368179321 0.11320948198990016 -0.021133000031113625
v 1.2931486368179321 0.11320948198990016 0.021133000031113625
v 1.3335065841674805 0.07324448571161418 0.030004000291228294
v 1.2931456565856934 0.10945449367717891 1.5356068088543084e-16
v 1.3335065841674805 0.07324448571161418 0.030004000291228294
v 1.333581566810608 0.0666034852023521 1.585126472533163e-16
v 1.2931456565856934 0.10945449367717891 1.5356068088543084e-16
v 1.387320637702942 0.06301648513034969 -0.07017599791288376
v 1.422649621963501 0.06272148684219508 -0.028857000172138214
v 1.387320637702942 0.028853486930886796 -0.03205699846148491
v 1.422649621963501 0.06272148684219508 -0.028857000172138214
v 1.387320637702942 0.06301648513034969 -0.07017599791288376
v 1.4146316051483154 0.08159448549703746 -0.05149799957871437
v 1.518190622329712 0.09863248065666347 -0.05581500008702278
v 1.482948660850525 0.12835548416332393 -0.08107399940490723
v 1.5147355794906616 0.1275664825792709 -0.055730000138282776
v 1.482948660850525 0.12835548416332393 -0.08107399940490723
v 1.518190622329712 0.09863248065666347 -0.05581500008702278
v 1.482948660850525 0.07533548370556026 -0.08001600205898285
v 1.387320637702942 0.06301648513034969 0.07017499953508377
v 1.422649621963501 0.06272148684219508 0.028857000172138214
v 1.4146316051483154 0.08159448549703746 0.05149799957871437
v 1.422649621963501 0.06272148684219508 0.028857000172138214
v 1.387320637702942 0.06301648513034969 0.07017499953508377
v 1.387320637702942 0.028853486930886796 0.03205600008368492
v 1.482948660850525 0.12835548416332393 0.08107399940490723
v 1.518190622329712 0.09863248065666347 0.05581500008702278
v 1.5147355794906616 0.1275664825792709 0.055730000138282776
v 1.518190622329712 0.09863248065666347 0.05581500008702278
v 1.482948660850525 0.12835548416332393 0.08107399940490723
v 1.482948660850525 0.07533548370556026 0.08001500368118286
v -1.2212693691253662 -0.07419051259203763 0.07184500247240067
v -1.1659263372421265 -0.1432785208468041 0.0004189999890513718
v -1.1652504205703735 -0.13730951800390095 0.07612700015306473
v -1.1659263372421265 -0.1432785208468041 0.0004189999890513718
v -1.2212693691253662 -0.07419051259203763 0.07184500247240067
v -1.228325366973877 -0.07320851116820187 0.0004189999890513718
v -1.228325366973877 -0.07320851116820187 0.0004189999890513718
v -1.1652504205703735 -0.13730951800390095 -0.06612800061702728
v -1.1659263372421265 -0.1432785208468041 0.0004189999890513718
v -1.1652504205703735 -0.13730951800390095 -0.06612800061702728
v -1.228325366973877 -0.07320851116820187 0.0004189999890513718
v -1.2212693691253662 -0.07419051259203763 -0.06184599921107292
v -1.6929993629455566 0.3217214901800552 -2.1213660907809154e-16
v -1.6390373706817627 0.3037894924040237 0.05003900080919266
v -1.6590003967285156 0.33564850286201625 0.036740999668836594
v -1.6390373706817627 0.3037894924040237 0.05003900080919266
v -1.6929993629455566 0.3217214901800552 -2.1213660907809154e-16
v -1.6827284097671509 0.2793945033903518 -2.108787916211985e-16
v -1.6590003967285156 0.33564850286201625 0.036740999668836594
v -1.6915004253387451 0.3555944819803634 0.020163999870419502
v -1.6929993629455566 0.3217214901800552 -2.1213660907809154e-16
v -1.7071763277053833 0.3429135043974319 -2.1387278839194644e-16
v -1.6929993629455566 0.3217214901800552 -2.1213660907809154e-16
v -1.6915004253387451 0.3555944819803634 0.020163999870419502
v -1.7071763277053833 0.3429135043974319 -2.1387278839194644e-16
v -1.6915004253387451 0.3555944819803634 0.020163999870419502
v -1.7415913343429565 0.3625294823999801 -2.1808741257924703e-16
v 1.4116315841674805 0.10684448078827052 0.057679999619722366
v 1.387320637702942 0.10613448516086726 0.03208800032734871
v 1.387320637702942 0.1419484873171249 0.049740999937057495
v 1.4116315841674805 0.10684448078827052 -0.057679999619722366
v 1.387320637702942 0.1419484873171249 -0.04974199831485748
v 1.387320637702942 0.10613448516086726 -0.03208800032734871
v -1.1523393392562866 -0.012958515727957198 0.18642599880695343
v -1.2118014097213745 -0.06601651228412003 0.141976997256279
v -1.1620573997497559 -0.10774251475377888 0.17408700287342072
v -1.2118014097213745 -0.06601651228412003 0.141976997256279
v -1.1523393392562866 -0.012958515727957198 0.18642599880695343
v -1.1998354196548462 -0.006685516158183524 0.1476369947195053
v -1.2118014097213745 -0.06601651228412003 0.141976997256279
v -1.1652504205703735 -0.13730951800390095 0.07612700015306473
v -1.1620573997497559 -0.10774251475377888 0.17408700287342072
v -1.1652504205703735 -0.13730951800390095 0.07612700015306473
v -1.2118014097213745 -0.06601651228412003 0.141976997256279
v -1.2212693691253662 -0.07419051259203763 0.07184500247240067
v 1.2930846214294434 0.0282164846415916 1.5355320317269336e-16
v 1.3335065841674805 0.07324448571161418 -0.030004000291228294
v 1.333581566810608 0.0666034852023521 1.585126472533163e-16
v 1.3335065841674805 0.07324448571161418 -0.030004000291228294
v 1.2930846214294434 0.0282164846415916 1.5355320317269336e-16
v 1.2930896282196045 0.035222481643716386 -0.03511999920010567
v 1.3335065841674805 0.07324448571161418 0.030004000291228294
v 1.2930846214294434 0.0282164846415916 1.5355320317269336e-16
v 1.333581566810608 0.0666034852023521 1.585126472533163e-16
v 1.2930846214294434 0.0282164846415916 1.5355320317269336e-16
v 1.3335065841674805 0.07324448571161418 0.030004000291228294
v 1.2930896282196045 0.035222481643716386 0.03511999920010567
v -1.1523393392562866 -0.012957515487512061 -0.17642800509929657
v -1.2118014097213745 -0.06601651228412003 -0.13197700679302216
v -1.1998354196548462 -0.006685516158183524 -0.13763900101184845
v -1.2118014097213745 -0.06601651228412003 -0.13197700679302216
v -1.1523393392562866 -0.012957515487512061 -0.17642800509929657
v -1.1620573997497559 -0.10774251475377888 -0.16408799588680267
v -1.1620573997497559 -0.10774251475377888 -0.16408799588680267
v -1.1652504205703735 -0.13730951800390095 -0.06612800061702728
v -1.2118014097213745 -0.06601651228412003 -0.13197700679302216
v -1.2212693691253662 -0.07419051259203763 -0.06184599921107292
v -1.2118014097213745 -0.06601651228412003 -0.13197700679302216
v -1.1652504205703735 -0.13730951800390095 -0.06612800061702728
v 1.5147355794906616 0.1275664825792709 0.055730000138282776
v 1.482948660850525 0.12692649260715633 0.025431999936699867
v 1.482948660850525 0.16919448569969325 0.05255400016903877
v -1.4799773693084717 -0.0071745163892111274 0.21157200634479523
v -1.546423316001892 -0.0010175149087509605 0.1609009951353073
v -1.4859223365783691 -0.056087518403371284 0.16742999851703644
v 1.5147355794906616 0.1275664825792709 -0.055730000138282776
v 1.482948660850525 0.16919448569969325 -0.05255400016903877
v 1.482948660850525 0.12692649260715633 -0.025431999936699867
v 0.951798677444458 0.10572148457721858 0.15110500156879425
v 0.9524747133255005 0.020386483227769425 0.08170799911022186
v 0.9633866548538208 0.10432448581413417 0.07648199796676636
v 0.9524747133255005 0.020386483227769425 0.08170799911022186
v 0.951798677444458 0.10572148457721858 0.15110500156879425
v 0.9335846900939941 0.04335748747543483 0.18735699355602264
v 0.8726716637611389 0.11662248865322261 0.2006639987230301
v 0.9335846900939941 0.04335748747543483 0.18735699355602264
v 0.951798677444458 0.10572148457721858 0.15110500156879425
v 0.951798677444458 0.10572148457721858 0.15110500156879425
v 0.9094286561012268 0.14763749734119563 0.15696300566196442
v 0.8726716637611389 0.11662248865322261 0.2006639987230301
v 0.9524747133255005 0.020386483227769425 -0.07170899957418442
v 0.951798677444458 0.1057204861994186 -0.1411059945821762
v 0.9633866548538208 0.10432448581413417 -0.06648299843072891
v 0.951798677444458 0.1057204861994186 -0.1411059945821762
v 0.9524747133255005 0.020386483227769425 -0.07170899957418442
v 0.9335846900939941 0.04335748747543483 -0.1773570030927658
v 0.951798677444458 0.1057204861994186 -0.1411059945821762
v 0.9335846900939941 0.04335748747543483 -0.1773570030927658
v 0.8726716637611389 0.11662248865322261 -0.19066399335861206
v 0.9094286561012268 0.14763749734119563 -0.14696399867534637
v 0.951798677444458 0.1057204861994186 -0.1411059945821762
v 0.8726716637611389 0.11662248865322261 -0.19066399335861206
v -1.4799773693084717 -0.00717351614876599 -0.20667199790477753
v -1.4859223365783691 -0.056087518403371284 -0.16252799332141876
v -1.546423316001892 -0.0010175149087509605 -0.1583070009946823
v 1.482948660850525 0.12835548416332393 -0.08107399940490723
v 1.482948660850525 0.16919448569969325 -0.05255400016903877
v 1.5147355794906616 0.1275664825792709 -0.055730000138282776
v 1.482948660850525 0.12835548416332393 0.08107399940490723
v 1.5147355794906616 0.1275664825792709 0.055730000138282776
v 1.482948660850525 0.16919448569969325 0.05255400016903877
v 1.325563669204712 0.09222948149398952 -0.05120600014925003
v 1.2931525707244873 0.11923749343113094 -0.08578299731016159
v 1.3224406242370605 0.11852448776916652 -0.0589819997549057
v 1.2931525707244873 0.11923749343113094 -0.08578299731016159
v 1.325563669204712 0.09222948149398952 -0.05120600014925003
v 1.293116569519043 0.07086548552469402 -0.07267899811267853
v 1.2931536436080933 0.11923749343113094 0.0857819989323616
v 1.325563669204712 0.09222948149398952 0.05120600014925003
v 1.3224406242370605 0.11852448776916652 0.0589819997549057
v 1.325563669204712 0.09222948149398952 0.05120600014925003
v 1.2931536436080933 0.11923749343113094 0.0857819989323616
v 1.293116569519043 0.07086548552469402 0.07267799973487854
v 1.293116569519043 0.07086548552469402 -0.07267899811267853
v 1.3335065841674805 0.07324448571161418 -0.030004000291228294
v 1.2930896282196045 0.035222481643716386 -0.03511999920010567
v 1.3335065841674805 0.07324448571161418 -0.030004000291228294
v 1.293116569519043 0.07086548552469402 -0.07267899811267853
v 1.325563669204712 0.09222948149398952 -0.05120600014925003
v 1.293116569519043 0.07086548552469402 0.07267799973487854
v 1.3335065841674805 0.07324448571161418 0.030004000291228294
v 1.325563669204712 0.09222948149398952 0.05120600014925003
v 1.3335065841674805 0.07324448571161418 0.030004000291228294
v 1.293116569519043 0.07086548552469402 0.07267799973487854
v 1.2930896282196045 0.035222481643716386 0.03511999920010567
v 1.3224406242370605 0.11852448776916652 0.0589819997549057
v 1.2931525707244873 0.11799148813442378 0.026822000741958618
v 1.2931816577911377 0.15653648570732265 0.052466001361608505
v 1.3224406242370605 0.11852448776916652 -0.0589819997549057
v 1.2931816577911377 0.15653648570732265 -0.05246699973940849
v 1.2931525707244873 0.11799148813442378 -0.026822999119758606
v 1.387320637702942 0.10774448112205653 -0.07992500066757202
v 1.387320637702942 0.1419484873171249 -0.04974199831485748
v 1.4116315841674805 0.10684448078827052 -0.057679999619722366
v 1.387320637702942 0.10774448112205653 0.07992400228977203
v 1.4116315841674805 0.10684448078827052 0.057679999619722366
v 1.387320637702942 0.1419484873171249 0.049740999937057495
v -0.9487842917442322 -0.182114515746077 9.999999974752427e-7
v -0.8960253000259399 -0.25915751262946934 -0.117917999625206
v -0.8991783261299133 -0.26297051116271825 9.999999974752427e-7
v -0.8960253000259399 -0.25915751262946934 -0.117917999625206
v -0.9487842917442322 -0.182114515746077 9.999999974752427e-7
v -0.9368253350257874 -0.18451850518031926 -0.11863499879837036
v -0.9368253350257874 -0.18451850518031926 0.11863700300455093
v -0.9487842917442322 -0.182114515746077 9.999999974752427e-7
v -0.8960263133049011 -0.25915649935050816 0.117917999625206
v -0.8960263133049011 -0.25915649935050816 0.117917999625206
v -0.9487842917442322 -0.182114515746077 9.999999974752427e-7
v -0.8991783261299133 -0.26297051116271825 9.999999974752427e-7
v -1.2596783638000488 0.3140024800653854 -1.5907010081172803e-16
v -1.2291823625564575 0.29589548305229335 -0.03524399921298027
v -1.2633624076843262 0.28730648354248195 -1.5952126497014915e-16
v -1.2291823625564575 0.29589548305229335 -0.03524399921298027
v -1.2596783638000488 0.3140024800653854 -1.5907010081172803e-16
v -1.2352744340896606 0.320136483466188 -0.02516300044953823
v -1.2596783638000488 0.3140024800653854 -1.5907010081172803e-16
v -1.2291823625564575 0.29589548305229335 0.03524300083518028
v -1.2352744340896606 0.320136483466188 0.02516300044953823
v -1.2291823625564575 0.29589548305229335 0.03524300083518028
v -1.2596783638000488 0.3140024800653854 -1.5907010081172803e-16
v -1.2633624076843262 0.28730648354248195 -1.5952126497014915e-16
v 1.2931525707244873 0.11923749343113094 -0.08578299731016159
v 1.2931816577911377 0.15653648570732265 -0.05246699973940849
v 1.3224406242370605 0.11852448776916652 -0.0589819997549057
v 1.2931536436080933 0.11923749343113094 0.0857819989323616
v 1.3224406242370605 0.11852448776916652 0.0589819997549057
v 1.2931816577911377 0.15653648570732265 0.052466001361608505
v -1.4084653854370117 0.04840148583606868 0.1255510002374649
v -1.3954273462295532 0.05446748778776317 -0.00010399999882793054
v -1.4779434204101562 -0.009222515219887206 0.10469800233840942
v -1.4779434204101562 -0.009222515219887206 0.10469800233840942
v -1.3954273462295532 0.05446748778776317 -0.00010399999882793054
v -1.4773863554000854 -0.009269515344937751 -0.00010399999882793054
v -1.3954273462295532 0.05446748778776317 -0.00010399999882793054
v -1.4779434204101562 -0.009222515219887206 -0.09448099881410599
v -1.4773863554000854 -0.009269515344937751 -0.00010399999882793054
v -1.4779434204101562 -0.009222515219887206 -0.09448099881410599
v -1.3954273462295532 0.05446748778776317 -0.00010399999882793054
v -1.4084653854370117 0.04840148583606868 -0.11533399671316147
v -1.139937400817871 0.36299949482635646 -1.4440605467062477e-16
v -1.0969743728637695 0.34806549147323756 -0.045779999345541
v -1.1421873569488525 0.3340394754763046 -1.4468159184138863e-16
v -1.0969743728637695 0.34806549147323756 -0.045779999345541
v -1.139937400817871 0.36299949482635646 -1.4440605467062477e-16
v -1.1025453805923462 0.37242048577026515 -0.038561999797821045
v -1.139937400817871 0.36299949482635646 -1.4440605467062477e-16
v -1.0969743728637695 0.34806549147323756 0.045779999345541
v -1.1025453805923462 0.37242048577026515 0.03856100142002106
v -1.0969743728637695 0.34806549147323756 0.045779999345541
v -1.139937400817871 0.36299949482635646 -1.4440605467062477e-16
v -1.1421873569488525 0.3340394754763046 -1.4468159184138863e-16
v -1.092812418937683 0.3307764788027206 -0.023005999624729156
v -1.1255203485488892 0.30182948306755214 -1.4264048066652219e-16
v -1.1158113479614258 0.33022149995521693 -1.4145147140170376e-16
v -1.1255203485488892 0.30182948306755214 -1.4264048066652219e-16
v -1.092812418937683 0.3307764788027206 -0.023005999624729156
v -1.0911493301391602 0.30182849959091335 -0.034501999616622925
v -1.092812418937683 0.3307764788027206 0.023005999624729156
v -1.1255203485488892 0.30182948306755214 -1.4264048066652219e-16
v -1.0911493301391602 0.30182849959091335 0.034501999616622925
v -1.1255203485488892 0.30182948306755214 -1.4264048066652219e-16
v -1.092812418937683 0.3307764788027206 0.023005999624729156
v -1.1158113479614258 0.33022149995521693 -1.4145147140170376e-16
v -0.6586263179779053 -0.4778665046338639 0.12278100103139877
v -0.7091883420944214 -0.3722025196199021 0.06962600350379944
v -0.6628792881965637 -0.48351350828452916 -0.01396199967712164
v -0.7091883420944214 -0.3722025196199021 0.06962600350379944
v -0.7061153054237366 -0.37576249643607945 -0.01396199967712164
v -0.6628792881965637 -0.48351350828452916 -0.01396199967712164
v -0.6628792881965637 -0.48351350828452916 -0.01396199967712164
v -0.7061153054237366 -0.37576249643607945 -0.01396199967712164
v -0.7091883420944214 -0.3722025196199021 -0.06201399862766266
v -0.6628792881965637 -0.48351350828452916 -0.01396199967712164
v -0.7091883420944214 -0.3722025196199021 -0.06201399862766266
v -0.6586263179779053 -0.4778665046338639 -0.1023389995098114
v -1.4859223365783691 -0.056087518403371284 -0.16252799332141876
v -1.4773213863372803 -0.00742051593407006 -0.09835699945688248
v -1.546423316001892 -0.0010175149087509605 -0.1583070009946823
v 0.7192286849021912 0.3318694789762893 0.0031679999083280563
v 0.6497277021408081 0.4112684984560409 -0.06882400065660477
v 0.6496366858482361 0.4190024991388717 0.0031679999083280563
v 0.6497277021408081 0.4112684984560409 -0.06882400065660477
v 0.7192286849021912 0.3318694789762893 0.0031679999083280563
v 0.7122277021408081 0.33252548769668727 -0.06421399861574173
v 0.6497277021408081 0.4112684984560409 0.06644800305366516
v 0.7192286849021912 0.3318694789762893 0.0031679999083280563
v 0.6496366858482361 0.4190024991388717 0.0031679999083280563
v 0.7192286849021912 0.3318694789762893 0.0031679999083280563
v 0.6497277021408081 0.4112684984560409 0.06644800305366516
v 0.7122277021408081 0.33252548769668727 0.06183899939060211
v -0.6586263179779053 -0.4778665046338639 -0.1023389995098114
v -0.7098303437232971 -0.370965514624556 -0.07961899787187576
v -0.6776103377342224 -0.4611915092115006 -0.13318000733852386
v -0.7098303437232971 -0.370965514624556 -0.07961899787187576
v -0.6586263179779053 -0.4778665046338639 -0.1023389995098114
v -0.7091883420944214 -0.3722025196199021 -0.06201399862766266
v -0.7098303437232971 -0.370965514624556 0.08299899846315384
v -0.6586263179779053 -0.4778665046338639 0.12278100103139877
v -0.6776103377342224 -0.4611915092115006 0.14383499324321747
v -0.6586263179779053 -0.4778665046338639 0.12278100103139877
v -0.7098303437232971 -0.370965514624556 0.08299899846315384
v -0.7091883420944214 -0.3722025196199021 0.06962600350379944
v 0.704224705696106 0.32653048232750087 0.122468002140522
v 0.6497277021408081 0.4112684984560409 0.06644800305366516
v 0.6500236988067627 0.37297248438553005 0.15443100035190582
v 0.6497277021408081 0.4112684984560409 0.06644800305366516
v 0.704224705696106 0.32653048232750087 0.122468002140522
v 0.7122277021408081 0.33252548769668727 0.06183899939060211
v 0.6500236988067627 0.37297248438553005 0.15443100035190582
v 0.6504566669464111 0.28874948219017177 0.16616399586200714
v 0.704224705696106 0.32653048232750087 0.122468002140522
v 0.704224705696106 0.32653048232750087 0.122468002140522
v 0.6504566669464111 0.28874948219017177 0.16616399586200714
v 0.6986936926841736 0.28858148649887233 0.1276320070028305
v 0.6497277021408081 0.4112684984560409 -0.06882400065660477
v 0.704224705696106 0.32653048232750087 -0.11654999852180481
v 0.6500236988067627 0.37297248438553005 -0.1485150009393692
v 0.704224705696106 0.32653048232750087 -0.11654999852180481
v 0.6497277021408081 0.4112684984560409 -0.06882400065660477
v 0.7122277021408081 0.33252548769668727 -0.06421399861574173
v 0.6504566669464111 0.28874948219017177 -0.16317500174045563
v 0.6500236988067627 0.37297248438553005 -0.1485150009393692
v 0.704224705696106 0.32653048232750087 -0.11654999852180481
v 0.6504566669464111 0.28874948219017177 -0.16317500174045563
v 0.704224705696106 0.32653048232750087 -0.11654999852180481
v 0.6986936926841736 0.28858148649887233 -0.1246429979801178
v 0.7423496842384338 -0.04824351734860749 -0.08337099850177765
v 0.8059576749801636 0.028791483199159196 -0.15656700730323792
v 0.8152976632118225 0.018818486189405015 -0.07734999805688858
v 0.8059576749801636 0.028791483199159196 -0.15656700730323792
v 0.7423496842384338 -0.04824351734860749 -0.08337099850177765
v 0.742695689201355 -0.013428515115817496 -0.19833000004291534
v 0.742695689201355 -0.013428515115817496 -0.19833000004291534
v 0.7432006597518921 0.0981094797010818 -0.21365900337696075
v 0.8059576749801636 0.028791483199159196 -0.15656700730323792
v 0.8059576749801636 0.028791483199159196 -0.15656700730323792
v 0.7432006597518921 0.0981094797010818 -0.21365900337696075
v 0.7995016574859619 0.09826348320202022 -0.16331399977207184
v 0.7423496842384338 -0.04824351734860749 0.0933699980378151
v 0.8059576749801636 0.028791483199159196 0.1557299941778183
v 0.742695689201355 -0.013428515115817496 0.1974949985742569
v 0.8059576749801636 0.028791483199159196 0.1557299941778183
v 0.7423496842384338 -0.04824351734860749 0.0933699980378151
v 0.8152976632118225 0.018818486189405015 0.08735000342130661
v 0.7432006597518921 0.0981094797010818 0.21664999425411224
v 0.742695689201355 -0.013428515115817496 0.1974949985742569
v 0.8059576749801636 0.028791483199159196 0.1557299941778183
v 0.7432006597518921 0.0981094797010818 0.21664999425411224
v 0.8059576749801636 0.028791483199159196 0.1557299941778183
v 0.7995016574859619 0.09826348320202022 0.16630400717258453
v -0.7731953263282776 0.3310385008211532 0.0030159999150782824
v -0.710342288017273 0.41007747844413905 0.0030159999150782824
v -0.7102593183517456 0.4030464847441116 -0.06243100017309189
v -0.7731953263282776 0.3310385008211532 0.0030159999150782824
v -0.7102593183517456 0.4030464847441116 -0.06243100017309189
v -0.766705334186554 0.33137750223831325 -0.05872799828648567
v -0.766705334186554 0.33137750223831325 0.05684100091457367
v -0.7102593183517456 0.4030464847441116 0.0605430006980896
v -0.7731953263282776 0.3310385008211532 0.0030159999150782824
v -0.7102593183517456 0.4030464847441116 0.0605430006980896
v -0.710342288017273 0.41007747844413905 0.0030159999150782824
v -0.7731953263282776 0.3310385008211532 0.0030159999150782824
v -1.2736753225326538 0.3530494828577438 -0.04073899984359741
v -1.294386386871338 0.302010502373735 -1.6332060478527872e-16
v -1.3087953329086304 0.3324084837789932 -1.6508518617264624e-16
v -1.294386386871338 0.302010502373735 -1.6332060478527872e-16
v -1.2736753225326538 0.3530494828577438 -0.04073899984359741
v -1.247706413269043 0.3274894912596145 -0.05150099843740463
v -1.3087953329086304 0.3324084837789932 -1.6508518617264624e-16
v -1.294386386871338 0.302010502373735 -1.6332060478527872e-16
v -1.2736753225326538 0.3530494828577438 0.040738001465797424
v -1.294386386871338 0.302010502373735 -1.6332060478527872e-16
v -1.247706413269043 0.3274894912596145 0.051500000059604645
v -1.2736753225326538 0.3530494828577438 0.040738001465797424
v -1.1401653289794922 0.4267154891844192 -0.01553799957036972
v -1.1447184085845947 0.4009875018949905 -1.449915661954143e-16
v -1.1534184217453003 0.41860347584442287 -1.460570012941622e-16
v -1.1447184085845947 0.4009875018949905 -1.449915661954143e-16
v -1.1401653289794922 0.4267154891844192 -0.01553799957036972
v -1.11734139919281 0.4082084854002395 -0.02831299975514412
v -1.1025453805923462 0.37242048577026515 -0.038561999797821045
v -1.1447184085845947 0.4009875018949905 -1.449915661954143e-16
v -1.11734139919281 0.4082084854002395 -0.02831299975514412
v -1.1447184085845947 0.4009875018949905 -1.449915661954143e-16
v -1.1025453805923462 0.37242048577026515 -0.038561999797821045
v -1.139937400817871 0.36299949482635646 -1.4440605467062477e-16
v -0.7539883255958557 -0.4150935153607926 -0.12225999683141708
v -0.7975203394889832 -0.33360049530311436 -0.1245189979672432
v -0.7320753335952759 -0.3652975003366074 -0.16801400482654572
v -0.7539883255958557 -0.4150935153607926 0.1222589984536171
v -0.7320753335952759 -0.3652975003366074 0.16801400482654572
v -0.7975203394889832 -0.33360049530311436 0.1245189979672432
v -1.4758003950119019 0.04211448476270824 0.16545900702476501
v -1.546423316001892 -0.0010175149087509605 0.1609009951353073
v -1.4799773693084717 -0.0071745163892111274 0.21157200634479523
v -1.3002604246139526 0.3776285012121597 -0.029911000281572342
v -1.3087953329086304 0.3324084837789932 -1.6508518617264624e-16
v -1.3267273902893066 0.3636944849844375 -1.6728123820241122e-16
v -1.3087953329086304 0.3324084837789932 -1.6508518617264624e-16
v -1.3002604246139526 0.3776285012121597 -0.029911000281572342
v -1.2736753225326538 0.3530494828577438 -0.04073899984359741
v -1.3267273902893066 0.3636944849844375 -1.6728123820241122e-16
v -1.3087953329086304 0.3324084837789932 -1.6508518617264624e-16
v -1.3002604246139526 0.3776285012121597 0.029911000281572342
v -1.3087953329086304 0.3324084837789932 -1.6508518617264624e-16
v -1.2736753225326538 0.3530494828577438 0.040738001465797424
v -1.3002604246139526 0.3776285012121597 0.029911000281572342
v -1.2212693691253662 -0.07419051259203763 0.07184500247240067
v -1.2118014097213745 -0.06601651228412003 0.141976997256279
v -1.1543914079666138 -0.03340251563495905 0.09408599883317947
v -1.2212693691253662 -0.07419051259203763 0.07184500247240067
v -1.1543914079666138 -0.03340251563495905 0.09408599883317947
v -1.1529723405838013 -0.01824151567562432 0.05980600044131279
v -1.1998354196548462 -0.006685516158183524 0.1476369947195053
v -1.1543914079666138 -0.03340251563495905 0.09408599883317947
v -1.2118014097213745 -0.06601651228412003 0.141976997256279
v -1.1543914079666138 -0.03340251563495905 0.09408599883317947
v -1.1998354196548462 -0.006685516158183524 0.1476369947195053
v -1.1526063680648804 -0.015538515815576026 0.09124699980020523
v -1.1998354196548462 -0.006685516158183524 0.1476369947195053
v -1.1456843614578247 0.051581483041802934 0.13718099892139435
v -1.1526063680648804 -0.015538515815576026 0.09124699980020523
v -0.7095972895622253 0.291666503703157 0.1511950045824051
v -0.7588403224945068 0.32529550389007716 0.1127690002322197
v -0.753255307674408 0.28977748349861293 0.11766300350427628
v -0.7588403224945068 0.32529550389007716 0.1127690002322197
v -0.7095972895622253 0.291666503703157 0.1511950045824051
v -0.7099903225898743 0.3682324846144119 0.14052699506282806
v -0.7102593183517456 0.4030464847441116 0.0605430006980896
v -0.7588403224945068 0.32529550389007716 0.1127690002322197
v -0.7099903225898743 0.3682324846144119 0.14052699506282806
v -0.7588403224945068 0.32529550389007716 0.1127690002322197
v -0.7102593183517456 0.4030464847441116 0.0605430006980896
v -0.766705334186554 0.33137750223831325 0.05684100091457367
v -1.2118014097213745 -0.06601651228412003 -0.13197700679302216
v -1.2212693691253662 -0.07419051259203763 -0.06184599921107292
v -1.1543914079666138 -0.033401513531868765 -0.08408699929714203
v -1.2212693691253662 -0.07419051259203763 -0.06184599921107292
v -1.1529723405838013 -0.01824151567562432 -0.04980599880218506
v -1.1543914079666138 -0.033401513531868765 -0.08408699929714203
v -1.1543914079666138 -0.033401513531868765 -0.08408699929714203
v -1.1998354196548462 -0.006685516158183524 -0.13763900101184845
v -1.2118014097213745 -0.06601651228412003 -0.13197700679302216
v -1.1998354196548462 -0.006685516158183524 -0.13763900101184845
v -1.1543914079666138 -0.033401513531868765 -0.08408699929714203
v -1.1526063680648804 -0.015538515815576026 -0.08124800026416779
v -1.1998354196548462 -0.006685516158183524 -0.13763900101184845
v -1.1526063680648804 -0.015538515815576026 -0.08124800026416779
v -1.1456843614578247 0.051580484664002946 -0.13301299512386322
v -1.1534184217453003 0.41860347584442287 -1.460570012941622e-16
v -1.1401653289794922 0.4267154891844192 0.01553799957036972
v -1.1777384281158447 0.4370515008325973 -1.4903535442516554e-16
v -1.1534184217453003 0.41860347584442287 -1.460570012941622e-16
v -1.1447184085845947 0.4009875018949905 -1.449915661954143e-16
v -1.1401653289794922 0.4267154891844192 0.01553799957036972
v -1.1447184085845947 0.4009875018949905 -1.449915661954143e-16
v -1.11734139919281 0.4082084854002395 0.02831299975514412
v -1.1401653289794922 0.4267154891844192 0.01553799957036972
v -1.1447184085845947 0.4009875018949905 -1.449915661954143e-16
v -1.1025453805923462 0.37242048577026515 0.03856100142002106
v -1.11734139919281 0.4082084854002395 0.02831299975514412
v -1.1025453805923462 0.37242048577026515 0.03856100142002106
v -1.1447184085845947 0.4009875018949905 -1.449915661954143e-16
v -1.139937400817871 0.36299949482635646 -1.4440605467062477e-16
v -0.7095972895622253 0.291666503703157 -0.1482049971818924
v -0.7588403224945068 0.32529550389007716 -0.10711999982595444
v -0.7099903225898743 0.3682324846144119 -0.1348779946565628
v -0.7588403224945068 0.32529550389007716 -0.10711999982595444
v -0.7095972895622253 0.291666503703157 -0.1482049971818924
v -0.7532542943954468 0.28977748349861293 -0.11467400193214417
v -0.7099903225898743 0.3682324846144119 -0.1348779946565628
v -0.7588403224945068 0.32529550389007716 -0.10711999982595444
v -0.7102593183517456 0.4030464847441116 -0.06243100017309189
v -0.766705334186554 0.33137750223831325 -0.05872799828648567
v -0.7102593183517456 0.4030464847441116 -0.06243100017309189
v -0.7588403224945068 0.32529550389007716 -0.10711999982595444
v -0.8743113279342651 -0.19708151027007909 -0.16935600340366364
v -0.849133312702179 -0.2574214975480637 -0.1360280066728592
v -0.8960253000259399 -0.25915751262946934 -0.117917999625206
v -0.8960253000259399 -0.25915751262946934 -0.117917999625206
v -0.9368253350257874 -0.18451850518031926 -0.11863499879837036
v -0.8743113279342651 -0.19708151027007909 -0.16935600340366364
v -0.9368253350257874 -0.18451850518031926 0.11863700300455093
v -0.8960263133049011 -0.25915649935050816 0.117917999625206
v -0.8743113279342651 -0.19708151027007909 0.16935600340366364
v -0.8960263133049011 -0.25915649935050816 0.117917999625206
v -0.849133312702179 -0.2574214975480637 0.1360280066728592
v -0.8743113279342651 -0.19708151027007909 0.16935600340366364
v -1.4758003950119019 0.04211448476270824 -0.16055800020694733
v -1.4799773693084717 -0.00717351614876599 -0.20667199790477753
v -1.546423316001892 -0.0010175149087509605 -0.1583070009946823
v 0.7423496842384338 -0.04824351734860749 0.0933699980378151
v 0.7422437071800232 -0.05527351267083497 -0.0006910000229254365
v 0.8152976632118225 0.018818486189405015 0.08735000342130661
v 0.8152976632118225 0.018818486189405015 0.08735000342130661
v 0.7422437071800232 -0.05527351267083497 -0.0006910000229254365
v 0.8234696984291077 0.019415486311475327 -0.0006910000229254365
v 0.7422437071800232 -0.05527351267083497 -0.0006910000229254365
v 0.8152976632118225 0.018818486189405015 -0.07734999805688858
v 0.8234696984291077 0.019415486311475327 -0.0006910000229254365
v 0.8152976632118225 0.018818486189405015 -0.07734999805688858
v 0.7422437071800232 -0.05527351267083497 -0.0006910000229254365
v 0.7423496842384338 -0.04824351734860749 -0.08337099850177765
v 0.827454686164856 0.45116048649505763 -0.032391998916864395
v 0.8400346636772156 0.494169469630281 9.807057974640126e-17
v 0.8648486733436584 0.46057948068336635 1.0110941632379447e-16
v 0.8400346636772156 0.494169469630281 9.807057974640126e-17
v 0.827454686164856 0.45116048649505763 -0.032391998916864395
v 0.8126586675643921 0.4869474728460708 -0.0237830001860857
v 0.8126586675643921 0.4869474728460708 0.0237830001860857
v 0.827454686164856 0.45116048649505763 0.03239100053906441
v 0.8400346636772156 0.494169469630281 9.807057974640126e-17
v 0.827454686164856 0.45116048649505763 0.03239100053906441
v 0.8648486733436584 0.46057948068336635 1.0110941632379447e-16
v 0.8400346636772156 0.494169469630281 9.807057974640126e-17
v -0.575648307800293 -0.31202751799865575 -7.530058050130706e-17
v -0.6342613101005554 -0.21078850730701298 -8.247860239413602e-17
v -0.631372332572937 -0.20428450807376713 -0.09204299747943878
v -0.575648307800293 -0.31202751799865575 -7.530058050130706e-17
v -0.631372332572937 -0.20428450807376713 -0.09204299747943878
v -0.5778533220291138 -0.30381152435584874 -0.11561200022697449
v -0.5778533220291138 -0.30381152435584874 0.11561200022697449
v -0.631372332572937 -0.20428450807376713 0.0920419991016388
v -0.575648307800293 -0.31202751799865575 -7.530058050130706e-17
v -0.631372332572937 -0.20428450807376713 0.0920419991016388
v -0.6342613101005554 -0.21078850730701298 -8.247860239413602e-17
v -0.575648307800293 -0.31202751799865575 -7.530058050130706e-17
v -1.0101593732833862 -0.40090850397392125 -0.12476500123739243
v -0.9025583267211914 -0.4720545153264603 -0.16264699399471283
v -0.9573532938957214 -0.4788905124311051 -0.11886999756097794
v -0.9025583267211914 -0.4720545153264603 -0.16264699399471283
v -1.0101593732833862 -0.40090850397392125 -0.12476500123739243
v -0.9366443157196045 -0.40819052263542027 -0.21108900010585785
v -0.9025583267211914 -0.4720545153264603 -0.16264699399471283
v -0.9366443157196045 -0.40819052263542027 -0.21108900010585785
v -0.840803325176239 -0.4195655028466782 -0.22059200704097748
v -0.847355306148529 -0.47186449571891637 -0.15506799519062042
v -0.9025583267211914 -0.4720545153264603 -0.16264699399471283
v -0.840803325176239 -0.4195655028466782 -0.22059200704097748
v -0.847355306148529 -0.47186449571891637 -0.15506799519062042
v -0.840803325176239 -0.4195655028466782 -0.22059200704097748
v -0.7706273198127747 -0.42576751514716954 -0.12480899691581726
v -1.0101593732833862 -0.40090752049728245 0.12476599961519241
v -0.9025583267211914 -0.4720545153264603 0.162648007273674
v -0.9366443157196045 -0.40819052263542027 0.21108900010585785
v -0.9025583267211914 -0.4720545153264603 0.162648007273674
v -1.0101593732833862 -0.40090752049728245 0.12476599961519241
v -0.9573532938957214 -0.4788905124311051 0.11887200176715851
v -0.840803325176239 -0.4195655028466782 0.22059200704097748
v -0.9366443157196045 -0.40819052263542027 0.21108900010585785
v -0.9025583267211914 -0.4720545153264603 0.162648007273674
v -0.840803325176239 -0.4195655028466782 0.22059200704097748
v -0.9025583267211914 -0.4720545153264603 0.162648007273674
v -0.847355306148529 -0.47186449571891637 0.15506799519062042
v -0.847355306148529 -0.47186449571891637 0.15506799519062042
v -0.7706273198127747 -0.42576751514716954 0.12481000274419785
v -0.840803325176239 -0.4195655028466782 0.22059200704097748
v -0.9311493039131165 0.36182850197509914 -0.028982000425457954
v -0.9558113217353821 0.3902215023394027 -1.2185712440731904e-16
v -0.9328123331069946 0.3907764811869064 -0.019324999302625656
v -0.9558113217353821 0.3902215023394027 -1.2185712440731904e-16
v -0.9311493039131165 0.36182850197509914 -0.028982000425457954
v -0.9655203223228455 0.3618304987306991 -1.2304613367213746e-16
v -0.9558113217353821 0.3902215023394027 -1.2185712440731904e-16
v -0.9311493039131165 0.36182850197509914 0.028982000425457954
v -0.9328123331069946 0.3907764811869064 0.019324999302625656
v -0.9311493039131165 0.36182850197509914 0.028982000425457954
v -0.9558113217353821 0.3902215023394027 -1.2185712440731904e-16
v -0.9655203223228455 0.3618304987306991 -1.2304613367213746e-16
v 0.8601877093315125 0.37007349327758937 1.0053861537901858e-16
v 0.8732216954231262 0.30056950048164516 1.0213481588089481e-16
v 0.8388506770133972 0.30056950048164516 -0.028982000425457954
v 0.8388506770133972 0.30056950048164516 -0.028982000425457954
v 0.8371877074241638 0.36951750115112453 -0.019324999302625656
v 0.8601877093315125 0.37007349327758937 1.0053861537901858e-16
v 0.8388506770133972 0.30056950048164516 0.028982000425457954
v 0.8601877093315125 0.37007349327758937 1.0053861537901858e-16
v 0.8371877074241638 0.36951750115112453 0.019324999302625656
v 0.8601877093315125 0.37007349327758937 1.0053861537901858e-16
v 0.8388506770133972 0.30056950048164516 0.028982000425457954
v 0.8732216954231262 0.30056950048164516 1.0213481588089481e-16
v -0.725122332572937 -0.3661814968232712 0.05345899984240532
v -0.7539883255958557 -0.4150935153607926 0.1222589984536171
v -0.7975203394889832 -0.33360049530311436 0.1245189979672432
v -0.725122332572937 -0.3661814968232712 -0.05345999822020531
v -0.7975203394889832 -0.33360049530311436 -0.1245189979672432
v -0.7539883255958557 -0.4150935153607926 -0.12225999683141708
v -1.1529723405838013 -0.01824151567562432 0.05980600044131279
v -1.228325366973877 -0.07320851116820187 0.0004189999890513718
v -1.2212693691253662 -0.07419051259203763 0.07184500247240067
v -1.228325366973877 -0.07320851116820187 0.0004189999890513718
v -1.1529723405838013 -0.01824151567562432 0.05980600044131279
v -1.151793360710144 -0.006218515629013488 0.0004189999890513718
v 0.5387246608734131 0.3286074955816665 0.0029150000773370266
v 0.4797486364841461 0.39598249987320094 -0.058173999190330505
v 0.4796716272830963 0.40254547790245204 0.0029150000773370266
v 0.4797486364841461 0.39598249987320094 -0.058173999190330505
v 0.5387246608734131 0.3286074955816665 0.0029150000773370266
v 0.5327836871147156 0.32916450098709255 -0.054262999445199966
v 0.4797486364841461 0.39598249987320094 0.05661199986934662
v 0.5387246608734131 0.3286074955816665 0.0029150000773370266
v 0.4796716272830963 0.40254547790245204 0.0029150000773370266
v 0.5387246608734131 0.3286074955816665 0.0029150000773370266
v 0.4797486364841461 0.39598249987320094 0.05661199986934662
v 0.5327836871147156 0.32916450098709255 0.05270100012421608
v -1.228325366973877 -0.07320851116820187 0.0004189999890513718
v -1.1529723405838013 -0.01824151567562432 -0.04980599880218506
v -1.2212693691253662 -0.07419051259203763 -0.06184599921107292
v -1.1529723405838013 -0.01824151567562432 -0.04980599880218506
v -1.228325366973877 -0.07320851116820187 0.0004189999890513718
v -1.151793360710144 -0.006218515629013488 0.0004189999890513718
v 0.8152976632118225 0.018818486189405015 -0.07734999805688858
v 0.7431426644325256 0.07405648723796993 -0.09893500059843063
v 0.743066668510437 0.0918814797754684 -0.06309200078248978
v 0.7431426644325256 0.07405648723796993 -0.09893500059843063
v 0.8152976632118225 0.018818486189405015 -0.07734999805688858
v 0.8059576749801636 0.028791483199159196 -0.15656700730323792
v 0.7431426644325256 0.07405648723796993 -0.09893500059843063
v 0.8059576749801636 0.028791483199159196 -0.15656700730323792
v 0.7995016574859619 0.09826348320202022 -0.16331399977207184
v 0.7995016574859619 0.09826348320202022 -0.16331399977207184
v 0.7431856989860535 0.0950734873171249 -0.09540700167417526
v 0.7431426644325256 0.07405648723796993 -0.09893500059843063
v 0.8330256938934326 0.38680350378708034 -0.03845499828457832
v 0.8648486733436584 0.46057948068336635 1.0110941632379447e-16
v 0.8856486678123474 0.3871494789476791 1.0365668262420457e-16
v 0.8648486733436584 0.46057948068336635 1.0110941632379447e-16
v 0.8330256938934326 0.38680350378708034 -0.03845499828457832
v 0.827454686164856 0.45116048649505763 -0.032391998916864395
v -1.1523393392562866 -0.012957515487512061 -0.17642800509929657
v -1.1998354196548462 -0.006685516158183524 -0.13763900101184845
v -1.1456843614578247 0.051580484664002946 -0.13301299512386322
v 0.7995016574859619 0.09826348320202022 -0.16331399977207184
v 0.7432006597518921 0.0981094797010818 -0.21365900337696075
v 0.7435896992683411 0.17406248644546657 -0.15624700486660004
v 0.827454686164856 0.45116048649505763 0.03239100053906441
v 0.8330256938934326 0.38680350378708034 0.038453999906778336
v 0.8648486733436584 0.46057948068336635 1.0110941632379447e-16
v 0.8330256938934326 0.38680350378708034 0.038453999906778336
v 0.8856486678123474 0.3871494789476791 1.0365668262420457e-16
v 0.8648486733436584 0.46057948068336635 1.0110941632379447e-16
v -0.6763493418693542 -0.25689649983688206 -0.11620499938726425
v -0.7314813137054443 -0.18188651307864995 -0.11805099993944168
v -0.6616563200950623 -0.2040845046882233 -0.16530899703502655
v -0.6763493418693542 -0.25689649983688206 0.11620499938726425
v -0.6616563200950623 -0.2040845046882233 0.16530899703502655
v -0.7314823269844055 -0.18188551470084996 0.11805099993944168
v 0.7995016574859619 0.09826348320202022 0.16630400717258453
v 0.7435896992683411 0.17406248644546657 0.15115700662136078
v 0.7432006597518921 0.0981094797010818 0.21664999425411224
v -0.9799373149871826 0.42299949721054225 -1.2481170767624004e-16
v -0.9573413133621216 0.4682084877844253 -0.0237830001860857
v -0.9425452947616577 0.43242048815445094 -0.032391998916864395
v -0.9573413133621216 0.4682084877844253 -0.0237830001860857
v -0.9799373149871826 0.42299949721054225 -1.2481170767624004e-16
v -0.9847173094749451 0.4609875042791763 -1.2539708685213157e-16
v -0.936974287033081 0.40806549385742336 -0.03845499828457832
v -0.9799373149871826 0.42299949721054225 -1.2481170767624004e-16
v -0.9425452947616577 0.43242048815445094 -0.032391998916864395
v -0.936974287033081 0.40806549385742336 -0.03845499828457832
v -0.9821863174438477 0.3940394778604904 -1.250871257329957e-16
v -0.9799373149871826 0.42299949721054225 -1.2481170767624004e-16
v 0.8152976632118225 0.018818486189405015 0.08735000342130661
v 0.8234696984291077 0.019415486311475327 -0.0006910000229254365
v 0.743066668510437 0.0918814797754684 0.07309100031852722
v 0.743066668510437 0.0918814797754684 0.07309100031852722
v 0.8234696984291077 0.019415486311475327 -0.0006910000229254365
v 0.7430686950683594 0.10602448478893428 -0.0006910000229254365
v 0.7431426644325256 0.07405648723796993 0.0980990007519722
v 0.8152976632118225 0.018818486189405015 0.08735000342130661
v 0.743066668510437 0.0918814797754684 0.07309100031852722
v 0.8152976632118225 0.018818486189405015 0.08735000342130661
v 0.7431426644325256 0.07405648723796993 0.0980990007519722
v 0.8059576749801636 0.028791483199159196 0.1557299941778183
v 0.8059576749801636 0.028791483199159196 0.1557299941778183
v 0.7431426644325256 0.07405648723796993 0.0980990007519722
v 0.7995016574859619 0.09826348320202022 0.16630400717258453
v 0.7995016574859619 0.09826348320202022 0.16630400717258453
v 0.7431426644325256 0.07405648723796993 0.0980990007519722
v 0.7431856989860535 0.0950734873171249 0.09839600324630737
v 0.7431856989860535 0.0950734873171249 0.09839600324630737
v 0.7435896992683411 0.17406248644546657 0.15115700662136078
v 0.7995016574859619 0.09826348320202022 0.16630400717258453
v -0.9799373149871826 0.42299949721054225 -1.2481170767624004e-16
v -0.936974287033081 0.40806549385742336 0.038453999906778336
v -0.9425452947616577 0.43242048815445094 0.03239100053906441
v -0.936974287033081 0.40806549385742336 0.038453999906778336
v -0.9799373149871826 0.42299949721054225 -1.2481170767624004e-16
v -0.9821863174438477 0.3940394778604904 -1.250871257329957e-16
v -0.9799373149871826 0.42299949721054225 -1.2481170767624004e-16
v -0.9425452947616577 0.43242048815445094 0.03239100053906441
v -0.9573413133621216 0.4682084877844253 0.0237830001860857
v -0.9847173094749451 0.4609875042791763 -1.2539708685213157e-16
v -0.9799373149871826 0.42299949721054225 -1.2481170767624004e-16
v -0.9573413133621216 0.4682084877844253 0.0237830001860857
v 0.8234696984291077 0.019415486311475327 -0.0006910000229254365
v 0.743066668510437 0.0918814797754684 -0.06309200078248978
v 0.7430686950683594 0.10602448478893428 -0.0006910000229254365
v 0.743066668510437 0.0918814797754684 -0.06309200078248978
v 0.8234696984291077 0.019415486311475327 -0.0006910000229254365
v 0.8152976632118225 0.018818486189405015 -0.07734999805688858
v -1.1523393392562866 -0.012958515727957198 0.18642599880695343
v -1.1456843614578247 0.051581483041802934 0.13718099892139435
v -1.1998354196548462 -0.006685516158183524 0.1476369947195053
v 0.6068006753921509 -0.00006251438899845807 -0.17882399260997772
v 0.6533036828041077 0.010708484506169846 -0.13194100558757782
v 0.6065796613693237 -0.032245514741232106 -0.14097799360752106
v 0.6533036828041077 0.010708484506169846 -0.13194100558757782
v 0.6068006753921509 -0.00006251438899845807 -0.17882399260997772
v 0.6473206877708435 0.026979487096826127 -0.150176003575325
v 0.6473206877708435 0.02926148817495494 0.15406300127506256
v 0.6068006753921509 0.0022194866891303566 0.18271000683307648
v 0.6533036828041077 0.010708484506169846 0.12855200469493866
v 0.6533036828041077 0.010708484506169846 0.12855200469493866
v 0.6068006753921509 0.0022194866891303566 0.18271000683307648
v 0.6065787076950073 -0.032245514741232106 0.1375889927148819
v -1.3281513452529907 0.39126050070480495 -0.016414999961853027
v -1.3267273902893066 0.3636944849844375 -1.6728123820241122e-16
v -1.339867353439331 0.3797614832277694 -1.6889041551373718e-16
v -1.3267273902893066 0.3636944849844375 -1.6728123820241122e-16
v -1.3281513452529907 0.39126050070480495 -0.016414999961853027
v -1.3002604246139526 0.3776285012121597 -0.029911000281572342
v 0.8126586675643921 0.4869474728460708 -0.0237830001860857
v 0.8030877113342285 0.513567503249208 9.35458819434015e-17
v 0.8400346636772156 0.494169469630281 9.807057974640126e-17
v 0.8030877113342285 0.513567503249208 9.35458819434015e-17
v 0.8126586675643921 0.4869474728460708 -0.0237830001860857
v 0.7898346781730652 0.5054554899092116 -0.013051999732851982
v 0.6068006753921509 -0.00006251438899845807 -0.17882399260997772
v 0.6071236729621887 0.07366148725704341 -0.1861249953508377
v 0.6473206877708435 0.026979487096826127 -0.150176003575325
v 0.6473206877708435 0.026979487096826127 -0.150176003575325
v 0.6071236729621887 0.07366148725704341 -0.1861249953508377
v 0.6431856751441956 0.07375948474363475 -0.15249399840831757
v 0.6071246862411499 0.07366148725704341 0.18919099867343903
v 0.6473206877708435 0.02926148817495494 0.15406300127506256
v 0.6431856751441956 0.07375948474363475 0.1555580049753189
v 0.6071246862411499 0.07366148725704341 0.18919099867343903
v 0.6068006753921509 0.0022194866891303566 0.18271000683307648
v 0.6473206877708435 0.02926148817495494 0.15406300127506256
v 0.5259926915168762 0.32407748297409206 0.1041480004787445
v 0.4797486364841461 0.39598249987320094 0.05661199986934662
v 0.4799996316432953 0.3634854812975326 0.13127000629901886
v 0.4797486364841461 0.39598249987320094 0.05661199986934662
v 0.5259926915168762 0.32407748297409206 0.1041480004787445
v 0.5327836871147156 0.32916450098709255 0.05270100012421608
v 0.4799996316432953 0.3634854812975326 0.13127000629901886
v 0.48036667704582214 0.2920174856539169 0.14122800529003143
v 0.5259926915168762 0.32407748297409206 0.1041480004787445
v 0.5259926915168762 0.32407748297409206 0.1041480004787445
v 0.48036667704582214 0.2920174856539169 0.14122800529003143
v 0.5212996602058411 0.29187348083213954 0.10852999985218048
v 0.5212996602058411 0.29187348083213954 0.10852999985218048
v 0.48036667704582214 0.2920174856539169 0.14122800529003143
v 0.4806496798992157 0.23592948511795192 0.11793199926614761
v -0.5989972949028015 0.32876848772720485 0.0029150000773370266
v -0.540328323841095 0.40254547790245204 0.0029150000773370266
v -0.5402513146400452 0.39598249987320094 -0.058173999190330505
v -0.5989972949028015 0.32876848772720485 0.0029150000773370266
v -0.5402513146400452 0.39598249987320094 -0.058173999190330505
v -0.5929383039474487 0.3290844817514816 -0.05471999943256378
v -0.5929383039474487 0.3290844817514816 0.05315599963068962
v -0.5402513146400452 0.39598249987320094 0.05661199986934662
v -0.5989972949028015 0.32876848772720485 0.0029150000773370266
v -0.5402513146400452 0.39598249987320094 0.05661199986934662
v -0.540328323841095 0.40254547790245204 0.0029150000773370266
v -0.5989972949028015 0.32876848772720485 0.0029150000773370266
v -0.9025583267211914 -0.4720545153264603 0.162648007273674
v -0.8538193106651306 -0.41678050562187047 0.09579800069332123
v -0.847355306148529 -0.47186449571891637 0.15506799519062042
v -0.8470233082771301 -0.41684252425475926 0.07019100338220596
v -0.847355306148529 -0.47186449571891637 0.15506799519062042
v -0.8538193106651306 -0.41678050562187047 0.09579800069332123
v -0.847355306148529 -0.47186449571891637 -0.15506799519062042
v -0.8470233082771301 -0.41684252425475926 -0.07018999755382538
v -0.8538193106651306 -0.41678050562187047 -0.09579800069332123
v -0.8538193106651306 -0.41678050562187047 -0.09579800069332123
v -0.9025583267211914 -0.4720545153264603 -0.16264699399471283
v -0.847355306148529 -0.47186449571891637 -0.15506799519062042
v 0.4797486364841461 0.39598249987320094 -0.058173999190330505
v 0.5259926915168762 0.32407748297409206 -0.0986739993095398
v 0.4799996316432953 0.3634854812975326 -0.12579800188541412
v 0.5259926915168762 0.32407748297409206 -0.0986739993095398
v 0.4797486364841461 0.39598249987320094 -0.058173999190330505
v 0.5327836871147156 0.32916450098709255 -0.054262999445199966
v 0.48036763072013855 0.2920174856539169 -0.13823799788951874
v 0.4799996316432953 0.3634854812975326 -0.12579800188541412
v 0.5259926915168762 0.32407748297409206 -0.0986739993095398
v 0.48036763072013855 0.2920174856539169 -0.13823799788951874
v 0.5259926915168762 0.32407748297409206 -0.0986739993095398
v 0.5212996602058411 0.29187348083213954 -0.10554099828004837
v 0.5212996602058411 0.29187348083213954 -0.10554099828004837
v 0.4806496798992157 0.23592948511795192 -0.10969600081443787
v 0.48036763072013855 0.2920174856539169 -0.13823799788951874
v 0.6065787076950073 -0.032245514741232106 0.1375889927148819
v 0.6065117120742798 -0.046215514013608405 0.001322000054642558
v 0.6533036828041077 0.010708484506169846 0.12855200469493866
v 0.6533036828041077 0.010708484506169846 0.12855200469493866
v 0.6065117120742798 -0.046215514013608405 0.001322000054642558
v 0.6585376858711243 0.001625485425750306 0.001322000054642558
v 0.6065117120742798 -0.046215514013608405 0.001322000054642558
v 0.6533036828041077 0.010708484506169846 -0.13194100558757782
v 0.6585376858711243 0.001625485425750306 0.001322000054642558
v 0.6533036828041077 0.010708484506169846 -0.13194100558757782
v 0.6065117120742798 -0.046215514013608405 0.001322000054642558
v 0.6065796613693237 -0.032245514741232106 -0.14097799360752106
v -0.5396333336830139 0.2920174856539169 0.14122800529003143
v -0.5855973362922668 0.3234084804411331 0.10536099970340729
v -0.5803843140602112 0.2902544994707504 0.10992699861526489
v -0.5855973362922668 0.3234084804411331 0.10536099970340729
v -0.5396333336830139 0.2920174856539169 0.14122800529003143
v -0.540000319480896 0.3634854812975326 0.13127200305461884
v -0.5402513146400452 0.39598249987320094 0.05661199986934662
v -0.5855973362922668 0.3234084804411331 0.10536099970340729
v -0.540000319480896 0.3634854812975326 0.13127200305461884
v -0.5855973362922668 0.3234084804411331 0.10536099970340729
v -0.5402513146400452 0.39598249987320094 0.05661199986934662
v -0.5929383039474487 0.3290844817514816 0.05315599963068962
v -0.5396333336830139 0.2920174856539169 -0.13823799788951874
v -0.5855973362922668 0.3234084804411331 -0.09988699853420258
v -0.540000319480896 0.3634854812975326 -0.12579800188541412
v -0.5855973362922668 0.3234084804411331 -0.09988699853420258
v -0.5396333336830139 0.2920174856539169 -0.13823799788951874
v -0.5803843140602112 0.2902544994707504 -0.10693799704313278
v -0.540000319480896 0.3634854812975326 -0.12579800188541412
v -0.5855973362922668 0.3234084804411331 -0.09988699853420258
v -0.5402513146400452 0.39598249987320094 -0.058173999190330505
v -0.5929383039474487 0.3290844817514816 -0.05471999943256378
v -0.5402513146400452 0.39598249987320094 -0.058173999190330505
v -0.5855973362922668 0.3234084804411331 -0.09988699853420258
v 0.7898346781730652 0.5054554899092116 0.013051999732851982
v 0.8030877113342285 0.513567503249208 9.35458819434015e-17
v 0.7522616982460022 0.5157904584761062 8.732149341772778e-17
v 0.8030877113342285 0.513567503249208 9.35458819434015e-17
v 0.7898346781730652 0.5054554899092116 0.013051999732851982
v 0.8126586675643921 0.4869474728460708 0.0237830001860857
v 0.8126586675643921 0.4869474728460708 0.0237830001860857
v 0.8400346636772156 0.494169469630281 9.807057974640126e-17
v 0.8030877113342285 0.513567503249208 9.35458819434015e-17
v 0.6431856751441956 0.07375948474363475 0.1555580049753189
v 0.6073736548423767 0.12231048539833217 0.15371300280094147
v 0.6071246862411499 0.07366148725704341 0.18919099867343903
v 0.6431856751441956 0.07375948474363475 -0.15249399840831757
v 0.6071236729621887 0.07366148725704341 -0.1861249953508377
v 0.6073736548423767 0.12231048539833217 -0.15064899623394012
v 0.4703436493873596 -0.053598517844518134 0.07876399904489517
v 0.5234606862068176 0.026592481588880112 0.15549500286579132
v 0.4706326425075531 -0.008664515161951492 0.19284500181674957
v 0.5234606862068176 0.026592481588880112 0.15549500286579132
v 0.4703436493873596 -0.053598517844518134 0.07876399904489517
v 0.531261682510376 0.0024044846053519753 0.07373499870300293
v 0.4710536599159241 0.08447948441461711 0.2012930065393448
v 0.4706326425075531 -0.008664515161951492 0.19284500181674957
v 0.5234606862068176 0.026592481588880112 0.15549500286579132
v 0.4710536599159241 0.08447948441461711 0.2012930065393448
v 0.5234606862068176 0.026592481588880112 0.15549500286579132
v 0.5180706977844238 0.08460748538927226 0.1574449986219406
v 0.4703436493873596 -0.053598517844518134 -0.06883099675178528
v 0.5234606862068176 0.026592481588880112 -0.14556199312210083
v 0.531261682510376 0.0024044846053519753 -0.06380199640989304
v 0.5234606862068176 0.026592481588880112 -0.14556199312210083
v 0.4703436493873596 -0.053598517844518134 -0.06883099675178528
v 0.4706316590309143 -0.008664515161951492 -0.18291200697422028
v 0.4706316590309143 -0.008664515161951492 -0.18291200697422028
v 0.4710536599159241 0.08447948441461711 -0.19645999372005463
v 0.5234606862068176 0.026592481588880112 -0.14556199312210083
v 0.5234606862068176 0.026592481588880112 -0.14556199312210083
v 0.4710536599159241 0.08447948441461711 -0.19645999372005463
v 0.5180706977844238 0.08460748538927226 -0.15261100232601166
v 0.7431856989860535 0.0950734873171249 -0.09540700167417526
v 0.7995016574859619 0.09826348320202022 -0.16331399977207184
v 0.7435896992683411 0.17406248644546657 -0.15624700486660004
v 0.3729226589202881 0.33086549833969264 0.0030159999150782824
v 0.30974066257476807 0.4030464847441116 -0.06243100017309189
v 0.30965766310691833 0.41007747844413905 0.0030159999150782824
v 0.30974066257476807 0.4030464847441116 -0.06243100017309189
v 0.3729226589202881 0.33086549833969264 0.0030159999150782824
v 0.36655864119529724 0.33146249846176296 -0.05824099853634834
v 0.30974066257476807 0.4030464847441116 0.0605430006980896
v 0.3729226589202881 0.33086549833969264 0.0030159999150782824
v 0.30965766310691833 0.41007747844413905 0.0030159999150782824
v 0.3729226589202881 0.33086549833969264 0.0030159999150782824
v 0.30974066257476807 0.4030464847441116 0.0605430006980896
v 0.36655765771865845 0.33146249846176296 0.05635400116443634
v -0.6545953154563904 -0.20396651729389043 0.05259900167584419
v -0.6763493418693542 -0.25689649983688206 0.11620499938726425
v -0.7314823269844055 -0.18188551470084996 0.11805099993944168
v -0.6545953154563904 -0.20396651729389043 -0.05260000005364418
v -0.7314813137054443 -0.18188651307864995 -0.11805099993944168
v -0.6763493418693542 -0.25689649983688206 -0.11620499938726425
v -1.4859223365783691 -0.056087518403371284 0.16742999851703644
v -1.546423316001892 -0.0010175149087509605 0.1609009951353073
v -1.4773213863372803 -0.00742051593407006 0.10325799882411957
v -1.4582563638687134 -0.009066514963348815 0.10649000108242035
v -1.4859223365783691 -0.056087518403371284 0.16742999851703644
v -1.4773213863372803 -0.00742051593407006 0.10325799882411957
v -1.4859223365783691 -0.056087518403371284 0.16742999851703644
v -1.4582563638687134 -0.009066514963348815 0.10649000108242035
v -1.4241024255752563 -0.06776151276572556 0.16098900139331818
v 0.4703436493873596 -0.053598517844518134 0.07876399904489517
v 0.47025465965270996 -0.07181151240511746 0.00021399999968707561
v 0.531261682510376 0.0024044846053519753 0.07373499870300293
v 0.531261682510376 0.0024044846053519753 0.07373499870300293
v 0.47025465965270996 -0.07181151240511746 0.00021399999968707561
v 0.5380856990814209 -0.009439515242417762 0.00021399999968707561
v 0.47025465965270996 -0.07181151240511746 0.00021399999968707561
v 0.531261682510376 0.0024044846053519753 -0.06380199640989304
v 0.5380856990814209 -0.009439515242417762 0.00021399999968707561
v 0.531261682510376 0.0024044846053519753 -0.06380199640989304
v 0.47025465965270996 -0.07181151240511746 0.00021399999968707561
v 0.4703436493873596 -0.053598517844518134 -0.06883099675178528
v -1.3164353370666504 0.4027584751005569 -1.6602082670711722e-16
v -1.3281513452529907 0.39126050070480495 -0.016414999961853027
v -1.3692843914031982 0.39297750190452724 -1.7249296575241792e-16
v 0.35928264260292053 0.32601248816208034 0.11146900057792664
v 0.30974066257476807 0.4030464847441116 0.0605430006980896
v 0.3100096583366394 0.3682324846144119 0.14052699506282806
v 0.30974066257476807 0.4030464847441116 0.0605430006980896
v 0.35928264260292053 0.32601248816208034 0.11146900057792664
v 0.36655765771865845 0.33146249846176296 0.05635400116443634
v 0.3100096583366394 0.3682324846144119 0.14052699506282806
v 0.31040266156196594 0.291666503703157 0.1511950045824051
v 0.35928264260292053 0.32601248816208034 0.11146900057792664
v 0.35928264260292053 0.32601248816208034 0.11146900057792664
v 0.31040266156196594 0.291666503703157 0.1511950045824051
v 0.35425466299057007 0.2915124853010574 0.11616600304841995
v 0.6533036828041077 0.010708484506169846 0.12855200469493866
v 0.6585376858711243 0.001625485425750306 0.001322000054642558
v 0.6070376634597778 0.05750648275570064 0.10715600103139877
v 0.6070376634597778 0.05750648275570064 0.10715600103139877
v 0.6585376858711243 0.001625485425750306 0.001322000054642558
v 0.6070396900177002 0.05709948734001308 0.001322000054642558
v 0.6585376858711243 0.001625485425750306 0.001322000054642558
v 0.6070376634597778 0.05750648275570064 -0.11054600030183792
v 0.6070396900177002 0.05709948734001308 0.001322000054642558
v 0.6585376858711243 0.001625485425750306 0.001322000054642558
v 0.6533036828041077 0.010708484506169846 -0.13194100558757782
v 0.6070376634597778 0.05750648275570064 -0.11054600030183792
v 0.30974066257476807 0.4030464847441116 -0.06243100017309189
v 0.35928264260292053 0.32601248816208034 -0.10582000017166138
v 0.3100096583366394 0.3682315011377731 -0.1348779946565628
v 0.35928264260292053 0.32601248816208034 -0.10582000017166138
v 0.30974066257476807 0.4030464847441116 -0.06243100017309189
v 0.36655864119529724 0.33146249846176296 -0.05824099853634834
v 0.31040266156196594 0.2916654904241958 -0.1482049971818924
v 0.3100096583366394 0.3682315011377731 -0.1348779946565628
v 0.35928264260292053 0.32601248816208034 -0.10582000017166138
v 0.31040266156196594 0.2916654904241958 -0.1482049971818924
v 0.35928264260292053 0.32601248816208034 -0.10582000017166138
v 0.35425466299057007 0.2915124853010574 -0.11317700147628784
v -1.339867353439331 0.3797614832277694 -1.6889041551373718e-16
v -1.3281513452529907 0.39126050070480495 0.016414999961853027
v -1.3692843914031982 0.39297750190452724 -1.7249296575241792e-16
v -1.3267273902893066 0.3636944849844375 -1.6728123820241122e-16
v -1.3281513452529907 0.39126050070480495 0.016414999961853027
v -1.339867353439331 0.3797614832277694 -1.6889041551373718e-16
v -1.3002604246139526 0.3776285012121597 0.029911000281572342
v -1.3281513452529907 0.39126050070480495 0.016414999961853027
v -1.3267273902893066 0.3636944849844375 -1.6728123820241122e-16
v 0.7192286849021912 0.3318694789762893 0.0031679999083280563
v 0.650343656539917 0.24157347873405605 0.0031679999083280563
v 0.6503416895866394 0.2571314831133285 -0.05330299958586693
v 0.7192286849021912 0.3318694789762893 0.0031679999083280563
v 0.6503416895866394 0.2571314831133285 -0.05330299958586693
v 0.7122277021408081 0.33252548769668727 -0.06421399861574173
v 0.7122277021408081 0.33252548769668727 0.06183899939060211
v 0.6503416895866394 0.2571314831133285 0.050925999879837036
v 0.7192286849021912 0.3318694789762893 0.0031679999083280563
v 0.6503416895866394 0.2571314831133285 0.050925999879837036
v 0.650343656539917 0.24157347873405605 0.0031679999083280563
v 0.7192286849021912 0.3318694789762893 0.0031679999083280563
v 0.5180706977844238 0.08460748538927226 -0.15261100232601166
v 0.4710536599159241 0.08447948441461711 -0.19645999372005463
v 0.4713786542415619 0.14790649310306697 -0.15052400529384613
v 0.5180706977844238 0.08460748538927226 0.1574449986219406
v 0.4713786542415619 0.14790649310306697 0.15314500033855438
v 0.4710536599159241 0.08447948441461711 0.2012930065393448
v 0.6070876717567444 0.058254483794728806 0.11452899873256683
v 0.6533036828041077 0.010708484506169846 0.12855200469493866
v 0.6070376634597778 0.05750648275570064 0.10715600103139877
v 0.6533036828041077 0.010708484506169846 0.12855200469493866
v 0.6070876717567444 0.058254483794728806 0.11452899873256683
v 0.6473206877708435 0.02926148817495494 0.15406300127506256
v -1.4773213863372803 -0.00742051593407006 0.10325799882411957
v -1.546423316001892 -0.0010175149087509605 0.1609009951353073
v -1.4758003950119019 0.04211448476270824 0.16545900702476501
v -0.4395013451576233 0.33205949858383327 0.0031679999083280563
v -0.3703623414039612 0.4190024991388717 0.0031679999083280563
v -0.37027135491371155 0.4112684984560409 -0.06882400065660477
v -0.4395013451576233 0.33205949858383327 0.0031679999083280563
v -0.37027135491371155 0.4112684984560409 -0.06882400065660477
v -0.43236133456230164 0.33243250445083766 -0.06475099921226501
v -0.4323623478412628 0.33243250445083766 0.0623759999871254
v -0.37027233839035034 0.4112684984560409 0.06644800305366516
v -0.4395013451576233 0.33205949858383327 0.0031679999083280563
v -0.37027233839035034 0.4112684984560409 0.06644800305366516
v -0.3703623414039612 0.4190024991388717 0.0031679999083280563
v -0.4395013451576233 0.33205949858383327 0.0031679999083280563
v 0.6473206877708435 0.026979487096826127 -0.150176003575325
v 0.6070876717567444 0.05597348109439998 -0.11064299941062927
v 0.6533036828041077 0.010708484506169846 -0.13194100558757782
v -0.6616563200950623 -0.2040845046882233 -0.16530899703502655
v -0.6234553456306458 -0.27922252222343297 -0.12884999811649323
v -0.6763493418693542 -0.25689649983688206 -0.11620499938726425
v -0.6234553456306458 -0.27922252222343297 -0.12884999811649323
v -0.6616563200950623 -0.2040845046882233 -0.16530899703502655
v -0.5651293396949768 -0.2316155026797852 -0.16722600162029266
v 0.7122277021408081 0.33252548769668727 -0.06421399861574173
v 0.6504076719284058 0.27673747733787685 -0.0724409967660904
v 0.704224705696106 0.32653048232750087 -0.11654999852180481
v 0.6504076719284058 0.27673747733787685 -0.0724409967660904
v 0.7122277021408081 0.33252548769668727 -0.06421399861574173
v 0.6503416895866394 0.2571314831133285 -0.05330299958586693
v 0.704224705696106 0.32653048232750087 -0.11654999852180481
v 0.6504076719284058 0.27673747733787685 -0.0724409967660904
v 0.6986936926841736 0.28858148649887233 -0.1246429979801178
v -0.641157329082489 -0.4060155193452439 0.170974001288414
v -0.7051933407783508 -0.4445165137891373 0.13173900544643402
v -0.6776103377342224 -0.4611915092115006 0.14383499324321747
v -0.6776103377342224 -0.4611915092115006 0.14383499324321747
v -0.6015422940254211 -0.42139649792953343 0.15293900668621063
v -0.641157329082489 -0.4060155193452439 0.170974001288414
v -0.7051933407783508 -0.4445165137891373 0.13173900544643402
v -0.7320753335952759 -0.3652975003366074 0.16801400482654572
v -0.7539883255958557 -0.4150935153607926 0.1222589984536171
v -0.641157329082489 -0.4060155193452439 0.170974001288414
v -0.7320753335952759 -0.3652975003366074 0.16801400482654572
v -0.7051933407783508 -0.4445165137891373 0.13173900544643402
v -0.6586263179779053 -0.4778665046338639 0.12278100103139877
v -0.5705263018608093 -0.43677750631614537 0.09960199892520905
v -0.6015422940254211 -0.42139649792953343 0.15293900668621063
v -0.6015422940254211 -0.42139649792953343 0.15293900668621063
v -0.6776103377342224 -0.4611915092115006 0.14383499324321747
v -0.6586263179779053 -0.4778665046338639 0.12278100103139877
v -0.5651293396949768 -0.2316155026797852 0.16722600162029266
v -0.6616563200950623 -0.2040845046882233 0.16530899703502655
v -0.6234553456306458 -0.27922252222343297 0.12884999811649323
v -0.6234553456306458 -0.27922252222343297 0.12884999811649323
v -0.6616563200950623 -0.2040845046882233 0.16530899703502655
v -0.6763493418693542 -0.25689649983688206 0.11620499938726425
v -1.6915004253387451 0.3555944819803634 -0.020162999629974365
v -1.7071763277053833 0.3429135043974319 -2.1387278839194644e-16
v -1.7415913343429565 0.3625294823999801 -2.1808741257924703e-16
v -0.6411563158035278 -0.4060155193452439 -0.17097599804401398
v -0.6776103377342224 -0.4611915092115006 -0.13318000733852386
v -0.7051933407783508 -0.4445165137891373 -0.13173900544643402
v -0.6015422940254211 -0.42139649792953343 -0.145456001162529
v -0.6776103377342224 -0.4611915092115006 -0.13318000733852386
v -0.6411563158035278 -0.4060155193452439 -0.17097599804401398
v -0.7320753335952759 -0.3652975003366074 -0.16801400482654572
v -0.6411563158035278 -0.4060155193452439 -0.17097599804401398
v -0.7051933407783508 -0.4445165137891373 -0.13173900544643402
v -0.7320753335952759 -0.3652975003366074 -0.16801400482654572
v -0.7051933407783508 -0.4445165137891373 -0.13173900544643402
v -0.7539883255958557 -0.4150935153607926 -0.12225999683141708
v -0.6586263179779053 -0.4778665046338639 -0.1023389995098114
v -0.6776103377342224 -0.4611915092115006 -0.13318000733852386
v -0.6015422940254211 -0.42139649792953343 -0.145456001162529
v -0.5705263018608093 -0.43677851959510655 -0.084757000207901
v -0.6586263179779053 -0.4778665046338639 -0.1023389995098114
v -0.6015422940254211 -0.42139649792953343 -0.145456001162529
v -0.9801653027534485 0.4867144782896438 -0.013051999732851982
v -0.9847173094749451 0.4609875042791763 -1.2539708685213157e-16
v -0.9934183359146118 0.47860347822860866 -1.2646265429977748e-16
v -0.9847173094749451 0.4609875042791763 -1.2539708685213157e-16
v -0.9801653027534485 0.4867144782896438 -0.013051999732851982
v -0.9573413133621216 0.4682084877844253 -0.0237830001860857
v 0.6504076719284058 0.27673747733787685 0.07835900038480759
v 0.7122277021408081 0.33252548769668727 0.06183899939060211
v 0.704224705696106 0.32653048232750087 0.122468002140522
v 0.7122277021408081 0.33252548769668727 0.06183899939060211
v 0.6504076719284058 0.27673747733787685 0.07835900038480759
v 0.6503416895866394 0.2571314831133285 0.050925999879837036
v 0.6986936926841736 0.28858148649887233 0.1276320070028305
v 0.6504436731338501 0.29208850458816676 0.07565899938344955
v 0.704224705696106 0.32653048232750087 0.122468002140522
v -0.849133312702179 -0.2574214975480637 0.1360280066728592
v -0.8005773425102234 -0.21189950808330388 0.090038001537323
v -0.7994832992553711 -0.2619795243386826 0.12504799664020538
v -0.7994832992553711 -0.2619795243386826 0.12504799664020538
v -0.8005773425102234 -0.21189950808330388 0.090038001537323
v -0.794472336769104 -0.21253650292201848 0.06981000304222107
v -0.7994832992553711 -0.2619795243386826 -0.1250459998846054
v -0.794472336769104 -0.21253650292201848 -0.06980899721384048
v -0.8005773425102234 -0.21189950808330388 -0.090038001537323
v -0.8005773425102234 -0.21189950808330388 -0.090038001537323
v -0.849133312702179 -0.2574214975480637 -0.1360280066728592
v -0.7994832992553711 -0.2619795243386826 -0.1250459998846054
v -0.3695433437824249 0.28874948219017177 0.16616399586200714
v -0.42371034622192383 0.3257424791212478 0.1238970011472702
v -0.41756635904312134 0.2866724987383285 0.1292790025472641
v -0.42371034622192383 0.3257424791212478 0.1238970011472702
v -0.3695433437824249 0.28874948219017177 0.16616399586200714
v -0.36997634172439575 0.37297248438553005 0.15443100035190582
v -0.37027233839035034 0.4112684984560409 0.06644800305366516
v -0.42371034622192383 0.3257424791212478 0.1238970011472702
v -0.36997634172439575 0.37297248438553005 0.15443100035190582
v -0.42371034622192383 0.3257424791212478 0.1238970011472702
v -0.37027233839035034 0.4112684984560409 0.06644800305366516
v -0.4323623478412628 0.33243250445083766 0.0623759999871254
v -0.36954236030578613 0.28874948219017177 -0.16317500174045563
v -0.42371034622192383 0.3257424791212478 -0.11798100173473358
v -0.36997634172439575 0.37297248438553005 -0.1485150009393692
v -0.42371034622192383 0.3257424791212478 -0.11798100173473358
v -0.36954236030578613 0.28874948219017177 -0.16317500174045563
v -0.41756635904312134 0.2866724987383285 -0.12629100680351257
v -0.36997634172439575 0.37297248438553005 -0.1485150009393692
v -0.42371034622192383 0.3257424791212478 -0.11798100173473358
v -0.37027135491371155 0.4112684984560409 -0.06882400065660477
v -0.43236133456230164 0.33243250445083766 -0.06475099921226501
v -0.37027135491371155 0.4112684984560409 -0.06882400065660477
v -0.42371034622192383 0.3257424791212478 -0.11798100173473358
v 0.37825265526771545 0.025910485243360093 0.15287800133228302
v 0.32267266511917114 -0.011182515243133018 0.18956999480724335
v 0.3864596486091614 0.000462487047473481 0.1205269992351532
v 0.3864596486091614 0.000462487047473481 0.1205269992351532
v 0.32267266511917114 -0.011182515243133018 0.18956999480724335
v 0.32236865162849426 -0.05845651246054978 0.12897400557994843
v 0.323116660118103 0.08681248471693187 0.2030390053987503
v 0.37825265526771545 0.025910485243360093 0.15287800133228302
v 0.3725816607475281 0.08694648340896755 0.15880699455738068
v 0.323116660118103 0.08681248471693187 0.2030390053987503
v 0.32267266511917114 -0.011182515243133018 0.18956999480724335
v 0.37825265526771545 0.025910485243360093 0.15287800133228302
v 0.32267266511917114 -0.011182515243133018 -0.1795700043439865
v 0.3864596486091614 0.000462487047473481 -0.11052799969911575
v 0.32236865162849426 -0.05845651246054978 -0.11897499859333038
v 0.3864596486091614 0.000462487047473481 -0.11052799969911575
v 0.32267266511917114 -0.011182515243133018 -0.1795700043439865
v 0.37825265526771545 0.025910485243360093 -0.14287899434566498
v 0.32267266511917114 -0.011182515243133018 -0.1795700043439865
v 0.323116660118103 0.08681248471693187 -0.19813700020313263
v 0.37825265526771545 0.025910485243360093 -0.14287899434566498
v 0.37825265526771545 0.025910485243360093 -0.14287899434566498
v 0.323116660118103 0.08681248471693187 -0.19813700020313263
v 0.3725816607475281 0.08694648340896755 -0.15390600264072418
v -0.7731953263282776 0.3310385008211532 0.0030159999150782824
v -0.7097012996673584 0.26292147830680995 -0.04832199960947037
v -0.7096993327140808 0.24877848819450527 0.0030159999150782824
v -0.7097012996673584 0.26292147830680995 -0.04832199960947037
v -0.7731953263282776 0.3310385008211532 0.0030159999150782824
v -0.766705334186554 0.33137750223831325 -0.05872799828648567
v -0.7731953263282776 0.3310385008211532 0.0030159999150782824
v -0.7097012996673584 0.26292147830680995 0.04643400013446808
v -0.766705334186554 0.33137750223831325 0.05684100091457367
v -0.7097012996673584 0.26292147830680995 0.04643400013446808
v -0.7731953263282776 0.3310385008211532 0.0030159999150782824
v -0.7096993327140808 0.24877848819450527 0.0030159999150782824
v 0.6473206877708435 0.02926148817495494 0.15406300127506256
v 0.6071146726608276 0.07171648338989406 0.12349399924278259
v 0.6431856751441956 0.07375948474363475 0.1555580049753189
v 0.6071146726608276 0.07171648338989406 0.12349399924278259
v 0.6473206877708435 0.02926148817495494 0.15406300127506256
v 0.6070876717567444 0.058254483794728806 0.11452899873256683
v 0.6071146726608276 0.07171648338989406 -0.12042900174856186
v 0.6473206877708435 0.026979487096826127 -0.150176003575325
v 0.6431856751441956 0.07375948474363475 -0.15249399840831757
v 0.6473206877708435 0.026979487096826127 -0.150176003575325
v 0.6071146726608276 0.07171648338989406 -0.12042900174856186
v 0.6070876717567444 0.05597348109439998 -0.11064299941062927
v 0.4709436595439911 0.06288648740009456 0.00021399999968707561
v 0.531261682510376 0.0024044846053519753 -0.06380199640989304
v 0.4709416627883911 0.06341748282865672 -0.051895998418331146
v 0.531261682510376 0.0024044846053519753 -0.06380199640989304
v 0.4709436595439911 0.06288648740009456 0.00021399999968707561
v 0.5380856990814209 -0.009439515242417762 0.00021399999968707561
v 0.531261682510376 0.0024044846053519753 -0.06380199640989304
v 0.4710056483745575 0.06439348653511195 -0.09402099996805191
v 0.4709416627883911 0.06341748282865672 -0.051895998418331146
v 0.4710056483745575 0.06439348653511195 -0.09402099996805191
v 0.531261682510376 0.0024044846053519753 -0.06380199640989304
v 0.5234606862068176 0.026592481588880112 -0.14556199312210083
v 0.4710056483745575 0.06439348653511195 -0.09402099996805191
v 0.5234606862068176 0.026592481588880112 -0.14556199312210083
v 0.5180706977844238 0.08460748538927226 -0.15261100232601166
v 0.5180706977844238 0.08460748538927226 -0.15261100232601166
v 0.47104066610336304 0.08194448397115855 -0.09346400201320648
v 0.4710056483745575 0.06439348653511195 -0.09402099996805191
v 0.8030877113342285 0.513567503249208 9.35458819434015e-17
v 0.7898346781730652 0.5054554899092116 -0.013051999732851982
v 0.7522616982460022 0.5157904584761062 8.732149341772778e-17
v 0.4710056483745575 0.06439348653511195 0.10395500063896179
v 0.531261682510376 0.0024044846053519753 0.07373499870300293
v 0.4709416627883911 0.06341748282865672 0.06182900071144104
v 0.531261682510376 0.0024044846053519753 0.07373499870300293
v 0.4710056483745575 0.06439348653511195 0.10395500063896179
v 0.5234606862068176 0.026592481588880112 0.15549500286579132
v 0.5234606862068176 0.026592481588880112 0.15549500286579132
v 0.4710056483745575 0.06439348653511195 0.10395500063896179
v 0.5180706977844238 0.08460748538927226 0.1574449986219406
v 0.5180706977844238 0.08460748538927226 0.1574449986219406
v 0.4710056483745575 0.06439348653511195 0.10395500063896179
v 0.47104066610336304 0.08194448397115855 0.09829699993133545
v 0.6504436731338501 0.29208850458816676 -0.07266899943351746
v 0.6507896780967712 0.22265249088958888 -0.10427699983119965
v 0.6986936926841736 0.28858148649887233 -0.1246429979801178
v 0.32236865162849426 -0.05845651246054978 0.12897400557994843
v 0.32227566838264465 -0.0776175114457211 3.466339399828375e-17
v 0.3864596486091614 0.000462487047473481 0.1205269992351532
v 0.3864596486091614 0.000462487047473481 0.1205269992351532
v 0.32227566838264465 -0.0776175114457211 3.466339399828375e-17
v 0.39363864064216614 -0.011997515628179023 4.3402838411314755e-17
v 0.32227566838264465 -0.0776175114457211 3.466339399828375e-17
v 0.3864596486091614 0.000462487047473481 -0.11052799969911575
v 0.39363864064216614 -0.011997515628179023 4.3402838411314755e-17
v 0.3864596486091614 0.000462487047473481 -0.11052799969911575
v 0.32227566838264465 -0.0776175114457211 3.466339399828375e-17
v 0.32236865162849426 -0.05845651246054978 -0.11897499859333038
v 0.6986936926841736 0.28858148649887233 0.1276320070028305
v 0.6504566669464111 0.28874948219017177 0.16616399586200714
v 0.6507896780967712 0.22265249088958888 0.11344999819993973
v -0.7588403224945068 0.32529550389007716 -0.10711999982595444
v -0.7096422910690308 0.2807464857454696 -0.06571999937295914
v -0.766705334186554 0.33137750223831325 -0.05872799828648567
v -0.7097012996673584 0.26292147830680995 -0.04832199960947037
v -0.766705334186554 0.33137750223831325 -0.05872799828648567
v -0.7096422910690308 0.2807464857454696 -0.06571999937295914
v -0.7096422910690308 0.2807464857454696 -0.06571999937295914
v -0.7588403224945068 0.32529550389007716 -0.10711999982595444
v -0.7532542943954468 0.28977748349861293 -0.11467400193214417
v -0.7096422910690308 0.2807464857454696 0.07136999815702438
v -0.7588403224945068 0.32529550389007716 0.1127690002322197
v -0.766705334186554 0.33137750223831325 0.05684100091457367
v -0.7096422910690308 0.2807464857454696 0.07136999815702438
v -0.766705334186554 0.33137750223831325 0.05684100091457367
v -0.7097012996673584 0.26292147830680995 0.04643400013446808
v -0.70960932970047 0.2947014828081527 0.06891600042581558
v -0.753255307674408 0.28977748349861293 0.11766300350427628
v -0.7588403224945068 0.32529550389007716 0.1127690002322197
v -0.7095972895622253 0.291666503703157 0.1511950045824051
v -0.753255307674408 0.28977748349861293 0.11766300350427628
v -0.709294319152832 0.23157748178199916 0.11715999990701675
v 0.531261682510376 0.0024044846053519753 0.07373499870300293
v 0.5380856990814209 -0.009439515242417762 0.00021399999968707561
v 0.4709416627883911 0.06341748282865672 0.06182900071144104
v 0.4709416627883911 0.06341748282865672 0.06182900071144104
v 0.5380856990814209 -0.009439515242417762 0.00021399999968707561
v 0.4709436595439911 0.06288648740009456 0.00021399999968707561
v -1.6758233308792114 0.36827447608665614 -2.100331615722631e-16
v -1.6915004253387451 0.3555944819803634 -0.020162999629974365
v -1.7415913343429565 0.3625294823999801 -2.1808741257924703e-16
v 0.20922864973545074 0.3318694789762893 0.0031679999083280563
v 0.13972865045070648 0.4112684984560409 -0.06882400065660477
v 0.13963665068149567 0.4190024991388717 0.0031679999083280563
v 0.13972865045070648 0.4112684984560409 -0.06882400065660477
v 0.20922864973545074 0.3318694789762893 0.0031679999083280563
v 0.2022276520729065 0.33252548769668727 -0.06421399861574173
v 0.1397276520729065 0.4112684984560409 0.06644800305366516
v 0.20922864973545074 0.3318694789762893 0.0031679999083280563
v 0.13963665068149567 0.4190024991388717 0.0031679999083280563
v 0.20922864973545074 0.3318694789762893 0.0031679999083280563
v 0.1397276520729065 0.4112684984560409 0.06644800305366516
v 0.2022276520729065 0.33252548769668727 0.06183899939060211
v 0.3725816607475281 0.08694648340896755 -0.15390600264072418
v 0.323116660118103 0.08681248471693187 -0.19813700020313263
v 0.32345864176750183 0.15354148641781 -0.15174700319766998
v 0.6504436731338501 0.29208850458816676 0.07565899938344955
v 0.6986936926841736 0.28858148649887233 0.1276320070028305
v 0.6507896780967712 0.22265249088958888 0.11344999819993973
v 0.3725816607475281 0.08694648340896755 0.15880699455738068
v 0.32345864176750183 0.15354148641781 0.15443499386310577
v 0.323116660118103 0.08681248471693187 0.2030390053987503
v 0.6986936926841736 0.28858148649887233 -0.1246429979801178
v 0.6507896780967712 0.22265249088958888 -0.10427699983119965
v 0.6504566669464111 0.28874948219017177 -0.16317500174045563
v -0.9934183359146118 0.47860347822860866 -1.2646265429977748e-16
v -0.9801653027534485 0.4867144782896438 0.013051999732851982
v -1.0177383422851562 0.4970514734144607 -1.2944099419589101e-16
v -0.9934183359146118 0.47860347822860866 -1.2646265429977748e-16
v -0.9847173094749451 0.4609875042791763 -1.2539708685213157e-16
v -0.9801653027534485 0.4867144782896438 0.013051999732851982
v -0.9847173094749451 0.4609875042791763 -1.2539708685213157e-16
v -0.9573413133621216 0.4682084877844253 0.0237830001860857
v -0.9801653027534485 0.4867144782896438 0.013051999732851982
v -0.7095972895622253 0.291666503703157 -0.1482049971818924
v -0.709294319152832 0.23157748178199916 -0.10854899883270264
v -0.7532542943954468 0.28977748349861293 -0.11467400193214417
v 0.19422465562820435 0.32653048232750087 0.122468002140522
v 0.1397276520729065 0.4112684984560409 0.06644800305366516
v 0.14002364873886108 0.37297248438553005 0.15443100035190582
v 0.1397276520729065 0.4112684984560409 0.06644800305366516
v 0.19422465562820435 0.32653048232750087 0.122468002140522
v 0.2022276520729065 0.33252548769668727 0.06183899939060211
v 0.14002364873886108 0.37297248438553005 0.15443100035190582
v 0.1404566615819931 0.28874948219017177 0.16616399586200714
v 0.19422465562820435 0.32653048232750087 0.122468002140522
v 0.19422465562820435 0.32653048232750087 0.122468002140522
v 0.1404566615819931 0.28874948219017177 0.16616399586200714
v 0.18869365751743317 0.28858148649887233 0.1276320070028305
v 0.13972865045070648 0.4112684984560409 -0.06882400065660477
v 0.19422465562820435 0.32653048232750087 -0.11654999852180481
v 0.14002364873886108 0.37297248438553005 -0.1485150009393692
v 0.19422465562820435 0.32653048232750087 -0.11654999852180481
v 0.13972865045070648 0.4112684984560409 -0.06882400065660477
v 0.2022276520729065 0.33252548769668727 -0.06421399861574173
v 0.1404566615819931 0.28874948219017177 -0.16317500174045563
v 0.14002364873886108 0.37297248438553005 -0.1485150009393692
v 0.19422465562820435 0.32653048232750087 -0.11654999852180481
v 0.1404566615819931 0.28874948219017177 -0.16317500174045563
v 0.19422465562820435 0.32653048232750087 -0.11654999852180481
v 0.18869465589523315 0.28858148649887233 -0.1246429979801178
v -1.4859223365783691 -0.056087518403371284 -0.16252799332141876
v -1.4582563638687134 -0.009066514963348815 -0.09627299755811691
v -1.4773213863372803 -0.00742051593407006 -0.09835699945688248
v -1.4582563638687134 -0.009066514963348815 -0.09627299755811691
v -1.4859223365783691 -0.056087518403371284 -0.16252799332141876
v -1.4241024255752563 -0.06776151276572556 -0.15077300369739532
v -0.849133312702179 -0.2574214975480637 -0.1360280066728592
v -0.8743113279342651 -0.19708151027007909 -0.16935600340366364
v -0.7891133427619934 -0.2155175100211701 -0.1676899939775467
v -0.849133312702179 -0.2574214975480637 -0.1360280066728592
v -0.7891133427619934 -0.2155175100211701 -0.1676899939775467
v -0.7994832992553711 -0.2619795243386826 -0.1250459998846054
v -0.7891123294830322 -0.2155175100211701 0.16769100725650787
v -0.8743113279342651 -0.19708151027007909 0.16935600340366364
v -0.849133312702179 -0.2574214975480637 0.1360280066728592
v -0.7891123294830322 -0.2155175100211701 0.16769100725650787
v -0.849133312702179 -0.2574214975480637 0.1360280066728592
v -0.7994832992553711 -0.2619795243386826 0.12504799664020538
v 0.5387246608734131 0.3286074955816665 0.0029150000773370266
v 0.480270653963089 0.25198548630432277 0.0029150000773370266
v 0.4802696406841278 0.265187468087236 -0.04500399902462959
v 0.5387246608734131 0.3286074955816665 0.0029150000773370266
v 0.4802696406841278 0.265187468087236 -0.04500399902462959
v 0.5327836871147156 0.32916450098709255 -0.054262999445199966
v 0.5327836871147156 0.32916450098709255 0.05270100012421608
v 0.4802696406841278 0.265187468087236 0.043441999703645706
v 0.5387246608734131 0.3286074955816665 0.0029150000773370266
v 0.4802696406841278 0.265187468087236 0.043441999703645706
v 0.480270653963089 0.25198548630432277 0.0029150000773370266
v 0.5387246608734131 0.3286074955816665 0.0029150000773370266
v 0.47104066610336304 0.08194448397115855 0.09829699993133545
v 0.4713786542415619 0.14790649310306697 0.15314500033855438
v 0.5180706977844238 0.08460748538927226 0.1574449986219406
v 0.6071146726608276 0.07171648338989406 0.12349399924278259
v 0.6073736548423767 0.12231048539833217 0.15371300280094147
v 0.6431856751441956 0.07375948474363475 0.1555580049753189
v 0.6071146726608276 0.07171648338989406 -0.12042900174856186
v 0.6431856751441956 0.07375948474363475 -0.15249399840831757
v 0.6073736548423767 0.12231048539833217 -0.15064899623394012
v 0.47104066610336304 0.08194448397115855 -0.09346400201320648
v 0.5180706977844238 0.08460748538927226 -0.15261100232601166
v 0.4713786542415619 0.14790649310306697 -0.15052400529384613
v -0.9669123291969299 0.49482744530395656 -1.232165990527724e-16
v -0.9801653027534485 0.4867144782896438 -0.013051999732851982
v -1.0177383422851562 0.4970514734144607 -1.2944099419589101e-16
v -0.26319533586502075 0.3310385008211532 0.0030159999150782824
v -0.2003423422574997 0.41007747844413905 0.0030159999150782824
v -0.20025934278964996 0.4030464847441116 -0.06243100017309189
v -0.26319533586502075 0.3310385008211532 0.0030159999150782824
v -0.20025934278964996 0.4030464847441116 -0.06243100017309189
v -0.2567053437232971 0.33137750223831325 -0.05872799828648567
v -0.2567053437232971 0.33137750223831325 0.05684100091457367
v -0.20025934278964996 0.4030464847441116 0.0605430006980896
v -0.26319533586502075 0.3310385008211532 0.0030159999150782824
v -0.20025934278964996 0.4030464847441116 0.0605430006980896
v -0.2003423422574997 0.41007747844413905 0.0030159999150782824
v -0.26319533586502075 0.3310385008211532 0.0030159999150782824
v -0.8725963234901428 -0.1263325180058083 9.999999974752427e-7
v -0.9368253350257874 -0.18451850518031926 -0.11863499879837036
v -0.9487842917442322 -0.182114515746077 9.999999974752427e-7
v -0.9368253350257874 -0.18451850518031926 -0.11863499879837036
v -0.8725963234901428 -0.1263325180058083 9.999999974752427e-7
v -0.8605903387069702 -0.12889951124235005 -0.11317700147628784
v -0.8725963234901428 -0.1263325180058083 9.999999974752427e-7
v -0.9368253350257874 -0.18451850518031926 0.11863700300455093
v -0.8605903387069702 -0.12889951124235005 0.11317700147628784
v -0.9368253350257874 -0.18451850518031926 0.11863700300455093
v -0.8725963234901428 -0.1263325180058083 9.999999974752427e-7
v -0.9487842917442322 -0.182114515746077 9.999999974752427e-7
v 0.5327836871147156 0.32916450098709255 -0.054262999445199966
v 0.4803246557712555 0.28182547882751613 -0.06124600023031235
v 0.5259926915168762 0.32407748297409206 -0.0986739993095398
v 0.4803246557712555 0.28182547882751613 -0.06124600023031235
v 0.5327836871147156 0.32916450098709255 -0.054262999445199966
v 0.4802696406841278 0.265187468087236 -0.04500399902462959
v 0.5259926915168762 0.32407748297409206 -0.0986739993095398
v 0.4803246557712555 0.28182547882751613 -0.06124600023031235
v 0.5212996602058411 0.29187348083213954 -0.10554099828004837
v -0.5396333336830139 0.2920174856539169 0.14122800529003143
v -0.5803843140602112 0.2902544994707504 0.10992699861526489
v -0.5393503308296204 0.23592948511795192 0.11573199927806854
v 0.9094286561012268 0.14763749734119563 -0.14696399867534637
v 0.8726716637611389 0.11662248865322261 -0.19066399335861206
v 0.8312216997146606 0.16653748944954067 -0.14497099816799164
v 0.4803246557712555 0.28182547882751613 0.06671900302171707
v 0.5327836871147156 0.32916450098709255 0.05270100012421608
v 0.5259926915168762 0.32407748297409206 0.1041480004787445
v 0.5327836871147156 0.32916450098709255 0.05270100012421608
v 0.4803246557712555 0.28182547882751613 0.06671900302171707
v 0.4802696406841278 0.265187468087236 0.043441999703645706
v 0.5212996602058411 0.29187348083213954 0.10852999985218048
v 0.4803556501865387 0.29485147789673 0.06442800164222717
v 0.5259926915168762 0.32407748297409206 0.1041480004787445
v -0.7190713286399841 -0.3697295229081711 -0.07759299874305725
v -0.7051933407783508 -0.4445165137891373 -0.13173900544643402
v -0.7098303437232971 -0.370965514624556 -0.07961899787187576
v -0.6776103377342224 -0.4611915092115006 -0.13318000733852386
v -0.7098303437232971 -0.370965514624556 -0.07961899787187576
v -0.7051933407783508 -0.4445165137891373 -0.13173900544643402
v -0.7051933407783508 -0.4445165137891373 -0.13173900544643402
v -0.7190713286399841 -0.3697295229081711 -0.07759299874305725
v -0.7539883255958557 -0.4150935153607926 -0.12225999683141708
v -0.725122332572937 -0.3661814968232712 -0.05345999822020531
v -0.7539883255958557 -0.4150935153607926 -0.12225999683141708
v -0.7190713286399841 -0.3697295229081711 -0.07759299874305725
v 0.06597166508436203 -0.18071951373859257 9.999999974752427e-7
v 0.13966165482997894 -0.11511051311536641 -0.1378369927406311
v 0.14900866150856018 -0.1171995218042931 9.999999974752427e-7
v 0.13966165482997894 -0.11511051311536641 -0.1378369927406311
v 0.06597166508436203 -0.18071951373859257 9.999999974752427e-7
v 0.056568656116724014 -0.1784505139236054 -0.1298760026693344
v 0.06597166508436203 -0.18071951373859257 9.999999974752427e-7
v 0.13966165482997894 -0.11511051311536641 0.13783900439739227
v 0.056568656116724014 -0.1784505139236054 0.1298760026693344
v 0.13966165482997894 -0.11511051311536641 0.13783900439739227
v 0.06597166508436203 -0.18071951373859257 9.999999974752427e-7
v 0.14900866150856018 -0.1171995218042931 9.999999974752427e-7
v -1.1401653289794922 0.4267154891844192 -0.01553799957036972
v -1.1534184217453003 0.41860347584442287 -1.460570012941622e-16
v -1.1777384281158447 0.4370515008325973 -1.4903535442516554e-16
v -0.7532542943954468 0.28977748349861293 -0.11467400193214417
v -0.709294319152832 0.23157748178199916 -0.10854899883270264
v -0.70960932970047 0.2947014828081527 -0.06592699885368347
v -0.1995973438024521 0.291666503703157 0.1511950045824051
v -0.2488403469324112 0.32529550389007716 0.1127690002322197
v -0.2432553470134735 0.28977748349861293 0.11766300350427628
v -0.2488403469324112 0.32529550389007716 0.1127690002322197
v -0.1995973438024521 0.291666503703157 0.1511950045824051
v -0.1999913454055786 0.3682324846144119 0.14052699506282806
v -0.20025934278964996 0.4030464847441116 0.0605430006980896
v -0.2488403469324112 0.32529550389007716 0.1127690002322197
v -0.1999913454055786 0.3682324846144119 0.14052699506282806
v -0.2488403469324112 0.32529550389007716 0.1127690002322197
v -0.20025934278964996 0.4030464847441116 0.0605430006980896
v -0.2567053437232971 0.33137750223831325 0.05684100091457367
v -1.5569853782653809 -0.2996995191220841 0.1527249962091446
v -1.5799434185028076 -0.22338551684661717 0.2006639987230301
v -1.6057003736495972 -0.2637815217618546 0.15883000195026398
v -1.5799434185028076 -0.22338551684661717 0.2006639987230301
v -1.5569853782653809 -0.2996995191220841 0.1527249962091446
v -1.4981473684310913 -0.27224952384277196 0.18735699355602264
v -1.5569853782653809 -0.2996995191220841 0.1527249962091446
v -1.472697377204895 -0.2876395027284226 0.08170799911022186
v -1.4981473684310913 -0.27224952384277196 0.18735699355602264
v -1.472697377204895 -0.2876395027284226 0.08170799911022186
v -1.5569853782653809 -0.2996995191220841 0.1527249962091446
v -1.5535783767700195 -0.3117345015649399 0.07709100097417831
v -0.1995963454246521 0.2916654904241958 -0.1482049971818924
v -0.2488403469324112 0.32529550389007716 -0.10711999982595444
v -0.19999034702777863 0.3682315011377731 -0.1348779946565628
v -0.2488403469324112 0.32529550389007716 -0.10711999982595444
v -0.1995963454246521 0.2916654904241958 -0.1482049971818924
v -0.24325434863567352 0.28977748349861293 -0.11467400193214417
v -0.19999034702777863 0.3682315011377731 -0.1348779946565628
v -0.2488403469324112 0.32529550389007716 -0.10711999982595444
v -0.20025934278964996 0.4030464847441116 -0.06243100017309189
v -0.2567053437232971 0.33137750223831325 -0.05872799828648567
v -0.20025934278964996 0.4030464847441116 -0.06243100017309189
v -0.2488403469324112 0.32529550389007716 -0.10711999982595444
v -1.5799434185028076 -0.22338551684661717 -0.19066399335861206
v -1.5569853782653809 -0.2996995191220841 -0.14272700250148773
v -1.6057003736495972 -0.2637815217618546 -0.14883099496364594
v -1.5569853782653809 -0.2996995191220841 -0.14272700250148773
v -1.5799434185028076 -0.22338551684661717 -0.19066399335861206
v -1.4981473684310913 -0.27224952384277196 -0.1773570030927658
v -1.4981473684310913 -0.27224952384277196 -0.1773570030927658
v -1.472697377204895 -0.2876395027284226 -0.07170899957418442
v -1.5569853782653809 -0.2996995191220841 -0.14272700250148773
v -1.5535783767700195 -0.3117345015649399 -0.06709200143814087
v -1.5569853782653809 -0.2996995191220841 -0.14272700250148773
v -1.472697377204895 -0.2876395027284226 -0.07170899957418442
v -0.5705263018608093 -0.43677750631614537 0.09960199892520905
v -0.6628792881965637 -0.48351350828452916 -0.01396199967712164
v -0.5624613165855408 -0.44266352459235997 -0.01396199967712164
v -0.6628792881965637 -0.48351350828452916 -0.01396199967712164
v -0.5705263018608093 -0.43677750631614537 0.09960199892520905
v -0.6586263179779053 -0.4778665046338639 0.12278100103139877
v -0.6628792881965637 -0.48351350828452916 -0.01396199967712164
v -0.5705263018608093 -0.43677851959510655 -0.084757000207901
v -0.5624613165855408 -0.44266352459235997 -0.01396199967712164
v -0.5705263018608093 -0.43677851959510655 -0.084757000207901
v -0.6628792881965637 -0.48351350828452916 -0.01396199967712164
v -0.6586263179779053 -0.4778665046338639 -0.1023389995098114
v -0.5396333336830139 0.2920174856539169 -0.13823799788951874
v -0.5393503308296204 0.23592948511795192 -0.10749699920415878
v -0.5803843140602112 0.2902544994707504 -0.10693799704313278
v -0.9415172934532166 -0.3300325016622147 9.999999974752427e-7
v -1.0101593732833862 -0.40090850397392125 -0.12476500123739243
v -1.0196343660354614 -0.399513516867598 9.999999974752427e-7
v -1.0101593732833862 -0.40090850397392125 -0.12476500123739243
v -0.9415172934532166 -0.3300325016622147 9.999999974752427e-7
v -0.931972324848175 -0.3316005210523209 -0.11755699664354324
v -0.753255307674408 0.28977748349861293 0.11766300350427628
v -0.70960932970047 0.2947014828081527 0.06891600042581558
v -0.709294319152832 0.23157748178199916 0.11715999990701675
v -0.9415172934532166 -0.3300325016622147 9.999999974752427e-7
v -1.0101593732833862 -0.40090752049728245 0.12476599961519241
v -0.931972324848175 -0.3315995077733597 0.11755900084972382
v -1.0101593732833862 -0.40090752049728245 0.12476599961519241
v -0.9415172934532166 -0.3300325016622147 9.999999974752427e-7
v -1.0196343660354614 -0.399513516867598 9.999999974752427e-7
v -0.027852341532707214 -0.08399051457091183 -0.22059200704097748
v 0.01639665849506855 -0.15422552480741353 -0.16481299698352814
v -0.037491340190172195 -0.13731851830526204 -0.16058500111103058
v 0.01639665849506855 -0.15422552480741353 -0.16481299698352814
v -0.027852341532707214 -0.08399051457091183 -0.22059200704097748
v 0.06688566505908966 -0.10241451516195149 -0.21108900010585785
v -0.027852341532707214 -0.08399051457091183 -0.22059200704097748
v -0.037491340190172195 -0.13731851830526204 -0.16058500111103058
v -0.09737833589315414 -0.07261951296969266 -0.12480899691581726
v 0.056568656116724014 -0.1784505139236054 -0.1298760026693344
v 0.06688566505908966 -0.10241451516195149 -0.21108900010585785
v 0.13966165482997894 -0.11511051311536641 -0.1378369927406311
v 0.06688566505908966 -0.10241451516195149 -0.21108900010585785
v 0.056568656116724014 -0.1784505139236054 -0.1298760026693344
v 0.01639665849506855 -0.15422552480741353 -0.16481299698352814
v 0.3864596486091614 0.000462487047473481 0.1205269992351532
v 0.39363864064216614 -0.011997515628179023 4.3402838411314755e-17
v 0.32299864292144775 0.06465348199562221 0.10052499920129776
v 0.32299864292144775 0.06465348199562221 0.10052499920129776
v 0.39363864064216614 -0.011997515628179023 4.3402838411314755e-17
v 0.32300063967704773 0.0640944872851768 3.475217694779029e-17
v 0.39363864064216614 -0.011997515628179023 4.3402838411314755e-17
v 0.32299864292144775 0.06465348199562221 -0.09052599966526031
v 0.32300063967704773 0.0640944872851768 3.475217694779029e-17
v 0.32299864292144775 0.06465348199562221 -0.09052599966526031
v 0.39363864064216614 -0.011997515628179023 4.3402838411314755e-17
v 0.3864596486091614 0.000462487047473481 -0.11052799969911575
v -0.027852341532707214 -0.08398851036473126 0.22059200704097748
v 0.01639665849506855 -0.15422451152845235 0.16481299698352814
v 0.06688666343688965 -0.10241451516195149 0.21108900010585785
v 0.01639665849506855 -0.15422451152845235 0.16481299698352814
v -0.027852341532707214 -0.08398851036473126 0.22059200704097748
v -0.03749234229326248 -0.13731851830526204 0.16058500111103058
v -0.027852341532707214 -0.08398851036473126 0.22059200704097748
v -0.09737934172153473 -0.07261951296969266 0.12481000274419785
v -0.03749234229326248 -0.13731851830526204 0.16058500111103058
v 0.056568656116724014 -0.1784505139236054 0.1298760026693344
v 0.06688666343688965 -0.10241451516195149 0.21108900010585785
v 0.01639665849506855 -0.15422451152845235 0.16481299698352814
v 0.06688666343688965 -0.10241451516195149 0.21108900010585785
v 0.056568656116724014 -0.1784505139236054 0.1298760026693344
v 0.13966165482997894 -0.11511051311536641 0.13783900439739227
v -1.1269134283065796 0.43482750252441554 -1.4281107839605512e-16
v -1.1401653289794922 0.4267154891844192 -0.01553799957036972
v -1.1777384281158447 0.4370515008325973 -1.4903535442516554e-16
v -0.5989972949028015 0.32876848772720485 0.0029150000773370266
v -0.5397303104400635 0.265187468087236 -0.04500399902462959
v -0.5397283434867859 0.25198548630432277 0.0029150000773370266
v -0.5397303104400635 0.265187468087236 -0.04500399902462959
v -0.5989972949028015 0.32876848772720485 0.0029150000773370266
v -0.5929383039474487 0.3290844817514816 -0.05471999943256378
v -0.5989972949028015 0.32876848772720485 0.0029150000773370266
v -0.5397303104400635 0.265187468087236 0.043441999703645706
v -0.5929383039474487 0.3290844817514816 0.05315599963068962
v -0.5397303104400635 0.265187468087236 0.043441999703645706
v -0.5989972949028015 0.32876848772720485 0.0029150000773370266
v -0.5397283434867859 0.25198548630432277 0.0029150000773370266
v 0.8330256938934326 0.38680350378708034 -0.03845499828457832
v 0.8856486678123474 0.3871494789476791 1.0365668262420457e-16
v 0.8601877093315125 0.37007349327758937 1.0053861537901858e-16
v 0.8330256938934326 0.38680350378708034 -0.03845499828457832
v 0.8601877093315125 0.37007349327758937 1.0053861537901858e-16
v 0.8371877074241638 0.36951750115112453 -0.019324999302625656
v 0.9094286561012268 0.14763749734119563 0.15696300566196442
v 0.8312206864356995 0.16653748944954067 0.14868099987506866
v 0.8726716637611389 0.11662248865322261 0.2006639987230301
v 0.8601877093315125 0.37007349327758937 1.0053861537901858e-16
v 0.8330256938934326 0.38680350378708034 0.038453999906778336
v 0.8371877074241638 0.36951750115112453 0.019324999302625656
v 0.8330256938934326 0.38680350378708034 0.038453999906778336
v 0.8601877093315125 0.37007349327758937 1.0053861537901858e-16
v 0.8856486678123474 0.3871494789476791 1.0365668262420457e-16
v -0.5651293396949768 -0.2316155026797852 -0.16722600162029266
v -0.5778533220291138 -0.30381152435584874 -0.11561200022697449
v -0.6234553456306458 -0.27922252222343297 -0.12884999811649323
v -0.5651293396949768 -0.2316155026797852 -0.16722600162029266
v -0.48380035161972046 -0.24874452158256383 -0.12556500732898712
v -0.5778533220291138 -0.30381152435584874 -0.11561200022697449
v -0.5778533220291138 -0.30381152435584874 0.11561200022697449
v -0.48380035161972046 -0.24874452158256383 0.12556500732898712
v -0.5651293396949768 -0.2316155026797852 0.16722600162029266
v -0.5778533220291138 -0.30381152435584874 0.11561200022697449
v -0.5651293396949768 -0.2316155026797852 0.16722600162029266
v -0.6234553456306458 -0.27922252222343297 0.12884999811649323
v 0.3230656683444977 0.0656794865484634 0.10224299877882004
v 0.3864596486091614 0.000462487047473481 0.1205269992351532
v 0.32299864292144775 0.06465348199562221 0.10052499920129776
v 0.3864596486091614 0.000462487047473481 0.1205269992351532
v 0.3230656683444977 0.0656794865484634 0.10224299877882004
v 0.37825265526771545 0.025910485243360093 0.15287800133228302
v 0.37825265526771545 0.025910485243360093 0.15287800133228302
v 0.3230656683444977 0.0656794865484634 0.10224299877882004
v 0.3725816607475281 0.08694648340896755 0.15880699455738068
v 0.3725816607475281 0.08694648340896755 0.15880699455738068
v 0.3230656683444977 0.0656794865484634 0.10224299877882004
v 0.323103666305542 0.08414448395923763 0.09914500266313553
v 0.35425466299057007 0.2915124853010574 0.11616600304841995
v 0.31040266156196594 0.291666503703157 0.1511950045824051
v 0.31070566177368164 0.23157646850303798 0.11549700051546097
v -1.490294337272644 -0.2048455069903931 0.07648199796676636
v -1.5622813701629639 -0.23388550087257237 0.10107800364494324
v -1.5016883611679077 -0.2073775123004517 0.15110500156879425
v -1.5622813701629639 -0.23388550087257237 0.10107800364494324
v -1.490294337272644 -0.2048455069903931 0.07648199796676636
v -1.5754213333129883 -0.22619350656314702 0.0641070008277893
v -1.490294337272644 -0.2048455069903931 -0.06648200005292892
v -1.5622813701629639 -0.23388550087257237 -0.09107799828052521
v -1.5754213333129883 -0.22619350656314702 -0.054106999188661575
v -1.5622813701629639 -0.23388550087257237 -0.09107799828052521
v -1.490294337272644 -0.2048455069903931 -0.06648200005292892
v -1.5016883611679077 -0.2073775123004517 -0.1411059945821762
v 0.3864596486091614 0.000462487047473481 -0.11052799969911575
v 0.3230656683444977 0.0656794865484634 -0.09224399924278259
v 0.32299864292144775 0.06465348199562221 -0.09052599966526031
v 0.3230656683444977 0.0656794865484634 -0.09224399924278259
v 0.3864596486091614 0.000462487047473481 -0.11052799969911575
v 0.37825265526771545 0.025910485243360093 -0.14287899434566498
v 0.3230656683444977 0.0656794865484634 -0.09224399924278259
v 0.37825265526771545 0.025910485243360093 -0.14287899434566498
v 0.3725816607475281 0.08694648340896755 -0.15390600264072418
v 0.3725816607475281 0.08694648340896755 -0.15390600264072418
v 0.323103666305542 0.08414448395923763 -0.09424500167369843
v 0.3230656683444977 0.0656794865484634 -0.09224399924278259
v 0.323103666305542 0.08414448395923763 -0.09424500167369843
v 0.3725816607475281 0.08694648340896755 -0.15390600264072418
v 0.32345864176750183 0.15354148641781 -0.15174700319766998
v -1.4758003950119019 0.04211448476270824 -0.16055800020694733
v -1.4773213863372803 -0.00742051593407006 -0.09835699945688248
v -1.4582563638687134 -0.009066514963348815 -0.09627299755811691
v -1.4582563638687134 -0.009066514963348815 -0.09627299755811691
v -1.4138293266296387 0.04244448587850719 -0.14906199276447296
v -1.4758003950119019 0.04211448476270824 -0.16055800020694733
v -1.4773213863372803 -0.00742051593407006 -0.09835699945688248
v -1.4758003950119019 0.04211448476270824 -0.16055800020694733
v -1.546423316001892 -0.0010175149087509605 -0.1583070009946823
v -0.5855973362922668 0.3234084804411331 -0.09988699853420258
v -0.5396752953529358 0.28182547882751613 -0.06124600023031235
v -0.5929383039474487 0.3290844817514816 -0.05471999943256378
v -0.5397303104400635 0.265187468087236 -0.04500399902462959
v -0.5929383039474487 0.3290844817514816 -0.05471999943256378
v -0.5396752953529358 0.28182547882751613 -0.06124600023031235
v -0.5396752953529358 0.28182547882751613 -0.06124600023031235
v -0.5855973362922668 0.3234084804411331 -0.09988699853420258
v -0.5803843140602112 0.2902544994707504 -0.10693799704313278
v -0.5803843140602112 0.2902544994707504 -0.10693799704313278
v -0.5393503308296204 0.23592948511795192 -0.10749699920415878
v -0.5396443009376526 0.29485147789673 -0.06143900007009506
v 0.9633866548538208 0.10432448581413417 -0.06648299843072891
v 0.885840654373169 0.10085148707584529 -0.09107799828052521
v 0.8760026693344116 0.11247348383621364 -0.054106999188661575
v 0.885840654373169 0.10085148707584529 -0.09107799828052521
v 0.9633866548538208 0.10432448581413417 -0.06648299843072891
v 0.951798677444458 0.1057204861994186 -0.1411059945821762
v 0.885840654373169 0.10085148707584529 -0.09107799828052521
v 0.951798677444458 0.1057204861994186 -0.1411059945821762
v 0.9094286561012268 0.14763749734119563 -0.14696399867534637
v 0.885840654373169 0.10085148707584529 -0.09107799828052521
v 0.9094286561012268 0.14763749734119563 -0.14696399867534637
v 0.8743276596069336 0.1146274913902679 -0.08801700174808502
v 0.028724661096930504 0.3286074955816665 0.0029150000773370266
v -0.030251340940594673 0.39598249987320094 -0.058173999190330505
v -0.03032834082841873 0.40254547790245204 0.0029150000773370266
v -0.030251340940594673 0.39598249987320094 -0.058173999190330505
v 0.028724661096930504 0.3286074955816665 0.0029150000773370266
v 0.022783661261200905 0.32916450098709255 -0.054262999445199966
v -0.030251340940594673 0.39598249987320094 0.05661199986934662
v 0.028724661096930504 0.3286074955816665 0.0029150000773370266
v -0.03032834082841873 0.40254547790245204 0.0029150000773370266
v 0.028724661096930504 0.3286074955816665 0.0029150000773370266
v -0.030251340940594673 0.39598249987320094 0.05661199986934662
v 0.022783661261200905 0.32916450098709255 0.05270100012421608
v 0.9633866548538208 0.10432448581413417 0.07648199796676636
v 0.885840654373169 0.10085148707584529 0.10107800364494324
v 0.951798677444458 0.10572148457721858 0.15110500156879425
v 0.885840654373169 0.10085148707584529 0.10107800364494324
v 0.9633866548538208 0.10432448581413417 0.07648199796676636
v 0.8760026693344116 0.11247348383621364 0.0641070008277893
v 0.9094286561012268 0.14763749734119563 0.15696300566196442
v 0.951798677444458 0.10572148457721858 0.15110500156879425
v 0.885840654373169 0.10085148707584529 0.10107800364494324
v 0.9094286561012268 0.14763749734119563 0.15696300566196442
v 0.885840654373169 0.10085148707584529 0.10107800364494324
v 0.8743276596069336 0.1146274913902679 0.09801600128412247
v -0.5396752953529358 0.28182547882751613 0.06671900302171707
v -0.5855973362922668 0.3234084804411331 0.10536099970340729
v -0.5929383039474487 0.3290844817514816 0.05315599963068962
v -0.5396752953529358 0.28182547882751613 0.06671900302171707
v -0.5929383039474487 0.3290844817514816 0.05315599963068962
v -0.5397303104400635 0.265187468087236 0.043441999703645706
v -0.5396443009376526 0.29485147789673 0.06442800164222717
v -0.5803843140602112 0.2902544994707504 0.10992699861526489
v -0.5855973362922668 0.3234084804411331 0.10536099970340729
v -0.5803843140602112 0.2902544994707504 0.10992699861526489
v -0.5396443009376526 0.29485147789673 0.06442800164222717
v -0.5393503308296204 0.23592948511795192 0.11573199927806854
v 0.35425466299057007 0.2915124853010574 -0.11317700147628784
v 0.31070566177368164 0.23157646850303798 -0.10688599944114685
v 0.31040266156196594 0.2916654904241958 -0.1482049971818924
v -0.7051933407783508 -0.4445165137891373 0.13173900544643402
v -0.7098303437232971 -0.370965514624556 0.08299899846315384
v -0.6776103377342224 -0.4611915092115006 0.14383499324321747
v -0.7098303437232971 -0.370965514624556 0.08299899846315384
v -0.7051933407783508 -0.4445165137891373 0.13173900544643402
v -0.7190713286399841 -0.3697295229081711 0.07759200036525726
v -0.7539883255958557 -0.4150935153607926 0.1222589984536171
v -0.7190713286399841 -0.3697295229081711 0.07759200036525726
v -0.7051933407783508 -0.4445165137891373 0.13173900544643402
v -0.7539883255958557 -0.4150935153607926 0.1222589984536171
v -0.725122332572937 -0.3661814968232712 0.05345899984240532
v -0.7190713286399841 -0.3697295229081711 0.07759200036525726
v 0.323103666305542 0.08414448395923763 0.09914500266313553
v 0.32345864176750183 0.15354148641781 0.15443499386310577
v 0.3725816607475281 0.08694648340896755 0.15880699455738068
v 0.8743276596069336 0.1146274913902679 0.09801600128412247
v 0.8312206864356995 0.16653748944954067 0.14868099987506866
v 0.9094286561012268 0.14763749734119563 0.15696300566196442
v 0.4803556501865387 0.29485147789673 -0.06143900007009506
v 0.4806496798992157 0.23592948511795192 -0.10969600081443787
v 0.5212996602058411 0.29187348083213954 -0.10554099828004837
v -0.8605903387069702 -0.12889951124235005 -0.11317700147628784
v -0.8743113279342651 -0.19708151027007909 -0.16935600340366364
v -0.9368253350257874 -0.18451850518031926 -0.11863499879837036
v -0.8743113279342651 -0.19708151027007909 -0.16935600340366364
v -0.8605903387069702 -0.12889951124235005 -0.11317700147628784
v -0.8277353048324585 -0.15125551476522298 -0.1375180035829544
v -0.8605903387069702 -0.12889951124235005 0.11317700147628784
v -0.8743113279342651 -0.19708151027007909 0.16935600340366364
v -0.8277353048324585 -0.15125551476522298 0.1375180035829544
v -0.8743113279342651 -0.19708151027007909 0.16935600340366364
v -0.8605903387069702 -0.12889951124235005 0.11317700147628784
v -0.9368253350257874 -0.18451850518031926 0.11863700300455093
v -1.3281513452529907 0.39126050070480495 -0.016414999961853027
v -1.339867353439331 0.3797614832277694 -1.6889041551373718e-16
v -1.3692843914031982 0.39297750190452724 -1.7249296575241792e-16
v 0.3729226589202881 0.33086549833969264 0.0030159999150782824
v 0.31030064821243286 0.24877848819450527 0.0030159999150782824
v 0.3102986514568329 0.26292147830680995 -0.04832199960947037
v 0.3729226589202881 0.33086549833969264 0.0030159999150782824
v 0.3102986514568329 0.26292147830680995 -0.04832199960947037
v 0.36655864119529724 0.33146249846176296 -0.05824099853634834
v 0.36655765771865845 0.33146249846176296 0.05635400116443634
v 0.3102986514568329 0.26292147830680995 0.04643400013446808
v 0.3729226589202881 0.33086549833969264 0.0030159999150782824
v 0.3102986514568329 0.26292147830680995 0.04643400013446808
v 0.31030064821243286 0.24877848819450527 0.0030159999150782824
v 0.3729226589202881 0.33086549833969264 0.0030159999150782824
v 0.015992658212780952 0.32407748297409206 0.1041480004787445
v -0.030251340940594673 0.39598249987320094 0.05661199986934662
v -0.030000340193510056 0.3634854812975326 0.13127200305461884
v -0.030251340940594673 0.39598249987320094 0.05661199986934662
v 0.015992658212780952 0.32407748297409206 0.1041480004787445
v 0.022783661261200905 0.32916450098709255 0.05270100012421608
v -0.030000340193510056 0.3634854812975326 0.13127200305461884
v -0.02963334135711193 0.2920174856539169 0.14122800529003143
v 0.015992658212780952 0.32407748297409206 0.1041480004787445
v 0.015992658212780952 0.32407748297409206 0.1041480004787445
v -0.02963334135711193 0.2920174856539169 0.14122800529003143
v 0.011299659498035908 0.29187348083213954 0.10852999985218048
v 0.011299659498035908 0.29187348083213954 0.10852999985218048
v -0.02963334135711193 0.2920174856539169 0.14122800529003143
v -0.029350340366363525 0.23592948511795192 0.11494500190019608
v 0.4803556501865387 0.29485147789673 0.06442800164222717
v 0.5212996602058411 0.29187348083213954 0.10852999985218048
v 0.4806496798992157 0.23592948511795192 0.11793199926614761
v -0.030251340940594673 0.39598249987320094 -0.058173999190330505
v 0.015992658212780952 0.32407748297409206 -0.0986739993095398
v -0.030000340193510056 0.3634854812975326 -0.12579800188541412
v 0.015992658212780952 0.32407748297409206 -0.0986739993095398
v -0.030251340940594673 0.39598249987320094 -0.058173999190330505
v 0.022783661261200905 0.32916450098709255 -0.054262999445199966
v -0.02963334135711193 0.2920174856539169 -0.13823799788951874
v -0.030000340193510056 0.3634854812975326 -0.12579800188541412
v 0.015992658212780952 0.32407748297409206 -0.0986739993095398
v -0.02963334135711193 0.2920174856539169 -0.13823799788951874
v 0.015992658212780952 0.32407748297409206 -0.0986739993095398
v 0.011299659498035908 0.29187348083213954 -0.10554099828004837
v 0.011299659498035908 0.29187348083213954 -0.10554099828004837
v -0.029350340366363525 0.23592948511795192 -0.10670799762010574
v -0.02963334135711193 0.2920174856539169 -0.13823799788951874
v 0.36655864119529724 0.33146249846176296 -0.05824099853634834
v 0.3103576600551605 0.2807464857454696 -0.06571999937295914
v 0.35928264260292053 0.32601248816208034 -0.10582000017166138
v 0.3103576600551605 0.2807464857454696 -0.06571999937295914
v 0.36655864119529724 0.33146249846176296 -0.05824099853634834
v 0.3102986514568329 0.26292147830680995 -0.04832199960947037
v 0.35928264260292053 0.32601248816208034 -0.10582000017166138
v 0.3103576600551605 0.2807464857454696 -0.06571999937295914
v 0.35425466299057007 0.2915124853010574 -0.11317700147628784
v -0.9801653027534485 0.4867144782896438 -0.013051999732851982
v -0.9934183359146118 0.47860347822860866 -1.2646265429977748e-16
v -1.0177383422851562 0.4970514734144607 -1.2944099419589101e-16
v 0.3103576600551605 0.2807464857454696 0.07136999815702438
v 0.36655765771865845 0.33146249846176296 0.05635400116443634
v 0.35928264260292053 0.32601248816208034 0.11146900057792664
v 0.36655765771865845 0.33146249846176296 0.05635400116443634
v 0.3103576600551605 0.2807464857454696 0.07136999815702438
v 0.3102986514568329 0.26292147830680995 0.04643400013446808
v 0.35425466299057007 0.2915124853010574 0.11616600304841995
v 0.3103906512260437 0.2947014828081527 0.06891600042581558
v 0.35928264260292053 0.32601248816208034 0.11146900057792664
v -0.08899734169244766 0.32876848772720485 0.0029150000773370266
v -0.03032834082841873 0.40254547790245204 0.0029150000773370266
v -0.030251340940594673 0.39598249987320094 -0.058173999190330505
v -0.08899734169244766 0.32876848772720485 0.0029150000773370266
v -0.030251340940594673 0.39598249987320094 -0.058173999190330505
v -0.08293834328651428 0.3290844817514816 -0.05471999943256378
v -0.08293834328651428 0.3290844817514816 0.05315599963068962
v -0.030251340940594673 0.39598249987320094 0.05661199986934662
v -0.08899734169244766 0.32876848772720485 0.0029150000773370266
v -0.030251340940594673 0.39598249987320094 0.05661199986934662
v -0.03032834082841873 0.40254547790245204 0.0029150000773370266
v -0.08899734169244766 0.32876848772720485 0.0029150000773370266
v -1.3281513452529907 0.39126050070480495 0.016414999961853027
v -1.3164353370666504 0.4027584751005569 -1.6602082670711722e-16
v -1.3692843914031982 0.39297750190452724 -1.7249296575241792e-16
v -1.3164353370666504 0.4027584751005569 -1.6602082670711722e-16
v -1.3281513452529907 0.39126050070480495 0.016414999961853027
v -1.3002604246139526 0.3776285012121597 0.029911000281572342
v -1.3002604246139526 0.3776285012121597 0.029911000281572342
v -1.273794412612915 0.39156448439315944 -1.6079881564773525e-16
v -1.3164353370666504 0.4027584751005569 -1.6602082670711722e-16
v 0.8743276596069336 0.1146274913902679 -0.08801700174808502
v 0.9094286561012268 0.14763749734119563 -0.14696399867534637
v 0.8312216997146606 0.16653748944954067 -0.14497099816799164
v -0.3695433437824249 0.28874948219017177 0.16616399586200714
v -0.41756635904312134 0.2866724987383285 0.1292790025472641
v -0.3692103326320648 0.22265249088958888 0.11587200313806534
v -0.02963334135711193 0.2920174856539169 -0.13823799788951874
v -0.07559733837842941 0.3234084804411331 -0.09988699853420258
v -0.030000340193510056 0.3634854812975326 -0.12579800188541412
v -0.07559733837842941 0.3234084804411331 -0.09988699853420258
v -0.02963334135711193 0.2920174856539169 -0.13823799788951874
v -0.07038433849811554 0.2902554829473892 -0.10693799704313278
v -0.030000340193510056 0.3634854812975326 -0.12579800188541412
v -0.07559733837842941 0.3234084804411331 -0.09988699853420258
v -0.030251340940594673 0.39598249987320094 -0.058173999190330505
v -0.08293834328651428 0.3290844817514816 -0.05471999943256378
v -0.030251340940594673 0.39598249987320094 -0.058173999190330505
v -0.07559733837842941 0.3234084804411331 -0.09988699853420258
v -0.02963334135711193 0.2920174856539169 0.14122800529003143
v -0.07559733837842941 0.3234084804411331 0.10536099970340729
v -0.07038433849811554 0.2902544994707504 0.10992699861526489
v -0.07559733837842941 0.3234084804411331 0.10536099970340729
v -0.02963334135711193 0.2920174856539169 0.14122800529003143
v -0.030000340193510056 0.3634854812975326 0.13127200305461884
v -0.030251340940594673 0.39598249987320094 0.05661199986934662
v -0.07559733837842941 0.3234084804411331 0.10536099970340729
v -0.030000340193510056 0.3634854812975326 0.13127200305461884
v -0.07559733837842941 0.3234084804411331 0.10536099970340729
v -0.030251340940594673 0.39598249987320094 0.05661199986934662
v -0.08293834328651428 0.3290844817514816 0.05315599963068962
v -0.8470233082771301 -0.41684252425475926 0.07019100338220596
v -0.7706273198127747 -0.42576751514716954 0.12481000274419785
v -0.847355306148529 -0.47186449571891637 0.15506799519062042
v -0.8470233082771301 -0.41684252425475926 -0.07018999755382538
v -0.847355306148529 -0.47186449571891637 -0.15506799519062042
v -0.7706273198127747 -0.42576751514716954 -0.12480899691581726
v -0.36954236030578613 0.28874948219017177 -0.16317500174045563
v -0.3692103326320648 0.2226514776106277 -0.10669799894094467
v -0.41756635904312134 0.2866724987383285 -0.12629100680351257
v -0.4395013451576233 0.33205949858383327 0.0031679999083280563
v -0.36965835094451904 0.2571314831133285 -0.05330299958586693
v -0.36965635418891907 0.24157347873405605 0.0031679999083280563
v -0.36965835094451904 0.2571314831133285 -0.05330299958586693
v -0.4395013451576233 0.33205949858383327 0.0031679999083280563
v -0.43236133456230164 0.33243250445083766 -0.06475099921226501
v -0.4395013451576233 0.33205949858383327 0.0031679999083280563
v -0.36965835094451904 0.2571314831133285 0.050925999879837036
v -0.4323623478412628 0.33243250445083766 0.0623759999871254
v -0.36965835094451904 0.2571314831133285 0.050925999879837036
v -0.4395013451576233 0.33205949858383327 0.0031679999083280563
v -0.36965635418891907 0.24157347873405605 0.0031679999083280563
v 0.9633866548538208 0.10432448581413417 0.07648199796676636
v 0.9684066772460938 0.10920248523906856 0.00005999999848427251
v 0.8760026693344116 0.11247348383621364 0.0641070008277893
v 0.8760026693344116 0.11247348383621364 0.0641070008277893
v 0.9684066772460938 0.10920248523906856 0.00005999999848427251
v 0.8682386875152588 0.12172948912338405 0.00005999999848427251
v 0.9684066772460938 0.10920248523906856 0.00005999999848427251
v 0.8760026693344116 0.11247348383621364 -0.054106999188661575
v 0.8682386875152588 0.12172948912338405 0.00005999999848427251
v 0.8760026693344116 0.11247348383621364 -0.054106999188661575
v 0.9684066772460938 0.10920248523906856 0.00005999999848427251
v 0.9633866548538208 0.10432448581413417 -0.06648299843072891
v -0.6234553456306458 -0.27922252222343297 0.12884999811649323
v -0.631372332572937 -0.20428450807376713 0.0920419991016388
v -0.5778533220291138 -0.30381152435584874 0.11561200022697449
v -0.631372332572937 -0.20428450807376713 0.0920419991016388
v -0.6234553456306458 -0.27922252222343297 0.12884999811649323
v -0.6480513215065002 -0.20663451060100407 0.07589200139045715
v -0.6234553456306458 -0.27922252222343297 -0.12884999811649323
v -0.631372332572937 -0.20428450807376713 -0.09204299747943878
v -0.6480513215065002 -0.20663451060100407 -0.07589200139045715
v -0.5778533220291138 -0.30381152435584874 -0.11561200022697449
v -0.631372332572937 -0.20428450807376713 -0.09204299747943878
v -0.6234553456306458 -0.27922252222343297 -0.12884999811649323
v -0.42371034622192383 0.3257424791212478 -0.11798100173473358
v -0.3695923388004303 0.27673747733787685 -0.0724409967660904
v -0.43236133456230164 0.33243250445083766 -0.06475099921226501
v -0.36965835094451904 0.2571314831133285 -0.05330299958586693
v -0.43236133456230164 0.33243250445083766 -0.06475099921226501
v -0.3695923388004303 0.27673747733787685 -0.0724409967660904
v -0.3695923388004303 0.27673747733787685 -0.0724409967660904
v -0.42371034622192383 0.3257424791212478 -0.11798100173473358
v -0.41756635904312134 0.2866724987383285 -0.12629100680351257
v 0.3103906512260437 0.2947014828081527 -0.06592699885368347
v 0.31070566177368164 0.23157646850303798 -0.10688599944114685
v 0.35425466299057007 0.2915124853010574 -0.11317700147628784
v -0.3695923388004303 0.27673747733787685 0.07835900038480759
v -0.42371034622192383 0.3257424791212478 0.1238970011472702
v -0.4323623478412628 0.33243250445083766 0.0623759999871254
v -0.3695923388004303 0.27673747733787685 0.07835900038480759
v -0.4323623478412628 0.33243250445083766 0.0623759999871254
v -0.36965835094451904 0.2571314831133285 0.050925999879837036
v -0.36955633759498596 0.29208850458816676 0.07565899938344955
v -0.41756635904312134 0.2866724987383285 0.1292790025472641
v -0.42371034622192383 0.3257424791212478 0.1238970011472702
v 0.18869365751743317 0.28858148649887233 0.1276320070028305
v 0.1404566615819931 0.28874948219017177 0.16616399586200714
v 0.14078965783119202 0.2226514776106277 0.11243899911642075
v 0.13966165482997894 -0.11511051311536641 -0.1378369927406311
v 0.06688566505908966 -0.10241451516195149 -0.21108900010585785
v 0.09276165813207626 -0.0334375147373131 -0.13132600486278534
v 0.09276165813207626 -0.0334375147373131 -0.13132600486278534
v 0.06688566505908966 -0.10241451516195149 -0.21108900010585785
v 0.03761165961623192 -0.036206515507371584 -0.16264699399471283
v 0.03761165961623192 -0.036206515507371584 0.162648007273674
v 0.06688666343688965 -0.10241451516195149 0.21108900010585785
v 0.09276165813207626 -0.0334375147373131 0.13132600486278534
v 0.09276165813207626 -0.0334375147373131 0.13132600486278534
v 0.06688666343688965 -0.10241451516195149 0.21108900010585785
v 0.13966165482997894 -0.11511051311536641 0.13783900439739227
v 0.3103906512260437 0.2947014828081527 0.06891600042581558
v 0.35425466299057007 0.2915124853010574 0.11616600304841995
v 0.31070566177368164 0.23157646850303798 0.11549700051546097
v -1.6263093948364258 0.27731048659042506 -0.059505000710487366
v -1.6466493606567383 0.26458248094276576 -2.0646037660074446e-16
v -1.6822264194488525 0.26835748151497035 -2.1081731555807357e-16
v -1.6466493606567383 0.26458248094276576 -2.0646037660074446e-16
v -1.6263093948364258 0.27731048659042506 -0.059505000710487366
v -1.620435357093811 0.26458248094276576 -0.02621299959719181
v -1.6466493606567383 0.26458248094276576 -2.0646037660074446e-16
v -1.620435357093811 0.26458248094276576 0.02621299959719181
v -1.6263093948364258 0.27731048659042506 0.059505000710487366
v -1.6466493606567383 0.26458248094276576 -2.0646037660074446e-16
v -1.6263093948364258 0.27731048659042506 0.059505000710487366
v -1.6822264194488525 0.26835748151497035 -2.1081731555807357e-16
v -0.41756635904312134 0.2866724987383285 -0.12629100680351257
v -0.3692103326320648 0.2226514776106277 -0.10669799894094467
v -0.36955633759498596 0.29208850458816676 -0.07266899943351746
v -0.1995973438024521 0.291666503703157 0.1511950045824051
v -0.2432553470134735 0.28977748349861293 0.11766300350427628
v -0.1992943435907364 0.23157748178199916 0.11636800318956375
v -0.13707634806632996 0.33086549833969264 0.0030159999150782824
v -0.20025934278964996 0.4030464847441116 -0.06243100017309189
v -0.2003423422574997 0.41007747844413905 0.0030159999150782824
v -0.20025934278964996 0.4030464847441116 -0.06243100017309189
v -0.13707634806632996 0.33086549833969264 0.0030159999150782824
v -0.14344234764575958 0.33146249846176296 -0.05824099853634834
v -0.20025934278964996 0.4030464847441116 0.0605430006980896
v -0.13707634806632996 0.33086549833969264 0.0030159999150782824
v -0.2003423422574997 0.41007747844413905 0.0030159999150782824
v -0.13707634806632996 0.33086549833969264 0.0030159999150782824
v -0.20025934278964996 0.4030464847441116 0.0605430006980896
v -0.14344234764575958 0.33146249846176296 0.05635400116443634
v 0.18869465589523315 0.28858148649887233 -0.1246429979801178
v 0.14078965783119202 0.2226514776106277 -0.10326600074768066
v 0.1404566615819931 0.28874948219017177 -0.16317500174045563
v -0.48380035161972046 -0.24874452158256383 0.12556500732898712
v -0.5778533220291138 -0.30381152435584874 0.11561200022697449
v -0.48137733340263367 -0.2568485180978379 -6.375571333613306e-17
v -0.5778533220291138 -0.30381152435584874 0.11561200022697449
v -0.575648307800293 -0.31202751799865575 -7.530058050130706e-17
v -0.48137733340263367 -0.2568485180978379 -6.375571333613306e-17
v -0.48137733340263367 -0.2568485180978379 -6.375571333613306e-17
v -0.575648307800293 -0.31202751799865575 -7.530058050130706e-17
v -0.5778533220291138 -0.30381152435584874 -0.11561200022697449
v -0.48137733340263367 -0.2568485180978379 -6.375571333613306e-17
v -0.5778533220291138 -0.30381152435584874 -0.11561200022697449
v -0.48380035161972046 -0.24874452158256383 -0.12556500732898712
v -0.20025934278964996 0.4030464847441116 -0.06243100017309189
v -0.1507173478603363 0.32601248816208034 -0.10582000017166138
v -0.19999034702777863 0.3682315011377731 -0.1348779946565628
v -0.1507173478603363 0.32601248816208034 -0.10582000017166138
v -0.20025934278964996 0.4030464847441116 -0.06243100017309189
v -0.14344234764575958 0.33146249846176296 -0.05824099853634834
v -0.1995963454246521 0.2916654904241958 -0.1482049971818924
v -0.19999034702777863 0.3682315011377731 -0.1348779946565628
v -0.1507173478603363 0.32601248816208034 -0.10582000017166138
v -0.1995963454246521 0.2916654904241958 -0.1482049971818924
v -0.1507173478603363 0.32601248816208034 -0.10582000017166138
v -0.15574534237384796 0.2915124853010574 -0.11317700147628784
v -0.9801653027534485 0.4867144782896438 0.013051999732851982
v -0.9669123291969299 0.49482744530395656 -1.232165990527724e-16
v -1.0177383422851562 0.4970514734144607 -1.2944099419589101e-16
v -0.9669123291969299 0.49482744530395656 -1.232165990527724e-16
v -0.9801653027534485 0.4867144782896438 0.013051999732851982
v -0.9573413133621216 0.4682084877844253 0.0237830001860857
v -0.9573413133621216 0.4682084877844253 0.0237830001860857
v -0.9299653172492981 0.47542947128967433 -1.1869190786721753e-16
v -0.9669123291969299 0.49482744530395656 -1.232165990527724e-16
v -0.41756635904312134 0.2866724987383285 0.1292790025472641
v -0.36955633759498596 0.29208850458816676 0.07565899938344955
v -0.3692103326320648 0.22265249088958888 0.11587200313806534
v -0.1995963454246521 0.2916654904241958 -0.1482049971818924
v -0.1992943435907364 0.23157646850303798 -0.10775800049304962
v -0.24325434863567352 0.28977748349861293 -0.11467400193214417
v 0.14900866150856018 -0.1171995218042931 9.999999974752427e-7
v 0.09276165813207626 -0.0334375147373131 -0.13132600486278534
v 0.0922146588563919 -0.028849514493783424 9.999999974752427e-7
v 0.09276165813207626 -0.0334375147373131 -0.13132600486278534
v 0.14900866150856018 -0.1171995218042931 9.999999974752427e-7
v 0.13966165482997894 -0.11511051311536641 -0.1378369927406311
v 0.13966165482997894 -0.11511051311536641 0.13783900439739227
v 0.14900866150856018 -0.1171995218042931 9.999999974752427e-7
v 0.09276165813207626 -0.0334375147373131 0.13132600486278534
v 0.09276165813207626 -0.0334375147373131 0.13132600486278534
v 0.14900866150856018 -0.1171995218042931 9.999999974752427e-7
v 0.0922146588563919 -0.028849514493783424 9.999999974752427e-7
v -0.7994832992553711 -0.2619795243386826 -0.1250459998846054
v -0.7891133427619934 -0.2155175100211701 -0.1676899939775467
v -0.7265473008155823 -0.2271045039538941 -0.12381699681282043
v -0.7994832992553711 -0.2619795243386826 0.12504799664020538
v -0.7265473008155823 -0.2271045039538941 0.12381800264120102
v -0.7891123294830322 -0.2155175100211701 0.16769100725650787
v 0.056568656116724014 -0.1784505139236054 0.1298760026693344
v 0.01639665849506855 -0.15422451152845235 0.16481299698352814
v -0.006208340171724558 -0.0889715108220181 0.10749100148677826
v 0.01639665849506855 -0.15422451152845235 0.16481299698352814
v -0.015078340657055378 -0.08772951393767209 0.09579800069332123
v -0.006208340171724558 -0.0889715108220181 0.10749100148677826
v 0.01639665849506855 -0.15422451152845235 0.16481299698352814
v -0.03749234229326248 -0.13731851830526204 0.16058500111103058
v -0.015078340657055378 -0.08772951393767209 0.09579800069332123
v -0.03749234229326248 -0.13731851830526204 0.16058500111103058
v -0.0218503400683403 -0.08716651081486554 0.07019100338220596
v -0.015078340657055378 -0.08772951393767209 0.09579800069332123
v -0.03749234229326248 -0.13731851830526204 0.16058500111103058
v -0.09737934172153473 -0.07261951296969266 0.12481000274419785
v -0.0218503400683403 -0.08716651081486554 0.07019100338220596
v -1.0969743728637695 0.34806549147323756 -0.045779999345541
v -1.1158113479614258 0.33022149995521693 -1.4145147140170376e-16
v -1.1421873569488525 0.3340394754763046 -1.4468159184138863e-16
v -1.1158113479614258 0.33022149995521693 -1.4145147140170376e-16
v -1.0969743728637695 0.34806549147323756 -0.045779999345541
v -1.092812418937683 0.3307764788027206 -0.023005999624729156
v -0.006208340171724558 -0.0889715108220181 -0.10749100148677826
v 0.01639665849506855 -0.15422552480741353 -0.16481299698352814
v 0.056568656116724014 -0.1784505139236054 -0.1298760026693344
v -0.015078340657055378 -0.08772951393767209 -0.09579800069332123
v 0.01639665849506855 -0.15422552480741353 -0.16481299698352814
v -0.006208340171724558 -0.0889715108220181 -0.10749100148677826
v 0.01639665849506855 -0.15422552480741353 -0.16481299698352814
v -0.015078340657055378 -0.08772951393767209 -0.09579800069332123
v -0.037491340190172195 -0.13731851830526204 -0.16058500111103058
v -0.0218503400683403 -0.08716651081486554 -0.07018999755382538
v -0.037491340190172195 -0.13731851830526204 -0.16058500111103058
v -0.015078340657055378 -0.08772951393767209 -0.09579800069332123
v -0.037491340190172195 -0.13731851830526204 -0.16058500111103058
v -0.0218503400683403 -0.08716651081486554 -0.07018999755382538
v -0.09737833589315414 -0.07261951296969266 -0.12480899691581726
v -1.0969743728637695 0.34806549147323756 0.045779999345541
v -1.1158113479614258 0.33022149995521693 -1.4145147140170376e-16
v -1.092812418937683 0.3307764788027206 0.023005999624729156
v -1.1158113479614258 0.33022149995521693 -1.4145147140170376e-16
v -1.0969743728637695 0.34806549147323756 0.045779999345541
v -1.1421873569488525 0.3340394754763046 -1.4468159184138863e-16
v 0.20922864973545074 0.3318694789762893 0.0031679999083280563
v 0.14034365117549896 0.24157347873405605 0.0031679999083280563
v 0.140341654419899 0.2571314831133285 -0.05330299958586693
v 0.20922864973545074 0.3318694789762893 0.0031679999083280563
v 0.140341654419899 0.2571314831133285 -0.05330299958586693
v 0.2022276520729065 0.33252548769668727 -0.06421399861574173
v 0.2022276520729065 0.33252548769668727 0.06183899939060211
v 0.140341654419899 0.2571314831133285 0.050925999879837036
v 0.20922864973545074 0.3318694789762893 0.0031679999083280563
v 0.140341654419899 0.2571314831133285 0.050925999879837036
v 0.14034365117549896 0.24157347873405605 0.0031679999083280563
v 0.20922864973545074 0.3318694789762893 0.0031679999083280563
v -0.9025583267211914 -0.4720545153264603 -0.16264699399471283
v -0.8627563118934631 -0.4161964993123612 -0.09729599952697754
v -0.9573532938957214 -0.4788905124311051 -0.11886999756097794
v -0.9025583267211914 -0.4720545153264603 -0.16264699399471283
v -0.8538193106651306 -0.41678050562187047 -0.09579800069332123
v -0.8627563118934631 -0.4161964993123612 -0.09729599952697754
v -0.8538193106651306 -0.41678050562187047 0.09579800069332123
v -0.9025583267211914 -0.4720545153264603 0.162648007273674
v -0.8627563118934631 -0.4161964993123612 0.09729599952697754
v -0.8627563118934631 -0.4161964993123612 0.09729599952697754
v -0.9025583267211914 -0.4720545153264603 0.162648007273674
v -0.9573532938957214 -0.4788905124311051 0.11887200176715851
v -0.6763493418693542 -0.25689649983688206 0.11620499938726425
v -0.6480513215065002 -0.20663451060100407 0.07589200139045715
v -0.6234553456306458 -0.27922252222343297 0.12884999811649323
v -0.6763493418693542 -0.25689649983688206 0.11620499938726425
v -0.6545953154563904 -0.20396651729389043 0.05259900167584419
v -0.6480513215065002 -0.20663451060100407 0.07589200139045715
v -1.4871803522109985 -0.19857651397033543 0.00005999999848427251
v -1.5754213333129883 -0.22619350656314702 -0.054106999188661575
v -1.5858203172683716 -0.22004150255962224 0.00005999999848427251
v -1.5754213333129883 -0.22619350656314702 -0.054106999188661575
v -1.4871803522109985 -0.19857651397033543 0.00005999999848427251
v -1.490294337272644 -0.2048455069903931 -0.06648200005292892
v -0.6545953154563904 -0.20396651729389043 -0.05260000005364418
v -0.6763493418693542 -0.25689649983688206 -0.11620499938726425
v -0.6480513215065002 -0.20663451060100407 -0.07589200139045715
v -0.6234553456306458 -0.27922252222343297 -0.12884999811649323
v -0.6480513215065002 -0.20663451060100407 -0.07589200139045715
v -0.6763493418693542 -0.25689649983688206 -0.11620499938726425
v 0.06597166508436203 -0.18071951373859257 9.999999974752427e-7
v -0.006208340171724558 -0.0889715108220181 -0.10749100148677826
v 0.056568656116724014 -0.1784505139236054 -0.1298760026693344
v -0.006208340171724558 -0.0889715108220181 -0.10749100148677826
v 0.06597166508436203 -0.18071951373859257 9.999999974752427e-7
v -0.0021123408805578947 -0.0901205170099339 9.999999974752427e-7
v -0.006208340171724558 -0.0889715108220181 0.10749100148677826
v 0.06597166508436203 -0.18071951373859257 9.999999974752427e-7
v 0.056568656116724014 -0.1784505139236054 0.1298760026693344
v 0.06597166508436203 -0.18071951373859257 9.999999974752427e-7
v -0.006208340171724558 -0.0889715108220181 0.10749100148677826
v -0.0021123408805578947 -0.0901205170099339 9.999999974752427e-7
v -1.490294337272644 -0.2048455069903931 0.07648199796676636
v -1.4871803522109985 -0.19857651397033543 0.00005999999848427251
v -1.5754213333129883 -0.22619350656314702 0.0641070008277893
v -1.5754213333129883 -0.22619350656314702 0.0641070008277893
v -1.4871803522109985 -0.19857651397033543 0.00005999999848427251
v -1.5858203172683716 -0.22004150255962224 0.00005999999848427251
v -0.1507173478603363 0.32601248816208034 0.11146900057792664
v -0.20025934278964996 0.4030464847441116 0.0605430006980896
v -0.1999913454055786 0.3682324846144119 0.14052699506282806
v -0.20025934278964996 0.4030464847441116 0.0605430006980896
v -0.1507173478603363 0.32601248816208034 0.11146900057792664
v -0.14344234764575958 0.33146249846176296 0.05635400116443634
v -0.1999913454055786 0.3682324846144119 0.14052699506282806
v -0.1995973438024521 0.291666503703157 0.1511950045824051
v -0.1507173478603363 0.32601248816208034 0.11146900057792664
v -0.1507173478603363 0.32601248816208034 0.11146900057792664
v -0.1995973438024521 0.291666503703157 0.1511950045824051
v -0.15574534237384796 0.2915124853010574 0.11616600304841995
v -0.15574534237384796 0.2915124853010574 0.11616600304841995
v -0.1995973438024521 0.291666503703157 0.1511950045824051
v -0.1992943435907364 0.23157748178199916 0.11636800318956375
v 0.07049866020679474 0.33205949858383327 0.0031679999083280563
v 0.13963665068149567 0.4190024991388717 0.0031679999083280563
v 0.13972865045070648 0.4112684984560409 -0.06882400065660477
v 0.07049866020679474 0.33205949858383327 0.0031679999083280563
v 0.13972865045070648 0.4112684984560409 -0.06882400065660477
v 0.07763766497373581 0.33243250445083766 -0.06475099921226501
v 0.07763766497373581 0.33243250445083766 0.0623759999871254
v 0.1397276520729065 0.4112684984560409 0.06644800305366516
v 0.07049866020679474 0.33205949858383327 0.0031679999083280563
v 0.1397276520729065 0.4112684984560409 0.06644800305366516
v 0.13963665068149567 0.4190024991388717 0.0031679999083280563
v 0.07049866020679474 0.33205949858383327 0.0031679999083280563
v 0.1404566615819931 0.28874948219017177 -0.16317500174045563
v 0.0862896591424942 0.3257424791212478 -0.11798100173473358
v 0.14002364873886108 0.37297248438553005 -0.1485150009393692
v 0.0862896591424942 0.3257424791212478 -0.11798100173473358
v 0.1404566615819931 0.28874948219017177 -0.16317500174045563
v 0.09243366122245789 0.2866724987383285 -0.12629100680351257
v 0.14002364873886108 0.37297248438553005 -0.1485150009393692
v 0.0862896591424942 0.3257424791212478 -0.11798100173473358
v 0.13972865045070648 0.4112684984560409 -0.06882400065660477
v 0.07763766497373581 0.33243250445083766 -0.06475099921226501
v 0.13972865045070648 0.4112684984560409 -0.06882400065660477
v 0.0862896591424942 0.3257424791212478 -0.11798100173473358
v 0.2022276520729065 0.33252548769668727 -0.06421399861574173
v 0.14040765166282654 0.27673747733787685 -0.0724409967660904
v 0.19422465562820435 0.32653048232750087 -0.11654999852180481
v 0.14040765166282654 0.27673747733787685 -0.0724409967660904
v 0.2022276520729065 0.33252548769668727 -0.06421399861574173
v 0.140341654419899 0.2571314831133285 -0.05330299958586693
v 0.19422465562820435 0.32653048232750087 -0.11654999852180481
v 0.14040765166282654 0.27673747733787685 -0.0724409967660904
v 0.18869465589523315 0.28858148649887233 -0.1246429979801178
v 0.1404566615819931 0.28874948219017177 0.16616399586200714
v 0.0862896591424942 0.3257424791212478 0.1238970011472702
v 0.09243366122245789 0.2866724987383285 0.1292790025472641
v 0.0862896591424942 0.3257424791212478 0.1238970011472702
v 0.1404566615819931 0.28874948219017177 0.16616399586200714
v 0.14002364873886108 0.37297248438553005 0.15443100035190582
v 0.1397276520729065 0.4112684984560409 0.06644800305366516
v 0.0862896591424942 0.3257424791212478 0.1238970011472702
v 0.14002364873886108 0.37297248438553005 0.15443100035190582
v 0.0862896591424942 0.3257424791212478 0.1238970011472702
v 0.1397276520729065 0.4112684984560409 0.06644800305366516
v 0.07763766497373581 0.33243250445083766 0.0623759999871254
v 0.14040765166282654 0.27673747733787685 0.07835900038480759
v 0.2022276520729065 0.33252548769668727 0.06183899939060211
v 0.19422465562820435 0.32653048232750087 0.122468002140522
v 0.2022276520729065 0.33252548769668727 0.06183899939060211
v 0.14040765166282654 0.27673747733787685 0.07835900038480759
v 0.140341654419899 0.2571314831133285 0.050925999879837036
v 0.18869365751743317 0.28858148649887233 0.1276320070028305
v 0.14044365286827087 0.29208850458816676 0.07565899938344955
v 0.19422465562820435 0.32653048232750087 0.122468002140522
v -0.027852341532707214 -0.08399051457091183 -0.22059200704097748
v 0.03761165961623192 -0.036206515507371584 -0.16264699399471283
v 0.06688566505908966 -0.10241451516195149 -0.21108900010585785
v 0.03761165961623192 -0.036206515507371584 -0.16264699399471283
v -0.027852341532707214 -0.08399051457091183 -0.22059200704097748
v -0.017454341053962708 -0.03231751342683048 -0.15506799519062042
v -1.3002604246139526 0.3776285012121597 -0.029911000281572342
v -1.3164353370666504 0.4027584751005569 -1.6602082670711722e-16
v -1.273794412612915 0.39156448439315944 -1.6079881564773525e-16
v -1.3164353370666504 0.4027584751005569 -1.6602082670711722e-16
v -1.3002604246139526 0.3776285012121597 -0.029911000281572342
v -1.3281513452529907 0.39126050070480495 -0.016414999961853027
v -0.017455341294407845 -0.03231751342683048 0.15506799519062042
v -0.027852341532707214 -0.08398851036473126 0.22059200704097748
v 0.03761165961623192 -0.036206515507371584 0.162648007273674
v 0.03761165961623192 -0.036206515507371584 0.162648007273674
v -0.027852341532707214 -0.08398851036473126 0.22059200704097748
v 0.06688666343688965 -0.10241451516195149 0.21108900010585785
v 0.14044365286827087 0.29208850458816676 -0.07266899943351746
v 0.14078965783119202 0.2226514776106277 -0.10326600074768066
v 0.18869465589523315 0.28858148649887233 -0.1246429979801178
v -1.5555773973464966 -0.1819205026273331 0.15696300566196442
v -1.6356223821640015 -0.19007851585193486 0.15559999644756317
v -1.5799434185028076 -0.22338551684661717 0.2006639987230301
v 0.8681826591491699 0.024533483838597825 0.07709100097417831
v 0.9562656879425049 0.015727486168901017 0.00005999999848427251
v 0.9524747133255005 0.020386483227769425 0.08170799911022186
v 0.9562656879425049 0.015727486168901017 0.00005999999848427251
v 0.8681826591491699 0.024533483838597825 0.07709100097417831
v 0.8625437021255493 0.02017948374704509 0.00005999999848427251
v 0.9562656879425049 0.015727486168901017 0.00005999999848427251
v 0.8681826591491699 0.024533483838597825 -0.06709200143814087
v 0.9524747133255005 0.020386483227769425 -0.07170899957418442
v 0.8681826591491699 0.024533483838597825 -0.06709200143814087
v 0.9562656879425049 0.015727486168901017 0.00005999999848427251
v 0.8625437021255493 0.02017948374704509 0.00005999999848427251
v 0.14044365286827087 0.29208850458816676 0.07565899938344955
v 0.18869365751743317 0.28858148649887233 0.1276320070028305
v 0.14078965783119202 0.2226514776106277 0.11243899911642075
v -0.849133312702179 -0.2574214975480637 -0.1360280066728592
v -0.8005773425102234 -0.21189950808330388 -0.090038001537323
v -0.8960253000259399 -0.25915751262946934 -0.117917999625206
v -0.02963334135711193 0.2920174856539169 0.14122800529003143
v -0.07038433849811554 0.2902544994707504 0.10992699861526489
v -0.029350340366363525 0.23592948511795192 0.11494500190019608
v -0.26319533586502075 0.3310385008211532 0.0030159999150782824
v -0.19970133900642395 0.26292147830680995 -0.04832199960947037
v -0.19969934225082397 0.24877848819450527 0.0030159999150782824
v -0.19970133900642395 0.26292147830680995 -0.04832199960947037
v -0.26319533586502075 0.3310385008211532 0.0030159999150782824
v -0.2567053437232971 0.33137750223831325 -0.05872799828648567
v -0.26319533586502075 0.3310385008211532 0.0030159999150782824
v -0.19970235228538513 0.26292147830680995 0.04643400013446808
v -0.2567053437232971 0.33137750223831325 0.05684100091457367
v -0.19970235228538513 0.26292147830680995 0.04643400013446808
v -0.26319533586502075 0.3310385008211532 0.0030159999150782824
v -0.19969934225082397 0.24877848819450527 0.0030159999150782824
v -0.02963334135711193 0.2920174856539169 -0.13823799788951874
v -0.029350340366363525 0.23592948511795192 -0.10670799762010574
v -0.07038433849811554 0.2902554829473892 -0.10693799704313278
v -1.1401653289794922 0.4267154891844192 0.01553799957036972
v -1.1269134283065796 0.43482750252441554 -1.4281107839605512e-16
v -1.1777384281158447 0.4370515008325973 -1.4903535442516554e-16
v -1.1269134283065796 0.43482750252441554 -1.4281107839605512e-16
v -1.1401653289794922 0.4267154891844192 0.01553799957036972
v -1.11734139919281 0.4082084854002395 0.02831299975514412
v -1.11734139919281 0.4082084854002395 0.02831299975514412
v -1.0899653434753418 0.41542949870781093 -1.3828624162671245e-16
v -1.1269134283065796 0.43482750252441554 -1.4281107839605512e-16
v -0.9573413133621216 0.4682084877844253 -0.0237830001860857
v -0.9669123291969299 0.49482744530395656 -1.232165990527724e-16
v -0.9299653172492981 0.47542947128967433 -1.1869190786721753e-16
v -0.9669123291969299 0.49482744530395656 -1.232165990527724e-16
v -0.9573413133621216 0.4682084877844253 -0.0237830001860857
v -0.9801653027534485 0.4867144782896438 -0.013051999732851982
v -0.631372332572937 -0.20428450807376713 0.0920419991016388
v -0.528462290763855 -0.1588415171150765 -6.952196291646061e-17
v -0.6342613101005554 -0.21078850730701298 -8.247860239413602e-17
v -0.528462290763855 -0.1588415171150765 -6.952196291646061e-17
v -0.631372332572937 -0.20428450807376713 0.0920419991016388
v -0.531022310256958 -0.15087851538701863 0.11676999926567078
v -0.528462290763855 -0.1588415171150765 -6.952196291646061e-17
v -0.631372332572937 -0.20428450807376713 -0.09204299747943878
v -0.6342613101005554 -0.21078850730701298 -8.247860239413602e-17
v -0.631372332572937 -0.20428450807376713 -0.09204299747943878
v -0.528462290763855 -0.1588415171150765 -6.952196291646061e-17
v -0.531022310256958 -0.15087851538701863 -0.11676999926567078
v -0.2488403469324112 0.32529550389007716 -0.10711999982595444
v -0.1996423453092575 0.2807464857454696 -0.06571999937295914
v -0.2567053437232971 0.33137750223831325 -0.05872799828648567
v -0.19970133900642395 0.26292147830680995 -0.04832199960947037
v -0.2567053437232971 0.33137750223831325 -0.05872799828648567
v -0.1996423453092575 0.2807464857454696 -0.06571999937295914
v -0.1996423453092575 0.2807464857454696 -0.06571999937295914
v -0.2488403469324112 0.32529550389007716 -0.10711999982595444
v -0.24325434863567352 0.28977748349861293 -0.11467400193214417
v -0.1996423453092575 0.2807464857454696 0.07136999815702438
v -0.2488403469324112 0.32529550389007716 0.1127690002322197
v -0.2567053437232971 0.33137750223831325 0.05684100091457367
v -0.1996423453092575 0.2807464857454696 0.07136999815702438
v -0.2567053437232971 0.33137750223831325 0.05684100091457367
v -0.19970235228538513 0.26292147830680995 0.04643400013446808
v -0.19960933923721313 0.2947014828081527 0.06891600042581558
v -0.2432553470134735 0.28977748349861293 0.11766300350427628
v -0.2488403469324112 0.32529550389007716 0.1127690002322197
v -0.6616563200950623 -0.2040845046882233 -0.16530899703502655
v -0.5875473022460938 -0.159795519257029 -0.13056699931621552
v -0.5651293396949768 -0.2316155026797852 -0.16722600162029266
v -0.5875473022460938 -0.159795519257029 -0.13056699931621552
v -0.6616563200950623 -0.2040845046882233 -0.16530899703502655
v -0.6454793214797974 -0.15009452059312672 -0.12033899873495102
v -0.6616563200950623 -0.2040845046882233 -0.16530899703502655
v -0.7314813137054443 -0.18188651307864995 -0.11805099993944168
v -0.6454793214797974 -0.15009452059312672 -0.12033899873495102
v -1.6758233308792114 0.36827447608665614 -2.100331615722631e-16
v -1.6915004253387451 0.3555944819803634 0.020163999870419502
v -1.6590003967285156 0.33564850286201625 0.036740999668836594
v -1.6590003967285156 0.33564850286201625 0.036740999668836594
v -1.625002384185791 0.34957450226501613 -2.038093884689651e-16
v -1.6758233308792114 0.36827447608665614 -2.100331615722631e-16
v -1.6915004253387451 0.3555944819803634 0.020163999870419502
v -1.6758233308792114 0.36827447608665614 -2.100331615722631e-16
v -1.7415913343429565 0.3625294823999801 -2.1808741257924703e-16
v -0.6616563200950623 -0.2040845046882233 0.16530899703502655
v -0.5875473022460938 -0.159795519257029 0.13056500256061554
v -0.6454793214797974 -0.15009452059312672 0.12033899873495102
v -0.5875473022460938 -0.159795519257029 0.13056500256061554
v -0.6616563200950623 -0.2040845046882233 0.16530899703502655
v -0.5651293396949768 -0.2316155026797852 0.16722600162029266
v -0.6616563200950623 -0.2040845046882233 0.16530899703502655
v -0.6454793214797974 -0.15009452059312672 0.12033899873495102
v -0.7314823269844055 -0.18188551470084996 0.11805099993944168
v -0.936974287033081 0.40806549385742336 -0.03845499828457832
v -0.9558113217353821 0.3902215023394027 -1.2185712440731904e-16
v -0.9821863174438477 0.3940394778604904 -1.250871257329957e-16
v -0.9558113217353821 0.3902215023394027 -1.2185712440731904e-16
v -0.936974287033081 0.40806549385742336 -0.03845499828457832
v -0.9328123331069946 0.3907764811869064 -0.019324999302625656
v -0.9558113217353821 0.3902215023394027 -1.2185712440731904e-16
v -0.9328123331069946 0.3907764811869064 0.019324999302625656
v -0.936974287033081 0.40806549385742336 0.038453999906778336
v -0.9558113217353821 0.3902215023394027 -1.2185712440731904e-16
v -0.936974287033081 0.40806549385742336 0.038453999906778336
v -0.9821863174438477 0.3940394778604904 -1.250871257329957e-16
v -0.8960263133049011 -0.25915649935050816 0.117917999625206
v -0.8056023120880127 -0.21088950737758488 0.09782800078392029
v -0.849133312702179 -0.2574214975480637 0.1360280066728592
v -0.37027135491371155 0.4112684984560409 -0.06882400065660477
v -0.3157753348350525 0.32653048232750087 -0.11654999852180481
v -0.36997634172439575 0.37297248438553005 -0.1485150009393692
v -0.3157753348350525 0.32653048232750087 -0.11654999852180481
v -0.37027135491371155 0.4112684984560409 -0.06882400065660477
v -0.30777233839035034 0.33252548769668727 -0.06421399861574173
v -0.36954236030578613 0.28874948219017177 -0.16317500174045563
v -0.36997634172439575 0.37297248438553005 -0.1485150009393692
v -0.3157753348350525 0.32653048232750087 -0.11654999852180481
v -0.36954236030578613 0.28874948219017177 -0.16317500174045563
v -0.3157753348350525 0.32653048232750087 -0.11654999852180481
v -0.3213053345680237 0.28858050302223354 -0.1246429979801178
v -0.3157753348350525 0.32653048232750087 0.122468002140522
v -0.37027233839035034 0.4112684984560409 0.06644800305366516
v -0.36997634172439575 0.37297248438553005 0.15443100035190582
v -0.37027233839035034 0.4112684984560409 0.06644800305366516
v -0.3157753348350525 0.32653048232750087 0.122468002140522
v -0.30777233839035034 0.33252548769668727 0.06183899939060211
v -0.36997634172439575 0.37297248438553005 0.15443100035190582
v -0.3695433437824249 0.28874948219017177 0.16616399586200714
v -0.3157753348350525 0.32653048232750087 0.122468002140522
v -0.3157753348350525 0.32653048232750087 0.122468002140522
v -0.3695433437824249 0.28874948219017177 0.16616399586200714
v -0.32130634784698486 0.28858148649887233 0.1276320070028305
v -0.3007713556289673 0.33186748222068935 0.0031679999083280563
v -0.37027135491371155 0.4112684984560409 -0.06882400065660477
v -0.3703623414039612 0.4190024991388717 0.0031679999083280563
v -0.37027135491371155 0.4112684984560409 -0.06882400065660477
v -0.3007713556289673 0.33186748222068935 0.0031679999083280563
v -0.30777233839035034 0.33252548769668727 -0.06421399861574173
v -0.37027233839035034 0.4112684984560409 0.06644800305366516
v -0.3007713556289673 0.33186748222068935 0.0031679999083280563
v -0.3703623414039612 0.4190024991388717 0.0031679999083280563
v -0.3007713556289673 0.33186748222068935 0.0031679999083280563
v -0.37027233839035034 0.4112684984560409 0.06644800305366516
v -0.30777233839035034 0.33252548769668727 0.06183899939060211
v -0.017454341053962708 -0.03231751342683048 -0.15506799519062042
v -0.027852341532707214 -0.08399051457091183 -0.22059200704097748
v -0.09737833589315414 -0.07261951296969266 -0.12480899691581726
v -0.017455341294407845 -0.03231751342683048 0.15506799519062042
v -0.09737934172153473 -0.07261951296969266 0.12481000274419785
v -0.027852341532707214 -0.08398851036473126 0.22059200704097748
v -1.5535783767700195 -0.3117345015649399 0.07709100097417831
v -1.4675743579864502 -0.2907744984273514 0.00005999999848427251
v -1.472697377204895 -0.2876395027284226 0.08170799911022186
v -1.4675743579864502 -0.2907744984273514 0.00005999999848427251
v -1.5535783767700195 -0.3117345015649399 0.07709100097417831
v -1.5574513673782349 -0.3177145163659653 0.00005999999848427251
v -1.4675743579864502 -0.2907744984273514 0.00005999999848427251
v -1.5535783767700195 -0.3117345015649399 -0.06709200143814087
v -1.472697377204895 -0.2876395027284226 -0.07170899957418442
v -1.5535783767700195 -0.3117345015649399 -0.06709200143814087
v -1.4675743579864502 -0.2907744984273514 0.00005999999848427251
v -1.5574513673782349 -0.3177145163659653 0.00005999999848427251
v -0.24325434863567352 0.28977748349861293 -0.11467400193214417
v -0.1992943435907364 0.23157646850303798 -0.10775800049304962
v -0.19960933923721313 0.2947014828081527 -0.06592699885368347
v -1.5555773973464966 -0.1819205026273331 -0.14696399867534637
v -1.5799434185028076 -0.22338551684661717 -0.19066399335861206
v -1.6356223821640015 -0.19007851585193486 -0.15188999474048615
v -0.2432553470134735 0.28977748349861293 0.11766300350427628
v -0.19960933923721313 0.2947014828081527 0.06891600042581558
v -0.1992943435907364 0.23157748178199916 0.11636800318956375
v -0.9564692974090576 -0.4834255020265183 9.999999974752427e-7
v -0.8627563118934631 -0.4161964993123612 -0.09729599952697754
v -0.8669263124465942 -0.41535249754234166 9.999999974752427e-7
v -0.8627563118934631 -0.4161964993123612 -0.09729599952697754
v -0.9564692974090576 -0.4834255020265183 9.999999974752427e-7
v -0.9573532938957214 -0.4788905124311051 -0.11886999756097794
v -0.9573532938957214 -0.4788905124311051 0.11887200176715851
v -0.9564692974090576 -0.4834255020265183 9.999999974752427e-7
v -0.8627563118934631 -0.4161964993123612 0.09729599952697754
v -0.8627563118934631 -0.4161964993123612 0.09729599952697754
v -0.9564692974090576 -0.4834255020265183 9.999999974752427e-7
v -0.8669263124465942 -0.41535249754234166 9.999999974752427e-7
v -0.15574534237384796 0.2915124853010574 -0.11317700147628784
v -0.1992943435907364 0.23157646850303798 -0.10775800049304962
v -0.1995963454246521 0.2916654904241958 -0.1482049971818924
v -0.794472336769104 -0.21253650292201848 0.06981000304222107
v -0.7265473008155823 -0.2271045039538941 0.12381800264120102
v -0.7994832992553711 -0.2619795243386826 0.12504799664020538
v -0.794472336769104 -0.21253650292201848 -0.06980899721384048
v -0.7994832992553711 -0.2619795243386826 -0.1250459998846054
v -0.7265473008155823 -0.2271045039538941 -0.12381699681282043
v 0.022783661261200905 0.32916450098709255 0.05270100012421608
v -0.029730340465903282 0.265187468087236 0.043441999703645706
v 0.028724661096930504 0.3286074955816665 0.0029150000773370266
v -0.029730340465903282 0.265187468087236 0.043441999703645706
v -0.029729340225458145 0.25198548630432277 0.0029150000773370266
v 0.028724661096930504 0.3286074955816665 0.0029150000773370266
v 0.028724661096930504 0.3286074955816665 0.0029150000773370266
v -0.029729340225458145 0.25198548630432277 0.0029150000773370266
v -0.029730340465903282 0.265187468087236 -0.04500399902462959
v 0.028724661096930504 0.3286074955816665 0.0029150000773370266
v -0.029730340465903282 0.265187468087236 -0.04500399902462959
v 0.022783661261200905 0.32916450098709255 -0.054262999445199966
v 0.323116660118103 0.08681248471693187 0.2030390053987503
v 0.32345864176750183 0.15354148641781 0.15443499386310577
v 0.27387166023254395 0.08847148314670711 0.16069699823856354
v 0.323116660118103 0.08681248471693187 -0.19813700020313263
v 0.27387166023254395 0.08847148314670711 -0.15579600632190704
v 0.32345864176750183 0.15354148641781 -0.15174700319766998
v 0.31040266156196594 0.2916654904241958 -0.1482049971818924
v 0.26115965843200684 0.32529550389007716 -0.10711999982595444
v 0.3100096583366394 0.3682315011377731 -0.1348779946565628
v 0.26115965843200684 0.32529550389007716 -0.10711999982595444
v 0.31040266156196594 0.2916654904241958 -0.1482049971818924
v 0.2667456567287445 0.28977748349861293 -0.11467400193214417
v 0.3100096583366394 0.3682315011377731 -0.1348779946565628
v 0.26115965843200684 0.32529550389007716 -0.10711999982595444
v 0.30974066257476807 0.4030464847441116 -0.06243100017309189
v 0.2532946467399597 0.33137750223831325 -0.05872799828648567
v 0.30974066257476807 0.4030464847441116 -0.06243100017309189
v 0.26115965843200684 0.32529550389007716 -0.10711999982595444
v 0.31040266156196594 0.291666503703157 0.1511950045824051
v 0.26115965843200684 0.32529550389007716 0.1127690002322197
v 0.2667446434497833 0.28977748349861293 0.11766300350427628
v 0.26115965843200684 0.32529550389007716 0.1127690002322197
v 0.31040266156196594 0.291666503703157 0.1511950045824051
v 0.3100096583366394 0.3682324846144119 0.14052699506282806
v 0.30974066257476807 0.4030464847441116 0.0605430006980896
v 0.26115965843200684 0.32529550389007716 0.1127690002322197
v 0.3100096583366394 0.3682324846144119 0.14052699506282806
v 0.26115965843200684 0.32529550389007716 0.1127690002322197
v 0.30974066257476807 0.4030464847441116 0.0605430006980896
v 0.2532946467399597 0.33137750223831325 0.05684100091457367
v 0.24680465459823608 0.3310385008211532 0.0030159999150782824
v 0.30965766310691833 0.41007747844413905 0.0030159999150782824
v 0.30974066257476807 0.4030464847441116 -0.06243100017309189
v 0.24680465459823608 0.3310385008211532 0.0030159999150782824
v 0.30974066257476807 0.4030464847441116 -0.06243100017309189
v 0.2532946467399597 0.33137750223831325 -0.05872799828648567
v 0.2532946467399597 0.33137750223831325 0.05684100091457367
v 0.30974066257476807 0.4030464847441116 0.0605430006980896
v 0.24680465459823608 0.3310385008211532 0.0030159999150782824
v 0.30974066257476807 0.4030464847441116 0.0605430006980896
v 0.30965766310691833 0.41007747844413905 0.0030159999150782824
v 0.24680465459823608 0.3310385008211532 0.0030159999150782824
v 0.022783661261200905 0.32916450098709255 -0.054262999445199966
v -0.02967534027993679 0.28182547882751613 -0.06124600023031235
v 0.015992658212780952 0.32407748297409206 -0.0986739993095398
v -0.02967534027993679 0.28182547882751613 -0.06124600023031235
v 0.022783661261200905 0.32916450098709255 -0.054262999445199966
v -0.029730340465903282 0.265187468087236 -0.04500399902462959
v 0.015992658212780952 0.32407748297409206 -0.0986739993095398
v -0.02967534027993679 0.28182547882751613 -0.06124600023031235
v 0.011299659498035908 0.29187348083213954 -0.10554099828004837
v -0.02967534027993679 0.28182547882751613 0.06671900302171707
v 0.022783661261200905 0.32916450098709255 0.05270100012421608
v 0.015992658212780952 0.32407748297409206 0.1041480004787445
v 0.022783661261200905 0.32916450098709255 0.05270100012421608
v -0.02967534027993679 0.28182547882751613 0.06671900302171707
v -0.029730340465903282 0.265187468087236 0.043441999703645706
v 0.011299659498035908 0.29187348083213954 0.10852999985218048
v -0.02964434027671814 0.29485147789673 0.06442800164222717
v 0.015992658212780952 0.32407748297409206 0.1041480004787445
v -0.6454793214797974 -0.15009452059312672 0.12033899873495102
v -0.6545953154563904 -0.20396651729389043 0.05259900167584419
v -0.7314823269844055 -0.18188551470084996 0.11805099993944168
v -0.6454793214797974 -0.15009452059312672 -0.12033899873495102
v -0.7314813137054443 -0.18188651307864995 -0.11805099993944168
v -0.6545953154563904 -0.20396651729389043 -0.05260000005364418
v 0.1404566615819931 0.28874948219017177 0.16616399586200714
v 0.09243366122245789 0.2866724987383285 0.1292790025472641
v 0.14078965783119202 0.2226514776106277 0.11243899911642075
v 0.323116660118103 0.08681248471693187 0.2030390053987503
v 0.2675706446170807 0.02654048398689418 0.1545190066099167
v 0.32267266511917114 -0.011182515243133018 0.18956999480724335
v 0.2675706446170807 0.02654048398689418 0.1545190066099167
v 0.323116660118103 0.08681248471693187 0.2030390053987503
v 0.27387166023254395 0.08847148314670711 0.16069699823856354
v 0.2586996555328369 0.0005374845917621163 0.12150999903678894
v 0.32267266511917114 -0.011182515243133018 0.18956999480724335
v 0.2675706446170807 0.02654048398689418 0.1545190066099167
v 0.32267266511917114 -0.011182515243133018 0.18956999480724335
v 0.2586996555328369 0.0005374845917621163 0.12150999903678894
v 0.32236865162849426 -0.05845651246054978 0.12897400557994843
v 0.2675706446170807 0.02654048398689418 -0.14451999962329865
v 0.323116660118103 0.08681248471693187 -0.19813700020313263
v 0.32267266511917114 -0.011182515243133018 -0.1795700043439865
v 0.323116660118103 0.08681248471693187 -0.19813700020313263
v 0.2675706446170807 0.02654048398689418 -0.14451999962329865
v 0.27387166023254395 0.08847148314670711 -0.15579600632190704
v 0.32267266511917114 -0.011182515243133018 -0.1795700043439865
v 0.2586996555328369 0.0005374845917621163 -0.1115109995007515
v 0.2675706446170807 0.02654048398689418 -0.14451999962329865
v 0.2586996555328369 0.0005374845917621163 -0.1115109995007515
v 0.32267266511917114 -0.011182515243133018 -0.1795700043439865
v 0.32236865162849426 -0.05845651246054978 -0.11897499859333038
v 0.868968665599823 0.037016484593907883 0.1527249962091446
v 0.8726716637611389 0.11662248865322261 0.2006639987230301
v 0.8349546790122986 0.08708148047880321 0.15883000195026398
v 0.8726716637611389 0.11662248865322261 0.2006639987230301
v 0.868968665599823 0.037016484593907883 0.1527249962091446
v 0.9335846900939941 0.04335748747543483 0.18735699355602264
v 0.868968665599823 0.037016484593907883 0.1527249962091446
v 0.9524747133255005 0.020386483227769425 0.08170799911022186
v 0.9335846900939941 0.04335748747543483 0.18735699355602264
v 0.9524747133255005 0.020386483227769425 0.08170799911022186
v 0.868968665599823 0.037016484593907883 0.1527249962091446
v 0.8681826591491699 0.024533483838597825 0.07709100097417831
v -1.11734139919281 0.4082084854002395 -0.02831299975514412
v -1.1269134283065796 0.43482750252441554 -1.4281107839605512e-16
v -1.0899653434753418 0.41542949870781093 -1.3828624162671245e-16
v -1.1269134283065796 0.43482750252441554 -1.4281107839605512e-16
v -1.11734139919281 0.4082084854002395 -0.02831299975514412
v -1.1401653289794922 0.4267154891844192 -0.01553799957036972
v 0.1404566615819931 0.28874948219017177 -0.16317500174045563
v 0.14078965783119202 0.2226514776106277 -0.10326600074768066
v 0.09243366122245789 0.2866724987383285 -0.12629100680351257
v -0.8991783261299133 -0.26297051116271825 9.999999974752427e-7
v -0.8056023120880127 -0.21088950737758488 -0.09782800078392029
v -0.8128383159637451 -0.20943451329513402 9.999999974752427e-7
v -0.8056023120880127 -0.21088950737758488 -0.09782800078392029
v -0.8991783261299133 -0.26297051116271825 9.999999974752427e-7
v -0.8960253000259399 -0.25915751262946934 -0.117917999625206
v -0.8960263133049011 -0.25915649935050816 0.117917999625206
v -0.8991783261299133 -0.26297051116271825 9.999999974752427e-7
v -0.8056023120880127 -0.21088950737758488 0.09782800078392029
v -0.8056023120880127 -0.21088950737758488 0.09782800078392029
v -0.8991783261299133 -0.26297051116271825 9.999999974752427e-7
v -0.8128383159637451 -0.20943451329513402 9.999999974752427e-7
v 0.8726716637611389 0.11662248865322261 -0.19066399335861206
v 0.868968665599823 0.037016484593907883 -0.14272700250148773
v 0.8349546790122986 0.08708148047880321 -0.14883099496364594
v 0.868968665599823 0.037016484593907883 -0.14272700250148773
v 0.8726716637611389 0.11662248865322261 -0.19066399335861206
v 0.9335846900939941 0.04335748747543483 -0.1773570030927658
v 0.9335846900939941 0.04335748747543483 -0.1773570030927658
v 0.9524747133255005 0.020386483227769425 -0.07170899957418442
v 0.868968665599823 0.037016484593907883 -0.14272700250148773
v 0.8681826591491699 0.024533483838597825 -0.06709200143814087
v 0.868968665599823 0.037016484593907883 -0.14272700250148773
v 0.9524747133255005 0.020386483227769425 -0.07170899957418442
v -0.02964434027671814 0.29485147789673 -0.06143900007009506
v -0.029350340366363525 0.23592948511795192 -0.10670799762010574
v 0.011299659498035908 0.29187348083213954 -0.10554099828004837
v -0.02964434027671814 0.29485147789673 0.06442800164222717
v 0.011299659498035908 0.29187348083213954 0.10852999985218048
v -0.029350340366363525 0.23592948511795192 0.11494500190019608
v -1.4138293266296387 0.04244448587850719 0.15927700698375702
v -1.4582563638687134 -0.009066514963348815 0.10649000108242035
v -1.4758003950119019 0.04211448476270824 0.16545900702476501
v -1.4758003950119019 0.04211448476270824 0.16545900702476501
v -1.4582563638687134 -0.009066514963348815 0.10649000108242035
v -1.4773213863372803 -0.00742051593407006 0.10325799882411957
v -1.5777174234390259 -0.22471650346561284 -0.08801700174808502
v -1.5555773973464966 -0.1819205026273331 -0.14696399867534637
v -1.6356223821640015 -0.19007851585193486 -0.15188999474048615
v -0.08899734169244766 0.32876848772720485 0.0029150000773370266
v -0.029730340465903282 0.265187468087236 0.043441999703645706
v -0.08293834328651428 0.3290844817514816 0.05315599963068962
v -0.029730340465903282 0.265187468087236 0.043441999703645706
v -0.08899734169244766 0.32876848772720485 0.0029150000773370266
v -0.029729340225458145 0.25198548630432277 0.0029150000773370266
v -0.08899734169244766 0.32876848772720485 0.0029150000773370266
v -0.029730340465903282 0.265187468087236 -0.04500399902462959
v -0.029729340225458145 0.25198548630432277 0.0029150000773370266
v -0.029730340465903282 0.265187468087236 -0.04500399902462959
v -0.08899734169244766 0.32876848772720485 0.0029150000773370266
v -0.08293834328651428 0.3290844817514816 -0.05471999943256378
v 0.2586996555328369 0.0005374845917621163 0.12150999903678894
v 0.32227566838264465 -0.0776175114457211 3.466339399828375e-17
v 0.32236865162849426 -0.05845651246054978 0.12897400557994843
v 0.32227566838264465 -0.0776175114457211 3.466339399828375e-17
v 0.2586996555328369 0.0005374845917621163 0.12150999903678894
v 0.2513776421546936 -0.012148514682491729 2.5980889389898445e-17
v 0.32227566838264465 -0.0776175114457211 3.466339399828375e-17
v 0.2586996555328369 0.0005374845917621163 -0.1115109995007515
v 0.32236865162849426 -0.05845651246054978 -0.11897499859333038
v 0.2586996555328369 0.0005374845917621163 -0.1115109995007515
v 0.32227566838264465 -0.0776175114457211 3.466339399828375e-17
v 0.2513776421546936 -0.012148514682491729 2.5980889389898445e-17
v -0.07559733837842941 0.3234084804411331 -0.09988699853420258
v -0.02967534027993679 0.28182547882751613 -0.06124600023031235
v -0.08293834328651428 0.3290844817514816 -0.05471999943256378
v -0.029730340465903282 0.265187468087236 -0.04500399902462959
v -0.08293834328651428 0.3290844817514816 -0.05471999943256378
v -0.02967534027993679 0.28182547882751613 -0.06124600023031235
v -0.02967534027993679 0.28182547882751613 -0.06124600023031235
v -0.07559733837842941 0.3234084804411331 -0.09988699853420258
v -0.07038433849811554 0.2902554829473892 -0.10693799704313278
v -1.2736753225326538 0.3530494828577438 -0.04073899984359741
v -1.273794412612915 0.39156448439315944 -1.6079881564773525e-16
v -1.2303303480148315 0.37575947836593776 -1.5547600766763003e-16
v -1.273794412612915 0.39156448439315944 -1.6079881564773525e-16
v -1.2736753225326538 0.3530494828577438 -0.04073899984359741
v -1.3002604246139526 0.3776285012121597 -0.029911000281572342
v -1.273794412612915 0.39156448439315944 -1.6079881564773525e-16
v -1.3002604246139526 0.3776285012121597 0.029911000281572342
v -1.2736753225326538 0.3530494828577438 0.040738001465797424
v -1.2736753225326538 0.3530494828577438 0.040738001465797424
v -1.2303303480148315 0.37575947836593776 -1.5547600766763003e-16
v -1.273794412612915 0.39156448439315944 -1.6079881564773525e-16
v 0.03761165961623192 -0.036206515507371584 0.162648007273674
v -0.015078340657055378 -0.08772951393767209 0.09579800069332123
v -0.017455341294407845 -0.03231751342683048 0.15506799519062042
v -0.0218503400683403 -0.08716651081486554 0.07019100338220596
v -0.017455341294407845 -0.03231751342683048 0.15506799519062042
v -0.015078340657055378 -0.08772951393767209 0.09579800069332123
v -0.32130634784698486 0.28858148649887233 0.1276320070028305
v -0.3695433437824249 0.28874948219017177 0.16616399586200714
v -0.3692103326320648 0.22265249088958888 0.11587200313806534
v -0.017454341053962708 -0.03231751342683048 -0.15506799519062042
v -0.0218503400683403 -0.08716651081486554 -0.07018999755382538
v -0.015078340657055378 -0.08772951393767209 -0.09579800069332123
v -0.015078340657055378 -0.08772951393767209 -0.09579800069332123
v 0.03761165961623192 -0.036206515507371584 -0.16264699399471283
v -0.017454341053962708 -0.03231751342683048 -0.15506799519062042
v -0.02967534027993679 0.28182547882751613 0.06671900302171707
v -0.07559733837842941 0.3234084804411331 0.10536099970340729
v -0.08293834328651428 0.3290844817514816 0.05315599963068962
v -0.02967534027993679 0.28182547882751613 0.06671900302171707
v -0.08293834328651428 0.3290844817514816 0.05315599963068962
v -0.029730340465903282 0.265187468087236 0.043441999703645706
v -0.02964434027671814 0.29485147789673 0.06442800164222717
v -0.07038433849811554 0.2902544994707504 0.10992699861526489
v -0.07559733837842941 0.3234084804411331 0.10536099970340729
v -0.07038433849811554 0.2902544994707504 0.10992699861526489
v -0.02964434027671814 0.29485147789673 0.06442800164222717
v -0.029350340366363525 0.23592948511795192 0.11494500190019608
v -0.07038433849811554 0.2902554829473892 -0.10693799704313278
v -0.029350340366363525 0.23592948511795192 -0.10670799762010574
v -0.02964434027671814 0.29485147789673 -0.06143900007009506
v -0.5651293396949768 -0.2316155026797852 -0.16722600162029266
v -0.531022310256958 -0.15087851538701863 -0.11676999926567078
v -0.48380035161972046 -0.24874452158256383 -0.12556500732898712
v -0.531022310256958 -0.15087851538701863 -0.11676999926567078
v -0.5651293396949768 -0.2316155026797852 -0.16722600162029266
v -0.5875473022460938 -0.159795519257029 -0.13056699931621552
v -0.3213053345680237 0.28858050302223354 -0.1246429979801178
v -0.3692103326320648 0.2226514776106277 -0.10669799894094467
v -0.36954236030578613 0.28874948219017177 -0.16317500174045563
v -0.5651293396949768 -0.2316155026797852 0.16722600162029266
v -0.531022310256958 -0.15087851538701863 0.11676999926567078
v -0.5875473022460938 -0.159795519257029 0.13056500256061554
v -0.531022310256958 -0.15087851538701863 0.11676999926567078
v -0.5651293396949768 -0.2316155026797852 0.16722600162029266
v -0.48380035161972046 -0.24874452158256383 0.12556500732898712
v 0.4710536599159241 0.08447948441461711 0.2012930065393448
v 0.4713786542415619 0.14790649310306697 0.15314500033855438
v 0.4242456555366516 0.0860564817543426 0.15931899845600128
v -1.6590003967285156 0.33564850286201625 -0.036740999668836594
v -1.6758233308792114 0.36827447608665614 -2.100331615722631e-16
v -1.625002384185791 0.34957450226501613 -2.038093884689651e-16
v -1.6758233308792114 0.36827447608665614 -2.100331615722631e-16
v -1.6590003967285156 0.33564850286201625 -0.036740999668836594
v -1.6915004253387451 0.3555944819803634 -0.020162999629974365
v -0.481275349855423 0.3286074955816665 0.0029150000773370266
v -0.5402513146400452 0.39598249987320094 -0.058173999190330505
v -0.540328323841095 0.40254547790245204 0.0029150000773370266
v -0.5402513146400452 0.39598249987320094 -0.058173999190330505
v -0.481275349855423 0.3286074955816665 0.0029150000773370266
v -0.48721635341644287 0.32916450098709255 -0.054262999445199966
v -0.5402513146400452 0.39598249987320094 0.05661199986934662
v -0.481275349855423 0.3286074955816665 0.0029150000773370266
v -0.540328323841095 0.40254547790245204 0.0029150000773370266
v -0.481275349855423 0.3286074955816665 0.0029150000773370266
v -0.5402513146400452 0.39598249987320094 0.05661199986934662
v -0.48721635341644287 0.32916450098709255 0.05270100012421608
v 0.4710536599159241 0.08447948441461711 -0.19645999372005463
v 0.4242456555366516 0.0860564817543426 -0.15448500216007233
v 0.4713786542415619 0.14790649310306697 -0.15052400529384613
v 0.0922146588563919 -0.028849514493783424 9.999999974752427e-7
v -0.006208340171724558 -0.0889715108220181 -0.10749100148677826
v -0.0021123408805578947 -0.0901205170099339 9.999999974752427e-7
v -0.006208340171724558 -0.0889715108220181 -0.10749100148677826
v 0.0922146588563919 -0.028849514493783424 9.999999974752427e-7
v 0.09276165813207626 -0.0334375147373131 -0.13132600486278534
v 0.09276165813207626 -0.0334375147373131 0.13132600486278534
v 0.0922146588563919 -0.028849514493783424 9.999999974752427e-7
v -0.006208340171724558 -0.0889715108220181 0.10749100148677826
v -0.006208340171724558 -0.0889715108220181 0.10749100148677826
v 0.0922146588563919 -0.028849514493783424 9.999999974752427e-7
v -0.0021123408805578947 -0.0901205170099339 9.999999974752427e-7
v 0.31040266156196594 0.291666503703157 0.1511950045824051
v 0.2667446434497833 0.28977748349861293 0.11766300350427628
v 0.31070566177368164 0.23157646850303798 0.11549700051546097
v -0.0218503400683403 -0.08716651081486554 0.07019100338220596
v -0.09737934172153473 -0.07261951296969266 0.12481000274419785
v -0.017455341294407845 -0.03231751342683048 0.15506799519062042
v 0.31040266156196594 0.2916654904241958 -0.1482049971818924
v 0.31070566177368164 0.23157646850303798 -0.10688599944114685
v 0.2667456567287445 0.28977748349861293 -0.11467400193214417
v -0.0218503400683403 -0.08716651081486554 -0.07018999755382538
v -0.017454341053962708 -0.03231751342683048 -0.15506799519062042
v -0.09737833589315414 -0.07261951296969266 -0.12480899691581726
v -1.5777174234390259 -0.22471650346561284 0.09801600128412247
v -1.6356223821640015 -0.19007851585193486 0.15559999644756317
v -1.5555773973464966 -0.1819205026273331 0.15696300566196442
v -0.8901203274726868 -0.35279152199073643 -0.16481299698352814
v -0.840803325176239 -0.4195655028466782 -0.22059200704097748
v -0.9366443157196045 -0.40819052263542027 -0.21108900010585785
v -0.840803325176239 -0.4195655028466782 -0.22059200704097748
v -0.8901203274726868 -0.35279152199073643 -0.16481299698352814
v -0.8351303339004517 -0.365669522726973 -0.16058500111103058
v -0.840803325176239 -0.4195655028466782 -0.22059200704097748
v -0.8351303339004517 -0.365669522726973 -0.16058500111103058
v -0.7706273198127747 -0.42576751514716954 -0.12480899691581726
v -0.931972324848175 -0.3316005210523209 -0.11755699664354324
v -0.9366443157196045 -0.40819052263542027 -0.21108900010585785
v -1.0101593732833862 -0.40090850397392125 -0.12476500123739243
v -0.9366443157196045 -0.40819052263542027 -0.21108900010585785
v -0.931972324848175 -0.3316005210523209 -0.11755699664354324
v -0.8901203274726868 -0.35279152199073643 -0.16481299698352814
v -1.4799773693084717 -0.0071745163892111274 0.21157200634479523
v -1.4241024255752563 -0.06776151276572556 0.16098900139331818
v -1.3817213773727417 -0.016157513776858756 0.19753099977970123
v -1.4241024255752563 -0.06776151276572556 0.16098900139331818
v -1.4799773693084717 -0.0071745163892111274 0.21157200634479523
v -1.4859223365783691 -0.056087518403371284 0.16742999851703644
v -1.3553563356399536 -0.020579515317519614 0.13435600697994232
v -1.3817213773727417 -0.016157513776858756 0.19753099977970123
v -1.4241024255752563 -0.06776151276572556 0.16098900139331818
v -1.3553563356399536 -0.020579515317519614 0.13435600697994232
v -1.4241024255752563 -0.06776151276572556 0.16098900139331818
v -1.4196743965148926 -0.07886551349802823 0.12657499313354492
v -0.8901203274726868 -0.35279152199073643 0.16481299698352814
v -0.840803325176239 -0.4195655028466782 0.22059200704097748
v -0.8351303339004517 -0.365669522726973 0.16058500111103058
v -0.840803325176239 -0.4195655028466782 0.22059200704097748
v -0.8901203274726868 -0.35279152199073643 0.16481299698352814
v -0.9366443157196045 -0.40819052263542027 0.21108900010585785
v -0.840803325176239 -0.4195655028466782 0.22059200704097748
v -0.7706273198127747 -0.42576751514716954 0.12481000274419785
v -0.8351303339004517 -0.365669522726973 0.16058500111103058
v -0.931972324848175 -0.3315995077733597 0.11755900084972382
v -0.9366443157196045 -0.40819052263542027 0.21108900010585785
v -0.8901203274726868 -0.35279152199073643 0.16481299698352814
v -0.9366443157196045 -0.40819052263542027 0.21108900010585785
v -0.931972324848175 -0.3315995077733597 0.11755900084972382
v -1.0101593732833862 -0.40090752049728245 0.12476599961519241
v -0.7320753335952759 -0.3652975003366074 -0.16801400482654572
v -0.6407303214073181 -0.33818349643989415 -0.13349400460720062
v -0.6411563158035278 -0.4060155193452439 -0.17097599804401398
v -0.6407303214073181 -0.33818349643989415 -0.13349400460720062
v -0.7320753335952759 -0.3652975003366074 -0.16801400482654572
v -0.6962623000144958 -0.3204485218171677 -0.12230899930000305
v -0.7320753335952759 -0.3652975003366074 -0.16801400482654572
v -0.7975203394889832 -0.33360049530311436 -0.1245189979672432
v -0.6962623000144958 -0.3204485218171677 -0.12230899930000305
v -0.6407303214073181 -0.33818349643989415 0.13349199295043945
v -0.7320753335952759 -0.3652975003366074 0.16801400482654572
v -0.641157329082489 -0.4060155193452439 0.170974001288414
v -0.7320753335952759 -0.3652975003366074 0.16801400482654572
v -0.6407303214073181 -0.33818349643989415 0.13349199295043945
v -0.6962623000144958 -0.3204485218171677 0.12230899930000305
v -0.7320753335952759 -0.3652975003366074 0.16801400482654572
v -0.6962623000144958 -0.3204485218171677 0.12230899930000305
v -0.7975203394889832 -0.33360049530311436 0.1245189979672432
v 0.03761165961623192 -0.036206515507371584 -0.16264699399471283
v -0.015078340657055378 -0.08772951393767209 -0.09579800069332123
v 0.09276165813207626 -0.0334375147373131 -0.13132600486278534
v -0.14344234764575958 0.33146249846176296 0.05635400116443634
v -0.19970235228538513 0.26292147830680995 0.04643400013446808
v -0.13707634806632996 0.33086549833969264 0.0030159999150782824
v -0.19970235228538513 0.26292147830680995 0.04643400013446808
v -0.19969934225082397 0.24877848819450527 0.0030159999150782824
v -0.13707634806632996 0.33086549833969264 0.0030159999150782824
v -0.13707634806632996 0.33086549833969264 0.0030159999150782824
v -0.19969934225082397 0.24877848819450527 0.0030159999150782824
v -0.19970133900642395 0.26292147830680995 -0.04832199960947037
v -0.13707634806632996 0.33086549833969264 0.0030159999150782824
v -0.19970133900642395 0.26292147830680995 -0.04832199960947037
v -0.14344234764575958 0.33146249846176296 -0.05824099853634834
v -0.4940073490142822 0.32407748297409206 0.1041480004787445
v -0.5402513146400452 0.39598249987320094 0.05661199986934662
v -0.540000319480896 0.3634854812975326 0.13127200305461884
v -0.5402513146400452 0.39598249987320094 0.05661199986934662
v -0.4940073490142822 0.32407748297409206 0.1041480004787445
v -0.48721635341644287 0.32916450098709255 0.05270100012421608
v -0.540000319480896 0.3634854812975326 0.13127200305461884
v -0.5396333336830139 0.2920174856539169 0.14122800529003143
v -0.4940073490142822 0.32407748297409206 0.1041480004787445
v -0.4940073490142822 0.32407748297409206 0.1041480004787445
v -0.5396333336830139 0.2920174856539169 0.14122800529003143
v -0.498700350522995 0.29187348083213954 0.10852999985218048
v -0.498700350522995 0.29187348083213954 0.10852999985218048
v -0.5396333336830139 0.2920174856539169 0.14122800529003143
v -0.5393503308296204 0.23592948511795192 0.11573199927806854
v -0.5402513146400452 0.39598249987320094 -0.058173999190330505
v -0.4940073490142822 0.32407748297409206 -0.0986739993095398
v -0.540000319480896 0.3634854812975326 -0.12579800188541412
v -0.4940073490142822 0.32407748297409206 -0.0986739993095398
v -0.5402513146400452 0.39598249987320094 -0.058173999190330505
v -0.48721635341644287 0.32916450098709255 -0.054262999445199966
v -0.5396333336830139 0.2920174856539169 -0.13823799788951874
v -0.540000319480896 0.3634854812975326 -0.12579800188541412
v -0.4940073490142822 0.32407748297409206 -0.0986739993095398
v -0.5396333336830139 0.2920174856539169 -0.13823799788951874
v -0.4940073490142822 0.32407748297409206 -0.0986739993095398
v -0.498700350522995 0.29187348083213954 -0.10554099828004837
v -0.498700350522995 0.29187348083213954 -0.10554099828004837
v -0.5393503308296204 0.23592948511795192 -0.10749699920415878
v -0.5396333336830139 0.2920174856539169 -0.13823799788951874
v 0.09276165813207626 -0.0334375147373131 0.13132600486278534
v -0.006208340171724558 -0.0889715108220181 0.10749100148677826
v 0.03761165961623192 -0.036206515507371584 0.162648007273674
v -0.6480513215065002 -0.20663451060100407 0.07589200139045715
v -0.5875473022460938 -0.159795519257029 0.13056500256061554
v -0.631372332572937 -0.20428450807376713 0.0920419991016388
v -0.531022310256958 -0.15087851538701863 0.11676999926567078
v -0.631372332572937 -0.20428450807376713 0.0920419991016388
v -0.5875473022460938 -0.159795519257029 0.13056500256061554
v -0.19960933923721313 0.2947014828081527 -0.06592699885368347
v -0.1992943435907364 0.23157646850303798 -0.10775800049304962
v -0.15574534237384796 0.2915124853010574 -0.11317700147628784
v -0.5875473022460938 -0.159795519257029 -0.13056699931621552
v -0.631372332572937 -0.20428450807376713 -0.09204299747943878
v -0.531022310256958 -0.15087851538701863 -0.11676999926567078
v -0.631372332572937 -0.20428450807376713 -0.09204299747943878
v -0.5875473022460938 -0.159795519257029 -0.13056699931621552
v -0.6480513215065002 -0.20663451060100407 -0.07589200139045715
v 0.48036763072013855 0.2920174856539169 -0.13823799788951874
v 0.4344026446342468 0.3234084804411331 -0.09988699853420258
v 0.4799996316432953 0.3634854812975326 -0.12579800188541412
v 0.4344026446342468 0.3234084804411331 -0.09988699853420258
v 0.48036763072013855 0.2920174856539169 -0.13823799788951874
v 0.4396156668663025 0.2902544994707504 -0.10693799704313278
v 0.4799996316432953 0.3634854812975326 -0.12579800188541412
v 0.4344026446342468 0.3234084804411331 -0.09988699853420258
v 0.4797486364841461 0.39598249987320094 -0.058173999190330505
v 0.42706164717674255 0.3290844817514816 -0.05471999943256378
v 0.4797486364841461 0.39598249987320094 -0.058173999190330505
v 0.4344026446342468 0.3234084804411331 -0.09988699853420258
v 0.48036667704582214 0.2920174856539169 0.14122800529003143
v 0.4344026446342468 0.3234084804411331 0.10536099970340729
v 0.4396156668663025 0.2902544994707504 0.10992699861526489
v 0.4344026446342468 0.3234084804411331 0.10536099970340729
v 0.48036667704582214 0.2920174856539169 0.14122800529003143
v 0.4799996316432953 0.3634854812975326 0.13127000629901886
v 0.4797486364841461 0.39598249987320094 0.05661199986934662
v 0.4344026446342468 0.3234084804411331 0.10536099970340729
v 0.4799996316432953 0.3634854812975326 0.13127000629901886
v 0.4344026446342468 0.3234084804411331 0.10536099970340729
v 0.4797486364841461 0.39598249987320094 0.05661199986934662
v 0.42706164717674255 0.3290844817514816 0.05315599963068962
v -0.14344234764575958 0.33146249846176296 -0.05824099853634834
v -0.1996423453092575 0.2807464857454696 -0.06571999937295914
v -0.1507173478603363 0.32601248816208034 -0.10582000017166138
v -0.1996423453092575 0.2807464857454696 -0.06571999937295914
v -0.14344234764575958 0.33146249846176296 -0.05824099853634834
v -0.19970133900642395 0.26292147830680995 -0.04832199960947037
v -0.1507173478603363 0.32601248816208034 -0.10582000017166138
v -0.1996423453092575 0.2807464857454696 -0.06571999937295914
v -0.15574534237384796 0.2915124853010574 -0.11317700147628784
v -0.19960933923721313 0.2947014828081527 0.06891600042581558
v -0.15574534237384796 0.2915124853010574 0.11616600304841995
v -0.1992943435907364 0.23157748178199916 0.11636800318956375
v -0.1996423453092575 0.2807464857454696 0.07136999815702438
v -0.14344234764575958 0.33146249846176296 0.05635400116443634
v -0.1507173478603363 0.32601248816208034 0.11146900057792664
v -0.14344234764575958 0.33146249846176296 0.05635400116443634
v -0.1996423453092575 0.2807464857454696 0.07136999815702438
v -0.19970235228538513 0.26292147830680995 0.04643400013446808
v -0.15574534237384796 0.2915124853010574 0.11616600304841995
v -0.19960933923721313 0.2947014828081527 0.06891600042581558
v -0.1507173478603363 0.32601248816208034 0.11146900057792664
v 0.42100265622138977 0.32876848772720485 0.0029150000773370266
v 0.4796716272830963 0.40254547790245204 0.0029150000773370266
v 0.4797486364841461 0.39598249987320094 -0.058173999190330505
v 0.42100265622138977 0.32876848772720485 0.0029150000773370266
v 0.4797486364841461 0.39598249987320094 -0.058173999190330505
v 0.42706164717674255 0.3290844817514816 -0.05471999943256378
v 0.42706164717674255 0.3290844817514816 0.05315599963068962
v 0.4797486364841461 0.39598249987320094 0.05661199986934662
v 0.42100265622138977 0.32876848772720485 0.0029150000773370266
v 0.4797486364841461 0.39598249987320094 0.05661199986934662
v 0.4796716272830963 0.40254547790245204 0.0029150000773370266
v 0.42100265622138977 0.32876848772720485 0.0029150000773370266
v 0.47025465965270996 -0.07181151240511746 0.00021399999968707561
v 0.4098246395587921 0.002474486535350373 -0.06438799947500229
v 0.4703436493873596 -0.053598517844518134 -0.06883099675178528
v 0.4098246395587921 0.002474486535350373 -0.06438799947500229
v 0.47025465965270996 -0.07181151240511746 0.00021399999968707561
v 0.4028656482696533 -0.009583516338904807 0.00021399999968707561
v 0.4098246395587921 0.002474486535350373 0.07432100176811218
v 0.47025465965270996 -0.07181151240511746 0.00021399999968707561
v 0.4703436493873596 -0.053598517844518134 0.07876399904489517
v 0.47025465965270996 -0.07181151240511746 0.00021399999968707561
v 0.4098246395587921 0.002474486535350373 0.07432100176811218
v 0.4028656482696533 -0.009583516338904807 0.00021399999968707561
v 0.4710536599159241 0.08447948441461711 0.2012930065393448
v 0.4182576537132263 0.02719048753933101 0.1571670025587082
v 0.4706326425075531 -0.008664515161951492 0.19284500181674957
v 0.4182576537132263 0.02719048753933101 0.1571670025587082
v 0.4710536599159241 0.08447948441461711 0.2012930065393448
v 0.4242456555366516 0.0860564817543426 0.15931899845600128
v 0.4182576537132263 0.02719048753933101 0.1571670025587082
v 0.4703436493873596 -0.053598517844518134 0.07876399904489517
v 0.4706326425075531 -0.008664515161951492 0.19284500181674957
v 0.4703436493873596 -0.053598517844518134 0.07876399904489517
v 0.4182576537132263 0.02719048753933101 0.1571670025587082
v 0.4098246395587921 0.002474486535350373 0.07432100176811218
v 0.09243366122245789 0.2866724987383285 -0.12629100680351257
v 0.14078965783119202 0.2226514776106277 -0.10326600074768066
v 0.14044365286827087 0.29208850458816676 -0.07266899943351746
v 0.4182576537132263 0.02719048753933101 -0.1472329944372177
v 0.4710536599159241 0.08447948441461711 -0.19645999372005463
v 0.4706316590309143 -0.008664515161951492 -0.18291200697422028
v 0.4710536599159241 0.08447948441461711 -0.19645999372005463
v 0.4182576537132263 0.02719048753933101 -0.1472329944372177
v 0.4242456555366516 0.0860564817543426 -0.15448500216007233
v 0.4706316590309143 -0.008664515161951492 -0.18291200697422028
v 0.4703436493873596 -0.053598517844518134 -0.06883099675178528
v 0.4182576537132263 0.02719048753933101 -0.1472329944372177
v 0.4098246395587921 0.002474486535350373 -0.06438799947500229
v 0.4182576537132263 0.02719048753933101 -0.1472329944372177
v 0.4703436493873596 -0.053598517844518134 -0.06883099675178528
v 0.07049866020679474 0.33205949858383327 0.0031679999083280563
v 0.140341654419899 0.2571314831133285 0.050925999879837036
v 0.07763766497373581 0.33243250445083766 0.0623759999871254
v 0.140341654419899 0.2571314831133285 0.050925999879837036
v 0.07049866020679474 0.33205949858383327 0.0031679999083280563
v 0.14034365117549896 0.24157347873405605 0.0031679999083280563
v 0.07049866020679474 0.33205949858383327 0.0031679999083280563
v 0.140341654419899 0.2571314831133285 -0.05330299958586693
v 0.14034365117549896 0.24157347873405605 0.0031679999083280563
v 0.140341654419899 0.2571314831133285 -0.05330299958586693
v 0.07049866020679474 0.33205949858383327 0.0031679999083280563
v 0.07763766497373581 0.33243250445083766 -0.06475099921226501
v 0.09243366122245789 0.2866724987383285 0.1292790025472641
v 0.14044365286827087 0.29208850458816676 0.07565899938344955
v 0.14078965783119202 0.2226514776106277 0.11243899911642075
v -0.8277353048324585 -0.15125551476522298 -0.1375180035829544
v -0.7891133427619934 -0.2155175100211701 -0.1676899939775467
v -0.8743113279342651 -0.19708151027007909 -0.16935600340366364
v -0.7891133427619934 -0.2155175100211701 -0.1676899939775467
v -0.8277353048324585 -0.15125551476522298 -0.1375180035829544
v -0.7793962955474854 -0.16754450305744023 -0.12863700091838837
v -0.7891133427619934 -0.2155175100211701 -0.1676899939775467
v -0.7793962955474854 -0.16754450305744023 -0.12863700091838837
v -0.7265473008155823 -0.2271045039538941 -0.12381699681282043
v -0.8277353048324585 -0.15125551476522298 0.1375180035829544
v -0.7891123294830322 -0.2155175100211701 0.16769100725650787
v -0.7793962955474854 -0.16754450305744023 0.12863700091838837
v -0.7891123294830322 -0.2155175100211701 0.16769100725650787
v -0.7265473008155823 -0.2271045039538941 0.12381800264120102
v -0.7793962955474854 -0.16754450305744023 0.12863700091838837
v -0.7891123294830322 -0.2155175100211701 0.16769100725650787
v -0.8277353048324585 -0.15125551476522298 0.1375180035829544
v -0.8743113279342651 -0.19708151027007909 0.16935600340366364
v 0.6071246862411499 0.07366148725704341 0.18919099867343903
v 0.6073736548423767 0.12231048539833217 0.15371300280094147
v 0.5712217092514038 0.07487148389772563 0.1569959968328476
v 0.6071236729621887 0.07366148725704341 -0.1861249953508377
v 0.5712217092514038 0.07487148389772563 -0.15392999351024628
v 0.6073736548423767 0.12231048539833217 -0.15064899623394012
v 0.48036667704582214 0.2920174856539169 0.14122800529003143
v 0.4396156668663025 0.2902544994707504 0.10992699861526489
v 0.4806496798992157 0.23592948511795192 0.11793199926614761
v 0.0862896591424942 0.3257424791212478 -0.11798100173473358
v 0.14040765166282654 0.27673747733787685 -0.0724409967660904
v 0.07763766497373581 0.33243250445083766 -0.06475099921226501
v 0.140341654419899 0.2571314831133285 -0.05330299958586693
v 0.07763766497373581 0.33243250445083766 -0.06475099921226501
v 0.14040765166282654 0.27673747733787685 -0.0724409967660904
v 0.14040765166282654 0.27673747733787685 -0.0724409967660904
v 0.0862896591424942 0.3257424791212478 -0.11798100173473358
v 0.09243366122245789 0.2866724987383285 -0.12629100680351257
v 0.48036763072013855 0.2920174856539169 -0.13823799788951874
v 0.4806496798992157 0.23592948511795192 -0.10969600081443787
v 0.4396156668663025 0.2902544994707504 -0.10693799704313278
v 0.14040765166282654 0.27673747733787685 0.07835900038480759
v 0.0862896591424942 0.3257424791212478 0.1238970011472702
v 0.07763766497373581 0.33243250445083766 0.0623759999871254
v 0.14040765166282654 0.27673747733787685 0.07835900038480759
v 0.07763766497373581 0.33243250445083766 0.0623759999871254
v 0.140341654419899 0.2571314831133285 0.050925999879837036
v 0.14044365286827087 0.29208850458816676 0.07565899938344955
v 0.09243366122245789 0.2866724987383285 0.1292790025472641
v 0.0862896591424942 0.3257424791212478 0.1238970011472702
v 0.7432006597518921 0.0981094797010818 0.21664999425411224
v 0.7435896992683411 0.17406248644546657 0.15115700662136078
v 0.6871486902236938 0.09999848500446468 0.16845600306987762
v -0.7102593183517456 0.4030464847441116 -0.06243100017309189
v -0.6607173085212708 0.32601248816208034 -0.10582000017166138
v -0.7099903225898743 0.3682324846144119 -0.1348779946565628
v -0.6607173085212708 0.32601248816208034 -0.10582000017166138
v -0.7102593183517456 0.4030464847441116 -0.06243100017309189
v -0.6534423232078552 0.33146249846176296 -0.05824099853634834
v -0.7095972895622253 0.291666503703157 -0.1482049971818924
v -0.7099903225898743 0.3682324846144119 -0.1348779946565628
v -0.6607173085212708 0.32601248816208034 -0.10582000017166138
v -0.7095972895622253 0.291666503703157 -0.1482049971818924
v -0.6607173085212708 0.32601248816208034 -0.10582000017166138
v -0.6657453179359436 0.2915124853010574 -0.11317700147628784
v -0.7091883420944214 -0.3722025196199021 0.06962600350379944
v -0.5825552940368652 -0.3456165234689316 -0.01396199967712164
v -0.7061153054237366 -0.37576249643607945 -0.01396199967712164
v -0.5825552940368652 -0.3456165234689316 -0.01396199967712164
v -0.7091883420944214 -0.3722025196199021 0.06962600350379944
v -0.5907742977142334 -0.3398495058660111 0.09173800051212311
v -0.7061153054237366 -0.37576249643607945 -0.01396199967712164
v -0.5825552940368652 -0.3456165234689316 -0.01396199967712164
v -0.5907742977142334 -0.3398495058660111 -0.07879000157117844
v -0.7061153054237366 -0.37576249643607945 -0.01396199967712164
v -0.5907742977142334 -0.3398495058660111 -0.07879000157117844
v -0.7091883420944214 -0.3722025196199021 -0.06201399862766266
v 0.32299864292144775 0.06465348199562221 0.10052499920129776
v 0.2513776421546936 -0.012148514682491729 2.5980889389898445e-17
v 0.2586996555328369 0.0005374845917621163 0.12150999903678894
v 0.2513776421546936 -0.012148514682491729 2.5980889389898445e-17
v 0.32299864292144775 0.06465348199562221 0.10052499920129776
v 0.32300063967704773 0.0640944872851768 3.475217694779029e-17
v 0.2513776421546936 -0.012148514682491729 2.5980889389898445e-17
v 0.32299864292144775 0.06465348199562221 -0.09052599966526031
v 0.2586996555328369 0.0005374845917621163 -0.1115109995007515
v 0.32299864292144775 0.06465348199562221 -0.09052599966526031
v 0.2513776421546936 -0.012148514682491729 2.5980889389898445e-17
v 0.32300063967704773 0.0640944872851768 3.475217694779029e-17
v 0.7432006597518921 0.0981094797010818 -0.21365900337696075
v 0.6871486902236938 0.09999848500446468 -0.16546599566936493
v 0.7435896992683411 0.17406248644546657 -0.15624700486660004
v 0.5666286945343018 0.027438487565080216 -0.15145699679851532
v 0.6071236729621887 0.07366148725704341 -0.1861249953508377
v 0.6068006753921509 -0.00006251438899845807 -0.17882399260997772
v 0.6071236729621887 0.07366148725704341 -0.1861249953508377
v 0.5666286945343018 0.027438487565080216 -0.15145699679851532
v 0.5712217092514038 0.07487148389772563 -0.15392999351024628
v 0.6068006753921509 -0.00006251438899845807 -0.17882399260997772
v 0.5601606965065002 0.01076248631433635 -0.13299299776554108
v 0.5666286945343018 0.027438487565080216 -0.15145699679851532
v 0.5601606965065002 0.01076248631433635 -0.13299299776554108
v 0.6068006753921509 -0.00006251438899845807 -0.17882399260997772
v 0.6065796613693237 -0.032245514741232106 -0.14097799360752106
v -0.6470773220062256 0.33086549833969264 0.0030159999150782824
v -0.7102593183517456 0.4030464847441116 -0.06243100017309189
v -0.710342288017273 0.41007747844413905 0.0030159999150782824
v -0.7102593183517456 0.4030464847441116 -0.06243100017309189
v -0.6470773220062256 0.33086549833969264 0.0030159999150782824
v -0.6534423232078552 0.33146249846176296 -0.05824099853634834
v -0.7102593183517456 0.4030464847441116 0.0605430006980896
v -0.6470773220062256 0.33086549833969264 0.0030159999150782824
v -0.710342288017273 0.41007747844413905 0.0030159999150782824
v -0.6470773220062256 0.33086549833969264 0.0030159999150782824
v -0.7102593183517456 0.4030464847441116 0.0605430006980896
v -0.6534423232078552 0.33146249846176296 0.05635400116443634
v 0.6071246862411499 0.07366148725704341 0.18919099867343903
v 0.5666286945343018 0.029720481192628434 0.15534399449825287
v 0.6068006753921509 0.0022194866891303566 0.18271000683307648
v 0.5666286945343018 0.029720481192628434 0.15534399449825287
v 0.6071246862411499 0.07366148725704341 0.18919099867343903
v 0.5712217092514038 0.07487148389772563 0.1569959968328476
v 0.5601606965065002 0.01076248631433635 0.12960399687290192
v 0.6068006753921509 0.0022194866891303566 0.18271000683307648
v 0.5666286945343018 0.029720481192628434 0.15534399449825287
v 0.6068006753921509 0.0022194866891303566 0.18271000683307648
v 0.5601606965065002 0.01076248631433635 0.12960399687290192
v 0.6065787076950073 -0.032245514741232106 0.1375889927148819
v -0.9425452947616577 0.43242048815445094 -0.032391998916864395
v -0.9299653172492981 0.47542947128967433 -1.1869190786721753e-16
v -0.9051513075828552 0.44183948234275966 -1.1565305805493452e-16
v -0.9299653172492981 0.47542947128967433 -1.1869190786721753e-16
v -0.9425452947616577 0.43242048815445094 -0.032391998916864395
v -0.9573413133621216 0.4682084877844253 -0.0237830001860857
v -0.9573413133621216 0.4682084877844253 0.0237830001860857
v -0.9425452947616577 0.43242048815445094 0.03239100053906441
v -0.9299653172492981 0.47542947128967433 -1.1869190786721753e-16
v -0.9425452947616577 0.43242048815445094 0.03239100053906441
v -0.9051513075828552 0.44183948234275966 -1.1565305805493452e-16
v -0.9299653172492981 0.47542947128967433 -1.1869190786721753e-16
v 0.27387166023254395 0.08847148314670711 -0.15579600632190704
v 0.323103666305542 0.08414448395923763 -0.09424500167369843
v 0.32345864176750183 0.15354148641781 -0.15174700319766998
v -0.36955633759498596 0.29208850458816676 -0.07266899943351746
v -0.3692103326320648 0.2226514776106277 -0.10669799894094467
v -0.3213053345680237 0.28858050302223354 -0.1246429979801178
v -0.36955633759498596 0.29208850458816676 0.07565899938344955
v -0.32130634784698486 0.28858148649887233 0.1276320070028305
v -0.3692103326320648 0.22265249088958888 0.11587200313806534
v 0.6504566669464111 0.28874948219017177 -0.16317500174045563
v 0.5962896943092346 0.3257424791212478 -0.11798100173473358
v 0.6500236988067627 0.37297248438553005 -0.1485150009393692
v 0.5962896943092346 0.3257424791212478 -0.11798100173473358
v 0.6504566669464111 0.28874948219017177 -0.16317500174045563
v 0.6024336814880371 0.2866724987383285 -0.12629100680351257
v 0.6500236988067627 0.37297248438553005 -0.1485150009393692
v 0.5962896943092346 0.3257424791212478 -0.11798100173473358
v 0.6497277021408081 0.4112684984560409 -0.06882400065660477
v 0.5876386761665344 0.33243250445083766 -0.06475099921226501
v 0.6497277021408081 0.4112684984560409 -0.06882400065660477
v 0.5962896943092346 0.3257424791212478 -0.11798100173473358
v -0.6962623000144958 -0.3204485218171677 0.12230899930000305
v -0.725122332572937 -0.3661814968232712 0.05345899984240532
v -0.7975203394889832 -0.33360049530311436 0.1245189979672432
v -0.6962623000144958 -0.3204485218171677 -0.12230899930000305
v -0.7975203394889832 -0.33360049530311436 -0.1245189979672432
v -0.725122332572937 -0.3661814968232712 -0.05345999822020531
v -1.2303303480148315 0.37575947836593776 -1.5547600766763003e-16
v -1.247706413269043 0.3274894912596145 -0.05150099843740463
v -1.2736753225326538 0.3530494828577438 -0.04073899984359741
v -1.247706413269043 0.3274894912596145 -0.05150099843740463
v -1.2303303480148315 0.37575947836593776 -1.5547600766763003e-16
v -1.1937544345855713 0.34245347574905544 -1.5099673862387168e-16
v -0.30777233839035034 0.33252548769668727 0.06183899939060211
v -0.36965835094451904 0.2571314831133285 0.050925999879837036
v -0.3007713556289673 0.33186748222068935 0.0031679999083280563
v -0.36965835094451904 0.2571314831133285 0.050925999879837036
v -0.36965635418891907 0.24157347873405605 0.0031679999083280563
v -0.3007713556289673 0.33186748222068935 0.0031679999083280563
v -1.2736753225326538 0.3530494828577438 0.040738001465797424
v -1.247706413269043 0.3274894912596145 0.051500000059604645
v -1.2303303480148315 0.37575947836593776 -1.5547600766763003e-16
v -1.247706413269043 0.3274894912596145 0.051500000059604645
v -1.1937544345855713 0.34245347574905544 -1.5099673862387168e-16
v -1.2303303480148315 0.37575947836593776 -1.5547600766763003e-16
v -0.3007713556289673 0.33186748222068935 0.0031679999083280563
v -0.36965635418891907 0.24157347873405605 0.0031679999083280563
v -0.36965835094451904 0.2571314831133285 -0.05330299958586693
v -0.3007713556289673 0.33186748222068935 0.0031679999083280563
v -0.36965835094451904 0.2571314831133285 -0.05330299958586693
v -0.30777233839035034 0.33252548769668727 -0.06421399861574173
v -0.6607173085212708 0.32601248816208034 0.11146900057792664
v -0.7102593183517456 0.4030464847441116 0.0605430006980896
v -0.7099903225898743 0.3682324846144119 0.14052699506282806
v -0.7102593183517456 0.4030464847441116 0.0605430006980896
v -0.6607173085212708 0.32601248816208034 0.11146900057792664
v -0.6534423232078552 0.33146249846176296 0.05635400116443634
v -0.7099903225898743 0.3682324846144119 0.14052699506282806
v -0.7095972895622253 0.291666503703157 0.1511950045824051
v -0.6607173085212708 0.32601248816208034 0.11146900057792664
v -0.6607173085212708 0.32601248816208034 0.11146900057792664
v -0.7095972895622253 0.291666503703157 0.1511950045824051
v -0.6657453179359436 0.2915124853010574 0.11616600304841995
v -0.6657453179359436 0.2915124853010574 0.11616600304841995
v -0.7095972895622253 0.291666503703157 0.1511950045824051
v -0.709294319152832 0.23157748178199916 0.11715999990701675
v 0.6504566669464111 0.28874948219017177 0.16616399586200714
v 0.5962896943092346 0.3257424791212478 0.1238970011472702
v 0.6024336814880371 0.2866724987383285 0.1292790025472641
v 0.5962896943092346 0.3257424791212478 0.1238970011472702
v 0.6504566669464111 0.28874948219017177 0.16616399586200714
v 0.6500236988067627 0.37297248438553005 0.15443100035190582
v 0.6497277021408081 0.4112684984560409 0.06644800305366516
v 0.5962896943092346 0.3257424791212478 0.1238970011472702
v 0.6500236988067627 0.37297248438553005 0.15443100035190582
v 0.5962896943092346 0.3257424791212478 0.1238970011472702
v 0.6497277021408081 0.4112684984560409 0.06644800305366516
v 0.5876376628875732 0.33243250445083766 0.0623759999871254
v 0.32299864292144775 0.06465348199562221 0.10052499920129776
v 0.2586996555328369 0.0005374845917621163 0.12150999903678894
v 0.3230656683444977 0.0656794865484634 0.10224299877882004
v 0.2586996555328369 0.0005374845917621163 0.12150999903678894
v 0.2675706446170807 0.02654048398689418 0.1545190066099167
v 0.3230656683444977 0.0656794865484634 0.10224299877882004
v 0.27387166023254395 0.08847148314670711 0.16069699823856354
v 0.3230656683444977 0.0656794865484634 0.10224299877882004
v 0.2675706446170807 0.02654048398689418 0.1545190066099167
v 0.3230656683444977 0.0656794865484634 0.10224299877882004
v 0.27387166023254395 0.08847148314670711 0.16069699823856354
v 0.323103666305542 0.08414448395923763 0.09914500266313553
v 0.27387166023254395 0.08847148314670711 0.16069699823856354
v 0.32345864176750183 0.15354148641781 0.15443499386310577
v 0.323103666305542 0.08414448395923763 0.09914500266313553
v -0.6657453179359436 0.2915124853010574 -0.11317700147628784
v -0.709294319152832 0.23157748178199916 -0.10854899883270264
v -0.7095972895622253 0.291666503703157 -0.1482049971818924
v 0.3230656683444977 0.0656794865484634 -0.09224399924278259
v 0.2675706446170807 0.02654048398689418 -0.14451999962329865
v 0.2586996555328369 0.0005374845917621163 -0.1115109995007515
v 0.2586996555328369 0.0005374845917621163 -0.1115109995007515
v 0.32299864292144775 0.06465348199562221 -0.09052599966526031
v 0.3230656683444977 0.0656794865484634 -0.09224399924278259
v 0.3230656683444977 0.0656794865484634 -0.09224399924278259
v 0.27387166023254395 0.08847148314670711 -0.15579600632190704
v 0.2675706446170807 0.02654048398689418 -0.14451999962329865
v 0.27387166023254395 0.08847148314670711 -0.15579600632190704
v 0.3230656683444977 0.0656794865484634 -0.09224399924278259
v 0.323103666305542 0.08414448395923763 -0.09424500167369843
v -0.936974287033081 0.40806549385742336 -0.03845499828457832
v -0.9051513075828552 0.44183948234275966 -1.1565305805493452e-16
v -0.8843513131141663 0.4084104855413833 -1.1310579175452442e-16
v -0.9051513075828552 0.44183948234275966 -1.1565305805493452e-16
v -0.936974287033081 0.40806549385742336 -0.03845499828457832
v -0.9425452947616577 0.43242048815445094 -0.032391998916864395
v 0.6504566669464111 0.28874948219017177 -0.16317500174045563
v 0.6507896780967712 0.22265249088958888 -0.10427699983119965
v 0.6024336814880371 0.2866724987383285 -0.12629100680351257
v -0.30777233839035034 0.33252548769668727 -0.06421399861574173
v -0.3695923388004303 0.27673747733787685 -0.0724409967660904
v -0.3157753348350525 0.32653048232750087 -0.11654999852180481
v -0.3695923388004303 0.27673747733787685 -0.0724409967660904
v -0.30777233839035034 0.33252548769668727 -0.06421399861574173
v -0.36965835094451904 0.2571314831133285 -0.05330299958586693
v -0.3157753348350525 0.32653048232750087 -0.11654999852180481
v -0.3695923388004303 0.27673747733787685 -0.0724409967660904
v -0.3213053345680237 0.28858050302223354 -0.1246429979801178
v -0.9051513075828552 0.44183948234275966 -1.1565305805493452e-16
v -0.9425452947616577 0.43242048815445094 0.03239100053906441
v -0.936974287033081 0.40806549385742336 0.038453999906778336
v -0.936974287033081 0.40806549385742336 0.038453999906778336
v -0.8843513131141663 0.4084104855413833 -1.1310579175452442e-16
v -0.9051513075828552 0.44183948234275966 -1.1565305805493452e-16
v 0.5804986953735352 0.33205949858383327 0.0031679999083280563
v 0.6496366858482361 0.4190024991388717 0.0031679999083280563
v 0.6497277021408081 0.4112684984560409 -0.06882400065660477
v 0.5804986953735352 0.33205949858383327 0.0031679999083280563
v 0.6497277021408081 0.4112684984560409 -0.06882400065660477
v 0.5876386761665344 0.33243250445083766 -0.06475099921226501
v 0.5876376628875732 0.33243250445083766 0.0623759999871254
v 0.6497277021408081 0.4112684984560409 0.06644800305366516
v 0.5804986953735352 0.33205949858383327 0.0031679999083280563
v 0.6497277021408081 0.4112684984560409 0.06644800305366516
v 0.6496366858482361 0.4190024991388717 0.0031679999083280563
v 0.5804986953735352 0.33205949858383327 0.0031679999083280563
v 0.6504566669464111 0.28874948219017177 0.16616399586200714
v 0.6024336814880371 0.2866724987383285 0.1292790025472641
v 0.6507896780967712 0.22265249088958888 0.11344999819993973
v -0.3695923388004303 0.27673747733787685 0.07835900038480759
v -0.30777233839035034 0.33252548769668727 0.06183899939060211
v -0.3157753348350525 0.32653048232750087 0.122468002140522
v -0.30777233839035034 0.33252548769668727 0.06183899939060211
v -0.3695923388004303 0.27673747733787685 0.07835900038480759
v -0.36965835094451904 0.2571314831133285 0.050925999879837036
v -0.32130634784698486 0.28858148649887233 0.1276320070028305
v -0.36955633759498596 0.29208850458816676 0.07565899938344955
v -0.3157753348350525 0.32653048232750087 0.122468002140522
v 0.5601606965065002 0.01076248631433635 0.12960399687290192
v 0.6065117120742798 -0.046215514013608405 0.001322000054642558
v 0.6065787076950073 -0.032245514741232106 0.1375889927148819
v 0.6065117120742798 -0.046215514013608405 0.001322000054642558
v 0.5601606965065002 0.01076248631433635 0.12960399687290192
v 0.5548236966133118 0.0015144866760173348 0.001322000054642558
v 0.6065117120742798 -0.046215514013608405 0.001322000054642558
v 0.5601606965065002 0.01076248631433635 -0.13299299776554108
v 0.6065796613693237 -0.032245514741232106 -0.14097799360752106
v 0.5601606965065002 0.01076248631433635 -0.13299299776554108
v 0.6065117120742798 -0.046215514013608405 0.001322000054642558
v 0.5548236966133118 0.0015144866760173348 0.001322000054642558
v 0.2667456567287445 0.28977748349861293 -0.11467400193214417
v 0.31070566177368164 0.23157646850303798 -0.10688599944114685
v 0.3103906512260437 0.2947014828081527 -0.06592699885368347
v 0.2667446434497833 0.28977748349861293 0.11766300350427628
v 0.3103906512260437 0.2947014828081527 0.06891600042581558
v 0.31070566177368164 0.23157646850303798 0.11549700051546097
v 0.24680465459823608 0.3310385008211532 0.0030159999150782824
v 0.3102986514568329 0.26292147830680995 0.04643400013446808
v 0.2532946467399597 0.33137750223831325 0.05684100091457367
v 0.3102986514568329 0.26292147830680995 0.04643400013446808
v 0.24680465459823608 0.3310385008211532 0.0030159999150782824
v 0.31030064821243286 0.24877848819450527 0.0030159999150782824
v 0.24680465459823608 0.3310385008211532 0.0030159999150782824
v 0.3102986514568329 0.26292147830680995 -0.04832199960947037
v 0.31030064821243286 0.24877848819450527 0.0030159999150782824
v 0.3102986514568329 0.26292147830680995 -0.04832199960947037
v 0.24680465459823608 0.3310385008211532 0.0030159999150782824
v 0.2532946467399597 0.33137750223831325 -0.05872799828648567
v 0.4709416627883911 0.06341748282865672 0.06182900071144104
v 0.4028656482696533 -0.009583516338904807 0.00021399999968707561
v 0.4098246395587921 0.002474486535350373 0.07432100176811218
v 0.4028656482696533 -0.009583516338904807 0.00021399999968707561
v 0.4709416627883911 0.06341748282865672 0.06182900071144104
v 0.4709436595439911 0.06288648740009456 0.00021399999968707561
v 0.4028656482696533 -0.009583516338904807 0.00021399999968707561
v 0.4709416627883911 0.06341748282865672 -0.051895998418331146
v 0.4098246395587921 0.002474486535350373 -0.06438799947500229
v 0.4709416627883911 0.06341748282865672 -0.051895998418331146
v 0.4028656482696533 -0.009583516338904807 0.00021399999968707561
v 0.4709436595439911 0.06288648740009456 0.00021399999968707561
v 0.26115965843200684 0.32529550389007716 -0.10711999982595444
v 0.3103576600551605 0.2807464857454696 -0.06571999937295914
v 0.2532946467399597 0.33137750223831325 -0.05872799828648567
v 0.3102986514568329 0.26292147830680995 -0.04832199960947037
v 0.2532946467399597 0.33137750223831325 -0.05872799828648567
v 0.3103576600551605 0.2807464857454696 -0.06571999937295914
v 0.3103576600551605 0.2807464857454696 -0.06571999937295914
v 0.26115965843200684 0.32529550389007716 -0.10711999982595444
v 0.2667456567287445 0.28977748349861293 -0.11467400193214417
v 0.3103576600551605 0.2807464857454696 0.07136999815702438
v 0.26115965843200684 0.32529550389007716 0.1127690002322197
v 0.2532946467399597 0.33137750223831325 0.05684100091457367
v 0.3103576600551605 0.2807464857454696 0.07136999815702438
v 0.2532946467399597 0.33137750223831325 0.05684100091457367
v 0.3102986514568329 0.26292147830680995 0.04643400013446808
v 0.3103906512260437 0.2947014828081527 0.06891600042581558
v 0.2667446434497833 0.28977748349861293 0.11766300350427628
v 0.26115965843200684 0.32529550389007716 0.1127690002322197
v 0.7432006597518921 0.0981094797010818 0.21664999425411224
v 0.6799776554107666 0.029507483994523576 0.15759800374507904
v 0.742695689201355 -0.013428515115817496 0.1974949985742569
v 0.6799776554107666 0.029507483994523576 0.15759800374507904
v 0.7432006597518921 0.0981094797010818 0.21664999425411224
v 0.6871486902236938 0.09999848500446468 0.16845600306987762
v 0.6799776554107666 0.029507483994523576 0.15759800374507904
v 0.7423496842384338 -0.04824351734860749 0.0933699980378151
v 0.742695689201355 -0.013428515115817496 0.1974949985742569
v 0.7423496842384338 -0.04824351734860749 0.0933699980378151
v 0.6799776554107666 0.029507483994523576 0.15759800374507904
v 0.669879674911499 0.01890348613814502 0.0880500003695488
v -0.5396443009376526 0.29485147789673 0.06442800164222717
v -0.498700350522995 0.29187348083213954 0.10852999985218048
v -0.5393503308296204 0.23592948511795192 0.11573199927806854
v -0.5396443009376526 0.29485147789673 -0.06143900007009506
v -0.5393503308296204 0.23592948511795192 -0.10749699920415878
v -0.498700350522995 0.29187348083213954 -0.10554099828004837
v -0.8967783451080322 0.3618304987306991 -1.1462767173272398e-16
v -0.9311493039131165 0.36182850197509914 -0.028982000425457954
v -0.909812331199646 0.3913325031156936 -1.162238788520451e-16
v -0.9311493039131165 0.36182850197509914 -0.028982000425457954
v -0.9328123331069946 0.3907764811869064 -0.019324999302625656
v -0.909812331199646 0.3913325031156936 -1.162238788520451e-16
v 0.6799776554107666 0.029507483994523576 -0.15843500196933746
v 0.7432006597518921 0.0981094797010818 -0.21365900337696075
v 0.742695689201355 -0.013428515115817496 -0.19833000004291534
v 0.7432006597518921 0.0981094797010818 -0.21365900337696075
v 0.6799776554107666 0.029507483994523576 -0.15843500196933746
v 0.6871486902236938 0.09999848500446468 -0.16546599566936493
v 0.742695689201355 -0.013428515115817496 -0.19833000004291534
v 0.7423496842384338 -0.04824351734860749 -0.08337099850177765
v 0.6799776554107666 0.029507483994523576 -0.15843500196933746
v 0.669879674911499 0.01890348613814502 -0.07805199921131134
v 0.6799776554107666 0.029507483994523576 -0.15843500196933746
v 0.7423496842384338 -0.04824351734860749 -0.08337099850177765
v -0.9311493039131165 0.36182850197509914 0.028982000425457954
v -0.909812331199646 0.3913325031156936 -1.162238788520451e-16
v -0.9328123331069946 0.3907764811869064 0.019324999302625656
v -0.909812331199646 0.3913325031156936 -1.162238788520451e-16
v -0.9311493039131165 0.36182850197509914 0.028982000425457954
v -0.8967783451080322 0.3618304987306991 -1.1462767173272398e-16
v 0.4182576537132263 0.02719048753933101 -0.1472329944372177
v 0.4098246395587921 0.002474486535350373 -0.06438799947500229
v 0.4710056483745575 0.06439348653511195 -0.09402099996805191
v 0.4098246395587921 0.002474486535350373 -0.06438799947500229
v 0.4709416627883911 0.06341748282865672 -0.051895998418331146
v 0.4710056483745575 0.06439348653511195 -0.09402099996805191
v 0.4710056483745575 0.06439348653511195 -0.09402099996805191
v 0.4242456555366516 0.0860564817543426 -0.15448500216007233
v 0.4182576537132263 0.02719048753933101 -0.1472329944372177
v 0.4242456555366516 0.0860564817543426 -0.15448500216007233
v 0.4710056483745575 0.06439348653511195 -0.09402099996805191
v 0.47104066610336304 0.08194448397115855 -0.09346400201320648
v 0.4242456555366516 0.0860564817543426 -0.15448500216007233
v 0.47104066610336304 0.08194448397115855 -0.09346400201320648
v 0.4713786542415619 0.14790649310306697 -0.15052400529384613
v 0.669879674911499 0.01890348613814502 0.0880500003695488
v 0.7422437071800232 -0.05527351267083497 -0.0006910000229254365
v 0.7423496842384338 -0.04824351734860749 0.0933699980378151
v 0.7422437071800232 -0.05527351267083497 -0.0006910000229254365
v 0.669879674911499 0.01890348613814502 0.0880500003695488
v 0.6615467071533203 0.019242483830014756 -0.0006910000229254365
v 0.7422437071800232 -0.05527351267083497 -0.0006910000229254365
v 0.669879674911499 0.01890348613814502 -0.07805199921131134
v 0.7423496842384338 -0.04824351734860749 -0.08337099850177765
v 0.669879674911499 0.01890348613814502 -0.07805199921131134
v 0.7422437071800232 -0.05527351267083497 -0.0006910000229254365
v 0.6615467071533203 0.019242483830014756 -0.0006910000229254365
v -0.641157329082489 -0.4060155193452439 0.170974001288414
v -0.6114532947540283 -0.3390155176763138 0.12723000347614288
v -0.6407303214073181 -0.33818349643989415 0.13349199295043945
v -0.6114532947540283 -0.3390155176763138 0.12723000347614288
v -0.641157329082489 -0.4060155193452439 0.170974001288414
v -0.6015422940254211 -0.42139649792953343 0.15293900668621063
v -0.5705263018608093 -0.43677750631614537 0.09960199892520905
v -0.6114532947540283 -0.3390155176763138 0.12723000347614288
v -0.6015422940254211 -0.42139649792953343 0.15293900668621063
v -0.6114532947540283 -0.3390155176763138 0.12723000347614288
v -0.5705263018608093 -0.43677750631614537 0.09960199892520905
v -0.5907742977142334 -0.3398495058660111 0.09173800051212311
v 0.4098246395587921 0.002474486535350373 0.07432100176811218
v 0.4182576537132263 0.02719048753933101 0.1571670025587082
v 0.4710056483745575 0.06439348653511195 0.10395500063896179
v 0.4098246395587921 0.002474486535350373 0.07432100176811218
v 0.4710056483745575 0.06439348653511195 0.10395500063896179
v 0.4709416627883911 0.06341748282865672 0.06182900071144104
v 0.4242456555366516 0.0860564817543426 0.15931899845600128
v 0.4710056483745575 0.06439348653511195 0.10395500063896179
v 0.4182576537132263 0.02719048753933101 0.1571670025587082
v 0.4710056483745575 0.06439348653511195 0.10395500063896179
v 0.4242456555366516 0.0860564817543426 0.15931899845600128
v 0.47104066610336304 0.08194448397115855 0.09829699993133545
v 0.4242456555366516 0.0860564817543426 0.15931899845600128
v 0.4713786542415619 0.14790649310306697 0.15314500033855438
v 0.47104066610336304 0.08194448397115855 0.09829699993133545
v 0.8330256938934326 0.38680350378708034 -0.03845499828457832
v 0.8141886591911316 0.3689614792223373 9.490535658885485e-17
v 0.7878127098083496 0.37277948454574733 9.167523614916998e-17
v 0.8141886591911316 0.3689614792223373 9.490535658885485e-17
v 0.8330256938934326 0.38680350378708034 -0.03845499828457832
v 0.8371877074241638 0.36951750115112453 -0.019324999302625656
v 0.8141886591911316 0.3689614792223373 9.490535658885485e-17
v 0.8371877074241638 0.36951750115112453 0.019324999302625656
v 0.8330256938934326 0.38680350378708034 0.038453999906778336
v 0.8141886591911316 0.3689614792223373 9.490535658885485e-17
v 0.8330256938934326 0.38680350378708034 0.038453999906778336
v 0.7878127098083496 0.37277948454574733 9.167523614916998e-17
v -1.1025453805923462 0.37242048577026515 -0.038561999797821045
v -1.0899653434753418 0.41542949870781093 -1.3828624162671245e-16
v -1.065151333808899 0.38184147671417384 -1.3524740504931924e-16
v -1.0899653434753418 0.41542949870781093 -1.3828624162671245e-16
v -1.1025453805923462 0.37242048577026515 -0.038561999797821045
v -1.11734139919281 0.4082084854002395 -0.02831299975514412
v -0.6407303214073181 -0.33818349643989415 -0.13349400460720062
v -0.7098303437232971 -0.370965514624556 -0.07961899787187576
v -0.6114532947540283 -0.3390155176763138 -0.12082400172948837
v -0.7098303437232971 -0.370965514624556 -0.07961899787187576
v -0.6407303214073181 -0.33818349643989415 -0.13349400460720062
v -0.7190713286399841 -0.3697295229081711 -0.07759299874305725
v -0.7098303437232971 -0.370965514624556 -0.07961899787187576
v -0.5907742977142334 -0.3398495058660111 -0.07879000157117844
v -0.6114532947540283 -0.3390155176763138 -0.12082400172948837
v -0.7091883420944214 -0.3722025196199021 -0.06201399862766266
v -0.5907742977142334 -0.3398495058660111 -0.07879000157117844
v -0.7098303437232971 -0.370965514624556 -0.07961899787187576
v -0.6962623000144958 -0.3204485218171677 -0.12230899930000305
v -0.7190713286399841 -0.3697295229081711 -0.07759299874305725
v -0.6407303214073181 -0.33818349643989415 -0.13349400460720062
v -0.7190713286399841 -0.3697295229081711 -0.07759299874305725
v -0.6962623000144958 -0.3204485218171677 -0.12230899930000305
v -0.725122332572937 -0.3661814968232712 -0.05345999822020531
v -1.247706413269043 0.3274894912596145 -0.05150099843740463
v -1.2596783638000488 0.3140024800653854 -1.5907010081172803e-16
v -1.294386386871338 0.302010502373735 -1.6332060478527872e-16
v -1.2596783638000488 0.3140024800653854 -1.5907010081172803e-16
v -1.247706413269043 0.3274894912596145 -0.05150099843740463
v -1.2352744340896606 0.320136483466188 -0.02516300044953823
v -1.11734139919281 0.4082084854002395 0.02831299975514412
v -1.1025453805923462 0.37242048577026515 0.03856100142002106
v -1.0899653434753418 0.41542949870781093 -1.3828624162671245e-16
v -1.1025453805923462 0.37242048577026515 0.03856100142002106
v -1.065151333808899 0.38184147671417384 -1.3524740504931924e-16
v -1.0899653434753418 0.41542949870781093 -1.3828624162671245e-16
v -1.2596783638000488 0.3140024800653854 -1.5907010081172803e-16
v -1.2352744340896606 0.320136483466188 0.02516300044953823
v -1.247706413269043 0.3274894912596145 0.051500000059604645
v -1.2596783638000488 0.3140024800653854 -1.5907010081172803e-16
v -1.247706413269043 0.3274894912596145 0.051500000059604645
v -1.294386386871338 0.302010502373735 -1.6332060478527872e-16
v -0.48721635341644287 0.32916450098709255 0.05270100012421608
v -0.5397303104400635 0.265187468087236 0.043441999703645706
v -0.481275349855423 0.3286074955816665 0.0029150000773370266
v -0.5397303104400635 0.265187468087236 0.043441999703645706
v -0.5397283434867859 0.25198548630432277 0.0029150000773370266
v -0.481275349855423 0.3286074955816665 0.0029150000773370266
v -0.481275349855423 0.3286074955816665 0.0029150000773370266
v -0.5397283434867859 0.25198548630432277 0.0029150000773370266
v -0.5397303104400635 0.265187468087236 -0.04500399902462959
v -0.481275349855423 0.3286074955816665 0.0029150000773370266
v -0.5397303104400635 0.265187468087236 -0.04500399902462959
v -0.48721635341644287 0.32916450098709255 -0.054262999445199966
v -0.7793962955474854 -0.16754450305744023 0.12863700091838837
v -0.7265473008155823 -0.2271045039538941 0.12381800264120102
v -0.794472336769104 -0.21253650292201848 0.06981000304222107
v -0.8005773425102234 -0.21189950808330388 0.090038001537323
v -0.7793962955474854 -0.16754450305744023 0.12863700091838837
v -0.794472336769104 -0.21253650292201848 0.06981000304222107
v -0.7793962955474854 -0.16754450305744023 0.12863700091838837
v -0.8005773425102234 -0.21189950808330388 0.090038001537323
v -0.8277353048324585 -0.15125551476522298 0.1375180035829544
v -0.6454793214797974 -0.15009452059312672 0.12033899873495102
v -0.6480513215065002 -0.20663451060100407 0.07589200139045715
v -0.6545953154563904 -0.20396651729389043 0.05259900167584419
v -0.6480513215065002 -0.20663451060100407 0.07589200139045715
v -0.6454793214797974 -0.15009452059312672 0.12033899873495102
v -0.5875473022460938 -0.159795519257029 0.13056500256061554
v -0.7793962955474854 -0.16754450305744023 -0.12863700091838837
v -0.794472336769104 -0.21253650292201848 -0.06980899721384048
v -0.7265473008155823 -0.2271045039538941 -0.12381699681282043
v -0.7793962955474854 -0.16754450305744023 -0.12863700091838837
v -0.8005773425102234 -0.21189950808330388 -0.090038001537323
v -0.794472336769104 -0.21253650292201848 -0.06980899721384048
v -0.8005773425102234 -0.21189950808330388 -0.090038001537323
v -0.7793962955474854 -0.16754450305744023 -0.12863700091838837
v -0.8277353048324585 -0.15125551476522298 -0.1375180035829544
v -0.6411563158035278 -0.4060155193452439 -0.17097599804401398
v -0.6114532947540283 -0.3390155176763138 -0.12082400172948837
v -0.6015422940254211 -0.42139649792953343 -0.145456001162529
v -0.6114532947540283 -0.3390155176763138 -0.12082400172948837
v -0.6411563158035278 -0.4060155193452439 -0.17097599804401398
v -0.6407303214073181 -0.33818349643989415 -0.13349400460720062
v -0.6015422940254211 -0.42139649792953343 -0.145456001162529
v -0.6114532947540283 -0.3390155176763138 -0.12082400172948837
v -0.5705263018608093 -0.43677851959510655 -0.084757000207901
v -0.5907742977142334 -0.3398495058660111 -0.07879000157117844
v -0.5705263018608093 -0.43677851959510655 -0.084757000207901
v -0.6114532947540283 -0.3390155176763138 -0.12082400172948837
v -0.6454793214797974 -0.15009452059312672 -0.12033899873495102
v -0.6480513215065002 -0.20663451060100407 -0.07589200139045715
v -0.5875473022460938 -0.159795519257029 -0.13056699931621552
v -0.6480513215065002 -0.20663451060100407 -0.07589200139045715
v -0.6454793214797974 -0.15009452059312672 -0.12033899873495102
v -0.6545953154563904 -0.20396651729389043 -0.05260000005364418
v -1.1652504205703735 -0.13730951800390095 0.07612700015306473
v -1.1659263372421265 -0.1432785208468041 0.0004189999890513718
v -1.0976483821868896 -0.08637151151343198 0.07128100097179413
v -1.0976483821868896 -0.08637151151343198 0.07128100097179413
v -1.1659263372421265 -0.1432785208468041 0.0004189999890513718
v -1.0906513929367065 -0.08654451399489255 0.0004189999890513718
v -1.1659263372421265 -0.1432785208468041 0.0004189999890513718
v -1.0976483821868896 -0.08637151151343198 -0.0612809993326664
v -1.0906513929367065 -0.08654451399489255 0.0004189999890513718
v -1.0976483821868896 -0.08637151151343198 -0.0612809993326664
v -1.1659263372421265 -0.1432785208468041 0.0004189999890513718
v -1.1652504205703735 -0.13730951800390095 -0.06612800061702728
v -0.48721635341644287 0.32916450098709255 -0.054262999445199966
v -0.5396752953529358 0.28182547882751613 -0.06124600023031235
v -0.4940073490142822 0.32407748297409206 -0.0986739993095398
v -0.5396752953529358 0.28182547882751613 -0.06124600023031235
v -0.48721635341644287 0.32916450098709255 -0.054262999445199966
v -0.5397303104400635 0.265187468087236 -0.04500399902462959
v -0.4940073490142822 0.32407748297409206 -0.0986739993095398
v -0.5396752953529358 0.28182547882751613 -0.06124600023031235
v -0.498700350522995 0.29187348083213954 -0.10554099828004837
v -0.5396752953529358 0.28182547882751613 0.06671900302171707
v -0.48721635341644287 0.32916450098709255 0.05270100012421608
v -0.4940073490142822 0.32407748297409206 0.1041480004787445
v -0.48721635341644287 0.32916450098709255 0.05270100012421608
v -0.5396752953529358 0.28182547882751613 0.06671900302171707
v -0.5397303104400635 0.265187468087236 0.043441999703645706
v -0.498700350522995 0.29187348083213954 0.10852999985218048
v -0.5396443009376526 0.29485147789673 0.06442800164222717
v -0.4940073490142822 0.32407748297409206 0.1041480004787445
v -0.7190713286399841 -0.3697295229081711 0.07759200036525726
v -0.6407303214073181 -0.33818349643989415 0.13349199295043945
v -0.7098303437232971 -0.370965514624556 0.08299899846315384
v -0.6114532947540283 -0.3390155176763138 0.12723000347614288
v -0.7098303437232971 -0.370965514624556 0.08299899846315384
v -0.6407303214073181 -0.33818349643989415 0.13349199295043945
v -0.7190713286399841 -0.3697295229081711 0.07759200036525726
v -0.6962623000144958 -0.3204485218171677 0.12230899930000305
v -0.6407303214073181 -0.33818349643989415 0.13349199295043945
v -0.6962623000144958 -0.3204485218171677 0.12230899930000305
v -0.7190713286399841 -0.3697295229081711 0.07759200036525726
v -0.725122332572937 -0.3661814968232712 0.05345899984240532
v -0.5907742977142334 -0.3398495058660111 0.09173800051212311
v -0.7098303437232971 -0.370965514624556 0.08299899846315384
v -0.6114532947540283 -0.3390155176763138 0.12723000347614288
v -0.7098303437232971 -0.370965514624556 0.08299899846315384
v -0.5907742977142334 -0.3398495058660111 0.09173800051212311
v -0.7091883420944214 -0.3722025196199021 0.06962600350379944
v 0.5712217092514038 0.07487148389772563 0.1569959968328476
v 0.6073736548423767 0.12231048539833217 0.15371300280094147
v 0.6071146726608276 0.07171648338989406 0.12349399924278259
v 0.5712217092514038 0.07487148389772563 -0.15392999351024628
v 0.6071146726608276 0.07171648338989406 -0.12042900174856186
v 0.6073736548423767 0.12231048539833217 -0.15064899623394012
v 0.6070376634597778 0.05750648275570064 0.10715600103139877
v 0.5548236966133118 0.0015144866760173348 0.001322000054642558
v 0.5601606965065002 0.01076248631433635 0.12960399687290192
v 0.5548236966133118 0.0015144866760173348 0.001322000054642558
v 0.6070376634597778 0.05750648275570064 0.10715600103139877
v 0.6070396900177002 0.05709948734001308 0.001322000054642558
v 0.5548236966133118 0.0015144866760173348 0.001322000054642558
v 0.6070376634597778 0.05750648275570064 -0.11054600030183792
v 0.5601606965065002 0.01076248631433635 -0.13299299776554108
v 0.6070376634597778 0.05750648275570064 -0.11054600030183792
v 0.5548236966133118 0.0015144866760173348 0.001322000054642558
v 0.6070396900177002 0.05709948734001308 0.001322000054642558
v -1.0969743728637695 0.34806549147323756 -0.045779999345541
v -1.065151333808899 0.38184147671417384 -1.3524740504931924e-16
v -1.04435133934021 0.3484104831571975 -1.3270013874890914e-16
v -1.065151333808899 0.38184147671417384 -1.3524740504931924e-16
v -1.0969743728637695 0.34806549147323756 -0.045779999345541
v -1.1025453805923462 0.37242048577026515 -0.038561999797821045
v -1.065151333808899 0.38184147671417384 -1.3524740504931924e-16
v -1.1025453805923462 0.37242048577026515 0.03856100142002106
v -1.0969743728637695 0.34806549147323756 0.045779999345541
v -1.0969743728637695 0.34806549147323756 0.045779999345541
v -1.04435133934021 0.3484104831571975 -1.3270013874890914e-16
v -1.065151333808899 0.38184147671417384 -1.3524740504931924e-16
v 0.42100265622138977 0.32876848772720485 0.0029150000773370266
v 0.4802696406841278 0.265187468087236 0.043441999703645706
v 0.42706164717674255 0.3290844817514816 0.05315599963068962
v 0.4802696406841278 0.265187468087236 0.043441999703645706
v 0.42100265622138977 0.32876848772720485 0.0029150000773370266
v 0.480270653963089 0.25198548630432277 0.0029150000773370266
v -0.531022310256958 -0.15087851538701863 0.11676999926567078
v -0.48380035161972046 -0.24874452158256383 0.12556500732898712
v -0.528462290763855 -0.1588415171150765 -6.952196291646061e-17
v -0.48380035161972046 -0.24874452158256383 0.12556500732898712
v -0.48137733340263367 -0.2568485180978379 -6.375571333613306e-17
v -0.528462290763855 -0.1588415171150765 -6.952196291646061e-17
v -0.528462290763855 -0.1588415171150765 -6.952196291646061e-17
v -0.48137733340263367 -0.2568485180978379 -6.375571333613306e-17
v -0.48380035161972046 -0.24874452158256383 -0.12556500732898712
v -0.528462290763855 -0.1588415171150765 -6.952196291646061e-17
v -0.48380035161972046 -0.24874452158256383 -0.12556500732898712
v -0.531022310256958 -0.15087851538701863 -0.11676999926567078
v 0.42100265622138977 0.32876848772720485 0.0029150000773370266
v 0.4802696406841278 0.265187468087236 -0.04500399902462959
v 0.480270653963089 0.25198548630432277 0.0029150000773370266
v 0.4802696406841278 0.265187468087236 -0.04500399902462959
v 0.42100265622138977 0.32876848772720485 0.0029150000773370266
v 0.42706164717674255 0.3290844817514816 -0.05471999943256378
v -1.3553563356399536 -0.020579515317519614 0.13435600697994232
v -1.4138293266296387 0.04244448587850719 0.15927700698375702
v -1.3817213773727417 -0.016157513776858756 0.19753099977970123
v -1.4138293266296387 0.04244448587850719 0.15927700698375702
v -1.3553563356399536 -0.020579515317519614 0.13435600697994232
v -1.4084653854370117 0.04840148583606868 0.1255510002374649
v -1.4138293266296387 0.04244448587850719 0.15927700698375702
v -1.4799773693084717 -0.0071745163892111274 0.21157200634479523
v -1.3817213773727417 -0.016157513776858756 0.19753099977970123
v -1.4758003950119019 0.04211448476270824 0.16545900702476501
v -1.4799773693084717 -0.0071745163892111274 0.21157200634479523
v -1.4138293266296387 0.04244448587850719 0.15927700698375702
v -1.1047593355178833 -0.07711551367684216 0.14047400653362274
v -1.1652504205703735 -0.13730951800390095 0.07612700015306473
v -1.0976483821868896 -0.08637151151343198 0.07128100097179413
v -1.1652504205703735 -0.13730951800390095 0.07612700015306473
v -1.1047593355178833 -0.07711551367684216 0.14047400653362274
v -1.1620573997497559 -0.10774251475377888 0.17408700287342072
v -1.1523393392562866 -0.012958515727957198 0.18642599880695343
v -1.1620573997497559 -0.10774251475377888 0.17408700287342072
v -1.1047593355178833 -0.07711551367684216 0.14047400653362274
v -1.1523393392562866 -0.012958515727957198 0.18642599880695343
v -1.1047593355178833 -0.07711551367684216 0.14047400653362274
v -1.1044623851776123 -0.017516514578898856 0.145905002951622
v 0.4803246557712555 0.28182547882751613 0.06671900302171707
v 0.4344026446342468 0.3234084804411331 0.10536099970340729
v 0.42706164717674255 0.3290844817514816 0.05315599963068962
v 0.4803246557712555 0.28182547882751613 0.06671900302171707
v 0.42706164717674255 0.3290844817514816 0.05315599963068962
v 0.4802696406841278 0.265187468087236 0.043441999703645706
v 0.4803556501865387 0.29485147789673 0.06442800164222717
v 0.4396156668663025 0.2902544994707504 0.10992699861526489
v 0.4344026446342468 0.3234084804411331 0.10536099970340729
v 0.4396156668663025 0.2902544994707504 0.10992699861526489
v 0.4803556501865387 0.29485147789673 0.06442800164222717
v 0.4806496798992157 0.23592948511795192 0.11793199926614761
v 0.4344026446342468 0.3234084804411331 -0.09988699853420258
v 0.4803246557712555 0.28182547882751613 -0.06124600023031235
v 0.42706164717674255 0.3290844817514816 -0.05471999943256378
v 0.4802696406841278 0.265187468087236 -0.04500399902462959
v 0.42706164717674255 0.3290844817514816 -0.05471999943256378
v 0.4803246557712555 0.28182547882751613 -0.06124600023031235
v 0.4803246557712555 0.28182547882751613 -0.06124600023031235
v 0.4344026446342468 0.3234084804411331 -0.09988699853420258
v 0.4396156668663025 0.2902544994707504 -0.10693799704313278
v 0.4396156668663025 0.2902544994707504 -0.10693799704313278
v 0.4806496798992157 0.23592948511795192 -0.10969600081443787
v 0.4803556501865387 0.29485147789673 -0.06143900007009506
v -1.1652504205703735 -0.13730951800390095 -0.06612800061702728
v -1.1047593355178833 -0.07711551367684216 -0.1304749995470047
v -1.0976483821868896 -0.08637151151343198 -0.0612809993326664
v -1.1047593355178833 -0.07711551367684216 -0.1304749995470047
v -1.1652504205703735 -0.13730951800390095 -0.06612800061702728
v -1.1620573997497559 -0.10774251475377888 -0.16408799588680267
v -1.1620573997497559 -0.10774251475377888 -0.16408799588680267
v -1.1523393392562866 -0.012957515487512061 -0.17642800509929657
v -1.1047593355178833 -0.07711551367684216 -0.1304749995470047
v -1.1047593355178833 -0.07711551367684216 -0.1304749995470047
v -1.1523393392562866 -0.012957515487512061 -0.17642800509929657
v -1.1044623851776123 -0.017516514578898856 -0.13590599596500397
v 0.8388506770133972 0.30056950048164516 -0.028982000425457954
v 0.8141886591911316 0.3689614792223373 9.490535658885485e-17
v 0.8371877074241638 0.36951750115112453 -0.019324999302625656
v 0.8141886591911316 0.3689614792223373 9.490535658885485e-17
v 0.8388506770133972 0.30056950048164516 -0.028982000425457954
v 0.8044796586036682 0.30056950048164516 9.371634732403643e-17
v 0.8141886591911316 0.3689614792223373 9.490535658885485e-17
v 0.8388506770133972 0.30056950048164516 0.028982000425457954
v 0.8371877074241638 0.36951750115112453 0.019324999302625656
v 0.8388506770133972 0.30056950048164516 0.028982000425457954
v 0.8141886591911316 0.3689614792223373 9.490535658885485e-17
v 0.8044796586036682 0.30056950048164516 9.371634732403643e-17
v -0.70960932970047 0.2947014828081527 0.06891600042581558
v -0.6657453179359436 0.2915124853010574 0.11616600304841995
v -0.709294319152832 0.23157748178199916 0.11715999990701675
v -0.70960932970047 0.2947014828081527 -0.06592699885368347
v -0.709294319152832 0.23157748178199916 -0.10854899883270264
v -0.6657453179359436 0.2915124853010574 -0.11317700147628784
v -1.6390373706817627 0.3037894924040237 -0.050039999186992645
v -1.625002384185791 0.34957450226501613 -2.038093884689651e-16
v -1.595345377922058 0.3281844814176956 -2.0017745677492648e-16
v -1.625002384185791 0.34957450226501613 -2.038093884689651e-16
v -1.6390373706817627 0.3037894924040237 -0.050039999186992645
v -1.6590003967285156 0.33564850286201625 -0.036740999668836594
v -1.6590003967285156 0.33564850286201625 0.036740999668836594
v -1.6390373706817627 0.3037894924040237 0.05003900080919266
v -1.625002384185791 0.34957450226501613 -2.038093884689651e-16
v -1.6390373706817627 0.3037894924040237 0.05003900080919266
v -1.595345377922058 0.3281844814176956 -2.0017745677492648e-16
v -1.625002384185791 0.34957450226501613 -2.038093884689651e-16
v 0.7898346781730652 0.5054554899092116 -0.013051999732851982
v 0.776582658290863 0.49734347656921535 9.029995242784952e-17
v 0.7522616982460022 0.5157904584761062 8.732149341772778e-17
v 0.790062665939331 0.44173848227218776 9.195077331993384e-17
v 0.8126586675643921 0.4869474728460708 -0.0237830001860857
v 0.827454686164856 0.45116048649505763 -0.032391998916864395
v 0.8126586675643921 0.4869474728460708 -0.0237830001860857
v 0.790062665939331 0.44173848227218776 9.195077331993384e-17
v 0.7852826714515686 0.4797264893408218 9.136539414404232e-17
v 0.8330256938934326 0.38680350378708034 -0.03845499828457832
v 0.790062665939331 0.44173848227218776 9.195077331993384e-17
v 0.827454686164856 0.45116048649505763 -0.032391998916864395
v 0.7878127098083496 0.37277948454574733 9.167523614916998e-17
v 0.790062665939331 0.44173848227218776 9.195077331993384e-17
v 0.8330256938934326 0.38680350378708034 -0.03845499828457832
v 0.6615467071533203 0.019242483830014756 -0.0006910000229254365
v 0.743066668510437 0.0918814797754684 -0.06309200078248978
v 0.669879674911499 0.01890348613814502 -0.07805199921131134
v 0.743066668510437 0.0918814797754684 -0.06309200078248978
v 0.6615467071533203 0.019242483830014756 -0.0006910000229254365
v 0.7430686950683594 0.10602448478893428 -0.0006910000229254365
v 0.790062665939331 0.44173848227218776 9.195077331993384e-17
v 0.8330256938934326 0.38680350378708034 0.038453999906778336
v 0.827454686164856 0.45116048649505763 0.03239100053906441
v 0.8330256938934326 0.38680350378708034 0.038453999906778336
v 0.790062665939331 0.44173848227218776 9.195077331993384e-17
v 0.7878127098083496 0.37277948454574733 9.167523614916998e-17
v 0.790062665939331 0.44173848227218776 9.195077331993384e-17
v 0.827454686164856 0.45116048649505763 0.03239100053906441
v 0.8126586675643921 0.4869474728460708 0.0237830001860857
v 0.7852826714515686 0.4797264893408218 9.136539414404232e-17
v 0.790062665939331 0.44173848227218776 9.195077331993384e-17
v 0.8126586675643921 0.4869474728460708 0.0237830001860857
v 0.743066668510437 0.0918814797754684 0.07309100031852722
v 0.6615467071533203 0.019242483830014756 -0.0006910000229254365
v 0.669879674911499 0.01890348613814502 0.0880500003695488
v 0.6615467071533203 0.019242483830014756 -0.0006910000229254365
v 0.743066668510437 0.0918814797754684 0.07309100031852722
v 0.7430686950683594 0.10602448478893428 -0.0006910000229254365
v 0.8726716637611389 0.11662248865322261 -0.19066399335861206
v 0.8349546790122986 0.08708148047880321 -0.14883099496364594
v 0.8312216997146606 0.16653748944954067 -0.14497099816799164
v -1.3553563356399536 -0.020579515317519614 -0.12414100021123886
v -1.4138293266296387 0.04244448587850719 -0.14906199276447296
v -1.4084653854370117 0.04840148583606868 -0.11533399671316147
v -1.4138293266296387 0.04244448587850719 -0.14906199276447296
v -1.3553563356399536 -0.020579515317519614 -0.12414100021123886
v -1.3817213773727417 -0.016157513776858756 -0.18731500208377838
v -1.3817213773727417 -0.016157513776858756 -0.18731500208377838
v -1.4799773693084717 -0.00717351614876599 -0.20667199790477753
v -1.4138293266296387 0.04244448587850719 -0.14906199276447296
v -1.4138293266296387 0.04244448587850719 -0.14906199276447296
v -1.4799773693084717 -0.00717351614876599 -0.20667199790477753
v -1.4758003950119019 0.04211448476270824 -0.16055800020694733
v -1.4076753854751587 -0.08726551412983746 -0.00010399999882793054
v -1.3553563356399536 -0.020579515317519614 -0.12414100021123886
v -1.3362764120101929 -0.022342516401847312 -0.00010399999882793054
v -1.3553563356399536 -0.020579515317519614 -0.12414100021123886
v -1.4076753854751587 -0.08726551412983746 -0.00010399999882793054
v -1.4196743965148926 -0.07886551349802823 -0.11636000126600266
v -1.3553563356399536 -0.020579515317519614 -0.12414100021123886
v -1.4196743965148926 -0.07886551349802823 -0.11636000126600266
v -1.4241024255752563 -0.06776151276572556 -0.15077300369739532
v -1.3817213773727417 -0.016157513776858756 -0.18731500208377838
v -1.3553563356399536 -0.020579515317519614 -0.12414100021123886
v -1.4241024255752563 -0.06776151276572556 -0.15077300369739532
v -1.4241024255752563 -0.06776151276572556 -0.15077300369739532
v -1.4799773693084717 -0.00717351614876599 -0.20667199790477753
v -1.3817213773727417 -0.016157513776858756 -0.18731500208377838
v -1.4799773693084717 -0.00717351614876599 -0.20667199790477753
v -1.4241024255752563 -0.06776151276572556 -0.15077300369739532
v -1.4859223365783691 -0.056087518403371284 -0.16252799332141876
v 0.6070876717567444 0.05597348109439998 -0.11064299941062927
v 0.5666286945343018 0.027438487565080216 -0.15145699679851532
v 0.5601606965065002 0.01076248631433635 -0.13299299776554108
v 0.6071146726608276 0.07171648338989406 -0.12042900174856186
v 0.5666286945343018 0.027438487565080216 -0.15145699679851532
v 0.6070876717567444 0.05597348109439998 -0.11064299941062927
v 0.5666286945343018 0.027438487565080216 -0.15145699679851532
v 0.6071146726608276 0.07171648338989406 -0.12042900174856186
v 0.5712217092514038 0.07487148389772563 -0.15392999351024628
v -1.1950033903121948 0.30448647931770473 -1.5114969424530008e-16
v -1.2291823625564575 0.29589548305229335 -0.03524399921298027
v -1.210870385169983 0.3262695033903518 -1.5309284076586065e-16
v -1.2291823625564575 0.29589548305229335 -0.03524399921298027
v -1.2352744340896606 0.320136483466188 -0.02516300044953823
v -1.210870385169983 0.3262695033903518 -1.5309284076586065e-16
v 0.6070376634597778 0.05750648275570064 0.10715600103139877
v 0.5601606965065002 0.01076248631433635 0.12960399687290192
v 0.6070876717567444 0.058254483794728806 0.11452899873256683
v 0.5601606965065002 0.01076248631433635 0.12960399687290192
v 0.5666286945343018 0.029720481192628434 0.15534399449825287
v 0.6070876717567444 0.058254483794728806 0.11452899873256683
v 0.6070876717567444 0.058254483794728806 0.11452899873256683
v 0.5666286945343018 0.029720481192628434 0.15534399449825287
v 0.6071146726608276 0.07171648338989406 0.12349399924278259
v 0.5712217092514038 0.07487148389772563 0.1569959968328476
v 0.6071146726608276 0.07171648338989406 0.12349399924278259
v 0.5666286945343018 0.029720481192628434 0.15534399449825287
v -1.2291823625564575 0.29589548305229335 0.03524300083518028
v -1.210870385169983 0.3262695033903518 -1.5309284076586065e-16
v -1.2352744340896606 0.320136483466188 0.02516300044953823
v -1.210870385169983 0.3262695033903518 -1.5309284076586065e-16
v -1.2291823625564575 0.29589548305229335 0.03524300083518028
v -1.1950033903121948 0.30448647931770473 -1.5114969424530008e-16
v 0.8726716637611389 0.11662248865322261 0.2006639987230301
v 0.8312206864356995 0.16653748944954067 0.14868099987506866
v 0.8349546790122986 0.08708148047880321 0.15883000195026398
v -1.1044623851776123 -0.017516514578898856 0.145905002951622
v -1.1456843614578247 0.051581483041802934 0.13718099892139435
v -1.1523393392562866 -0.012958515727957198 0.18642599880695343
v -1.1044623851776123 -0.017516514578898856 -0.13590599596500397
v -1.1523393392562866 -0.012957515487512061 -0.17642800509929657
v -1.1456843614578247 0.051580484664002946 -0.13301299512386322
v -0.5825552940368652 -0.3456165234689316 -0.01396199967712164
v -0.5624613165855408 -0.44266352459235997 -0.01396199967712164
v -0.5705263018608093 -0.43677851959510655 -0.084757000207901
v -0.5825552940368652 -0.3456165234689316 -0.01396199967712164
v -0.5705263018608093 -0.43677851959510655 -0.084757000207901
v -0.5907742977142334 -0.3398495058660111 -0.07879000157117844
v -0.936974287033081 0.40806549385742336 -0.03845499828457832
v -0.8843513131141663 0.4084104855413833 -1.1310579175452442e-16
v -0.909812331199646 0.3913325031156936 -1.162238788520451e-16
v -0.936974287033081 0.40806549385742336 -0.03845499828457832
v -0.909812331199646 0.3913325031156936 -1.162238788520451e-16
v -0.9328123331069946 0.3907764811869064 -0.019324999302625656
v -0.909812331199646 0.3913325031156936 -1.162238788520451e-16
v -0.936974287033081 0.40806549385742336 0.038453999906778336
v -0.9328123331069946 0.3907764811869064 0.019324999302625656
v -0.936974287033081 0.40806549385742336 0.038453999906778336
v -0.909812331199646 0.3913325031156936 -1.162238788520451e-16
v -0.8843513131141663 0.4084104855413833 -1.1310579175452442e-16
v -0.5907742977142334 -0.3398495058660111 0.09173800051212311
v -0.5705263018608093 -0.43677750631614537 0.09960199892520905
v -0.5825552940368652 -0.3456165234689316 -0.01396199967712164
v -0.5705263018608093 -0.43677750631614537 0.09960199892520905
v -0.5624613165855408 -0.44266352459235997 -0.01396199967712164
v -0.5825552940368652 -0.3456165234689316 -0.01396199967712164
v 0.776582658290863 0.49734347656921535 9.029995242784952e-17
v 0.7898346781730652 0.5054554899092116 0.013051999732851982
v 0.7522616982460022 0.5157904584761062 8.732149341772778e-17
v 0.776582658290863 0.49734347656921535 9.029995242784952e-17
v 0.7852826714515686 0.4797264893408218 9.136539414404232e-17
v 0.7898346781730652 0.5054554899092116 0.013051999732851982
v 0.7852826714515686 0.4797264893408218 9.136539414404232e-17
v 0.8126586675643921 0.4869474728460708 0.0237830001860857
v 0.7898346781730652 0.5054554899092116 0.013051999732851982
v -0.6534423232078552 0.33146249846176296 0.05635400116443634
v -0.7097012996673584 0.26292147830680995 0.04643400013446808
v -0.6470773220062256 0.33086549833969264 0.0030159999150782824
v -0.7097012996673584 0.26292147830680995 0.04643400013446808
v -0.7096993327140808 0.24877848819450527 0.0030159999150782824
v -0.6470773220062256 0.33086549833969264 0.0030159999150782824
v -0.6470773220062256 0.33086549833969264 0.0030159999150782824
v -0.7096993327140808 0.24877848819450527 0.0030159999150782824
v -0.7097012996673584 0.26292147830680995 -0.04832199960947037
v -0.6470773220062256 0.33086549833969264 0.0030159999150782824
v -0.7097012996673584 0.26292147830680995 -0.04832199960947037
v -0.6534423232078552 0.33146249846176296 -0.05824099853634834
v -1.056779384613037 0.30182948306755214 -1.3422213784111691e-16
v -1.0911493301391602 0.30182849959091335 -0.034501999616622925
v -1.0698124170303345 0.33133250073150783 -1.3581822584642983e-16
v -1.0911493301391602 0.30182849959091335 -0.034501999616622925
v -1.092812418937683 0.3307764788027206 -0.023005999624729156
v -1.0698124170303345 0.33133250073150783 -1.3581822584642983e-16
v -1.0911493301391602 0.30182849959091335 0.034501999616622925
v -1.0698124170303345 0.33133250073150783 -1.3581822584642983e-16
v -1.092812418937683 0.3307764788027206 0.023005999624729156
v -1.0698124170303345 0.33133250073150783 -1.3581822584642983e-16
v -1.0911493301391602 0.30182849959091335 0.034501999616622925
v -1.056779384613037 0.30182948306755214 -1.3422213784111691e-16
v 0.6024336814880371 0.2866724987383285 0.1292790025472641
v 0.6504436731338501 0.29208850458816676 0.07565899938344955
v 0.6507896780967712 0.22265249088958888 0.11344999819993973
v 0.7898346781730652 0.5054554899092116 -0.013051999732851982
v 0.7852826714515686 0.4797264893408218 9.136539414404232e-17
v 0.776582658290863 0.49734347656921535 9.029995242784952e-17
v 0.7852826714515686 0.4797264893408218 9.136539414404232e-17
v 0.7898346781730652 0.5054554899092116 -0.013051999732851982
v 0.8126586675643921 0.4869474728460708 -0.0237830001860857
v 0.6024336814880371 0.2866724987383285 -0.12629100680351257
v 0.6507896780967712 0.22265249088958888 -0.10427699983119965
v 0.6504436731338501 0.29208850458816676 -0.07266899943351746
v -1.6246293783187866 -0.27560651704116673 0.16630400717258453
v -1.7066513299942017 -0.2293005029801926 0.15115700662136078
v -1.6759443283081055 -0.29877052112861485 0.21664999425411224
v -0.6534423232078552 0.33146249846176296 -0.05824099853634834
v -0.7096422910690308 0.2807464857454696 -0.06571999937295914
v -0.6607173085212708 0.32601248816208034 -0.10582000017166138
v -0.7096422910690308 0.2807464857454696 -0.06571999937295914
v -0.6534423232078552 0.33146249846176296 -0.05824099853634834
v -0.7097012996673584 0.26292147830680995 -0.04832199960947037
v -0.6607173085212708 0.32601248816208034 -0.10582000017166138
v -0.7096422910690308 0.2807464857454696 -0.06571999937295914
v -0.6657453179359436 0.2915124853010574 -0.11317700147628784
v -0.7096422910690308 0.2807464857454696 0.07136999815702438
v -0.6534423232078552 0.33146249846176296 0.05635400116443634
v -0.6607173085212708 0.32601248816208034 0.11146900057792664
v -0.6534423232078552 0.33146249846176296 0.05635400116443634
v -0.7096422910690308 0.2807464857454696 0.07136999815702438
v -0.7097012996673584 0.26292147830680995 0.04643400013446808
v -0.6657453179359436 0.2915124853010574 0.11616600304841995
v -0.70960932970047 0.2947014828081527 0.06891600042581558
v -0.6607173085212708 0.32601248816208034 0.11146900057792664
v 0.6871486902236938 0.09999848500446468 0.16845600306987762
v 0.7435896992683411 0.17406248644546657 0.15115700662136078
v 0.7431856989860535 0.0950734873171249 0.09839600324630737
v 0.6799776554107666 0.029507483994523576 -0.15843500196933746
v 0.669879674911499 0.01890348613814502 -0.07805199921131134
v 0.7431426644325256 0.07405648723796993 -0.09893500059843063
v 0.669879674911499 0.01890348613814502 -0.07805199921131134
v 0.743066668510437 0.0918814797754684 -0.06309200078248978
v 0.7431426644325256 0.07405648723796993 -0.09893500059843063
v 0.7431426644325256 0.07405648723796993 -0.09893500059843063
v 0.6871486902236938 0.09999848500446468 -0.16546599566936493
v 0.6799776554107666 0.029507483994523576 -0.15843500196933746
v 0.6871486902236938 0.09999848500446468 -0.16546599566936493
v 0.7431426644325256 0.07405648723796993 -0.09893500059843063
v 0.7431856989860535 0.0950734873171249 -0.09540700167417526
v 0.6871486902236938 0.09999848500446468 -0.16546599566936493
v 0.7431856989860535 0.0950734873171249 -0.09540700167417526
v 0.7435896992683411 0.17406248644546657 -0.15624700486660004
v 0.5804986953735352 0.33205949858383327 0.0031679999083280563
v 0.6503416895866394 0.2571314831133285 0.050925999879837036
v 0.5876376628875732 0.33243250445083766 0.0623759999871254
v 0.6503416895866394 0.2571314831133285 0.050925999879837036
v 0.5804986953735352 0.33205949858383327 0.0031679999083280563
v 0.650343656539917 0.24157347873405605 0.0031679999083280563
v 0.5804986953735352 0.33205949858383327 0.0031679999083280563
v 0.6503416895866394 0.2571314831133285 -0.05330299958586693
v 0.650343656539917 0.24157347873405605 0.0031679999083280563
v 0.6503416895866394 0.2571314831133285 -0.05330299958586693
v 0.5804986953735352 0.33205949858383327 0.0031679999083280563
v 0.5876386761665344 0.33243250445083766 -0.06475099921226501
v 0.669879674911499 0.01890348613814502 0.0880500003695488
v 0.6799776554107666 0.029507483994523576 0.15759800374507904
v 0.7431426644325256 0.07405648723796993 0.0980990007519722
v 0.669879674911499 0.01890348613814502 0.0880500003695488
v 0.7431426644325256 0.07405648723796993 0.0980990007519722
v 0.743066668510437 0.0918814797754684 0.07309100031852722
v 0.6871486902236938 0.09999848500446468 0.16845600306987762
v 0.7431426644325256 0.07405648723796993 0.0980990007519722
v 0.6799776554107666 0.029507483994523576 0.15759800374507904
v 0.7431426644325256 0.07405648723796993 0.0980990007519722
v 0.6871486902236938 0.09999848500446468 0.16845600306987762
v 0.7431856989860535 0.0950734873171249 0.09839600324630737
v -1.6246293783187866 -0.27560651704116673 -0.16331399977207184
v -1.6759443283081055 -0.29877052112861485 -0.21365900337696075
v -1.7066513299942017 -0.2293005029801926 -0.15624700486660004
v 0.5962896943092346 0.3257424791212478 -0.11798100173473358
v 0.6504076719284058 0.27673747733787685 -0.0724409967660904
v 0.5876386761665344 0.33243250445083766 -0.06475099921226501
v 0.6503416895866394 0.2571314831133285 -0.05330299958586693
v 0.5876386761665344 0.33243250445083766 -0.06475099921226501
v 0.6504076719284058 0.27673747733787685 -0.0724409967660904
v 0.6504076719284058 0.27673747733787685 -0.0724409967660904
v 0.5962896943092346 0.3257424791212478 -0.11798100173473358
v 0.6024336814880371 0.2866724987383285 -0.12629100680351257
v 0.6504076719284058 0.27673747733787685 0.07835900038480759
v 0.5962896943092346 0.3257424791212478 0.1238970011472702
v 0.5876376628875732 0.33243250445083766 0.0623759999871254
v 0.6504076719284058 0.27673747733787685 0.07835900038480759
v 0.5876376628875732 0.33243250445083766 0.0623759999871254
v 0.6503416895866394 0.2571314831133285 0.050925999879837036
v 0.6504436731338501 0.29208850458816676 0.07565899938344955
v 0.6024336814880371 0.2866724987383285 0.1292790025472641
v 0.5962896943092346 0.3257424791212478 0.1238970011472702
v -1.04435133934021 0.3484104831571975 -1.3270013874890914e-16
v -1.092812418937683 0.3307764788027206 -0.023005999624729156
v -1.0969743728637695 0.34806549147323756 -0.045779999345541
v -1.092812418937683 0.3307764788027206 -0.023005999624729156
v -1.04435133934021 0.3484104831571975 -1.3270013874890914e-16
v -1.0698124170303345 0.33133250073150783 -1.3581822584642983e-16
v -1.04435133934021 0.3484104831571975 -1.3270013874890914e-16
v -1.092812418937683 0.3307764788027206 0.023005999624729156
v -1.0698124170303345 0.33133250073150783 -1.3581822584642983e-16
v -1.04435133934021 0.3484104831571975 -1.3270013874890914e-16
v -1.0969743728637695 0.34806549147323756 0.045779999345541
v -1.092812418937683 0.3307764788027206 0.023005999624729156
v 1.2638646364212036 0.11856849089817195 -0.0589819997549057
v 1.2931816577911377 0.15653648570732265 -0.05246699973940849
v 1.2931525707244873 0.11923749343113094 -0.08578299731016159
v 1.2638646364212036 0.11856849089817195 0.0589819997549057
v 1.2931536436080933 0.11923749343113094 0.0857819989323616
v 1.2931816577911377 0.15653648570732265 0.052466001361608505
v -0.8901203274726868 -0.35279152199073643 0.16481299698352814
v -0.8627563118934631 -0.4161964993123612 0.09729599952697754
v -0.931972324848175 -0.3315995077733597 0.11755900084972382
v -0.8627563118934631 -0.4161964993123612 0.09729599952697754
v -0.8901203274726868 -0.35279152199073643 0.16481299698352814
v -0.8538193106651306 -0.41678050562187047 0.09579800069332123
v -0.8901203274726868 -0.35279152199073643 0.16481299698352814
v -0.8351303339004517 -0.365669522726973 0.16058500111103058
v -0.8538193106651306 -0.41678050562187047 0.09579800069332123
v -0.8351303339004517 -0.365669522726973 0.16058500111103058
v -0.8470233082771301 -0.41684252425475926 0.07019100338220596
v -0.8538193106651306 -0.41678050562187047 0.09579800069332123
v -0.8351303339004517 -0.365669522726973 0.16058500111103058
v -0.7706273198127747 -0.42576751514716954 0.12481000274419785
v -0.8470233082771301 -0.41684252425475926 0.07019100338220596
v -0.8627563118934631 -0.4161964993123612 -0.09729599952697754
v -0.8901203274726868 -0.35279152199073643 -0.16481299698352814
v -0.931972324848175 -0.3316005210523209 -0.11755699664354324
v -0.8538193106651306 -0.41678050562187047 -0.09579800069332123
v -0.8901203274726868 -0.35279152199073643 -0.16481299698352814
v -0.8627563118934631 -0.4161964993123612 -0.09729599952697754
v -0.8901203274726868 -0.35279152199073643 -0.16481299698352814
v -0.8538193106651306 -0.41678050562187047 -0.09579800069332123
v -0.8351303339004517 -0.365669522726973 -0.16058500111103058
v -0.8470233082771301 -0.41684252425475926 -0.07018999755382538
v -0.8351303339004517 -0.365669522726973 -0.16058500111103058
v -0.8538193106651306 -0.41678050562187047 -0.09579800069332123
v -0.8351303339004517 -0.365669522726973 -0.16058500111103058
v -0.8470233082771301 -0.41684252425475926 -0.07018999755382538
v -0.7706273198127747 -0.42576751514716954 -0.12480899691581726
v -0.8005773425102234 -0.21189950808330388 -0.090038001537323
v -0.8277353048324585 -0.15125551476522298 -0.1375180035829544
v -0.8605903387069702 -0.12889951124235005 -0.11317700147628784
v -0.8056023120880127 -0.21088950737758488 0.09782800078392029
v -0.8605903387069702 -0.12889951124235005 0.11317700147628784
v -0.8277353048324585 -0.15125551476522298 0.1375180035829544
v -1.5555773973464966 -0.1819205026273331 -0.14696399867534637
v -1.5777174234390259 -0.22471650346561284 -0.08801700174808502
v -1.5622813701629639 -0.23388550087257237 -0.09107799828052521
v -1.5622813701629639 -0.23388550087257237 -0.09107799828052521
v -1.5016883611679077 -0.2073775123004517 -0.1411059945821762
v -1.5555773973464966 -0.1819205026273331 -0.14696399867534637
v -1.5777174234390259 -0.22471650346561284 0.09801600128412247
v -1.5555773973464966 -0.1819205026273331 0.15696300566196442
v -1.5622813701629639 -0.23388550087257237 0.10107800364494324
v -1.5016883611679077 -0.2073775123004517 0.15110500156879425
v -1.5622813701629639 -0.23388550087257237 0.10107800364494324
v -1.5555773973464966 -0.1819205026273331 0.15696300566196442
v 0.8349546790122986 0.08708148047880321 0.15883000195026398
v 0.8312206864356995 0.16653748944954067 0.14868099987506866
v 0.8743276596069336 0.1146274913902679 0.09801600128412247
v 0.885840654373169 0.10085148707584529 0.10107800364494324
v 0.8349546790122986 0.08708148047880321 0.15883000195026398
v 0.8743276596069336 0.1146274913902679 0.09801600128412247
v 0.8349546790122986 0.08708148047880321 0.15883000195026398
v 0.885840654373169 0.10085148707584529 0.10107800364494324
v 0.868968665599823 0.037016484593907883 0.1527249962091446
v 0.8349546790122986 0.08708148047880321 -0.14883099496364594
v 0.8743276596069336 0.1146274913902679 -0.08801700174808502
v 0.8312216997146606 0.16653748944954067 -0.14497099816799164
v 0.8349546790122986 0.08708148047880321 -0.14883099496364594
v 0.885840654373169 0.10085148707584529 -0.09107799828052521
v 0.8743276596069336 0.1146274913902679 -0.08801700174808502
v 0.885840654373169 0.10085148707584529 -0.09107799828052521
v 0.8349546790122986 0.08708148047880321 -0.14883099496364594
v 0.868968665599823 0.037016484593907883 -0.14272700250148773
v -1.4076753854751587 -0.08726551412983746 -0.00010399999882793054
v -1.3553563356399536 -0.020579515317519614 0.13435600697994232
v -1.4196743965148926 -0.07886551349802823 0.12657499313354492
v -1.3553563356399536 -0.020579515317519614 0.13435600697994232
v -1.4076753854751587 -0.08726551412983746 -0.00010399999882793054
v -1.3362764120101929 -0.022342516401847312 -0.00010399999882793054
v 1.3630086183547974 0.10684448078827052 -0.057679999619722366
v 1.387320637702942 0.1419484873171249 -0.04974199831485748
v 1.387320637702942 0.10774448112205653 -0.07992500066757202
v -1.5665934085845947 0.27913748816208034 -1.9665635404808016e-16
v -1.620435357093811 0.26458248094276576 -0.02621299959719181
v -1.6263093948364258 0.27731048659042506 -0.059505000710487366
v -1.620435357093811 0.26458248094276576 -0.02621299959719181
v -1.5665934085845947 0.27913748816208034 -1.9665635404808016e-16
v -1.5942233800888062 0.26458248094276576 -2.0004003891412427e-16
v -1.5665934085845947 0.27913748816208034 -1.9665635404808016e-16
v -1.620435357093811 0.26458248094276576 0.02621299959719181
v -1.5942233800888062 0.26458248094276576 -2.0004003891412427e-16
v -1.5665934085845947 0.27913748816208034 -1.9665635404808016e-16
v -1.6263093948364258 0.27731048659042506 0.059505000710487366
v -1.620435357093811 0.26458248094276576 0.02621299959719181
v 1.3630086183547974 0.10684448078827052 0.057679999619722366
v 1.387320637702942 0.10774448112205653 0.07992400228977203
v 1.387320637702942 0.1419484873171249 0.049740999937057495
v -0.8725963234901428 -0.1263325180058083 9.999999974752427e-7
v -0.8056023120880127 -0.21088950737758488 -0.09782800078392029
v -0.8605903387069702 -0.12889951124235005 -0.11317700147628784
v -0.8056023120880127 -0.21088950737758488 -0.09782800078392029
v -0.8725963234901428 -0.1263325180058083 9.999999974752427e-7
v -0.8128383159637451 -0.20943451329513402 9.999999974752427e-7
v -0.8056023120880127 -0.21088950737758488 0.09782800078392029
v -0.8725963234901428 -0.1263325180058083 9.999999974752427e-7
v -0.8605903387069702 -0.12889951124235005 0.11317700147628784
v -0.8725963234901428 -0.1263325180058083 9.999999974752427e-7
v -0.8056023120880127 -0.21088950737758488 0.09782800078392029
v -0.8128383159637451 -0.20943451329513402 9.999999974752427e-7
v -1.6263093948364258 0.27731048659042506 -0.059505000710487366
v -1.595345377922058 0.3281844814176956 -2.0017745677492648e-16
v -1.5665934085845947 0.27913748816208034 -1.9665635404808016e-16
v -1.595345377922058 0.3281844814176956 -2.0017745677492648e-16
v -1.6263093948364258 0.27731048659042506 -0.059505000710487366
v -1.6390373706817627 0.3037894924040237 -0.050039999186992645
v 1.293116569519043 0.07086548552469402 -0.07267899811267853
v 1.2930896282196045 0.035222481643716386 -0.03511999920010567
v 1.2527306079864502 0.07330448523716121 -0.030004000291228294
v 1.293116569519043 0.07086548552469402 -0.07267899811267853
v 1.2527306079864502 0.07330448523716121 -0.030004000291228294
v 1.2607026100158691 0.09227849141315608 -0.05120600014925003
v 1.293116569519043 0.07086548552469402 -0.07267899811267853
v 1.2607026100158691 0.09227849141315608 -0.05120600014925003
v 1.2931525707244873 0.11923749343113094 -0.08578299731016159
v 1.2607026100158691 0.09227849141315608 -0.05120600014925003
v 1.2638646364212036 0.11856849089817195 -0.0589819997549057
v 1.2931525707244873 0.11923749343113094 -0.08578299731016159
v 1.2930896282196045 0.035222481643716386 0.03511999920010567
v 1.293116569519043 0.07086548552469402 0.07267799973487854
v 1.2527306079864502 0.07330448523716121 0.030004000291228294
v 1.2527306079864502 0.07330448523716121 0.030004000291228294
v 1.293116569519043 0.07086548552469402 0.07267799973487854
v 1.2607026100158691 0.09227849141315608 0.05120600014925003
v 1.2931536436080933 0.11923749343113094 0.0857819989323616
v 1.2607026100158691 0.09227849141315608 0.05120600014925003
v 1.293116569519043 0.07086548552469402 0.07267799973487854
v 1.2931536436080933 0.11923749343113094 0.0857819989323616
v 1.2638646364212036 0.11856849089817195 0.0589819997549057
v 1.2607026100158691 0.09227849141315608 0.05120600014925003
v -1.595345377922058 0.3281844814176956 -2.0017745677492648e-16
v -1.6390373706817627 0.3037894924040237 0.05003900080919266
v -1.6263093948364258 0.27731048659042506 0.059505000710487366
v -1.6263093948364258 0.27731048659042506 0.059505000710487366
v -1.5665934085845947 0.27913748816208034 -1.9665635404808016e-16
v -1.595345377922058 0.3281844814176956 -2.0017745677492648e-16
v -1.1543914079666138 -0.03340251563495905 0.09408599883317947
v -1.0976483821868896 -0.08637151151343198 0.07128100097179413
v -1.1529723405838013 -0.01824151567562432 0.05980600044131279
v -1.0976483821868896 -0.08637151151343198 0.07128100097179413
v -1.1543914079666138 -0.03340251563495905 0.09408599883317947
v -1.1047593355178833 -0.07711551367684216 0.14047400653362274
v -1.0976483821868896 -0.08637151151343198 -0.0612809993326664
v -1.1543914079666138 -0.033401513531868765 -0.08408699929714203
v -1.1529723405838013 -0.01824151567562432 -0.04980599880218506
v -1.1543914079666138 -0.033401513531868765 -0.08408699929714203
v -1.0976483821868896 -0.08637151151343198 -0.0612809993326664
v -1.1047593355178833 -0.07711551367684216 -0.1304749995470047
v -1.1044623851776123 -0.017516514578898856 -0.13590599596500397
v -1.1526063680648804 -0.015538515815576026 -0.08124800026416779
v -1.1543914079666138 -0.033401513531868765 -0.08408699929714203
v -1.1543914079666138 -0.033401513531868765 -0.08408699929714203
v -1.1047593355178833 -0.07711551367684216 -0.1304749995470047
v -1.1044623851776123 -0.017516514578898856 -0.13590599596500397
v -1.1047593355178833 -0.07711551367684216 0.14047400653362274
v -1.1543914079666138 -0.03340251563495905 0.09408599883317947
v -1.1044623851776123 -0.017516514578898856 0.145905002951622
v -1.1044623851776123 -0.017516514578898856 0.145905002951622
v -1.1543914079666138 -0.03340251563495905 0.09408599883317947
v -1.1526063680648804 -0.015538515815576026 0.09124699980020523
v -1.1526063680648804 -0.015538515815576026 -0.08124800026416779
v -1.1044623851776123 -0.017516514578898856 -0.13590599596500397
v -1.1456843614578247 0.051580484664002946 -0.13301299512386322
v 1.482948660850525 0.07533548370556026 -0.08001600205898285
v 1.4477065801620483 0.09863248065666347 -0.05581500008702278
v 1.482948660850525 0.12835548416332393 -0.08107399940490723
v 1.4477065801620483 0.09863248065666347 -0.05581500008702278
v 1.4511616230010986 0.1275664825792709 -0.055730000138282776
v 1.482948660850525 0.12835548416332393 -0.08107399940490723
v 1.4511616230010986 0.1275664825792709 -0.055730000138282776
v 1.482948660850525 0.16919448569969325 -0.05255400016903877
v 1.482948660850525 0.12835548416332393 -0.08107399940490723
v 1.482948660850525 0.12835548416332393 0.08107399940490723
v 1.4477065801620483 0.09863248065666347 0.05581500008702278
v 1.482948660850525 0.07533548370556026 0.08001500368118286
v 1.482948660850525 0.12835548416332393 0.08107399940490723
v 1.4511616230010986 0.1275664825792709 0.055730000138282776
v 1.4477065801620483 0.09863248065666347 0.05581500008702278
v 1.4511616230010986 0.1275664825792709 0.055730000138282776
v 1.482948660850525 0.12835548416332393 0.08107399940490723
v 1.482948660850525 0.16919448569969325 0.05255400016903877
v -1.2352744340896606 0.320136483466188 -0.02516300044953823
v -1.1937544345855713 0.34245347574905544 -1.5099673862387168e-16
v -1.210870385169983 0.3262695033903518 -1.5309284076586065e-16
v -1.247706413269043 0.3274894912596145 -0.05150099843740463
v -1.1937544345855713 0.34245347574905544 -1.5099673862387168e-16
v -1.2352744340896606 0.320136483466188 -0.02516300044953823
v -1.1526063680648804 -0.015538515815576026 0.09124699980020523
v -1.1456843614578247 0.051581483041802934 0.13718099892139435
v -1.1044623851776123 -0.017516514578898856 0.145905002951622
v -1.1937544345855713 0.34245347574905544 -1.5099673862387168e-16
v -1.2352744340896606 0.320136483466188 0.02516300044953823
v -1.210870385169983 0.3262695033903518 -1.5309284076586065e-16
v -1.1937544345855713 0.34245347574905544 -1.5099673862387168e-16
v -1.247706413269043 0.3274894912596145 0.051500000059604645
v -1.2352744340896606 0.320136483466188 0.02516300044953823
v 1.387320637702942 0.06301648513034969 -0.07017599791288376
v 1.387320637702942 0.028853486930886796 -0.03205699846148491
v 1.3519905805587769 0.06272148684219508 -0.028857000172138214
v 1.387320637702942 0.06301648513034969 -0.07017599791288376
v 1.3519905805587769 0.06272148684219508 -0.028857000172138214
v 1.3600096702575684 0.08159448549703746 -0.05149799957871437
v 1.387320637702942 0.06301648513034969 -0.07017599791288376
v 1.3600096702575684 0.08159448549703746 -0.05149799957871437
v 1.387320637702942 0.10774448112205653 -0.07992500066757202
v 1.3600096702575684 0.08159448549703746 -0.05149799957871437
v 1.3630086183547974 0.10684448078827052 -0.057679999619722366
v 1.387320637702942 0.10774448112205653 -0.07992500066757202
v 1.387320637702942 0.028853486930886796 0.03205600008368492
v 1.387320637702942 0.06301648513034969 0.07017499953508377
v 1.3519905805587769 0.06272148684219508 0.028857000172138214
v 1.3519905805587769 0.06272148684219508 0.028857000172138214
v 1.387320637702942 0.06301648513034969 0.07017499953508377
v 1.3600096702575684 0.08159448549703746 0.05149799957871437
v 1.387320637702942 0.10774448112205653 0.07992400228977203
v 1.3600096702575684 0.08159448549703746 0.05149799957871437
v 1.387320637702942 0.06301648513034969 0.07017499953508377
v 1.387320637702942 0.10774448112205653 0.07992400228977203
v 1.3630086183547974 0.10684448078827052 0.057679999619722366
v 1.3600096702575684 0.08159448549703746 0.05149799957871437
v 1.4477065801620483 0.09863248065666347 -0.05581500008702278
v 1.482948660850525 0.07533548370556026 -0.08001600205898285
v 1.438908576965332 0.07768748298839717 -0.04202999919652939
v 1.482948660850525 0.036132488107244065 -0.05027899891138077
v 1.438908576965332 0.07768748298839717 -0.04202999919652939
v 1.482948660850525 0.07533548370556026 -0.08001600205898285
v 1.482948660850525 0.07533548370556026 0.08001500368118286
v 1.438908576965332 0.07768748298839717 0.04202999919652939
v 1.482948660850525 0.036132488107244065 0.05027800053358078
v 1.438908576965332 0.07768748298839717 0.04202999919652939
v 1.482948660850525 0.07533548370556026 0.08001500368118286
v 1.4477065801620483 0.09863248065666347 0.05581500008702278
v 1.2930846214294434 0.0282164846415916 1.5355320317269336e-16
v 1.252646565437317 0.06666448310569911 1.486009721070119e-16
v 1.2527306079864502 0.07330448523716121 -0.030004000291228294
v 1.2930846214294434 0.0282164846415916 1.5355320317269336e-16
v 1.2527306079864502 0.07330448523716121 -0.030004000291228294
v 1.2930896282196045 0.035222481643716386 -0.03511999920010567
v 1.2930896282196045 0.035222481643716386 0.03511999920010567
v 1.2527306079864502 0.07330448523716121 0.030004000291228294
v 1.2930846214294434 0.0282164846415916 1.5355320317269336e-16
v 1.2527306079864502 0.07330448523716121 0.030004000291228294
v 1.252646565437317 0.06666448310569911 1.486009721070119e-16
v 1.2930846214294434 0.0282164846415916 1.5355320317269336e-16
v 1.6258755922317505 0.12033848062709956 -0.061955999583005905
v 1.6527836322784424 0.15681649342731624 -0.05752699822187424
v 1.6529706716537476 0.12026448146061092 -0.08532200008630753
v 1.6258755922317505 0.12033848062709956 0.06195500120520592
v 1.6529706716537476 0.12026448146061092 0.08532100170850754
v 1.6527836322784424 0.15681649342731624 0.05752599984407425
v -1.0906513929367065 -0.08654451399489255 0.0004189999890513718
v -1.1529723405838013 -0.01824151567562432 -0.04980599880218506
v -1.151793360710144 -0.006218515629013488 0.0004189999890513718
v -1.1529723405838013 -0.01824151567562432 -0.04980599880218506
v -1.0906513929367065 -0.08654451399489255 0.0004189999890513718
v -1.0976483821868896 -0.08637151151343198 -0.0612809993326664
v -1.0976483821868896 -0.08637151151343198 0.07128100097179413
v -1.0906513929367065 -0.08654451399489255 0.0004189999890513718
v -1.1529723405838013 -0.01824151567562432 0.05980600044131279
v -1.1529723405838013 -0.01824151567562432 0.05980600044131279
v -1.0906513929367065 -0.08654451399489255 0.0004189999890513718
v -1.151793360710144 -0.006218515629013488 0.0004189999890513718
v 0.8681826591491699 0.024533483838597825 0.07709100097417831
v 0.868968665599823 0.037016484593907883 0.1527249962091446
v 0.885840654373169 0.10085148707584529 0.10107800364494324
v 0.8681826591491699 0.024533483838597825 0.07709100097417831
v 0.885840654373169 0.10085148707584529 0.10107800364494324
v 0.8760026693344116 0.11247348383621364 0.0641070008277893
v 0.868968665599823 0.037016484593907883 -0.14272700250148773
v 0.8681826591491699 0.024533483838597825 -0.06709200143814087
v 0.885840654373169 0.10085148707584529 -0.09107799828052521
v 0.8681826591491699 0.024533483838597825 -0.06709200143814087
v 0.8760026693344116 0.11247348383621364 -0.054106999188661575
v 0.885840654373169 0.10085148707584529 -0.09107799828052521
v 0.8625437021255493 0.02017948374704509 0.00005999999848427251
v 0.8760026693344116 0.11247348383621364 -0.054106999188661575
v 0.8681826591491699 0.024533483838597825 -0.06709200143814087
v 0.8760026693344116 0.11247348383621364 -0.054106999188661575
v 0.8625437021255493 0.02017948374704509 0.00005999999848427251
v 0.8682386875152588 0.12172948912338405 0.00005999999848427251
v 0.8760026693344116 0.11247348383621364 0.0641070008277893
v 0.8625437021255493 0.02017948374704509 0.00005999999848427251
v 0.8681826591491699 0.024533483838597825 0.07709100097417831
v 0.8625437021255493 0.02017948374704509 0.00005999999848427251
v 0.8760026693344116 0.11247348383621364 0.0641070008277893
v 0.8682386875152588 0.12172948912338405 0.00005999999848427251
v -0.9415172934532166 -0.3300325016622147 9.999999974752427e-7
v -0.8627563118934631 -0.4161964993123612 -0.09729599952697754
v -0.931972324848175 -0.3316005210523209 -0.11755699664354324
v -0.8627563118934631 -0.4161964993123612 -0.09729599952697754
v -0.9415172934532166 -0.3300325016622147 9.999999974752427e-7
v -0.8669263124465942 -0.41535249754234166 9.999999974752427e-7
v -0.8627563118934631 -0.4161964993123612 0.09729599952697754
v -0.9415172934532166 -0.3300325016622147 9.999999974752427e-7
v -0.931972324848175 -0.3315995077733597 0.11755900084972382
v -0.9415172934532166 -0.3300325016622147 9.999999974752427e-7
v -0.8627563118934631 -0.4161964993123612 0.09729599952697754
v -0.8669263124465942 -0.41535249754234166 9.999999974752427e-7
v -1.5794774293899536 0.23848247126297145 -1.982341911403577e-16
v -1.620435357093811 0.26458248094276576 -0.02621299959719181
v -1.5942233800888062 0.26458248094276576 -2.0004003891412427e-16
v -1.620435357093811 0.26458248094276576 -0.02621299959719181
v -1.5794774293899536 0.23848247126297145 -1.982341911403577e-16
v -1.620436429977417 0.23848247126297145 -0.04095900058746338
v -1.620435357093811 0.26458248094276576 0.02621299959719181
v -1.620436429977417 0.23848247126297145 0.04095900058746338
v -1.5794774293899536 0.23848247126297145 -1.982341911403577e-16
v -1.620435357093811 0.26458248094276576 0.02621299959719181
v -1.5794774293899536 0.23848247126297145 -1.982341911403577e-16
v -1.5942233800888062 0.26458248094276576 -2.0004003891412427e-16
v -1.5705113410949707 -0.33775750204368443 -0.0006910000229254365
v -1.6735193729400635 -0.30450851126952977 -0.06309200078248978
v -1.679301381111145 -0.29160151287360997 -0.0006910000229254365
v -1.6735193729400635 -0.30450851126952977 -0.06309200078248978
v -1.5705113410949707 -0.33775750204368443 -0.0006910000229254365
v -1.5777254104614258 -0.341642502987822 -0.07734999805688858
v -1.5777254104614258 -0.341642502987822 0.08735000342130661
v -1.5705113410949707 -0.33775750204368443 -0.0006910000229254365
v -1.6735193729400635 -0.30450851126952977 0.07309100031852722
v -1.6735193729400635 -0.30450851126952977 0.07309100031852722
v -1.5705113410949707 -0.33775750204368443 -0.0006910000229254365
v -1.679301381111145 -0.29160151287360997 -0.0006910000229254365
v 1.387320637702942 0.022472485607425263 1.650937888510168e-16
v 1.3519246578216553 0.056596483742753556 1.607590315689939e-16
v 1.3519905805587769 0.06272148684219508 -0.028857000172138214
v 1.387320637702942 0.022472485607425263 1.650937888510168e-16
v 1.3519905805587769 0.06272148684219508 -0.028857000172138214
v 1.387320637702942 0.028853486930886796 -0.03205699846148491
v 1.387320637702942 0.028853486930886796 0.03205600008368492
v 1.3519905805587769 0.06272148684219508 0.028857000172138214
v 1.387320637702942 0.022472485607425263 1.650937888510168e-16
v 1.3519905805587769 0.06272148684219508 0.028857000172138214
v 1.3519246578216553 0.056596483742753556 1.607590315689939e-16
v 1.387320637702942 0.022472485607425263 1.650937888510168e-16
v 1.5467005968093872 0.10504649177745967 -0.05621299892663956
v 1.5709925889968872 0.13769548729614406 -0.05424699932336807
v 1.571388602256775 0.10596648946956783 -0.0806799978017807
v 1.2931456565856934 0.10945449367717891 1.5356068088543084e-16
v 1.2527306079864502 0.07330448523716121 0.030004000291228294
v 1.2931486368179321 0.11320948198990016 0.021133000031113625
v 1.2527306079864502 0.07330448523716121 0.030004000291228294
v 1.2931456565856934 0.10945449367717891 1.5356068088543084e-16
v 1.252646565437317 0.06666448310569911 1.486009721070119e-16
v 1.5467005968093872 0.10504649177745967 0.05621200054883957
v 1.571388602256775 0.10596648946956783 0.08067899942398071
v 1.5709925889968872 0.13769548729614406 0.05424699932336807
v 1.2931456565856934 0.10945449367717891 1.5356068088543084e-16
v 1.2527306079864502 0.07330448523716121 -0.030004000291228294
v 1.252646565437317 0.06666448310569911 1.486009721070119e-16
v 1.2527306079864502 0.07330448523716121 -0.030004000291228294
v 1.2931456565856934 0.10945449367717891 1.5356068088543084e-16
v 1.2931486368179321 0.11320948198990016 -0.021133000031113625
v 1.2607026100158691 0.09227849141315608 0.05120600014925003
v 1.2931506633758545 0.11532048479274898 0.024886999279260635
v 1.2931486368179321 0.11320948198990016 0.021133000031113625
v 1.2931486368179321 0.11320948198990016 0.021133000031113625
v 1.2527306079864502 0.07330448523716121 0.030004000291228294
v 1.2607026100158691 0.09227849141315608 0.05120600014925003
v 1.2607026100158691 0.09227849141315608 0.05120600014925003
v 1.2931525707244873 0.11799148813442378 0.026822000741958618
v 1.2931506633758545 0.11532048479274898 0.024886999279260635
v 1.2931525707244873 0.11799148813442378 0.026822000741958618
v 1.2607026100158691 0.09227849141315608 0.05120600014925003
v 1.2638646364212036 0.11856849089817195 0.0589819997549057
v 1.2931525707244873 0.11799148813442378 0.026822000741958618
v 1.2638646364212036 0.11856849089817195 0.0589819997549057
v 1.2931816577911377 0.15653648570732265 0.052466001361608505
v 1.482948660850525 0.12692649260715633 0.025431999936699867
v 1.4511616230010986 0.1275664825792709 0.055730000138282776
v 1.482948660850525 0.16919448569969325 0.05255400016903877
v 1.2527306079864502 0.07330448523716121 -0.030004000291228294
v 1.2931486368179321 0.11320948198990016 -0.021133000031113625
v 1.2607026100158691 0.09227849141315608 -0.05120600014925003
v 1.2607026100158691 0.09227849141315608 -0.05120600014925003
v 1.2931486368179321 0.11320948198990016 -0.021133000031113625
v 1.2931506633758545 0.11532048479274898 -0.024886999279260635
v 1.2931525707244873 0.11799148813442378 -0.026822999119758606
v 1.2607026100158691 0.09227849141315608 -0.05120600014925003
v 1.2931506633758545 0.11532048479274898 -0.024886999279260635
v 1.2607026100158691 0.09227849141315608 -0.05120600014925003
v 1.2931525707244873 0.11799148813442378 -0.026822999119758606
v 1.2638646364212036 0.11856849089817195 -0.0589819997549057
v 1.2931525707244873 0.11799148813442378 -0.026822999119758606
v 1.2931816577911377 0.15653648570732265 -0.05246699973940849
v 1.2638646364212036 0.11856849089817195 -0.0589819997549057
v 1.482948660850525 0.12692649260715633 -0.025431999936699867
v 1.482948660850525 0.16919448569969325 -0.05255400016903877
v 1.4511616230010986 0.1275664825792709 -0.055730000138282776
v 1.5719016790390015 0.06477448687509685 -0.06856700032949448
v 1.5722806453704834 0.03431748197034984 -0.03387700021266937
v 1.5376635789871216 0.0661764849777618 -0.02930000051856041
v 1.5719016790390015 0.06477448687509685 -0.06856700032949448
v 1.5376635789871216 0.0661764849777618 -0.02930000051856041
v 1.5442966222763062 0.08253348216966777 -0.04896700009703636
v 1.5722806453704834 0.03431748197034984 0.033876001834869385
v 1.5719016790390015 0.06477448687509685 0.06856600195169449
v 1.5376635789871216 0.0661764849777618 0.02930000051856041
v 1.5376635789871216 0.0661764849777618 0.02930000051856041
v 1.5719016790390015 0.06477448687509685 0.06856600195169449
v 1.5442966222763062 0.08253348216966777 0.04896700009703636
v 1.653213620185852 0.07272048637823253 -0.07206899672746658
v 1.6533966064453125 0.03702548489526897 -0.0344030000269413
v 1.6143896579742432 0.07288448110775142 -0.030943000689148903
v 1.653213620185852 0.07272048637823253 -0.07206899672746658
v 1.6143896579742432 0.07288448110775142 -0.030943000689148903
v 1.6227695941925049 0.0930384804363647 -0.05341299995779991
v 1.653213620185852 0.07272048637823253 -0.07206899672746658
v 1.6227695941925049 0.0930384804363647 -0.05341299995779991
v 1.6529706716537476 0.12026448146061092 -0.08532200008630753
v 1.6227695941925049 0.0930384804363647 -0.05341299995779991
v 1.6258755922317505 0.12033848062709956 -0.061955999583005905
v 1.6529706716537476 0.12026448146061092 -0.08532200008630753
v 1.6533966064453125 0.03702548489526897 0.034400999546051025
v 1.653213620185852 0.07272048637823253 0.0720679983496666
v 1.6143896579742432 0.07288448110775142 0.030943000689148903
v 1.6143896579742432 0.07288448110775142 0.030943000689148903
v 1.653213620185852 0.07272048637823253 0.0720679983496666
v 1.6227695941925049 0.0930384804363647 0.053412001579999924
v 1.387320637702942 0.09771948651031642 0.023148000240325928
v 1.3519905805587769 0.06272148684219508 0.028857000172138214
v 1.3600096702575684 0.08159448549703746 0.05149799957871437
v 1.387320637702942 0.09771948651031642 0.023148000240325928
v 1.3600096702575684 0.08159448549703746 0.05149799957871437
v 1.387320637702942 0.10112349287227779 0.029650000855326653
v 1.6529706716537476 0.12026448146061092 0.08532100170850754
v 1.6227695941925049 0.0930384804363647 0.053412001579999924
v 1.653213620185852 0.07272048637823253 0.0720679983496666
v 1.6529706716537476 0.12026448146061092 0.08532100170850754
v 1.6258755922317505 0.12033848062709956 0.06195500120520592
v 1.6227695941925049 0.0930384804363647 0.053412001579999924
v 1.3519905805587769 0.06272148684219508 -0.028857000172138214
v 1.387320637702942 0.09771948651031642 -0.023148000240325928
v 1.3600096702575684 0.08159448549703746 -0.05149799957871437
v 1.3600096702575684 0.08159448549703746 -0.05149799957871437
v 1.387320637702942 0.09771948651031642 -0.023148000240325928
v 1.387320637702942 0.10112349287227779 -0.02965099923312664
v 1.3600096702575684 0.08159448549703746 0.05149799957871437
v 1.3630086183547974 0.10684448078827052 0.057679999619722366
v 1.387320637702942 0.10112349287227779 0.029650000855326653
v 1.387320637702942 0.10112349287227779 0.029650000855326653
v 1.3630086183547974 0.10684448078827052 0.057679999619722366
v 1.387320637702942 0.10613448516086726 0.03208800032734871
v 1.387320637702942 0.10613448516086726 0.03208800032734871
v 1.3630086183547974 0.10684448078827052 0.057679999619722366
v 1.387320637702942 0.1419484873171249 0.049740999937057495
v 1.3630086183547974 0.10684448078827052 -0.057679999619722366
v 1.387320637702942 0.10112349287227779 -0.02965099923312664
v 1.387320637702942 0.10613448516086726 -0.03208800032734871
v 1.387320637702942 0.10112349287227779 -0.02965099923312664
v 1.3630086183547974 0.10684448078827052 -0.057679999619722366
v 1.3600096702575684 0.08159448549703746 -0.05149799957871437
v 1.387320637702942 0.10613448516086726 -0.03208800032734871
v 1.387320637702942 0.1419484873171249 -0.04974199831485748
v 1.3630086183547974 0.10684448078827052 -0.057679999619722366
v 1.482948660850525 0.02846248791174083 1.7680483990997514e-16
v 1.4388246536254883 0.07040148571685939 1.7140120645785614e-16
v 1.438908576965332 0.07768748298839717 -0.04202999919652939
v 1.482948660850525 0.02846248791174083 1.7680483990997514e-16
v 1.438908576965332 0.07768748298839717 -0.04202999919652939
v 1.482948660850525 0.036132488107244065 -0.05027899891138077
v 1.482948660850525 0.036132488107244065 0.05027800053358078
v 1.438908576965332 0.07768748298839717 0.04202999919652939
v 1.482948660850525 0.02846248791174083 1.7680483990997514e-16
v 1.438908576965332 0.07768748298839717 0.04202999919652939
v 1.4388246536254883 0.07040148571685939 1.7140120645785614e-16
v 1.482948660850525 0.02846248791174083 1.7680483990997514e-16
v -1.6747174263000488 -0.3015475015287003 -0.09540700167417526
v -1.6246293783187866 -0.27560651704116673 -0.16331399977207184
v -1.7066513299942017 -0.2293005029801926 -0.15624700486660004
v 1.387320637702942 0.09344048396305232 1.650937888510168e-16
v 1.3519905805587769 0.06272148684219508 -0.028857000172138214
v 1.3519246578216553 0.056596483742753556 1.607590315689939e-16
v 1.3519905805587769 0.06272148684219508 -0.028857000172138214
v 1.387320637702942 0.09344048396305232 1.650937888510168e-16
v 1.387320637702942 0.09771948651031642 -0.023148000240325928
v 1.387320637702942 0.09344048396305232 1.650937888510168e-16
v 1.3519905805587769 0.06272148684219508 0.028857000172138214
v 1.387320637702942 0.09771948651031642 0.023148000240325928
v 1.3519905805587769 0.06272148684219508 0.028857000172138214
v 1.387320637702942 0.09344048396305232 1.650937888510168e-16
v 1.3519246578216553 0.056596483742753556 1.607590315689939e-16
v 1.5719016790390015 0.06477448687509685 -0.06856700032949448
v 1.5442966222763062 0.08253348216966777 -0.04896700009703636
v 1.571388602256775 0.10596648946956783 -0.0806799978017807
v 1.5442966222763062 0.08253348216966777 -0.04896700009703636
v 1.5467005968093872 0.10504649177745967 -0.05621299892663956
v 1.571388602256775 0.10596648946956783 -0.0806799978017807
v 1.571388602256775 0.10596648946956783 0.08067899942398071
v 1.5442966222763062 0.08253348216966777 0.04896700009703636
v 1.5719016790390015 0.06477448687509685 0.06856600195169449
v 1.571388602256775 0.10596648946956783 0.08067899942398071
v 1.5467005968093872 0.10504649177745967 0.05621200054883957
v 1.5442966222763062 0.08253348216966777 0.04896700009703636
v 1.482948660850525 0.12372049287513881 0.02626200020313263
v 1.4477065801620483 0.09863248065666347 0.05581500008702278
v 1.4511616230010986 0.1275664825792709 0.055730000138282776
v 1.482948660850525 0.12372049287513881 0.02626200020313263
v 1.4511616230010986 0.1275664825792709 0.055730000138282776
v 1.482948660850525 0.12692649260715633 0.025431999936699867
v 1.4511616230010986 0.1275664825792709 -0.055730000138282776
v 1.482948660850525 0.12372049287513881 -0.02626200020313263
v 1.482948660850525 0.12692649260715633 -0.025431999936699867
v 1.4511616230010986 0.1275664825792709 -0.055730000138282776
v 1.4477065801620483 0.09863248065666347 -0.05581500008702278
v 1.482948660850525 0.12372049287513881 -0.02626200020313263
v -1.3362764120101929 -0.022342516401847312 -0.00010399999882793054
v -1.4084653854370117 0.04840148583606868 -0.11533399671316147
v -1.3954273462295532 0.05446748778776317 -0.00010399999882793054
v -1.4084653854370117 0.04840148583606868 -0.11533399671316147
v -1.3362764120101929 -0.022342516401847312 -0.00010399999882793054
v -1.3553563356399536 -0.020579515317519614 -0.12414100021123886
v 1.5723556280136108 0.02835848525718837 1.8775403777243746e-16
v 1.5376696586608887 0.060514483308354905 1.8350623371640615e-16
v 1.5376635789871216 0.0661764849777618 -0.02930000051856041
v 1.5723556280136108 0.02835848525718837 1.8775403777243746e-16
v 1.5376635789871216 0.0661764849777618 -0.02930000051856041
v 1.5722806453704834 0.03431748197034984 -0.03387700021266937
v -1.3553563356399536 -0.020579515317519614 0.13435600697994232
v -1.3362764120101929 -0.022342516401847312 -0.00010399999882793054
v -1.4084653854370117 0.04840148583606868 0.1255510002374649
v -1.4084653854370117 0.04840148583606868 0.1255510002374649
v -1.3362764120101929 -0.022342516401847312 -0.00010399999882793054
v -1.3954273462295532 0.05446748778776317 -0.00010399999882793054
v 1.5722806453704834 0.03431748197034984 0.033876001834869385
v 1.5376635789871216 0.0661764849777618 0.02930000051856041
v 1.5723556280136108 0.02835848525718837 1.8775403777243746e-16
v 1.5376635789871216 0.0661764849777618 0.02930000051856041
v 1.5376696586608887 0.060514483308354905 1.8350623371640615e-16
v 1.5723556280136108 0.02835848525718837 1.8775403777243746e-16
v 1.482948660850525 0.1170344908590713 1.7680483990997514e-16
v 1.438908576965332 0.07768748298839717 0.04202999919652939
v 1.482948660850525 0.12123947933868556 0.027723999693989754
v 1.438908576965332 0.07768748298839717 0.04202999919652939
v 1.482948660850525 0.1170344908590713 1.7680483990997514e-16
v 1.4388246536254883 0.07040148571685939 1.7140120645785614e-16
v 1.482948660850525 0.1170344908590713 1.7680483990997514e-16
v 1.438908576965332 0.07768748298839717 -0.04202999919652939
v 1.4388246536254883 0.07040148571685939 1.7140120645785614e-16
v 1.438908576965332 0.07768748298839717 -0.04202999919652939
v 1.482948660850525 0.1170344908590713 1.7680483990997514e-16
v 1.482948660850525 0.12123947933868556 -0.027723999693989754
v 1.4477065801620483 0.09863248065666347 0.05581500008702278
v 1.482948660850525 0.12372049287513881 0.02626200020313263
v 1.482948660850525 0.12123947933868556 0.027723999693989754
v 1.482948660850525 0.12123947933868556 0.027723999693989754
v 1.438908576965332 0.07768748298839717 0.04202999919652939
v 1.4477065801620483 0.09863248065666347 0.05581500008702278
v 1.438908576965332 0.07768748298839717 -0.04202999919652939
v 1.482948660850525 0.12123947933868556 -0.027723999693989754
v 1.4477065801620483 0.09863248065666347 -0.05581500008702278
v 1.482948660850525 0.12372049287513881 -0.02626200020313263
v 1.4477065801620483 0.09863248065666347 -0.05581500008702278
v 1.482948660850525 0.12123947933868556 -0.027723999693989754
v 1.571402668952942 0.10485648707107692 0.026962000876665115
v 1.5467005968093872 0.10504649177745967 0.05621200054883957
v 1.5709925889968872 0.13769548729614406 0.05424699932336807
v 1.571402668952942 0.10485648707107692 -0.026962999254465103
v 1.5709925889968872 0.13769548729614406 -0.05424699932336807
v 1.5467005968093872 0.10504649177745967 -0.05621299892663956
v 1.6534316539764404 0.030196483885804704 1.9768298444993197e-16
v 1.6143416166305542 0.06614048377231746 1.9289584539962628e-16
v 1.6143896579742432 0.07288448110775142 -0.030943000689148903
v 1.6534316539764404 0.030196483885804704 1.9768298444993197e-16
v 1.6143896579742432 0.07288448110775142 -0.030943000689148903
v 1.6533966064453125 0.03702548489526897 -0.0344030000269413
v 1.6533966064453125 0.03702548489526897 0.034400999546051025
v 1.6143896579742432 0.07288448110775142 0.030943000689148903
v 1.6534316539764404 0.030196483885804704 1.9768298444993197e-16
v 1.6143896579742432 0.07288448110775142 0.030943000689148903
v 1.6143416166305542 0.06614048377231746 1.9289584539962628e-16
v 1.6534316539764404 0.030196483885804704 1.9768298444993197e-16
v -1.5777254104614258 -0.341642502987822 0.08735000342130661
v -1.6661603450775146 -0.3207445184831223 0.0980990007519722
v -1.5903273820877075 -0.3363625149373612 0.1557299941778183
v -1.6661603450775146 -0.3207445184831223 0.0980990007519722
v -1.5777254104614258 -0.341642502987822 0.08735000342130661
v -1.6735193729400635 -0.30450851126952977 0.07309100031852722
v -1.5903273820877075 -0.3363625149373612 0.1557299941778183
v -1.6661603450775146 -0.3207445184831223 0.0980990007519722
v -1.6246293783187866 -0.27560651704116673 0.16630400717258453
v -1.6246293783187866 -0.27560651704116673 0.16630400717258453
v -1.6661603450775146 -0.3207445184831223 0.0980990007519722
v -1.6747174263000488 -0.3015475015287003 0.09839600324630737
v -1.6747174263000488 -0.3015475015287003 0.09839600324630737
v -1.7066513299942017 -0.2293005029801926 0.15115700662136078
v -1.6246293783187866 -0.27560651704116673 0.16630400717258453
v -1.5777254104614258 -0.341642502987822 -0.07734999805688858
v -1.6661603450775146 -0.3207445184831223 -0.09893500059843063
v -1.6735193729400635 -0.30450851126952977 -0.06309200078248978
v -1.6661603450775146 -0.3207445184831223 -0.09893500059843063
v -1.5777254104614258 -0.341642502987822 -0.07734999805688858
v -1.5903273820877075 -0.3363625149373612 -0.15656700730323792
v -1.6661603450775146 -0.3207445184831223 -0.09893500059843063
v -1.5903273820877075 -0.3363625149373612 -0.15656700730323792
v -1.6246293783187866 -0.27560651704116673 -0.16331399977207184
v -1.6246293783187866 -0.27560651704116673 -0.16331399977207184
v -1.6747174263000488 -0.3015475015287003 -0.09540700167417526
v -1.6661603450775146 -0.3207445184831223 -0.09893500059843063
v -1.5903273820877075 -0.3363625149373612 0.1557299941778183
v -1.616869330406189 -0.4326745013837418 0.0933699980378151
v -1.5777254104614258 -0.341642502987822 0.08735000342130661
v -1.616869330406189 -0.4326745013837418 0.0933699980378151
v -1.5903273820877075 -0.3363625149373612 0.1557299941778183
v -1.630791425704956 -0.40076250239654393 0.1974949985742569
v -1.6759443283081055 -0.29877052112861485 0.21664999425411224
v -1.630791425704956 -0.40076250239654393 0.1974949985742569
v -1.5903273820877075 -0.3363625149373612 0.1557299941778183
v -1.6759443283081055 -0.29877052112861485 0.21664999425411224
v -1.5903273820877075 -0.3363625149373612 0.1557299941778183
v -1.6246293783187866 -0.27560651704116673 0.16630400717258453
v 1.6529775857925415 0.11880348221019893 0.030438000336289406
v 1.6258755922317505 0.12033848062709956 0.06195500120520592
v 1.6527836322784424 0.15681649342731624 0.05752599984407425
v 1.6529775857925415 0.11880348221019893 -0.030438000336289406
v 1.6527836322784424 0.15681649342731624 -0.05752699822187424
v 1.6258755922317505 0.12033848062709956 -0.061955999583005905
v -1.616869330406189 -0.4326745013837418 -0.08337099850177765
v -1.5903273820877075 -0.3363625149373612 -0.15656700730323792
v -1.5777254104614258 -0.341642502987822 -0.07734999805688858
v -1.5903273820877075 -0.3363625149373612 -0.15656700730323792
v -1.616869330406189 -0.4326745013837418 -0.08337099850177765
v -1.630791425704956 -0.40076151891990514 -0.19833000004291534
v -1.5903273820877075 -0.3363625149373612 -0.15656700730323792
v -1.630791425704956 -0.40076151891990514 -0.19833000004291534
v -1.6759443283081055 -0.29877052112861485 -0.21365900337696075
v -1.6246293783187866 -0.27560651704116673 -0.16331399977207184
v -1.5903273820877075 -0.3363625149373612 -0.15656700730323792
v -1.6759443283081055 -0.29877052112861485 -0.21365900337696075
v 1.5714976787567139 0.09717148140625148 1.8764896598230852e-16
v 1.5376635789871216 0.0661764849777618 -0.02930000051856041
v 1.5376696586608887 0.060514483308354905 1.8350623371640615e-16
v 1.5376635789871216 0.0661764849777618 -0.02930000051856041
v 1.5714976787567139 0.09717148140625148 1.8764896598230852e-16
v 1.5714576244354248 0.10043848649219661 -0.021362999454140663
v 1.5714976787567139 0.09717148140625148 1.8764896598230852e-16
v 1.5376635789871216 0.0661764849777618 0.02930000051856041
v 1.5714576244354248 0.10043848649219661 0.021361999213695526
v 1.5376635789871216 0.0661764849777618 0.02930000051856041
v 1.5714976787567139 0.09717148140625148 1.8764896598230852e-16
v 1.5376696586608887 0.060514483308354905 1.8350623371640615e-16
v -1.5016883611679077 -0.2073775123004517 0.15110500156879425
v -1.472697377204895 -0.2876395027284226 0.08170799911022186
v -1.490294337272644 -0.2048455069903931 0.07648199796676636
v -1.472697377204895 -0.2876395027284226 0.08170799911022186
v -1.5016883611679077 -0.2073775123004517 0.15110500156879425
v -1.4981473684310913 -0.27224952384277196 0.18735699355602264
v -1.4981473684310913 -0.27224952384277196 0.18735699355602264
v -1.5016883611679077 -0.2073775123004517 0.15110500156879425
v -1.5799434185028076 -0.22338551684661717 0.2006639987230301
v -1.5016883611679077 -0.2073775123004517 0.15110500156879425
v -1.5555773973464966 -0.1819205026273331 0.15696300566196442
v -1.5799434185028076 -0.22338551684661717 0.2006639987230301
v -1.472697377204895 -0.2876395027284226 -0.07170899957418442
v -1.5016883611679077 -0.2073775123004517 -0.1411059945821762
v -1.490294337272644 -0.2048455069903931 -0.06648200005292892
v -1.5016883611679077 -0.2073775123004517 -0.1411059945821762
v -1.472697377204895 -0.2876395027284226 -0.07170899957418442
v -1.4981473684310913 -0.27224952384277196 -0.1773570030927658
v -1.5799434185028076 -0.22338551684661717 -0.19066399335861206
v -1.5016883611679077 -0.2073775123004517 -0.1411059945821762
v -1.4981473684310913 -0.27224952384277196 -0.1773570030927658
v -1.5799434185028076 -0.22338551684661717 -0.19066399335861206
v -1.5555773973464966 -0.1819205026273331 -0.14696399867534637
v -1.5016883611679077 -0.2073775123004517 -0.1411059945821762
v -1.616869330406189 -0.4326745013837418 0.0933699980378151
v -1.6140903234481812 -0.43913349911018223 -0.0006910000229254365
v -1.5777254104614258 -0.341642502987822 0.08735000342130661
v -1.5777254104614258 -0.341642502987822 0.08735000342130661
v -1.6140903234481812 -0.43913349911018223 -0.0006910000229254365
v -1.5705113410949707 -0.33775750204368443 -0.0006910000229254365
v -1.6140903234481812 -0.43913349911018223 -0.0006910000229254365
v -1.5777254104614258 -0.341642502987822 -0.07734999805688858
v -1.5705113410949707 -0.33775750204368443 -0.0006910000229254365
v -1.5777254104614258 -0.341642502987822 -0.07734999805688858
v -1.6140903234481812 -0.43913349911018223 -0.0006910000229254365
v -1.616869330406189 -0.4326745013837418 -0.08337099850177765
v 1.5442966222763062 0.08253348216966777 0.04896700009703636
v 1.571433663368225 0.1023654897566238 0.025032000616192818
v 1.5714576244354248 0.10043848649219661 0.021361999213695526
v 1.5714576244354248 0.10043848649219661 0.021361999213695526
v 1.5376635789871216 0.0661764849777618 0.02930000051856041
v 1.5442966222763062 0.08253348216966777 0.04896700009703636
v 1.5442966222763062 0.08253348216966777 0.04896700009703636
v 1.571402668952942 0.10485648707107692 0.026962000876665115
v 1.571433663368225 0.1023654897566238 0.025032000616192818
v 1.571402668952942 0.10485648707107692 0.026962000876665115
v 1.5442966222763062 0.08253348216966777 0.04896700009703636
v 1.5467005968093872 0.10504649177745967 0.05621200054883957
v 1.5376635789871216 0.0661764849777618 -0.02930000051856041
v 1.5714576244354248 0.10043848649219661 -0.021362999454140663
v 1.5442966222763062 0.08253348216966777 -0.04896700009703636
v 1.5442966222763062 0.08253348216966777 -0.04896700009703636
v 1.5714576244354248 0.10043848649219661 -0.021362999454140663
v 1.571433663368225 0.1023654897566238 -0.025032000616192818
v 1.571402668952942 0.10485648707107692 -0.026962999254465103
v 1.5442966222763062 0.08253348216966777 -0.04896700009703636
v 1.571433663368225 0.1023654897566238 -0.025032000616192818
v 1.5442966222763062 0.08253348216966777 -0.04896700009703636
v 1.571402668952942 0.10485648707107692 -0.026962999254465103
v 1.5467005968093872 0.10504649177745967 -0.05621299892663956
v 1.6530336141586304 0.10782149032310634 1.9763424035079544e-16
v 1.6143896579742432 0.07288448110775142 0.030943000689148903
v 1.6530126333236694 0.11195247963623195 0.022753000259399414
v 1.6143896579742432 0.07288448110775142 0.030943000689148903
v 1.6530336141586304 0.10782149032310634 1.9763424035079544e-16
v 1.6143416166305542 0.06614048377231746 1.9289584539962628e-16
v 1.6530336141586304 0.10782149032310634 1.9763424035079544e-16
v 1.6143896579742432 0.07288448110775142 -0.030943000689148903
v 1.6143416166305542 0.06614048377231746 1.9289584539962628e-16
v 1.6143896579742432 0.07288448110775142 -0.030943000689148903
v 1.6530336141586304 0.10782149032310634 1.9763424035079544e-16
v 1.6530126333236694 0.11195247963623195 -0.02275400049984455
v 1.6530126333236694 0.11195247963623195 0.022753000259399414
v 1.6143896579742432 0.07288448110775142 0.030943000689148903
v 1.6227695941925049 0.0930384804363647 0.053412001579999924
v 1.6530126333236694 0.11195247963623195 0.022753000259399414
v 1.6227695941925049 0.0930384804363647 0.053412001579999924
v 1.6529985666275024 0.11482248798565059 0.027666000649333
v 1.6227695941925049 0.0930384804363647 0.053412001579999924
v 1.6529775857925415 0.11880348221019893 0.030438000336289406
v 1.6529985666275024 0.11482248798565059 0.027666000649333
v 1.6529775857925415 0.11880348221019893 0.030438000336289406
v 1.6227695941925049 0.0930384804363647 0.053412001579999924
v 1.6258755922317505 0.12033848062709956 0.06195500120520592
v 1.6143896579742432 0.07288448110775142 -0.030943000689148903
v 1.6530126333236694 0.11195247963623195 -0.02275400049984455
v 1.6227695941925049 0.0930384804363647 -0.05341299995779991
v 1.6227695941925049 0.0930384804363647 -0.05341299995779991
v 1.6530126333236694 0.11195247963623195 -0.02275400049984455
v 1.6529985666275024 0.11482248798565059 -0.027666000649333
v 1.6529775857925415 0.11880348221019893 -0.030438000336289406
v 1.6227695941925049 0.0930384804363647 -0.05341299995779991
v 1.6529985666275024 0.11482248798565059 -0.027666000649333
v 1.6227695941925049 0.0930384804363647 -0.05341299995779991
v 1.6529775857925415 0.11880348221019893 -0.030438000336289406
v 1.6258755922317505 0.12033848062709956 -0.061955999583005905
v -1.472697377204895 -0.2876395027284226 0.08170799911022186
v -1.4675743579864502 -0.2907744984273514 0.00005999999848427251
v -1.490294337272644 -0.2048455069903931 0.07648199796676636
v -1.490294337272644 -0.2048455069903931 0.07648199796676636
v -1.4675743579864502 -0.2907744984273514 0.00005999999848427251
v -1.4871803522109985 -0.19857651397033543 0.00005999999848427251
v -1.4675743579864502 -0.2907744984273514 0.00005999999848427251
v -1.490294337272644 -0.2048455069903931 -0.06648200005292892
v -1.4871803522109985 -0.19857651397033543 0.00005999999848427251
v -1.490294337272644 -0.2048455069903931 -0.06648200005292892
v -1.4675743579864502 -0.2907744984273514 0.00005999999848427251
v -1.472697377204895 -0.2876395027284226 -0.07170899957418442
vt 0.375 1
vt 0.5 0.75
vt 0.375 0.75
vt 0.5 0.75
vt 0.375 1
vt 0.5 1
vt 0.5 0.75
vt 0.375 1
vt 0.375 0.75
vt 0.375 1
vt 0.5 0.75
vt 0.5 1
vt 0.375 0.75
vt 0.375 0.75
vt 0.375 1
vt 0.375 0.75
vt 0.375 1
vt 0.375 1
vt 0.375 1
vt 0.375 0.75
vt 0.375 0.75
vt 0.375 0.75
vt 0.375 1
vt 0.375 1
vt 0.375 0.75
vt 0.375 0.75
vt 0.375 1
vt 0.375 0.75
vt 0.375 1
vt 0.375 1
vt 0.375 0.75
vt 0.375 1
vt 0.375 0.75
vt 0.375 1
vt 0.375 0.75
vt 0.375 1
vt 0.375 0.75
vt 0.375 0.75
vt 0.375 1
vt 0.375 1
vt 0.5 0.75
vt 0.375 0.75
vt 0.5 0.75
vt 0.375 1
vt 0.5 1
vt 0.5 0.75
vt 0.375 1
vt 0.375 0.75
vt 0.375 1
vt 0.5 0.75
vt 0.5 1
vt 0.375 0.75
vt 0.375 1
vt 0.375 1
vt 0.375 1
vt 0.375 0.75
vt 0.375 0.75
vt 0.375 1
vt 0.375 0.75
vt 0.375 1
vt 0.375 0.75
vt 0.375 0.75
vt 0.375 1
vt 0.375 0.75
vt 0.375 1
vt 0.375 0.75
vt 0.375 1
vt 0.375 0.75
vt 0.375 1
vt 0.375 0.75
vt 0.375 1
vt 0.375 1
vt 0.375 1
vt 0.375 0.75
vt 0.375 0.75
vt 0.375 0.5
vt 0.375 0.5
vt 0.375 0.75
vt 0.5 1
vt 0.5 0.75
vt 0.375 0.75
vt 0.5 1
vt 0.375 0.75
vt 0.375 1
vt 0.375 1
vt 0.375 0.75
vt 0.5 1
vt 0.375 0.75
vt 0.5 0.75
vt 0.5 1
vt 0.375 1
vt 0.375 0.75
vt 0.375 1
vt 0.375 0.75
vt 0.375 0.75
vt 0.375 1
vt 0.375 0.75
vt 0.375 0.75
vt 0.375 1
vt 0.375 0.75
vt 0.375 1
vt 0.375 1
vt 0.375 1
vt 0.375 0.75
vt 0.375 0.75
vt 0.375 0.75
vt 0.375 1
vt 0.375 1
vt 0.375 0.75
vt 0.375 0.75
vt 0.375 1
vt 0.375 0.75
vt 0.375 1
vt 0.375 1
vt 0.375 0.75
vt 0.375 1
vt 0.375 0.75
vt 0.375 0.5
vt 0.375 0.75
vt 0.375 0.5
vt 0.375 0.75
vt 0.375 0.75
vt 0.375 1
vt 0.5 0.5
vt 0.375 0.75
vt 0.5 0.75
vt 0.375 0.75
vt 0.5 0.5
vt 0.375 0.5
vt 0.375 0.75
vt 0.5 0.5
vt 0.5 0.75
vt 0.5 0.5
vt 0.375 0.75
vt 0.375 0.5
vt 0.375 0.75
vt 0.375 1
vt 0.375 0.75
vt 0.375 1
vt 0.375 0.75
vt 0.375 1
vt 0.375 0.5
vt 0.375 0.75
vt 0.375 0.5
vt 0.375 0.75
vt 0.375 1
vt 0.375 1
vt 0.375 1
vt 0.375 0.75
vt 0.375 0.75
vt 0.375 1
vt 0.375 0.75
vt 0.375 1
vt 0.375 0.75
vt 0.375 0.75
vt 0.375 1
vt 0.375 0.75
vt 0.375 1
vt 0.375 0.75
vt 0.375 1
vt 0.375 0.75
vt 0.375 1
vt 0.375 0.75
vt 0.375 1
vt 0.375 1
vt 0.375 1
vt 0.375 0.75
vt 0.375 0.75
vt 0.375 0.75
vt 0.375 1
vt 0.375 0.75
vt 0.5 0.5
vt 0.375 0.75
vt 0.5 0.75
vt 0.375 0.75
vt 0.5 0.5
vt 0.375 0.5
vt 0.375 0.75
vt 0.5 0.5
vt 0.5 0.75
vt 0.5 0.5
vt 0.375 0.75
vt 0.375 0.5
vt 0.375 0.5
vt 0.375 0.5
vt 0.375 0.75
vt 0.375 0.75
vt 0.375 1
vt 0.375 1
vt 0.375 1
vt 0.375 0.75
vt 0.375 0.75
vt 0.5 1
vt 0.5 0.75
vt 0.375 0.75
vt 0.5 1
vt 0.375 0.75
vt 0.375 1
vt 0.375 1
vt 0.375 0.75
vt 0.5 1
vt 0.375 0.75
vt 0.5 0.75
vt 0.5 1
vt 0.375 0.75
vt 0.375 1
vt 0.375 0.75
vt 0.375 0.75
vt 0.375 0.75
vt 0.375 1
vt 0.625 0.75
vt 0.625 1
vt 0.625 0.75
vt 0.625 1
vt 0.625 0.75
vt 0.625 1
vt 0.625 0.75
vt 0.625 0.5
vt 0.625 0.5
vt 0.625 0.5
vt 0.625 0.75
vt 0.625 0.75
vt 0.375 0.75
vt 0.375 0.5
vt 0.375 0.75
vt 0.375 0.5
vt 0.375 0.75
vt 0.375 0.5
vt 0.375 0.75
vt 0.375 0.5
vt 0.375 0.75
vt 0.375 0.5
vt 0.375 0.75
vt 0.375 0.5
vt 0.375 0.5
vt 0.375 0.75
vt 0.375 0.75
vt 0.375 0.75
vt 0.375 0.5
vt 0.375 0.5
vt 0.375 0.5
vt 0.375 0.75
vt 0.375 0.75
vt 0.375 0.75
vt 0.375 0.5
vt 0.375 0.5
vt 0.375 0.75
vt 0.375 0.5
vt 0.375 0.5
vt 0.375 0.5
vt 0.375 0.75
vt 0.375 0.75
vt 0.375 0.5
vt 0.375 0.5
vt 0.375 0.75
vt 0.375 0.75
vt 0.375 0.75
vt 0.375 0.5
vt 0.375 0.75
vt 0.375 0.5
vt 0.375 0.75
vt 0.375 0.5
vt 0.375 0.75
vt 0.375 0.5
vt 0.375 0.75
vt 0.375 0.5
vt 0.375 0.5
vt 0.375 0.5
vt 0.375 0.75
vt 0.375 0.75
vt 0.5 1
vt 0.5 0.75
vt 0.375 0.75
vt 0.5 1
vt 0.375 0.75
vt 0.375 1
vt 0.375 1
vt 0.375 0.75
vt 0.5 1
vt 0.375 0.75
vt 0.5 0.75
vt 0.5 1
vt 0.375 1
vt 0.5 0.75
vt 0.375 0.75
vt 0.5 0.75
vt 0.375 1
vt 0.5 1
vt 0.5 0.75
vt 0.375 1
vt 0.375 0.75
vt 0.375 1
vt 0.5 0.75
vt 0.5 1
vt 0.375 0.75
vt 0.375 0.5
vt 0.375 0.75
vt 0.375 0.5
vt 0.375 0.75
vt 0.375 0.5
vt 0.375 0.75
vt 0.375 0.5
vt 0.375 0.75
vt 0.375 0.5
vt 0.375 0.75
vt 0.375 0.5
vt 0.375 0.5
vt 0.375 0.75
vt 0.375 0.75
vt 0.375 0.75
vt 0.375 0.5
vt 0.375 0.5
vt 0.375 0.5
vt 0.375 0.75
vt 0.375 0.75
vt 0.375 0.75
vt 0.375 0.5
vt 0.375 0.5
vt 0.5 0.5
vt 0.375 0.75
vt 0.5 0.75
vt 0.375 0.75
vt 0.5 0.5
vt 0.375 0.5
vt 0.375 0.75
vt 0.5 0.5
vt 0.5 0.75
vt 0.5 0.5
vt 0.375 0.75
vt 0.375 0.5
vt 0.375 1
vt 0.375 0.75
vt 0.375 1
vt 0.375 0.75
vt 0.375 1
vt 0.375 0.75
vt 0.625 0.75
vt 0.375 1
vt 0.375 0.75
vt 0.375 1
vt 0.625 0.75
vt 0.625 1
vt 0.375 0.75
vt 0.375 1
vt 0.375 1
vt 0.375 0.75
vt 0.375 0.75
vt 0.375 1
vt 0.625 0.75
vt 0.375 0.5
vt 0.625 0.5
vt 0.375 0.5
vt 0.625 0.75
vt 0.375 0.75
vt 0.375 0.75
vt 0.375 1
vt 0.375 0.75
vt 0.375 0.75
vt 0.375 0.75
vt 0.375 1
vt 0.5 0.5
vt 0.375 0.25
vt 0.5 0.25
vt 0.375 0.25
vt 0.5 0.5
vt 0.375 0.5
vt 0.375 0.5
vt 0.5 0.5
vt 0.375 0.25
vt 0.375 0.25
vt 0.5 0.5
vt 0.5 0.25
vt 0.375 0.5
vt 0.375 0.5
vt 0.375 0.75
vt 0.375 0.5
vt 0.375 0.75
vt 0.375 0.5
vt 0.375 0
vt 0.375 0.25
vt 0.375 0
vt 0.375 0.25
vt 0.375 0
vt 0.375 0.25
vt 0.5 0.5
vt 0.375 0.75
vt 0.5 0.75
vt 0.375 0.75
vt 0.5 0.5
vt 0.375 0.5
vt 0.375 0.75
vt 0.5 0.5
vt 0.5 0.75
vt 0.5 0.5
vt 0.375 0.75
vt 0.375 0.5
vt 0.375 0.25
vt 0.375 0
vt 0.375 0
vt 0.375 0
vt 0.375 0.25
vt 0.375 0.25
vt 0.625 0.75
vt 0.625 1
vt 0.625 0.75
vt 0.625 1
vt 0.625 0.75
vt 0.625 1
vt 0.625 0.75
vt 0.625 1
vt 0.625 1
vt 0.625 1
vt 0.625 0.75
vt 0.625 0.75
vt 0.5 1
vt 0.5 0.75
vt 0.375 0.75
vt 0.5 1
vt 0.375 0.75
vt 0.375 1
vt 0.375 1
vt 0.375 0.75
vt 0.5 1
vt 0.375 0.75
vt 0.5 0.75
vt 0.5 1
vt 0.375 0.75
vt 0.375 1
vt 0.375 1
vt 0.375 1
vt 0.375 0.75
vt 0.375 0.75
vt 0.375 0.75
vt 0.375 1
vt 0.375 0.75
vt 0.375 1
vt 0.375 0.75
vt 0.375 1
vt 0.375 0.5
vt 0.5 0.5
vt 0.375 0.25
vt 0.375 0.25
vt 0.5 0.5
vt 0.5 0.25
vt 0.5 0.5
vt 0.375 0.25
vt 0.5 0.25
vt 0.375 0.25
vt 0.5 0.5
vt 0.375 0.5
vt 0.375 0.75
vt 0.375 1
vt 0.375 1
vt 0.375 1
vt 0.375 0.75
vt 0.375 0.75
vt 0.375 0.75
vt 0.375 1
vt 0.375 0.75
vt 0.375 1
vt 0.375 0.75
vt 0.375 1
vt 0.375 1
vt 0.375 0.75
vt 0.375 0.75
vt 0.375 0.75
vt 0.375 1
vt 0.375 1
vt 0.375 1
vt 0.375 0.75
vt 0.375 1
vt 0.375 0.75
vt 0.375 1
vt 0.375 0.75
vt 0.375 0.75
vt 0.375 0.5
vt 0.375 0.75
vt 0.375 0.5
vt 0.375 0.75
vt 0.375 0.5
vt 0.375 0.5
vt 0.375 0.75
vt 0.375 0.75
vt 0.375 0.75
vt 0.375 0.5
vt 0.375 0.5
vt 0.375 0.5
vt 0.375 0.5
vt 0.375 0.75
vt 0.375 0.5
vt 0.375 0.75
vt 0.375 0.5
vt 0.375 0.75
vt 0.5 0.5
vt 0.375 0.5
vt 0.5 0.5
vt 0.375 0.75
vt 0.5 0.75
vt 0.5 0.5
vt 0.375 0.75
vt 0.375 0.5
vt 0.375 0.75
vt 0.5 0.5
vt 0.5 0.75
vt 0.375 0.75
vt 0.375 0.5
vt 0.375 0.75
vt 0.375 0.5
vt 0.375 0.75
vt 0.375 0.5
vt 0.375 0.75
vt 0.375 1
vt 0.375 1
vt 0.375 1
vt 0.375 0.75
vt 0.375 0.75
vt 0.375 1
vt 0.375 0.75
vt 0.375 1
vt 0.375 0.75
vt 0.375 0.75
vt 0.375 1
vt 0.375 0.5
vt 0.375 0.75
vt 0.375 0.75
vt 0.375 0.75
vt 0.375 0.5
vt 0.375 0.5
vt 0.375 0.75
vt 0.375 1
vt 0.375 0.75
vt 0.375 1
vt 0.375 0.75
vt 0.375 1
vt 0.375 0.75
vt 0.375 1
vt 0.375 1
vt 0.375 1
vt 0.375 0.75
vt 0.375 0.75
vt 0.5 1
vt 0.5 0.75
vt 0.375 0.75
vt 0.5 1
vt 0.375 0.75
vt 0.375 1
vt 0.375 1
vt 0.375 0.75
vt 0.5 1
vt 0.375 0.75
vt 0.5 0.75
vt 0.5 1
vt 0.375 0.5
vt 0.375 0.75
vt 0.375 0.5
vt 0.375 0.75
vt 0.375 0.5
vt 0.375 0.75
vt 0.375 0.75
vt 0.375 0.5
vt 0.375 0.75
vt 0.375 0.5
vt 0.375 0.75
vt 0.375 0.5
vt 0.375 0.5
vt 0.375 0.75
vt 0.375 0.75
vt 0.375 0.75
vt 0.375 0.5
vt 0.375 0.5
vt 0.375 0.5
vt 0.375 0.75
vt 0.375 0.75
vt 0.375 0.75
vt 0.375 0.5
vt 0.375 0.5
vt 0.375 0.75
vt 0.5 0.5
vt 0.375 0.5
vt 0.5 0.5
vt 0.375 0.75
vt 0.5 0.75
vt 0.5 0.75
vt 0.375 0.5
vt 0.5 0.5
vt 0.375 0.5
vt 0.5 0.75
vt 0.375 0.75
vt 0.625 0.75
vt 0.625 0.5
vt 0.625 0.5
vt 0.625 0.5
vt 0.625 0.75
vt 0.625 0.75
vt 0.625 0.5
vt 0.625 0.5
vt 0.625 0.75
vt 0.625 0.75
vt 0.625 0.75
vt 0.625 0.5
vt 0.625 0.75
vt 0.625 0.5
vt 0.625 0.75
vt 0.375 0.75
vt 0.375 1
vt 0.375 0.75
vt 0.375 0.75
vt 0.375 0.75
vt 0.375 1
vt 0.375 0.5
vt 0.375 0.75
vt 0.375 0.5
vt 0.375 0.75
vt 0.375 0.5
vt 0.375 0.75
vt 0.375 0.75
vt 0.375 0.5
vt 0.375 0.5
vt 0.375 0.5
vt 0.375 0.75
vt 0.375 0.75
vt 0.5 0.5
vt 0.375 0.75
vt 0.5 0.75
vt 0.375 0.75
vt 0.5 0.5
vt 0.375 0.5
vt 0.375 0.75
vt 0.5 0.5
vt 0.5 0.75
vt 0.5 0.5
vt 0.375 0.75
vt 0.375 0.5
vt 0.375 0.5
vt 0.375 0.75
vt 0.375 0.75
vt 0.375 0.75
vt 0.375 0.5
vt 0.375 0.5
vt 0.375 0.5
vt 0.375 0.5
vt 0.375 0.75
vt 0.375 0.75
vt 0.375 0.75
vt 0.375 0.5
vt 0.375 0.75
vt 0.375 1
vt 0.375 0.75
vt 0.375 0.5
vt 0.375 0.5
vt 0.375 0.75
vt 0.375 0.75
vt 0.375 0.75
vt 0.375 1
vt 0.375 0.25
vt 0.375 0.5
vt 0.375 0.25
vt 0.375 0.5
vt 0.375 0.25
vt 0.375 0.5
vt 0.375 0.5
vt 0.375 0.5
vt 0.375 0.25
vt 0.375 0.25
vt 0.375 0.25
vt 0.375 0.5
vt 0.375 0.5
vt 0.375 0.25
vt 0.375 0.25
vt 0.375 0.25
vt 0.375 0.5
vt 0.375 0.5
vt 0.375 0.25
vt 0.375 0.5
vt 0.375 0.5
vt 0.375 0.25
vt 0.375 0.25
vt 0.375 0.5
vt 0.375 0.5
vt 0.375 0.75
vt 0.375 0.5
vt 0.375 0.5
vt 0.375 0.5
vt 0.375 0.75
vt 0.375 0.5
vt 0.375 0.75
vt 0.375 0.5
vt 0.375 0.75
vt 0.375 0.5
vt 0.375 0.75
vt 0.375 0.5
vt 0.375 0.75
vt 0.375 0.5
vt 0.375 0.5
vt 0.375 0.75
vt 0.375 0.75
vt 0.375 0.75
vt 0.375 0.5
vt 0.375 0.5
vt 0.375 0.5
vt 0.375 0.75
vt 0.375 0.5
vt 0.375 0.75
vt 0.375 0.5
vt 0.375 0.75
vt 0.375 0.5
vt 0.375 0.75
vt 0.375 0.75
vt 0.375 0.75
vt 0.375 0.5
vt 0.375 0.5
vt 0.375 0.75
vt 0.375 1
vt 0.375 0.75
vt 0.375 0.75
vt 0.375 0.75
vt 0.375 1
vt 0.375 0.5
vt 0.375 0.5
vt 0.375 0.75
vt 0.375 0.5
vt 0.375 0.75
vt 0.375 0.5
vt 0.5 0.5
vt 0.375 0.25
vt 0.5 0.25
vt 0.375 0.25
vt 0.5 0.5
vt 0.375 0.5
vt 0.375 0.5
vt 0.5 0.5
vt 0.375 0.25
vt 0.375 0.25
vt 0.5 0.5
vt 0.5 0.25
vt 0.625 0.75
vt 0.375 1
vt 0.375 0.75
vt 0.375 1
vt 0.625 0.75
vt 0.625 1
vt 0.625 0.75
vt 0.375 0.5
vt 0.625 0.5
vt 0.375 0.5
vt 0.625 0.75
vt 0.375 0.75
vt 0.375 0.5
vt 0.375 0.5
vt 0.375 0.75
vt 0.375 0.5
vt 0.375 0.75
vt 0.375 0.5
vt 0.375 0.25
vt 0.5 0.25
vt 0.375 0
vt 0.375 0
vt 0.5 0.25
vt 0.5 0
vt 0.5 0.25
vt 0.375 0
vt 0.5 0
vt 0.375 0
vt 0.5 0.25
vt 0.375 0.25
vt 0.625 0.75
vt 0.625 1
vt 0.625 0.75
vt 0.625 1
vt 0.625 0.75
vt 0.625 1
vt 0.625 0.75
vt 0.625 0.5
vt 0.625 0.5
vt 0.625 0.5
vt 0.625 0.75
vt 0.625 0.75
vt 0.625 1
vt 0.375 0.75
vt 0.625 0.75
vt 0.375 0.75
vt 0.625 1
vt 0.375 1
vt 0.625 0.5
vt 0.375 0.75
vt 0.375 0.5
vt 0.375 0.75
vt 0.625 0.5
vt 0.625 0.75
vt 0.375 0.25
vt 0.375 0
vt 0.5 0.25
vt 0.375 0
vt 0.5 0
vt 0.5 0.25
vt 0.5 0.25
vt 0.5 0
vt 0.375 0
vt 0.5 0.25
vt 0.375 0
vt 0.375 0.25
vt 0.375 0.75
vt 0.375 1
vt 0.375 0.75
vt 0.5 0.25
vt 0.375 0.5
vt 0.5 0.5
vt 0.375 0.5
vt 0.5 0.25
vt 0.375 0.25
vt 0.375 0.5
vt 0.5 0.25
vt 0.5 0.5
vt 0.5 0.25
vt 0.375 0.5
vt 0.375 0.25
vt 0.375 0.25
vt 0.375 0
vt 0.375 0.25
vt 0.375 0
vt 0.375 0.25
vt 0.375 0
vt 0.375 0
vt 0.375 0.25
vt 0.375 0.25
vt 0.375 0.25
vt 0.375 0
vt 0.375 0
vt 0.375 0.25
vt 0.375 0.5
vt 0.375 0.5
vt 0.375 0.5
vt 0.375 0.25
vt 0.375 0.25
vt 0.375 0.5
vt 0.375 0.5
vt 0.375 0.25
vt 0.375 0.25
vt 0.375 0.5
vt 0.375 0.25
vt 0.375 0.5
vt 0.375 0.25
vt 0.375 0.5
vt 0.375 0.25
vt 0.375 0.5
vt 0.375 0.25
vt 0.375 0.5
vt 0.375 0.5
vt 0.375 0.25
vt 0.375 0.5
vt 0.375 0.25
vt 0.375 0.25
vt 0.375 0.5
vt 0.375 0.25
vt 0.375 0.25
vt 0.375 0.25
vt 0.375 0.5
vt 0.375 0.5
vt 0.375 0.5
vt 0.375 0.5
vt 0.375 0.25
vt 0.375 0.25
vt 0.375 0.5
vt 0.375 0.25
vt 0.375 0.5
vt 0.375 0.25
vt 0.375 0.5
vt 0.375 0.25
vt 0.375 0.5
vt 0.375 0.25
vt 0.375 0.5
vt 0.375 0.5
vt 0.375 0.25
vt 0.375 0.5
vt 0.375 0.25
vt 0.375 0.25
vt 0.5 0.75
vt 0.5 0.5
vt 0.375 0.5
vt 0.5 0.75
vt 0.375 0.5
vt 0.375 0.75
vt 0.375 0.75
vt 0.375 0.5
vt 0.5 0.75
vt 0.375 0.5
vt 0.5 0.5
vt 0.5 0.75
vt 0.625 1
vt 0.625 0.75
vt 0.625 0.75
vt 0.625 0.75
vt 0.625 1
vt 0.625 1
vt 0.625 0.75
vt 0.625 0.75
vt 0.625 0.5
vt 0.625 0.75
vt 0.625 0.5
vt 0.625 0.5
vt 0.625 1
vt 0.625 0.75
vt 0.625 0.75
vt 0.625 0.75
vt 0.625 1
vt 0.625 1
vt 0.625 1
vt 0.625 0.75
vt 0.625 1
vt 0.625 0.75
vt 0.625 1
vt 0.625 0.75
vt 0.375 0.25
vt 0.375 0.25
vt 0.375 0.5
vt 0.375 0.25
vt 0.375 0.5
vt 0.375 0.25
vt 0.375 0.25
vt 0.375 0.25
vt 0.375 0.5
vt 0.625 1
vt 0.625 0.75
vt 0.625 0.75
vt 0.625 0.75
vt 0.625 1
vt 0.625 1
vt 0.625 0.75
vt 0.625 0.75
vt 0.625 0.5
vt 0.625 0.75
vt 0.625 0.5
vt 0.625 0.5
vt 0.375 0.75
vt 0.375 0.75
vt 0.375 1
vt 0.375 0.75
vt 0.375 1
vt 0.375 1
vt 0.375 0.75
vt 0.375 1
vt 0.375 0.75
vt 0.375 1
vt 0.375 0.75
vt 0.375 1
vt 0.375 0.75
vt 0.375 0.75
vt 0.375 1
vt 0.375 0.5
vt 0.375 0.75
vt 0.375 0.75
vt 0.375 0.75
vt 0.375 0.5
vt 0.375 0.5
vt 0.375 0.5
vt 0.375 0.75
vt 0.375 0.5
vt 0.375 0.75
vt 0.375 0.5
vt 0.375 0.75
vt 0.375 0.75
vt 0.375 0.75
vt 0.375 1
vt 0.375 0.75
vt 0.375 1
vt 0.375 1
vt 0.375 1
vt 0.375 0.75
vt 0.375 0.75
vt 0.375 0.75
vt 0.375 1
vt 0.375 1
vt 0.375 0.75
vt 0.375 1
vt 0.375 0.75
vt 0.625 0.75
vt 0.625 0.5
vt 0.625 0.75
vt 0.625 0.75
vt 0.625 0.75
vt 0.625 0.5
vt 0.625 0.75
vt 0.625 0.5
vt 0.625 0.5
vt 0.625 0.75
vt 0.625 0.5
vt 0.625 0.5
vt 0.625 0.5
vt 0.625 0.75
vt 0.625 0.75
vt 0.375 0.5
vt 0.375 0.75
vt 0.375 0.5
vt 0.375 0.75
vt 0.375 0.5
vt 0.375 0.75
vt 0.375 0.5
vt 0.375 0.75
vt 0.375 0.5
vt 0.375 0.75
vt 0.375 0.5
vt 0.375 0.75
vt 0.375 0.5
vt 0.375 0.25
vt 0.375 0.25
vt 0.375 0.25
vt 0.375 0.5
vt 0.375 0.5
vt 0.375 0.5
vt 0.375 0.25
vt 0.375 0.5
vt 0.375 0.25
vt 0.375 0.25
vt 0.375 0.5
vt 0.375 0.25
vt 0.375 0.5
vt 0.375 0.25
vt 0.375 0.5
vt 0.5 0.5
vt 0.375 0.25
vt 0.375 0.25
vt 0.5 0.5
vt 0.5 0.25
vt 0.5 0.5
vt 0.375 0.25
vt 0.5 0.25
vt 0.375 0.25
vt 0.5 0.5
vt 0.375 0.5
vt 0.625 0
vt 0.625 0.25
vt 0.625 0.25
vt 0.625 0.25
vt 0.625 0
vt 0.625 0
vt 0.625 0.5
vt 0.625 0.5
vt 0.625 0.25
vt 0.625 0.5
vt 0.625 0.25
vt 0.625 0.25
vt 0.5 0.25
vt 0.5 0
vt 0.375 0
vt 0.5 0.25
vt 0.375 0
vt 0.375 0.25
vt 0.375 0.25
vt 0.375 0
vt 0.5 0.25
vt 0.375 0
vt 0.5 0
vt 0.5 0.25
vt 0.375 0.5
vt 0.375 0.25
vt 0.375 0.25
vt 0.375 0.25
vt 0.375 0.5
vt 0.375 0.5
vt 0.375 0.25
vt 0.375 0.5
vt 0.375 0.5
vt 0.375 0.25
vt 0.375 0.25
vt 0.375 0.5
vt 0.375 0.25
vt 0.375 0.5
vt 0.375 0.25
vt 0.375 0.5
vt 0.375 0.25
vt 0.375 0.5
vt 0.375 0.25
vt 0.375 0.5
vt 0.375 0.25
vt 0.375 0.5
vt 0.375 0.5
vt 0.375 0.25
vt 0.375 0.5
vt 0.375 0.25
vt 0.375 0.25
vt 0.375 0.25
vt 0.375 0.25
vt 0.375 0.5
vt 0.375 1
vt 0.625 0.75
vt 0.625 1
vt 0.625 0.75
vt 0.375 1
vt 0.375 0.75
vt 0.625 0.75
vt 0.375 0.5
vt 0.625 0.5
vt 0.375 0.5
vt 0.625 0.75
vt 0.375 0.75
vt 0.625 0.25
vt 0.375 0.25
vt 0.375 0
vt 0.375 0
vt 0.625 0
vt 0.625 0.25
vt 0.375 0.5
vt 0.625 0.25
vt 0.625 0.5
vt 0.625 0.25
vt 0.375 0.5
vt 0.375 0.25
vt 0.375 0
vt 0.375 0.25
vt 0.375 0
vt 0.375 0
vt 0.375 0
vt 0.375 0.25
vt 0.375 1
vt 0.5 0.75
vt 0.375 0.75
vt 0.5 0.75
vt 0.375 1
vt 0.5 1
vt 0.5 0.25
vt 0.375 0.5
vt 0.5 0.5
vt 0.375 0.5
vt 0.5 0.25
vt 0.375 0.25
vt 0.375 0.5
vt 0.5 0.25
vt 0.5 0.5
vt 0.5 0.25
vt 0.375 0.5
vt 0.375 0.25
vt 0.5 0.75
vt 0.375 1
vt 0.375 0.75
vt 0.375 1
vt 0.5 0.75
vt 0.5 1
vt 0.375 0.25
vt 0.375 0
vt 0.375 0
vt 0.375 0
vt 0.375 0.25
vt 0.375 0.25
vt 0.375 0
vt 0.375 0.25
vt 0.375 0.25
vt 0.375 0.25
vt 0.375 0
vt 0.375 0
vt 0.625 0
vt 0.625 0.25
vt 0.625 0.25
vt 0.625 0.25
vt 0.625 0
vt 0.625 0
vt 0.375 0.5
vt 0.375 0.75
vt 0.375 0.5
vt 0.375 0.25
vt 0.375 0.5
vt 0.375 0.25
vt 0.625 0.5
vt 0.625 0.5
vt 0.625 0.25
vt 0.625 0.5
vt 0.625 0.25
vt 0.625 0.25
vt 0.375 0.25
vt 0.375 0.25
vt 0.375 0.5
vt 0.375 0.25
vt 0.375 0.5
vt 0.375 0.25
vt 0.375 0.25
vt 0.375 0.25
vt 0.375 0.5
vt 0.625 0.75
vt 0.625 1
vt 0.625 1
vt 0.625 1
vt 0.625 0.75
vt 0.625 0.75
vt 0.625 1
vt 0.625 0.75
vt 0.625 1
vt 0.625 1
vt 0.625 0.75
vt 0.625 0.75
vt 0.375 0.25
vt 0.5 0.25
vt 0.375 0
vt 0.375 0
vt 0.5 0.25
vt 0.5 0
vt 0.375 0
vt 0.375 0.25
vt 0.375 0
vt 0.375 0.25
vt 0.375 0
vt 0.375 0.25
vt 0.375 0.25
vt 0.375 0
vt 0.375 0.25
vt 0.375 0.25
vt 0.375 0
vt 0.375 0
vt 0.375 0
vt 0.375 0
vt 0.375 0.25
vt 0.625 0.75
vt 0.625 0.5
vt 0.625 0.5
vt 0.625 0.5
vt 0.625 0.75
vt 0.625 0.75
vt 0.625 0.75
vt 0.625 0.5
vt 0.625 0.5
vt 0.625 0.75
vt 0.625 0.75
vt 0.625 0.5
vt 0.5 0.25
vt 0.375 0
vt 0.5 0
vt 0.375 0
vt 0.5 0.25
vt 0.375 0.25
vt 0.375 0.5
vt 0.375 0.5
vt 0.375 0.75
vt 0.375 0.5
vt 0.375 0.25
vt 0.375 0.5
vt 0.375 0.25
vt 0.375 0.5
vt 0.375 0.25
vt 0.375 0.25
vt 0.375 0.5
vt 0.375 0.25
vt 0.375 0.25
vt 0.375 0.5
vt 0.375 0.5
vt 0.625 1
vt 0.625 0.75
vt 0.625 0.75
vt 0.625 0.75
vt 0.625 1
vt 0.625 1
vt 0.625 0
vt 0.625 0.25
vt 0.625 0.25
vt 0.625 0.25
vt 0.625 0
vt 0.625 0
vt 0.375 0.5
vt 0.375 0.5
vt 0.375 0.25
vt 0.375 0.25
vt 0.375 0.5
vt 0.375 0.25
vt 0.375 0.5
vt 0.375 0.25
vt 0.375 0.25
vt 0.375 0.5
vt 0.375 0.5
vt 0.375 0.25
vt 0.375 0.25
vt 0.375 0.5
vt 0.375 0.5
vt 0.375 0.5
vt 0.375 0.25
vt 0.375 0.25
vt 0.375 0.5
vt 0.375 0.5
vt 0.375 0.25
vt 0.375 0.25
vt 0.375 0.5
vt 0.375 0.25
vt 0.375 0.25
vt 0.375 0.5
vt 0.375 0.25
vt 0.5 0.75
vt 0.5 0.5
vt 0.375 0.5
vt 0.5 0.75
vt 0.375 0.5
vt 0.375 0.75
vt 0.375 0.75
vt 0.375 0.5
vt 0.5 0.75
vt 0.375 0.5
vt 0.5 0.5
vt 0.5 0.75
vt 0.375 0.25
vt 0.375 0
vt 0.375 0.25
vt 0.375 0
vt 0.375 0.25
vt 0.375 0
vt 0.375 0.25
vt 0.375 0
vt 0.375 0
vt 0.375 0
vt 0.375 0.25
vt 0.375 0.25
vt 0.375 0.5
vt 0.375 0.25
vt 0.375 0.5
vt 0.375 0.25
vt 0.375 0.5
vt 0.375 0.25
vt 0.375 0.5
vt 0.375 0.5
vt 0.375 0.25
vt 0.375 0.5
vt 0.375 0.25
vt 0.375 0.25
vt 0.375 0.25
vt 0.375 0.25
vt 0.375 0.5
vt 0.375 0.5
vt 0.5 0.5
vt 0.375 0.25
vt 0.375 0.25
vt 0.5 0.5
vt 0.5 0.25
vt 0.5 0.5
vt 0.375 0.25
vt 0.5 0.25
vt 0.375 0.25
vt 0.5 0.5
vt 0.375 0.5
vt 0.375 0.5
vt 0.375 0.75
vt 0.375 0.75
vt 0.375 0.75
vt 0.375 0.5
vt 0.375 0.5
vt 0.375 0.5
vt 0.375 0.75
vt 0.375 0.5
vt 0.375 0.75
vt 0.375 0.5
vt 0.375 0.75
vt 0.375 0.5
vt 0.375 0.75
vt 0.375 0.5
vt 0.375 0.75
vt 0.375 0.5
vt 0.375 0.75
vt 0.375 0.5
vt 0.375 0.75
vt 0.375 0.5
vt 0.375 0.75
vt 0.375 0.5
vt 0.375 0.75
vt 0.625 0.5
vt 0.625 0.25
vt 0.625 0.5
vt 0.625 0.25
vt 0.625 0.5
vt 0.625 0.5
vt 0.625 0.5
vt 0.625 0.25
vt 0.625 0.25
vt 0.375 0.25
vt 0.375 0.25
vt 0.375 0.5
vt 0.375 0.25
vt 0.375 0.5
vt 0.375 0.25
vt 0.375 0.5
vt 0.375 0.25
vt 0.375 0.5
vt 0.375 0.25
vt 0.375 0.5
vt 0.375 0.25
vt 0.375 0.5
vt 0.375 0.5
vt 0.375 0.25
vt 0.375 0.5
vt 0.375 0.25
vt 0.375 0.25
vt 0.375 0.5
vt 0.375 0.25
vt 0.375 0.25
vt 0.375 0.25
vt 0.375 0.5
vt 0.375 0.5
vt 0.375 0.5
vt 0.375 0.5
vt 0.375 0.25
vt 0.375 0.25
vt 0.375 0.5
vt 0.375 0.25
vt 0.375 0
vt 0.375 0.25
vt 0.375 0
vt 0.5 0.25
vt 0.375 0.5
vt 0.5 0.5
vt 0.375 0.5
vt 0.5 0.25
vt 0.375 0.25
vt 0.375 0.5
vt 0.5 0.25
vt 0.5 0.5
vt 0.5 0.25
vt 0.375 0.5
vt 0.375 0.25
vt 0.375 0
vt 0.375 0.25
vt 0.375 0
vt 0.375 0
vt 0.375 0
vt 0.375 0.25
vt 0.375 0.75
vt 0.375 0.75
vt 0.375 1
vt 0.375 1
vt 0.375 0.75
vt 0.375 1
vt 0.375 0.75
vt 0.375 1
vt 0.375 0.75
vt 0.375 0.5
vt 0.5 0.5
vt 0.375 0.25
vt 0.375 0.25
vt 0.5 0.5
vt 0.5 0.25
vt 0.5 0.5
vt 0.375 0.25
vt 0.5 0.25
vt 0.375 0.25
vt 0.5 0.5
vt 0.375 0.5
vt 0.625 0.25
vt 0.625 0
vt 0.625 0.25
vt 0.375 0.25
vt 0.375 0.5
vt 0.375 0.5
vt 0.375 0.5
vt 0.375 0.25
vt 0.375 0.25
vt 0.375 0.5
vt 0.375 0.5
vt 0.375 0.25
vt 0.375 0.25
vt 0.375 0.5
vt 0.375 0.25
vt 0.375 0.25
vt 0.5 0.25
vt 0.375 0
vt 0.375 0
vt 0.5 0.25
vt 0.5 0
vt 0.5 0.25
vt 0.375 0
vt 0.5 0
vt 0.5 0.25
vt 0.375 0.25
vt 0.375 0
vt 0.375 0.5
vt 0.375 0.25
vt 0.375 0.5
vt 0.375 0.25
vt 0.375 0.5
vt 0.375 0.25
vt 0.375 0.5
vt 0.375 0.5
vt 0.375 0.25
vt 0.375 0.5
vt 0.375 0.25
vt 0.375 0.25
vt 0.625 0.75
vt 0.625 0.5
vt 0.625 0.75
vt 0.625 0.75
vt 0.625 0.5
vt 0.625 0.75
vt 0.625 0.5
vt 0.625 0.5
vt 0.625 0.75
vt 0.5 0.25
vt 0.5 0
vt 0.375 0
vt 0.5 0.25
vt 0.375 0
vt 0.375 0.25
vt 0.375 0.25
vt 0.375 0
vt 0.5 0.25
vt 0.375 0
vt 0.5 0
vt 0.5 0.25
vt 0.375 0.25
vt 0.375 0.5
vt 0.375 0.25
vt 0.375 0.25
vt 0.375 0.25
vt 0.375 0.5
vt 0.375 0
vt 0.375 0.25
vt 0.375 0
vt 0.375 0.25
vt 0.375 0
vt 0.375 0.25
vt 0.375 0
vt 0.375 0
vt 0.375 0.25
vt 0.5 0.75
vt 0.5 0.5
vt 0.375 0.5
vt 0.5 0.75
vt 0.375 0.5
vt 0.375 0.75
vt 0.375 0.75
vt 0.375 0.5
vt 0.5 0.75
vt 0.375 0.5
vt 0.5 0.5
vt 0.5 0.75
vt 0.375 0.25
vt 0.375 0
vt 0.375 0.25
vt 0.375 0.5
vt 0.375 0.25
vt 0.375 0.25
vt 0.375 0.25
vt 0.375 0.5
vt 0.375 0.5
vt 0.375 0.25
vt 0.375 0
vt 0.375 0.25
vt 0.375 0
vt 0.375 0.25
vt 0.375 0
vt 0.375 0.25
vt 0.375 0
vt 0.375 0.25
vt 0.375 0.5
vt 0.375 0.25
vt 0.375 0.25
vt 0.375 0.25
vt 0.375 0.5
vt 0.375 0.5
vt 0.375 0.25
vt 0.375 0.5
vt 0.375 0.25
vt 0.375 0.5
vt 0.375 0.5
vt 0.375 0.25
vt 0.375 0.25
vt 0.375 0.5
vt 0.375 0.5
vt 0.375 0.5
vt 0.375 0.25
vt 0.375 0.25
vt 0.375 0.5
vt 0.375 0.5
vt 0.375 0.25
vt 0.375 0.25
vt 0.375 0.5
vt 0.375 0.25
vt 0.625 1
vt 0.625 0.75
vt 0.625 1
vt 0.375 0.5
vt 0.375 0.25
vt 0.375 0.25
vt 0.375 0.5
vt 0.375 0.25
vt 0.375 0.5
vt 0.375 0.5
vt 0.375 0.5
vt 0.375 0.25
vt 0.375 0.5
vt 0.375 0.25
vt 0.375 0.25
vt 0.375 0.25
vt 0.375 0.25
vt 0.375 0.5
vt 0.375 0.5
vt 0.375 0.25
vt 0.375 0.5
vt 0.625 1
vt 0.625 0.75
vt 0.625 0.75
vt 0.625 0.75
vt 0.625 1
vt 0.625 1
vt 0.375 0
vt 0.375 0.25
vt 0.375 0.25
vt 0.375 0.25
vt 0.375 0
vt 0.375 0
vt 0.375 0.25
vt 0.375 0
vt 0.375 0.25
vt 0.375 0.25
vt 0.375 0
vt 0.375 0.25
vt 0.375 0.25
vt 0.375 0
vt 0.375 0
vt 0.375 0.25
vt 0.375 0
vt 0.375 0
vt 0.375 0
vt 0.375 0.25
vt 0.375 0.25
vt 0.375 0.5
vt 0.375 0.75
vt 0.375 0.75
vt 0.375 0.75
vt 0.375 0.5
vt 0.375 0.5
vt 0.375 0.5
vt 0.375 0.75
vt 0.375 0.5
vt 0.375 0.75
vt 0.375 0.5
vt 0.375 0.75
vt 0.375 0.5
vt 0.375 0.75
vt 0.375 0.5
vt 0.375 0.75
vt 0.375 0.5
vt 0.375 0.75
vt 0.375 0.5
vt 0.375 0.75
vt 0.375 0.5
vt 0.375 0.75
vt 0.375 0.5
vt 0.375 0.75
vt 0.375 0.25
vt 0.375 0.5
vt 0.375 0.25
vt 0.375 0.25
vt 0.375 0.5
vt 0.375 0.5
vt 0.375 0.5
vt 0.375 0.25
vt 0.375 0.25
vt 0.375 0.5
vt 0.375 0.5
vt 0.375 0.25
vt 0.375 0.5
vt 0.375 0.25
vt 0.375 0.5
vt 0.375 0.25
vt 0.375 0.5
vt 0.375 0.25
vt 0.375 0.5
vt 0.375 0.5
vt 0.375 0.25
vt 0.375 0.25
vt 0.375 0.5
vt 0.375 0.25
vt 0.5 0.75
vt 0.375 1
vt 0.5 1
vt 0.375 1
vt 0.5 0.75
vt 0.375 0.75
vt 0.5 0.75
vt 0.375 1
vt 0.375 0.75
vt 0.375 1
vt 0.5 0.75
vt 0.5 1
vt 0.375 0.25
vt 0.375 0
vt 0.375 0.25
vt 0.375 0
vt 0.375 0.25
vt 0.375 0
vt 0.375 0
vt 0.375 0.25
vt 0.375 0.25
vt 0.375 0.25
vt 0.375 0
vt 0.375 0
vt 0.5 0
vt 0.375 0.25
vt 0.375 0
vt 0.375 0.25
vt 0.5 0
vt 0.5 0.25
vt 0.375 0.25
vt 0.375 0
vt 0.375 0
vt 0.375 0
vt 0.375 0.25
vt 0.375 0.25
vt 0.375 0
vt 0.375 0.25
vt 0.375 0.25
vt 0.375 0.25
vt 0.375 0
vt 0.375 0
vt 0.625 0.25
vt 0.625 0
vt 0.625 0.25
vt 0.375 0
vt 0.375 0.25
vt 0.375 0
vt 0.375 0.25
vt 0.375 0
vt 0.375 0.25
vt 0.375 0.25
vt 0.375 0
vt 0.375 0.25
vt 0.375 0.25
vt 0.375 0
vt 0.375 0
vt 0.375 0
vt 0.375 0
vt 0.375 0.25
vt 0.375 0.5
vt 0.5 0.5
vt 0.375 0.25
vt 0.375 0.25
vt 0.5 0.5
vt 0.5 0.25
vt 0.5 0.5
vt 0.375 0.25
vt 0.5 0.25
vt 0.375 0.25
vt 0.5 0.5
vt 0.375 0.5
vt 0.375 0.25
vt 0.375 0.5
vt 0.375 0.25
vt 0.375 0.75
vt 0.375 1
vt 0.375 0.75
vt 0.375 1
vt 0.375 0.75
vt 0.375 1
vt 0.375 1
vt 0.375 0.75
vt 0.375 0.75
vt 0.375 1
vt 0.375 0.75
vt 0.375 0.75
vt 0.375 1
vt 0.375 0.75
vt 0.375 1
vt 0.375 1
vt 0.375 0.75
vt 0.375 0.75
vt 0.375 0.5
vt 0.375 0.75
vt 0.375 0.5
vt 0.375 0.25
vt 0.5 0.25
vt 0.375 0
vt 0.375 0
vt 0.5 0.25
vt 0.5 0
vt 0.625 0.25
vt 0.625 0
vt 0.625 0.25
vt 0.5 0.25
vt 0.375 0.5
vt 0.5 0.5
vt 0.375 0.5
vt 0.5 0.25
vt 0.375 0.25
vt 0.375 0.5
vt 0.5 0.25
vt 0.5 0.5
vt 0.5 0.25
vt 0.375 0.5
vt 0.375 0.25
vt 0.375 0.25
vt 0.375 0.5
vt 0.375 0.25
vt 0.375 0
vt 0.375 0.25
vt 0.375 0
vt 0.375 0.25
vt 0.375 0.25
vt 0.375 0.5
vt 0.375 0.25
vt 0.375 0.25
vt 0.375 0.5
vt 0.625 0.75
vt 0.625 0.5
vt 0.625 0.75
vt 0.625 0.75
vt 0.625 0.75
vt 0.625 0.5
vt 0.625 0.75
vt 0.625 0.5
vt 0.625 0.5
vt 0.375 0.5
vt 0.375 0.5
vt 0.375 0.75
vt 0.375 0.25
vt 0.375 0.5
vt 0.375 0.5
vt 0.375 0.5
vt 0.375 0.25
vt 0.375 0.25
vt 0.375 0.5
vt 0.375 0.5
vt 0.375 0.25
vt 0.375 0.25
vt 0.375 0.5
vt 0.375 0.25
vt 0.375 0.5
vt 0.375 0.25
vt 0.375 0.5
vt 0.375 0.25
vt 0.375 0.5
vt 0.375 0.25
vt 0.375 0.5
vt 0.375 0.5
vt 0.375 0.25
vt 0.375 0.5
vt 0.375 0.25
vt 0.375 0.25
vt 0.375 0.75
vt 0.375 1
vt 0.375 1
vt 0.375 1
vt 0.375 0.75
vt 0.375 0.75
vt 0.375 0.25
vt 0.375 0.5
vt 0.375 0.5
vt 0.375 0.25
vt 0.375 0.5
vt 0.375 0.25
vt 0.375 0.5
vt 0.375 0.5
vt 0.375 0.25
vt 0.375 0.5
vt 0.375 0.25
vt 0.375 0.25
vt 0.5 0.25
vt 0.5 0
vt 0.375 0
vt 0.5 0.25
vt 0.375 0
vt 0.375 0.25
vt 0.375 0.25
vt 0.375 0
vt 0.5 0.25
vt 0.375 0
vt 0.5 0
vt 0.5 0.25
vt 0.375 0
vt 0.375 0
vt 0.375 0.25
vt 0.375 0
vt 0.375 0
vt 0.375 0.25
vt 0.375 0
vt 0.375 0.25
vt 0.375 0
vt 0.375 0
vt 0.375 0.25
vt 0.375 0
vt 0.625 0.25
vt 0.625 0
vt 0.625 0.25
vt 0.5 0.75
vt 0.5 0.5
vt 0.375 0.5
vt 0.5 0.75
vt 0.375 0.5
vt 0.375 0.75
vt 0.375 0.75
vt 0.375 0.5
vt 0.5 0.75
vt 0.375 0.5
vt 0.5 0.5
vt 0.5 0.75
vt 0.5 0.75
vt 0.375 0.5
vt 0.5 0.5
vt 0.375 0.5
vt 0.5 0.75
vt 0.375 0.75
vt 0.5 0.75
vt 0.375 0.5
vt 0.375 0.75
vt 0.375 0.5
vt 0.5 0.75
vt 0.5 0.5
vt 0.375 0.25
vt 0.375 0
vt 0.375 0.25
vt 0.375 0
vt 0.375 0.25
vt 0.375 0
vt 0.375 0.25
vt 0.375 0
vt 0.375 0.25
vt 0.375 0.5
vt 0.375 0.75
vt 0.375 0.5
vt 0.375 0.25
vt 0.375 0.5
vt 0.375 0.25
vt 0.375 0
vt 0.375 0.25
vt 0.375 0.25
vt 0.375 0.25
vt 0.375 0
vt 0.375 0
vt 0.375 0.25
vt 0.375 0
vt 0.375 0.25
vt 0.375 0
vt 0.375 0.25
vt 0.375 0
vt 0.375 0.25
vt 0.375 0
vt 0.375 0.25
vt 0.375 0.25
vt 0.375 0
vt 0.375 0.25
vt 0.375 0
vt 0.375 0.25
vt 0.375 0
vt 0.5 0.75
vt 0.375 0.5
vt 0.5 0.5
vt 0.375 0.5
vt 0.5 0.75
vt 0.375 0.75
vt 0.5 0.75
vt 0.375 0.5
vt 0.375 0.75
vt 0.375 0.5
vt 0.5 0.75
vt 0.5 0.5
vt 0.625 1
vt 0.625 0.75
vt 0.625 1
vt 0.375 0.75
vt 0.375 0.75
vt 0.375 1
vt 0.375 0.5
vt 0.375 0.75
vt 0.375 0.75
vt 0.375 0.75
vt 0.375 0.5
vt 0.375 0.5
vt 0.375 0.5
vt 0.375 0.75
vt 0.375 0.5
vt 0.375 0.75
vt 0.375 0.5
vt 0.375 0.75
vt 0.375 0.75
vt 0.375 0.5
vt 0.375 0.75
vt 0.375 0.5
vt 0.375 0.75
vt 0.375 0.5
vt 0.375 0.75
vt 0.375 0.5
vt 0.375 0.5
vt 0.375 0.5
vt 0.375 0.75
vt 0.375 0.75
vt 0.375 0.5
vt 0.375 0.75
vt 0.375 0.5
vt 0.375 0.75
vt 0.375 0.5
vt 0.375 0.75
vt 0.375 0.5
vt 0.375 0.75
vt 0.375 0.5
vt 0.375 0.75
vt 0.375 0.5
vt 0.375 0.75
vt 0.375 0.5
vt 0.375 0.75
vt 0.375 0.75
vt 0.375 0.75
vt 0.375 0.5
vt 0.375 0.5
vt 0.375 0.5
vt 0.375 0.5
vt 0.375 0.75
vt 0.375 0.75
vt 0.375 0.75
vt 0.375 0.5
vt 0.375 0.5
vt 0.5 0.25
vt 0.5 0.5
vt 0.5 0.25
vt 0.375 0.5
vt 0.375 0.25
vt 0.5 0.25
vt 0.375 0.5
vt 0.5 0.5
vt 0.375 0.5
vt 0.5 0.25
vt 0.375 0.25
vt 0.375 0.5
vt 0.375 0.5
vt 0.375 0.75
vt 0.5 0.75
vt 0.375 0.5
vt 0.5 0.5
vt 0.375 0.5
vt 0.5 0.75
vt 0.375 0.75
vt 0.375 0.75
vt 0.375 1
vt 0.375 0.75
vt 0.5 0.75
vt 0.375 0.5
vt 0.375 0.75
vt 0.375 0.5
vt 0.5 0.75
vt 0.5 0.5
vt 0.375 0.5
vt 0.375 0.75
vt 0.375 0.75
vt 0.375 0.75
vt 0.375 0.5
vt 0.375 0.5
vt 0.375 0.5
vt 0.375 0.75
vt 0.375 0.5
vt 0.375 0.75
vt 0.375 0.5
vt 0.375 0.5
vt 0.375 0.5
vt 0.375 0.75
vt 0.375 0.75
vt 0.375 0.25
vt 0.5 0.25
vt 0.375 0
vt 0.375 0
vt 0.5 0.25
vt 0.5 0
vt 0.5 0.25
vt 0.375 0
vt 0.5 0
vt 0.375 0
vt 0.5 0.25
vt 0.375 0.25
vt 0.375 0.5
vt 0.375 0.75
vt 0.375 0.5
vt 0.375 0.75
vt 0.375 0.5
vt 0.375 0.75
vt 0.375 0.5
vt 0.375 0.5
vt 0.375 0.75
vt 0.375 0.75
vt 0.375 0.5
vt 0.375 0.75
vt 0.375 0.5
vt 0.375 0.75
vt 0.375 0.5
vt 0.625 0.25
vt 0.625 0
vt 0.625 0.25
vt 0.5 0.75
vt 0.375 1
vt 0.5 1
vt 0.375 1
vt 0.5 0.75
vt 0.375 0.75
vt 0.5 0.75
vt 0.375 1
vt 0.375 0.75
vt 0.375 1
vt 0.5 0.75
vt 0.5 1
vt 0.625 0
vt 0.625 0.25
vt 0.625 0.25
vt 0.625 0
vt 0.625 0.25
vt 0.625 0
vt 0.375 0.25
vt 0.375 0.25
vt 0.375 0.5
vt 0.625 0.25
vt 0.625 0.5
vt 0.625 0.5
vt 0.625 0.5
vt 0.625 0.25
vt 0.625 0.25
vt 0.375 0.5
vt 0.375 0.25
vt 0.375 0.25
vt 0.375 0.5
vt 0.375 0.5
vt 0.375 0.25
vt 0.375 0.25
vt 0.375 0.5
vt 0.375 0.5
vt 0.375 0.25
vt 0.375 0.5
vt 0.375 0.25
vt 0.375 0
vt 0.375 0.25
vt 0.375 0
vt 0.375 0.25
vt 0.375 0
vt 0.375 0.25
vt 0.375 0.25
vt 0.375 0
vt 0.375 0.25
vt 0.375 0.25
vt 0.375 0
vt 0.375 0
vt 0.375 0.25
vt 0.375 0.5
vt 0.375 0.25
vt 0.375 0.25
vt 0.375 0
vt 0.375 0.25
vt 0.375 0
vt 0.375 0.25
vt 0.375 0
vt 0.375 0.25
vt 0.375 0
vt 0.375 0
vt 0.375 0
vt 0.375 0.25
vt 0.375 0.25
vt 0.375 0.25
vt 0.375 0
vt 0.375 0
vt 0.375 0
vt 0.375 0.25
vt 0.375 0.25
vt 0.375 0
vt 0.375 0.25
vt 0.375 0.25
vt 0.375 0.25
vt 0.375 0
vt 0.375 0
vt 0.375 0
vt 0.375 0.25
vt 0.375 0
vt 0.375 0.25
vt 0.375 0
vt 0.375 0
vt 0.375 0
vt 0.375 0.25
vt 0.375 0.25
vt 0.375 0
vt 0.375 0.25
vt 0.375 0
vt 0.375 0.75
vt 0.375 1
vt 0.375 0.75
vt 0.375 1
vt 0.375 0.75
vt 0.375 1
vt 0.375 1
vt 0.375 0.75
vt 0.375 0.75
vt 0.375 0.75
vt 0.375 0.75
vt 0.375 1
vt 0.375 0.25
vt 0.375 0
vt 0.375 0
vt 0.375 0
vt 0.375 0.25
vt 0.375 0.25
vt 0.375 0
vt 0.375 0.25
vt 0.375 0.25
vt 0.375 0
vt 0.375 0.25
vt 0.375 0
vt 0.5 0.25
vt 0.375 0.5
vt 0.5 0.5
vt 0.375 0.5
vt 0.5 0.25
vt 0.375 0.25
vt 0.375 0.5
vt 0.5 0.25
vt 0.5 0.5
vt 0.5 0.25
vt 0.375 0.5
vt 0.375 0.25
vt 0.375 0.25
vt 0.375 0
vt 0.375 0.25
vt 0.375 0
vt 0.375 0.25
vt 0.375 0
vt 0.375 0.25
vt 0.375 0.25
vt 0.375 0
vt 0.375 0.25
vt 0.375 0
vt 0.375 0
vt 0.375 1
vt 0.375 0.75
vt 0.375 0.75
vt 0.375 1
vt 0.375 0.75
vt 0.375 1
vt 0.375 1
vt 0.375 0.75
vt 0.375 0.75
vt 0.375 0.75
vt 0.375 1
vt 0.375 0.75
vt 0.375 0.25
vt 0.375 0.25
vt 0.375 0.5
vt 0.375 0.25
vt 0.375 0
vt 0.375 0.25
vt 0.375 0
vt 0.375 0.25
vt 0.375 0
vt 0.375 0.25
vt 0.375 0
vt 0.375 0.25
vt 0.375 0.25
vt 0.375 0
vt 0.375 0
vt 0.375 0
vt 0.375 0
vt 0.375 0.25
vt 0.375 0
vt 0.375 0
vt 0.375 0.25
vt 0.375 0
vt 0.375 0
vt 0.375 0.25
vt 0.375 0.75
vt 0.375 0.5
vt 0.375 0.5
vt 0.375 0.5
vt 0.375 0.75
vt 0.375 0.75
vt 0.375 0.75
vt 0.375 0.5
vt 0.375 0.75
vt 0.375 0.5
vt 0.375 0.75
vt 0.375 0.5
vt 0.625 1
vt 0.625 0.75
vt 0.625 1
vt 0.5 0.25
vt 0.5 0
vt 0.375 0
vt 0.5 0.25
vt 0.375 0
vt 0.375 0.25
vt 0.375 0.25
vt 0.375 0
vt 0.5 0.25
vt 0.375 0
vt 0.5 0
vt 0.5 0.25
vt 0.375 0.25
vt 0.375 0.5
vt 0.375 0.5
vt 0.375 0.5
vt 0.375 0.25
vt 0.375 0.25
vt 0.375 0.5
vt 0.375 0.5
vt 0.375 0.25
vt 0.375 0.25
vt 0.375 0.5
vt 0.375 0.25
vt 0.375 0.25
vt 0.375 0.5
vt 0.375 0.25
vt 0.375 0
vt 0.375 0.25
vt 0.375 0
vt 0.375 0.5
vt 0.375 0.25
vt 0.375 0.5
vt 0.375 0.25
vt 0.375 0.5
vt 0.375 0.25
vt 0.375 0.5
vt 0.375 0.5
vt 0.375 0.25
vt 0.375 0.5
vt 0.375 0.25
vt 0.375 0.25
vt 0.375 0.25
vt 0.375 0.25
vt 0.375 0.5
vt 0.375 0.25
vt 0.375 0
vt 0.375 0.25
vt 0.375 0
vt 0.375 0.25
vt 0.375 0
vt 0.375 0.25
vt 0.375 0
vt 0.375 0.25
vt 0.625 1
vt 0.625 0.75
vt 0.625 1
vt 0.375 0
vt 0.375 0.25
vt 0.375 0.25
vt 0.375 0.25
vt 0.375 0
vt 0.375 0
vt 0.375 0.25
vt 0.375 0
vt 0.375 0.25
vt 0.5 0.75
vt 0.5 0.5
vt 0.375 0.5
vt 0.5 0.75
vt 0.375 0.5
vt 0.375 0.75
vt 0.375 0.75
vt 0.375 0.5
vt 0.5 0.75
vt 0.375 0.5
vt 0.5 0.5
vt 0.5 0.75
vt 0.625 0.5
vt 0.625 0.25
vt 0.625 0.5
vt 0.625 0.25
vt 0.625 0.5
vt 0.625 0.5
vt 0.625 0.5
vt 0.625 0.25
vt 0.625 0.25
vt 0.375 0
vt 0.375 0.25
vt 0.375 0
vt 0.375 0.5
vt 0.375 0.75
vt 0.375 0.5
vt 0.375 0.5
vt 0.375 0.75
vt 0.375 0.5
vt 0.375 0.75
vt 0.375 0.5
vt 0.375 0.75
vt 0.375 0.5
vt 0.375 0.75
vt 0.375 0.5
vt 0.375 0.75
vt 0.375 0.5
vt 0.375 0.75
vt 0.375 0.5
vt 0.375 0.75
vt 0.375 0.75
vt 0.375 0.75
vt 0.375 0.5
vt 0.375 0.5
vt 0.375 0.5
vt 0.375 0.75
vt 0.375 0.5
vt 0.375 0.75
vt 0.375 0.5
vt 0.375 0.75
vt 0.375 0
vt 0.375 0
vt 0.375 0.25
vt 0.375 0
vt 0.375 0.25
vt 0.375 0
vt 0.375 0.5
vt 0.375 0.5
vt 0.375 0.75
vt 0.5 0.75
vt 0.375 1
vt 0.5 1
vt 0.375 1
vt 0.5 0.75
vt 0.375 0.75
vt 0.5 0.75
vt 0.375 1
vt 0.375 0.75
vt 0.375 1
vt 0.5 0.75
vt 0.5 1
vt 0.375 0.25
vt 0.5 0.25
vt 0.375 0
vt 0.375 0
vt 0.5 0.25
vt 0.5 0
vt 0.5 0.25
vt 0.375 0
vt 0.5 0
vt 0.375 0
vt 0.5 0.25
vt 0.375 0.25
vt 0.375 0.25
vt 0.375 0
vt 0.375 0.25
vt 0.375 0
vt 0.375 0.25
vt 0.375 0
vt 0.375 0.25
vt 0.375 0
vt 0.375 0
vt 0.375 0.25
vt 0.375 0
vt 0.375 0.25
vt 0.375 0.75
vt 0.375 1
vt 0.375 0.75
vt 0.375 1
vt 0.375 0.75
vt 0.375 1
vt 0.375 1
vt 0.375 0.75
vt 0.375 0.75
vt 0.375 0
vt 0.375 0
vt 0.375 0.25
vt 0.375 1
vt 0.375 0.75
vt 0.375 0.75
vt 0.375 1
vt 0.375 0.75
vt 0.375 1
vt 0.375 1
vt 0.375 0.75
vt 0.375 0.75
vt 0.375 0.25
vt 0.375 0.5
vt 0.375 0.25
vt 0.375 0.5
vt 0.375 0.5
vt 0.375 0.25
vt 0.375 0.25
vt 0.375 0.5
vt 0.375 0.25
vt 0.375 0.25
vt 0.375 0.5
vt 0.375 0.25
vt 0.375 0.25
vt 0.375 0.5
vt 0.375 0.5
vt 0.375 0
vt 0.375 0.25
vt 0.375 0
vt 0.625 1
vt 0.625 0.75
vt 0.625 0.75
vt 0.625 0.75
vt 0.625 1
vt 0.625 1
vt 0.625 0.75
vt 0.625 0.5
vt 0.625 0.5
vt 0.625 0.75
vt 0.625 0.5
vt 0.625 0.75
vt 0.375 0.75
vt 0.375 0.75
vt 0.375 1
vt 0.375 0.5
vt 0.375 0.75
vt 0.375 0.5
vt 0.5 0.25
vt 0.375 0.5
vt 0.5 0.5
vt 0.375 0.5
vt 0.5 0.25
vt 0.375 0.25
vt 0.375 0.5
vt 0.5 0.25
vt 0.5 0.5
vt 0.5 0.25
vt 0.375 0.5
vt 0.375 0.25
vt 0.375 0.25
vt 0.375 0.25
vt 0.375 0.5
vt 0.375 0.5
vt 0.375 0.25
vt 0.5 0.5
vt 0.375 0.25
vt 0.5 0.25
vt 0.5 0.5
vt 0.5 0.5
vt 0.5 0.25
vt 0.375 0.25
vt 0.5 0.5
vt 0.375 0.25
vt 0.375 0.5
vt 0.375 0.5
vt 0.375 0.25
vt 0.375 0.5
vt 0.375 0.25
vt 0.375 0.5
vt 0.375 0.25
vt 0.375 0.5
vt 0.375 0.5
vt 0.375 0.25
vt 0.375 0.5
vt 0.375 0.25
vt 0.375 0.25
vt 0.625 0.5
vt 0.625 0.25
vt 0.625 0.5
vt 0.625 0.25
vt 0.625 0.5
vt 0.625 0.5
vt 0.625 0.5
vt 0.625 0.25
vt 0.625 0.25
vt 0.375 0.75
vt 0.375 1
vt 0.375 0.75
vt 0.375 0.5
vt 0.375 0.5
vt 0.375 0.75
vt 0.5 0.5
vt 0.375 0.25
vt 0.5 0.25
vt 0.375 0.25
vt 0.5 0.5
vt 0.375 0.5
vt 0.375 0.5
vt 0.5 0.5
vt 0.375 0.25
vt 0.375 0.25
vt 0.5 0.5
vt 0.5 0.25
vt 0.375 0.25
vt 0.375 0.5
vt 0.375 0.25
vt 0.375 0.25
vt 0.375 0.25
vt 0.375 0.5
vt 0.375 0.75
vt 0.375 0.75
vt 0.375 1
vt 0.375 0.75
vt 0.375 1
vt 0.375 1
vt 0.375 0.75
vt 0.375 0.75
vt 0.375 1
vt 0.375 0.75
vt 0.375 1
vt 0.375 1
vt 0.375 0.75
vt 0.375 0.75
vt 0.375 1
vt 0.625 1
vt 0.625 0.75
vt 0.625 0.75
vt 0.625 0.75
vt 0.625 1
vt 0.625 1
vt 0.375 1
vt 0.375 0.75
vt 0.375 0.75
vt 0.375 1
vt 0.375 0.75
vt 0.375 1
vt 0.375 0.75
vt 0.375 1
vt 0.375 0.75
vt 0.375 1
vt 0.375 0.75
vt 0.375 1
vt 0.375 0.75
vt 0.375 1
vt 0.375 0.75
vt 0.625 0.5
vt 0.625 0.75
vt 0.625 0.5
vt 0.625 0.75
vt 0.625 0.5
vt 0.625 0.75
vt 0.5 0.25
vt 0.5 0
vt 0.375 0
vt 0.5 0.25
vt 0.375 0
vt 0.375 0.25
vt 0.375 0.25
vt 0.375 0
vt 0.5 0.25
vt 0.375 0
vt 0.5 0
vt 0.5 0.25
vt 0.375 0.25
vt 0.375 0
vt 0.375 0.25
vt 0.375 0.25
vt 0.375 0
vt 0.375 0
vt 0.375 0
vt 0.375 0.25
vt 0.375 0
vt 0.375 0
vt 0.375 0.25
vt 0.375 0.25
vt 0.375 0.25
vt 0.375 0
vt 0.375 0.25
vt 0.375 0.25
vt 0.375 0
vt 0.375 0
vt 0.5 0.25
vt 0.375 0
vt 0.5 0
vt 0.375 0
vt 0.5 0.25
vt 0.375 0.25
vt 0.375 0
vt 0.375 0.25
vt 0.375 0
vt 0.375 0.25
vt 0.375 0
vt 0.375 0.25
vt 0.5 0.75
vt 0.375 1
vt 0.375 0.75
vt 0.375 1
vt 0.5 0.75
vt 0.5 1
vt 0.375 1
vt 0.5 0.75
vt 0.375 0.75
vt 0.5 0.75
vt 0.375 1
vt 0.5 1
vt 0.375 0.25
vt 0.5 0.25
vt 0.375 0
vt 0.375 0
vt 0.5 0.25
vt 0.5 0
vt 0.375 0.25
vt 0.375 0.5
vt 0.375 0.5
vt 0.375 0.5
vt 0.375 0.25
vt 0.375 0.25
vt 0.375 0.5
vt 0.375 0.5
vt 0.375 0.25
vt 0.375 0.25
vt 0.375 0.5
vt 0.375 0.25
vt 0.375 0.25
vt 0.375 0.5
vt 0.375 0.25
vt 0.5 0.75
vt 0.5 0.5
vt 0.375 0.5
vt 0.5 0.75
vt 0.375 0.5
vt 0.375 0.75
vt 0.375 0.75
vt 0.375 0.5
vt 0.5 0.75
vt 0.375 0.5
vt 0.5 0.5
vt 0.5 0.75
vt 0.375 0.5
vt 0.375 0.75
vt 0.375 0.5
vt 0.375 0.75
vt 0.375 0.5
vt 0.375 0.75
vt 0.375 0.5
vt 0.375 0.75
vt 0.375 0.5
vt 0.375 0.75
vt 0.375 0.5
vt 0.375 0.75
vt 0.375 0.25
vt 0.375 0
vt 0.375 0.25
vt 0.375 0
vt 0.375 0.25
vt 0.375 0
vt 0.375 0.25
vt 0.375 0
vt 0.375 0.25
vt 0.375 0.5
vt 0.375 0.75
vt 0.375 0.75
vt 0.375 0.75
vt 0.375 0.5
vt 0.375 0.5
vt 0.375 0.5
vt 0.375 0.75
vt 0.375 0.5
vt 0.375 0.75
vt 0.375 0.5
vt 0.375 0.75
vt 0.375 0
vt 0.375 0.25
vt 0.375 0.25
vt 0.375 0.25
vt 0.375 0
vt 0.375 0
vt 0.375 0.25
vt 0.375 0
vt 0.375 0.25
vt 0.375 0.5
vt 0.375 0.25
vt 0.375 0.5
vt 0.375 0.25
vt 0.375 0.5
vt 0.375 0.25
vt 0.625 0
vt 0.625 0.25
vt 0.625 0.25
vt 0.625 0.25
vt 0.625 0
vt 0.625 0
vt 0.375 0.25
vt 0.375 0.5
vt 0.375 0.25
vt 0.375 0.25
vt 0.375 0.5
vt 0.375 0.5
vt 0.375 0
vt 0.375 0
vt 0.375 0.25
vt 0.375 0.25
vt 0.375 0.25
vt 0.375 0.5
vt 0.375 0.75
vt 0.5 0.5
vt 0.375 0.5
vt 0.5 0.5
vt 0.375 0.75
vt 0.5 0.75
vt 0.5 0.5
vt 0.375 0.75
vt 0.375 0.5
vt 0.375 0.75
vt 0.5 0.5
vt 0.5 0.75
vt 0.375 0
vt 0.375 0.25
vt 0.375 0
vt 0.375 0.25
vt 0.375 0
vt 0.375 0.25
vt 0.375 0.5
vt 0.375 0.75
vt 0.375 0.5
vt 0.5 0.75
vt 0.375 1
vt 0.5 1
vt 0.375 1
vt 0.5 0.75
vt 0.375 0.75
vt 0.5 0.75
vt 0.375 1
vt 0.375 0.75
vt 0.375 1
vt 0.5 0.75
vt 0.5 1
vt 0.375 0.5
vt 0.375 0.5
vt 0.375 0.75
vt 0.625 0.5
vt 0.625 0.25
vt 0.625 0.5
vt 0.625 0.25
vt 0.625 0.5
vt 0.625 0.5
vt 0.625 0.5
vt 0.625 0.25
vt 0.625 0.25
vt 0.625 0
vt 0.625 0.25
vt 0.625 0.25
vt 0.625 0.25
vt 0.625 0
vt 0.625 0
vt 0.375 1
vt 0.5 0.75
vt 0.5 1
vt 0.5 0.75
vt 0.375 1
vt 0.375 0.75
vt 0.5 0.75
vt 0.375 1
vt 0.5 1
vt 0.375 1
vt 0.5 0.75
vt 0.375 0.75
vt 0.375 0.75
vt 0.375 1
vt 0.375 0.75
vt 0.375 1
vt 0.375 0.75
vt 0.375 1
vt 0.375 1
vt 0.375 0.75
vt 0.375 0.75
vt 0.375 1
vt 0.375 0.75
vt 0.375 0.75
vt 0.375 1
vt 0.375 0.75
vt 0.375 1
vt 0.375 1
vt 0.375 0.75
vt 0.375 0.75
vt 0.375 0.5
vt 0.375 0.75
vt 0.375 0.5
vt 0.375 0.75
vt 0.375 0.5
vt 0.375 0.75
vt 0.375 0.5
vt 0.375 0.5
vt 0.375 0.75
vt 0.625 0.25
vt 0.625 0.5
vt 0.625 0.5
vt 0.625 0.5
vt 0.625 0.25
vt 0.625 0.25
vt 0.625 0.5
vt 0.625 0.25
vt 0.625 0.5
vt 0.375 0.5
vt 0.375 0.75
vt 0.375 0.75
vt 0.375 0.75
vt 0.375 0.5
vt 0.375 0.5
vt 0.375 0.5
vt 0.375 0.75
vt 0.375 0.5
vt 0.625 1
vt 0.625 0.75
vt 0.625 0.75
vt 0.625 0.75
vt 0.625 1
vt 0.625 1
vt 0.625 0.75
vt 0.625 0.5
vt 0.625 0.5
vt 0.625 0.75
vt 0.625 0.5
vt 0.625 0.75
vt 0.375 0.25
vt 0.375 0
vt 0.375 0.25
vt 0.375 0.5
vt 0.375 0.25
vt 0.375 0.5
vt 0.375 0.25
vt 0.375 0.5
vt 0.375 0.25
vt 0.375 0.5
vt 0.375 0.5
vt 0.375 0.25
vt 0.375 0.5
vt 0.375 0.25
vt 0.375 0.25
vt 0.375 0.25
vt 0.375 0.5
vt 0.375 0.5
vt 0.375 0.5
vt 0.375 0.25
vt 0.375 0.25
vt 0.375 0.5
vt 0.375 0.5
vt 0.375 0.25
vt 0.375 0.25
vt 0.375 0.5
vt 0.375 0.25
vt 0.5 0.25
vt 0.375 0.5
vt 0.5 0.5
vt 0.375 0.5
vt 0.5 0.25
vt 0.375 0.25
vt 0.375 0.5
vt 0.5 0.25
vt 0.5 0.5
vt 0.5 0.25
vt 0.375 0.5
vt 0.375 0.25
vt 0.375 0.25
vt 0.375 0.5
vt 0.375 0.25
vt 0.375 0.25
vt 0.375 0.25
vt 0.375 0.5
vt 0.375 0.75
vt 0.5 0.5
vt 0.375 0.5
vt 0.5 0.5
vt 0.375 0.75
vt 0.5 0.75
vt 0.5 0.5
vt 0.375 0.75
vt 0.375 0.5
vt 0.375 0.75
vt 0.5 0.5
vt 0.5 0.75
vt 0.375 0.75
vt 0.375 0.75
vt 0.375 1
vt 0.375 0.25
vt 0.375 0.5
vt 0.375 0.25
vt 0.375 0.75
vt 0.375 1
vt 0.375 0.75
vt 0.5 0.25
vt 0.375 0
vt 0.5 0
vt 0.375 0
vt 0.5 0.25
vt 0.375 0.25
vt 0.375 0.25
vt 0.5 0.25
vt 0.375 0
vt 0.375 0
vt 0.5 0.25
vt 0.5 0
vt 0.375 0.25
vt 0.375 0.25
vt 0.375 0.5
vt 0.375 0
vt 0.375 0
vt 0.375 0.25
vt 0.375 0
vt 0.375 0.25
vt 0.375 0
vt 0.375 0.25
vt 0.375 0
vt 0.5 0.25
vt 0.375 0
vt 0.5 0
vt 0.5 0.25
vt 0.5 0.25
vt 0.5 0
vt 0.375 0
vt 0.5 0.25
vt 0.375 0
vt 0.375 0.25
vt 0.375 0.5
vt 0.375 0.5
vt 0.375 0.75
vt 0.375 0.5
vt 0.375 0.75
vt 0.375 0.5
vt 0.375 0.5
vt 0.375 0.75
vt 0.375 0.5
vt 0.375 0.75
vt 0.375 0.5
vt 0.375 0.75
vt 0.375 0.5
vt 0.375 0.75
vt 0.375 0.5
vt 0.375 0.75
vt 0.375 0.5
vt 0.375 0.75
vt 0.375 0.5
vt 0.375 0.75
vt 0.375 0.75
vt 0.375 0.75
vt 0.375 0.5
vt 0.375 0.5
vt 0.375 0.5
vt 0.375 0.75
vt 0.375 0.5
vt 0.375 0.75
vt 0.375 0.5
vt 0.375 0.75
vt 0.5 0.75
vt 0.5 0.5
vt 0.375 0.5
vt 0.5 0.75
vt 0.375 0.5
vt 0.375 0.75
vt 0.375 0.75
vt 0.375 0.5
vt 0.5 0.75
vt 0.375 0.5
vt 0.5 0.5
vt 0.5 0.75
vt 0.375 0.25
vt 0.375 0
vt 0.375 0.25
vt 0.375 0
vt 0.375 0.25
vt 0.375 0
vt 0.375 0.25
vt 0.375 0
vt 0.375 0.25
vt 0.375 0
vt 0.375 0.25
vt 0.375 0.25
vt 0.375 0.25
vt 0.375 0
vt 0.375 0
vt 0.375 0.25
vt 0.375 0
vt 0.375 0.25
vt 0.375 0.75
vt 0.375 1
vt 0.375 0.75
vt 0.375 0.75
vt 0.375 0.75
vt 0.375 1
vt 0.375 0.5
vt 0.375 0.75
vt 0.375 0.5
vt 0.375 0.5
vt 0.375 0.75
vt 0.375 0.5
vt 0.375 0.75
vt 0.375 0.5
vt 0.375 0.75
vt 0.375 0.75
vt 0.375 0.5
vt 0.375 0.75
vt 0.375 0.5
vt 0.375 0.75
vt 0.375 0.5
vt 0.375 0.75
vt 0.375 0.5
vt 0.375 0.5
vt 0.375 0.5
vt 0.375 0.75
vt 0.375 0.75
vt 0.375 0.5
vt 0.375 0.75
vt 0.375 0.75
vt 0.375 0.75
vt 0.375 0.5
vt 0.375 0.5
vt 0.375 0.75
vt 0.375 0.5
vt 0.375 0.75
vt 0.375 0.5
vt 0.375 0.75
vt 0.375 0.5
vt 0.375 0.75
vt 0.375 0.5
vt 0.375 0.5
vt 0.375 0.5
vt 0.375 0.75
vt 0.375 0.75
vt 0.625 0
vt 0.625 0.25
vt 0.625 0.25
vt 0.625 0.25
vt 0.625 0
vt 0.625 0
vt 0.375 0.5
vt 0.375 0.5
vt 0.375 0.75
vt 0.5 0.25
vt 0.375 0
vt 0.5 0
vt 0.375 0
vt 0.5 0.25
vt 0.375 0.25
vt 0.375 0.25
vt 0.5 0.25
vt 0.375 0
vt 0.375 0
vt 0.5 0.25
vt 0.5 0
vt 0.375 0.5
vt 0.375 0.75
vt 0.375 0.75
vt 0.375 0.75
vt 0.375 0.5
vt 0.375 0.5
vt 0.375 0.5
vt 0.375 0.5
vt 0.375 0.75
vt 0.375 0.75
vt 0.375 0.75
vt 0.375 0.5
vt 0.375 0
vt 0.375 0
vt 0.375 0.25
vt 0.375 0
vt 0.375 0.25
vt 0.375 0
vt 0.375 0.25
vt 0.375 0
vt 0.375 0.25
vt 0.375 0.25
vt 0.375 0
vt 0.375 0
vt 0.375 0
vt 0.375 0.25
vt 0.375 0
vt 0.5 0.75
vt 0.375 1
vt 0.375 0.75
vt 0.375 1
vt 0.5 0.75
vt 0.5 1
vt 0.5 0.75
vt 0.375 1
vt 0.5 1
vt 0.375 1
vt 0.5 0.75
vt 0.375 0.75
vt 0.375 0.75
vt 0.5 0.5
vt 0.375 0.5
vt 0.5 0.5
vt 0.375 0.75
vt 0.5 0.75
vt 0.5 0.5
vt 0.375 0.75
vt 0.375 0.5
vt 0.375 0.75
vt 0.5 0.5
vt 0.5 0.75
vt 0.375 0.75
vt 0.375 1
vt 0.375 0.75
vt 0.375 1
vt 0.375 0.75
vt 0.375 1
vt 0.375 1
vt 0.375 0.75
vt 0.375 0.75
vt 0.625 0
vt 0.625 0.25
vt 0.625 0.25
vt 0.625 0.25
vt 0.625 0
vt 0.625 0
vt 0.625 0.25
vt 0.625 0.5
vt 0.625 0.5
vt 0.625 0.5
vt 0.625 0.25
vt 0.625 0.25
vt 0.375 0.25
vt 0.375 0
vt 0.375 0.25
vt 0.375 0
vt 0.375 0.25
vt 0.375 0
vt 0.375 0.25
vt 0.375 0.5
vt 0.375 0.25
vt 0.375 0.25
vt 0.375 0
vt 0.375 0
vt 0.375 0
vt 0.375 0.25
vt 0.375 0.25
vt 0.375 1
vt 0.375 0.75
vt 0.375 0.75
vt 0.375 1
vt 0.375 0.75
vt 0.375 1
vt 0.375 1
vt 0.375 0.75
vt 0.375 0.75
vt 0.375 0.75
vt 0.375 1
vt 0.375 0.75
vt 0.375 0.75
vt 0.375 0.75
vt 0.375 1
vt 0.375 0.5
vt 0.375 0.75
vt 0.375 0.5
vt 0.375 0.75
vt 0.375 0.5
vt 0.375 0.75
vt 0.375 0.25
vt 0.375 0.25
vt 0.375 0.5
vt 0.375 0.5
vt 0.375 0.75
vt 0.375 0.75
vt 0.375 0.75
vt 0.375 0.5
vt 0.375 0.5
vt 0.375 0.5
vt 0.375 0.5
vt 0.375 0.75
vt 0.625 0
vt 0.625 0.25
vt 0.625 0.25
vt 0.625 0.25
vt 0.625 0
vt 0.625 0
vt 0.5 0.25
vt 0.375 0.5
vt 0.5 0.5
vt 0.375 0.5
vt 0.5 0.25
vt 0.375 0.25
vt 0.375 0.5
vt 0.5 0.25
vt 0.5 0.5
vt 0.5 0.25
vt 0.375 0.5
vt 0.375 0.25
vt 0.375 0.5
vt 0.375 0.75
vt 0.375 0.5
vt 0.5 0.25
vt 0.375 0
vt 0.5 0
vt 0.375 0
vt 0.5 0.25
vt 0.375 0.25
vt 0.375 0.25
vt 0.5 0.25
vt 0.375 0
vt 0.375 0
vt 0.5 0.25
vt 0.5 0
vt 0.375 0.5
vt 0.375 0.75
vt 0.375 0.5
vt 0.375 0
vt 0.375 0
vt 0.375 0.25
vt 0.375 0.5
vt 0.375 0.5
vt 0.375 0.75
vt 0.375 0
vt 0.375 0.25
vt 0.375 0
vt 0.375 0
vt 0.375 0
vt 0.375 0.25
vt 0.375 0.75
vt 0.375 0.5
vt 0.375 0.5
vt 0.375 0.5
vt 0.375 0.75
vt 0.375 0.75
vt 0.375 0.5
vt 0.375 0.75
vt 0.375 0.5
vt 0.375 0.75
vt 0.375 0.5
vt 0.375 0.5
vt 0.375 0.5
vt 0.375 0.75
vt 0.375 0.75
vt 0.375 0.5
vt 0.375 0.75
vt 0.375 0.5
vt 0.375 0.75
vt 0.375 0.5
vt 0.375 0.75
vt 0.375 0.5
vt 0.375 0.5
vt 0.375 0.75
vt 0.375 0.5
vt 0.375 0.75
vt 0.375 0.75
vt 0.375 0.75
vt 0.375 0.5
vt 0.375 0.75
vt 0.375 0.5
vt 0.375 0.75
vt 0.375 0.5
vt 0.375 0.5
vt 0.375 0.5
vt 0.375 0.75
vt 0.375 0.75
vt 0.375 0.5
vt 0.375 0.75
vt 0.375 0.5
vt 0.375 0.75
vt 0.375 0.5
vt 0.375 0.5
vt 0.375 0.75
vt 0.375 0.5
vt 0.375 0.75
vt 0.375 0.5
vt 0.375 0.75
vt 0.375 0.5
vt 0.375 0.5
vt 0.375 0.75
vt 0.375 0.75
vt 0.375 0.5
vt 0.375 0.5
vt 0.375 0.5
vt 0.375 0.75
vt 0.375 0.75
vt 0.375 0.5
vt 0.375 0.75
vt 0.375 0.5
vt 0.375 0.25
vt 0.375 0
vt 0.375 0.25
vt 0.375 0.25
vt 0.375 0
vt 0.5 0.25
vt 0.375 0
vt 0.5 0
vt 0.5 0.25
vt 0.5 0.25
vt 0.5 0
vt 0.375 0
vt 0.5 0.25
vt 0.375 0
vt 0.375 0.25
vt 0.375 0.25
vt 0.375 0.5
vt 0.375 0.5
vt 0.375 0.5
vt 0.375 0.25
vt 0.375 0.25
vt 0.375 0.5
vt 0.375 0.5
vt 0.375 0.25
vt 0.375 0.25
vt 0.375 0.5
vt 0.375 0.25
vt 0.375 0.25
vt 0.375 0.5
vt 0.375 0.25
vt 0.375 0.5
vt 0.375 0.25
vt 0.375 0.5
vt 0.375 0.25
vt 0.375 0.5
vt 0.375 0.25
vt 0.375 0.5
vt 0.375 0.5
vt 0.375 0.25
vt 0.375 0.5
vt 0.375 0.25
vt 0.375 0.25
vt 0.375 0.25
vt 0.375 0.25
vt 0.375 0.5
vt 0.375 0.25
vt 0.375 0
vt 0.375 0.25
vt 0.375 1
vt 0.375 0.75
vt 0.375 1
vt 0.375 0.75
vt 0.375 1
vt 0.375 0.75
vt 0.375 0
vt 0.375 0
vt 0.375 0.25
vt 0.375 0.75
vt 0.375 1
vt 0.375 0.75
vt 0.375 1
vt 0.375 0.75
vt 0.375 1
vt 0.375 0.5
vt 0.375 0.75
vt 0.375 0.5
vt 0.375 0.75
vt 0.375 0.5
vt 0.375 0.75
vt 0.375 0.5
vt 0.375 0.75
vt 0.375 0.5
vt 0.375 0.75
vt 0.375 0.5
vt 0.375 0.75
vt 0.375 0.5
vt 0.375 0.75
vt 0.375 0.75
vt 0.375 0.75
vt 0.375 0.5
vt 0.375 0.5
vt 0.375 0.5
vt 0.375 0.75
vt 0.375 0.5
vt 0.375 0.75
vt 0.375 0.5
vt 0.375 0.75
vt 0.375 0.25
vt 0.375 0
vt 0.375 0.25
vt 0.375 0
vt 0.375 0.25
vt 0.375 0
vt 0.375 0.25
vt 0.375 0
vt 0.375 0.25
vt 0.375 0
vt 0.375 0.25
vt 0.375 0
vt 0.375 0
vt 0.375 0.25
vt 0.375 0.25
vt 0.375 0.25
vt 0.375 0
vt 0.375 0
vt 0.375 0.25
vt 0.375 0
vt 0.375 0.25
vt 0.5 0.75
vt 0.5 0.5
vt 0.375 0.5
vt 0.5 0.75
vt 0.375 0.5
vt 0.375 0.75
vt 0.375 0.75
vt 0.375 0.5
vt 0.5 0.75
vt 0.375 0.5
vt 0.5 0.5
vt 0.5 0.75
vt 0.5 0.5
vt 0.375 0.75
vt 0.375 0.5
vt 0.375 0.75
vt 0.5 0.5
vt 0.5 0.75
vt 0.375 0.75
vt 0.5 0.5
vt 0.375 0.5
vt 0.5 0.5
vt 0.375 0.75
vt 0.5 0.75
vt 0.375 0.5
vt 0.375 0.75
vt 0.375 0.5
vt 0.375 0.75
vt 0.375 0.5
vt 0.375 0.75
vt 0.375 0.75
vt 0.375 0.5
vt 0.375 0.5
vt 0.375 0.5
vt 0.375 0.75
vt 0.375 0.75
vt 0.375 0.75
vt 0.375 0.75
vt 0.375 1
vt 0.375 0.75
vt 0.375 0.5
vt 0.375 0.5
vt 0.375 0.5
vt 0.375 0.75
vt 0.375 0.75
vt 0.375 0.5
vt 0.375 0.5
vt 0.375 0.75
vt 0.375 0.75
vt 0.375 0.75
vt 0.375 0.5
vt 0.5 0.75
vt 0.375 1
vt 0.375 0.75
vt 0.375 1
vt 0.5 0.75
vt 0.5 1
vt 0.5 0.75
vt 0.375 1
vt 0.5 1
vt 0.375 1
vt 0.5 0.75
vt 0.375 0.75
vt 0.375 0.75
vt 0.375 1
vt 0.375 0.75
vt 0.375 0.75
vt 0.375 0.5
vt 0.375 0.5
vt 0.375 0.5
vt 0.375 0.75
vt 0.375 0.75
vt 0.375 0.5
vt 0.375 0.75
vt 0.375 0.5
vt 0.375 0.75
vt 0.375 0.5
vt 0.375 0.75
vt 0.375 0.5
vt 0.375 0.5
vt 0.375 0.75
vt 0.375 0.5
vt 0.375 0.75
vt 0.375 0.5
vt 0.375 0.5
vt 0.375 0.5
vt 0.375 0.75
vt 0.375 0.5
vt 0.375 0.75
vt 0.375 0.5
vt 0.375 0.5
vt 0.375 0.75
vt 0.375 0.5
vt 0.375 0.75
vt 0.375 1
vt 0.375 0.75
vt 0.375 1
vt 0.375 0.75
vt 0.375 1
vt 0.375 1
vt 0.375 0.75
vt 0.375 0.75
vt 0.375 0.5
vt 0.375 0.5
vt 0.375 0.75
vt 0.375 1
vt 0.375 0.75
vt 0.375 0.75
vt 0.375 1
vt 0.375 0.75
vt 0.375 1
vt 0.375 1
vt 0.375 0.75
vt 0.375 0.75
vt 0.375 0.5
vt 0.375 0.5
vt 0.375 0.75
vt 0.375 0.5
vt 0.375 0.25
vt 0.375 0.5
vt 0.375 0.25
vt 0.375 0.5
vt 0.375 0.25
vt 0.375 0.5
vt 0.375 0.5
vt 0.375 0.25
vt 0.375 0.5
vt 0.375 0.25
vt 0.375 0.25
vt 0.375 1
vt 0.5 0.75
vt 0.5 1
vt 0.5 0.75
vt 0.375 1
vt 0.375 0.75
vt 0.5 1
vt 0.5 0.75
vt 0.375 0.75
vt 0.5 1
vt 0.375 0.75
vt 0.375 1
vt 0.375 1
vt 0.5 0.75
vt 0.375 0.75
vt 0.5 0.75
vt 0.375 1
vt 0.5 1
vt 0.5 0.75
vt 0.375 1
vt 0.375 0.75
vt 0.375 1
vt 0.5 0.75
vt 0.5 1
vt 0.375 0.5
vt 0.375 0.75
vt 0.375 0.5
vt 0.375 0.75
vt 0.375 0.5
vt 0.375 0.5
vt 0.375 0.5
vt 0.375 0.75
vt 0.375 0.75
vt 0.375 0.5
vt 0.375 0.75
vt 0.375 0.75
vt 0.375 0.75
vt 0.375 0.5
vt 0.375 0.5
vt 0.5 0.25
vt 0.375 0.5
vt 0.5 0.5
vt 0.375 0.5
vt 0.5 0.25
vt 0.375 0.25
vt 0.375 0.5
vt 0.5 0.25
vt 0.5 0.5
vt 0.5 0.25
vt 0.375 0.5
vt 0.375 0.25
vt 0.375 0.5
vt 0.375 0.75
vt 0.375 0.5
vt 0.375 0.75
vt 0.375 0.5
vt 0.375 0.75
vt 0.375 0.75
vt 0.375 0.5
vt 0.375 0.75
vt 0.375 0.5
vt 0.375 0.75
vt 0.375 0.5
vt 0.625 0
vt 0.625 0.25
vt 0.625 0.25
vt 0.625 0.25
vt 0.625 0
vt 0.625 0
vt 0.625 0.5
vt 0.625 0.5
vt 0.625 0.25
vt 0.625 0.5
vt 0.625 0.25
vt 0.625 0.25
vt 0.375 0.75
vt 0.375 1
vt 0.375 0.75
vt 0.375 0
vt 0.375 0
vt 0.375 0.25
vt 0.375 0
vt 0.375 0.25
vt 0.375 0
vt 0.375 0.5
vt 0.375 0.75
vt 0.375 0.5
vt 0.375 0.75
vt 0.375 0.5
vt 0.375 0.75
vt 0.375 0.5
vt 0.375 0.75
vt 0.375 0.5
vt 0.375 0.75
vt 0.375 0.5
vt 0.375 0.75
vt 0.375 0.75
vt 0.375 1
vt 0.375 0.75
vt 0.375 0.75
vt 0.375 0.75
vt 0.375 1
vt 0.625 0.25
vt 0.625 0
vt 0.625 0
vt 0.625 0
vt 0.625 0.25
vt 0.625 0.25
vt 0.375 0.25
vt 0.375 0
vt 0.5 0.25
vt 0.375 0
vt 0.5 0
vt 0.5 0.25
vt 0.625 0.5
vt 0.625 0.5
vt 0.625 0.25
vt 0.625 0.5
vt 0.625 0.25
vt 0.625 0.25
vt 0.5 0.25
vt 0.5 0
vt 0.375 0
vt 0.5 0.25
vt 0.375 0
vt 0.375 0.25
vt 0.375 0.25
vt 0.375 0.5
vt 0.375 0.5
vt 0.375 0.5
vt 0.375 0.25
vt 0.375 0.25
vt 0.375 0.5
vt 0.375 0.5
vt 0.375 0.25
vt 0.375 0.25
vt 0.375 0.5
vt 0.375 0.25
vt 0.375 0.25
vt 0.375 0.5
vt 0.375 0.25
vt 0.375 0.5
vt 0.375 0.75
vt 0.375 0.75
vt 0.375 0.75
vt 0.375 0.5
vt 0.375 0.5
vt 0.375 0.5
vt 0.375 0.75
vt 0.375 0.5
vt 0.375 0.75
vt 0.375 0.5
vt 0.375 0.75
vt 0.375 1
vt 0.375 0.75
vt 0.375 1
vt 0.375 0.75
vt 0.375 0.75
vt 0.375 1
vt 0.375 0.75
vt 0.375 1
vt 0.375 0.75
vt 0.375 1
vt 0.375 0.75
vt 0.375 1
vt 0.375 0.75
vt 0.375 0.75
vt 0.375 1
vt 0.375 0.25
vt 0.375 0.25
vt 0.375 0.5
vt 0.375 1
vt 0.375 0.75
vt 0.375 0.75
vt 0.375 0.75
vt 0.375 1
vt 0.375 1
vt 0.375 1
vt 0.375 0.75
vt 0.375 0.75
vt 0.375 0.75
vt 0.375 1
vt 0.375 1
vt 0.625 0
vt 0.625 0.25
vt 0.625 0.25
vt 0.625 0.25
vt 0.625 0
vt 0.625 0
vt 0.375 0.5
vt 0.375 0.5
vt 0.375 0.75
vt 0.375 0.25
vt 0.375 0
vt 0.375 0.25
vt 0.375 0
vt 0.375 0.25
vt 0.375 0
vt 0.375 0.25
vt 0.375 0
vt 0.375 0.25
vt 0.625 0.25
vt 0.625 0.5
vt 0.625 0.5
vt 0.625 0.5
vt 0.625 0.25
vt 0.625 0.25
vt 0.5 0.75
vt 0.5 0.5
vt 0.375 0.5
vt 0.5 0.75
vt 0.375 0.5
vt 0.375 0.75
vt 0.375 0.75
vt 0.375 0.5
vt 0.5 0.75
vt 0.375 0.5
vt 0.5 0.5
vt 0.5 0.75
vt 0.375 0.5
vt 0.375 0.75
vt 0.375 0.5
vt 0.375 0
vt 0.375 0.25
vt 0.375 0.25
vt 0.375 0.25
vt 0.375 0
vt 0.375 0
vt 0.375 0.25
vt 0.375 0
vt 0.375 0.25
vt 0.375 0.75
vt 0.5 0.5
vt 0.375 0.5
vt 0.5 0.5
vt 0.375 0.75
vt 0.5 0.75
vt 0.5 0.5
vt 0.375 0.75
vt 0.375 0.5
vt 0.375 0.75
vt 0.5 0.5
vt 0.5 0.75
vt 0.375 0.75
vt 0.375 0.75
vt 0.375 1
vt 0.375 0.75
vt 0.375 1
vt 0.375 0.75
vt 0.5 0.75
vt 0.375 1
vt 0.375 0.75
vt 0.375 1
vt 0.5 0.75
vt 0.5 1
vt 0.5 0.75
vt 0.375 1
vt 0.5 1
vt 0.375 1
vt 0.5 0.75
vt 0.375 0.75
vt 0.375 1
vt 0.5 0.75
vt 0.375 0.75
vt 0.5 0.75
vt 0.375 1
vt 0.5 1
vt 0.5 0.75
vt 0.375 1
vt 0.375 0.75
vt 0.375 1
vt 0.5 0.75
vt 0.5 1
vt 0.375 0.75
vt 0.375 1
vt 0.375 0.75
vt 0.375 1
vt 0.375 0.75
vt 0.375 1
vt 0.375 1
vt 0.375 0.75
vt 0.375 0.75
vt 0.375 1
vt 0.375 0.75
vt 0.375 0.75
vt 0.375 1
vt 0.375 0.75
vt 0.375 1
vt 0.375 1
vt 0.375 0.75
vt 0.375 0.75
vt 0.375 0.5
vt 0.375 0.75
vt 0.375 0.5
vt 0.375 0.75
vt 0.375 0.5
vt 0.375 0.75
vt 0.375 0.75
vt 0.375 0.5
vt 0.375 0.5
vt 0.375 0.5
vt 0.375 0.75
vt 0.375 0.75
vt 0.375 0
vt 0.375 0.25
vt 0.375 0
vt 0.375 0
vt 0.375 0
vt 0.375 0.25
vt 0.375 0.25
vt 0.375 0
vt 0.625 0.25
vt 0.375 0
vt 0.625 0
vt 0.625 0.25
vt 0.375 0.75
vt 0.375 0.5
vt 0.375 0.5
vt 0.375 0.5
vt 0.375 0.75
vt 0.375 0.75
vt 0.375 0.5
vt 0.375 0.5
vt 0.375 0.75
vt 0.375 0.75
vt 0.375 0.75
vt 0.375 0.5
vt 0.375 0.5
vt 0.625 0.25
vt 0.625 0.5
vt 0.625 0.25
vt 0.375 0.5
vt 0.375 0.25
vt 0.375 0.75
vt 0.375 0.75
vt 0.375 1
vt 0.375 0.75
vt 0.375 1
vt 0.375 1
vt 0.375 1
vt 0.375 0.75
vt 0.375 0.75
vt 0.375 0.75
vt 0.375 1
vt 0.375 1
vt 0.375 0.75
vt 0.375 1
vt 0.375 0.75
vt 0.375 0.75
vt 0.5 0.5
vt 0.375 0.5
vt 0.5 0.5
vt 0.375 0.75
vt 0.5 0.75
vt 0.5 0.5
vt 0.375 0.75
vt 0.375 0.5
vt 0.375 0.75
vt 0.5 0.5
vt 0.5 0.75
vt 0.375 0.5
vt 0.375 0.75
vt 0.375 0.75
vt 0.375 0.75
vt 0.375 0.5
vt 0.375 0.5
vt 0.375 0.5
vt 0.375 0.75
vt 0.375 0.5
vt 0.375 0.75
vt 0.375 0.5
vt 0.375 0.75
vt 0.375 0.75
vt 0.375 0.75
vt 0.375 1
vt 0.375 0.75
vt 0.375 1
vt 0.375 1
vt 0.375 0.75
vt 0.375 1
vt 0.375 0.75
vt 0.375 1
vt 0.375 0.75
vt 0.375 1
vt 0.375 0.75
vt 0.375 0.75
vt 0.375 1
vt 0.625 1
vt 0.625 0.75
vt 0.625 0.75
vt 0.625 0.75
vt 0.625 1
vt 0.625 1
vt 0.625 0.75
vt 0.625 0.5
vt 0.625 0.5
vt 0.625 0.75
vt 0.625 0.5
vt 0.625 0.75
vt 0.625 0
vt 0.625 0.25
vt 0.625 0.25
vt 0.625 0.25
vt 0.625 0
vt 0.625 0
vt 0.375 0.75
vt 0.375 1
vt 0.375 0.75
vt 0.375 1
vt 0.375 0.75
vt 0.375 1
vt 0.375 1
vt 0.375 0.75
vt 0.375 0.75
vt 0.375 1
vt 0.375 0.75
vt 0.375 1
vt 0.375 0.75
vt 0.375 1
vt 0.375 0.75
vt 0.375 1
vt 0.375 0.75
vt 0.375 1
vt 0.625 1
vt 0.625 0.75
vt 0.625 0.75
vt 0.625 0.75
vt 0.625 1
vt 0.625 1
vt 0.625 0.5
vt 0.625 0.5
vt 0.625 0.25
vt 0.625 0.5
vt 0.625 0.25
vt 0.625 0.25
vt 0.625 0.75
vt 0.625 0.5
vt 0.625 0.5
vt 0.625 0.75
vt 0.625 0.5
vt 0.625 0.75
vt 0.375 0.25
vt 0.375 0
vt 0.5 0.25
vt 0.375 0
vt 0.5 0
vt 0.5 0.25
vt 0.5 0.25
vt 0.5 0
vt 0.375 0
vt 0.5 0.25
vt 0.375 0
vt 0.375 0.25
vt 0.375 0.75
vt 0.375 0.75
vt 0.375 1
vt 0.375 1
vt 0.375 0.75
vt 0.375 1
vt 0.375 0.75
vt 0.375 1
vt 0.375 0.75
vt 0.375 0.75
vt 0.375 1
vt 0.375 1
vt 0.375 1
vt 0.375 0.75
vt 0.375 0.75
vt 0.375 0.75
vt 0.375 1
vt 0.375 0.75
vt 0.375 0.75
vt 0.375 1
vt 0.375 1
vt 0.375 1
vt 0.375 0.75
vt 0.375 0.75
vt 0.375 0.5
vt 0.375 0.75
vt 0.375 0.5
vt 0.375 0.75
vt 0.375 0.5
vt 0.375 0.75
vt 0.375 0.5
vt 0.375 0.75
vt 0.375 0.5
vt 0.375 0.75
vt 0.375 0.5
vt 0.375 0.75
vt 0.375 0.75
vt 0.375 1
vt 0.375 0.75
vt 0.375 1
vt 0.375 0.75
vt 0.375 1
vt 0.375 0.5
vt 0.5 0.5
vt 0.375 0.25
vt 0.375 0.25
vt 0.5 0.5
vt 0.5 0.25
vt 0.5 0.5
vt 0.375 0.25
vt 0.5 0.25
vt 0.375 0.25
vt 0.5 0.5
vt 0.375 0.5
vt 0.375 0.25
vt 0.375 0
vt 0.375 0.25
vt 0.375 0
vt 0.375 0.25
vt 0.375 0
vt 0.375 0.25
vt 0.375 0
vt 0.375 0.25
vt 0.375 0
vt 0.375 0.25
vt 0.375 0.25
vt 0.375 0.25
vt 0.375 0
vt 0.375 0
vt 0.375 0.25
vt 0.375 0
vt 0.375 0.25
vt 0.375 1
vt 0.375 0.75
vt 0.375 1
vt 0.375 0.75
vt 0.375 1
vt 0.375 0.75
vt 0.375 1
vt 0.375 0.75
vt 0.375 0.75
vt 0.375 0.75
vt 0.375 1
vt 0.375 1
vt 0.375 0.75
vt 0.375 1
vt 0.375 0.75
vt 0.375 1
vt 0.375 0.75
vt 0.375 1
vt 0.375 0.75
vt 0.375 0.75
vt 0.375 1
vt 0.375 0.75
vt 0.375 1
vt 0.375 0.75
vt 0.375 1
vt 0.5 0.75
vt 0.375 0.75
vt 0.5 0.75
vt 0.375 1
vt 0.5 1
vt 0.5 0.75
vt 0.375 1
vt 0.375 0.75
vt 0.375 1
vt 0.5 0.75
vt 0.5 1
vt 0.625 0
vt 0.625 0.25
vt 0.625 0.25
vt 0.625 0.25
vt 0.625 0
vt 0.625 0
vt 0.625 0.25
vt 0.625 0.5
vt 0.625 0.5
vt 0.625 0.5
vt 0.625 0.25
vt 0.625 0.25
vt 0.5 0.75
vt 0.375 1
vt 0.375 0.75
vt 0.375 1
vt 0.5 0.75
vt 0.5 1
vt 0.375 0.75
vt 0.375 0.5
vt 0.5 0.75
vt 0.375 0.5
vt 0.5 0.5
vt 0.5 0.75
vt 0.5 0.75
vt 0.5 0.5
vt 0.375 0.5
vt 0.5 0.75
vt 0.375 0.5
vt 0.375 0.75
vt 0.5 0.75
vt 0.375 1
vt 0.5 1
vt 0.375 1
vt 0.5 0.75
vt 0.375 0.75
vt 0.375 0.5
vt 0.375 0.25
vt 0.375 0.5
vt 0.375 0.25
vt 0.375 0.5
vt 0.375 0.25
vt 0.375 0.25
vt 0.375 0.5
vt 0.375 0.5
vt 0.375 0.25
vt 0.375 0.5
vt 0.375 0.25
vt 0.375 0.25
vt 0.375 0.5
vt 0.375 0.25
vt 0.375 0.5
vt 0.375 0.25
vt 0.375 0.5
vt 0.375 0.5
vt 0.375 0.5
vt 0.375 0.25
vt 0.375 0.5
vt 0.375 0.25
vt 0.375 0.25
vt 0.375 1
vt 0.375 0.75
vt 0.375 0.75
vt 0.375 1
vt 0.375 0.75
vt 0.375 1
vt 0.375 1
vt 0.375 0.75
vt 0.375 0.75
vt 0.375 0.75
vt 0.375 1
vt 0.375 0.75
vt 0.375 0.75
vt 0.375 1
vt 0.375 0.75
vt 0.375 1
vt 0.375 0.75
vt 0.375 1
vt 0.375 1
vt 0.375 0.75
vt 0.375 0.75
vt 0.375 0.75
vt 0.375 0.75
vt 0.375 1
vt 0.375 0.5
vt 0.375 0.25
vt 0.375 0.25
vt 0.375 0.25
vt 0.375 0.5
vt 0.375 0.5
vt 0.375 0.5
vt 0.375 0.5
vt 0.375 0.25
vt 0.375 0.25
vt 0.375 0.5
vt 0.375 0.25
vt 0.375 1
vt 0.625 0.75
vt 0.625 1
vt 0.625 0.75
vt 0.375 1
vt 0.375 0.75
vt 0.625 0.75
vt 0.375 0.5
vt 0.625 0.5
vt 0.375 0.5
vt 0.625 0.75
vt 0.375 0.75
vt 0.375 0
vt 0.375 0.25
vt 0.375 0
vt 0.375 0
vt 0.375 0
vt 0.375 0.25
vt 0.625 0
vt 0.625 0.25
vt 0.625 0.25
vt 0.625 0.25
vt 0.625 0
vt 0.625 0
vt 0.625 0.5
vt 0.625 0.5
vt 0.625 0.25
vt 0.625 0.5
vt 0.625 0.25
vt 0.625 0.25
vt 0.625 1
vt 0.625 0.75
vt 0.625 1
vt 0.625 0.75
vt 0.625 1
vt 0.625 1
vt 0.625 1
vt 0.625 0.75
vt 0.625 0.75
vt 0.625 1
vt 0.625 0.75
vt 0.625 1
vt 0.625 0.75
vt 0.625 0.75
vt 0.625 1
vt 0.5 0.75
vt 0.375 1
vt 0.375 0.75
vt 0.375 1
vt 0.5 0.75
vt 0.5 1
vt 0.625 0.75
vt 0.625 0.5
vt 0.625 0.5
vt 0.625 0.5
vt 0.625 0.75
vt 0.625 0.75
vt 0.625 0.75
vt 0.625 0.5
vt 0.625 0.5
vt 0.625 0.75
vt 0.625 0.75
vt 0.625 0.5
vt 0.375 1
vt 0.5 0.75
vt 0.375 0.75
vt 0.5 0.75
vt 0.375 1
vt 0.5 1
vt 0.375 0.5
vt 0.375 0.75
vt 0.375 0.5
vt 0.375 0.5
vt 0.375 0.25
vt 0.375 0.25
vt 0.375 0.25
vt 0.375 0.5
vt 0.375 0.5
vt 0.375 0.5
vt 0.375 0.5
vt 0.375 0.25
vt 0.375 0.25
vt 0.375 0.5
vt 0.375 0.25
vt 0.5 0.75
vt 0.375 0.5
vt 0.5 0.5
vt 0.375 0.5
vt 0.5 0.75
vt 0.375 0.75
vt 0.375 0.5
vt 0.375 0.75
vt 0.375 0.75
vt 0.375 0.5
vt 0.375 0.5
vt 0.375 0.75
vt 0.375 0.75
vt 0.375 0.5
vt 0.375 0.5
vt 0.375 0.5
vt 0.375 0.75
vt 0.375 0.75
vt 0.375 1
vt 0.375 0.75
vt 0.375 0.75
vt 0.375 1
vt 0.375 0.75
vt 0.375 1
vt 0.375 0.75
vt 0.375 1
vt 0.375 0.75
vt 0.375 0.25
vt 0.375 0
vt 0.625 0.25
vt 0.375 0
vt 0.625 0
vt 0.625 0.25
vt 0.375 1
vt 0.375 0.75
vt 0.375 1
vt 0.375 0.75
vt 0.375 0.75
vt 0.375 1
vt 0.375 1
vt 0.375 0.75
vt 0.375 1
vt 0.375 0.75
vt 0.375 1
vt 0.375 0.75
vt 0.375 0.5
vt 0.625 0.25
vt 0.625 0.5
vt 0.625 0.25
vt 0.375 0.5
vt 0.375 0.25
vt 0.375 0.5
vt 0.375 0.5
vt 0.375 0.75
vt 0.375 0.25
vt 0.375 0.25
vt 0.375 0.5
vt 0.375 0.25
vt 0.375 0.5
vt 0.375 0.25
vt 0.5 0.75
vt 0.5 0.5
vt 0.375 0.5
vt 0.5 0.75
vt 0.375 0.5
vt 0.375 0.75
vt 0.625 0
vt 0.625 0.25
vt 0.625 0.25
vt 0.625 0
vt 0.625 0.25
vt 0.625 0
vt 0.625 0.25
vt 0.625 0.5
vt 0.625 0.5
vt 0.625 0.5
vt 0.625 0.25
vt 0.625 0.25
vt 0.375 0.75
vt 0.375 0.5
vt 0.5 0.75
vt 0.375 0.5
vt 0.5 0.5
vt 0.5 0.75
vt 0.625 0.75
vt 0.625 0.5
vt 0.625 0.75
vt 0.625 0.75
vt 0.625 0.75
vt 0.625 0.5
vt 0.625 0.75
vt 0.625 0.5
vt 0.625 0.5
vt 0.375 0.25
vt 0.375 0
vt 0.5 0.25
vt 0.375 0
vt 0.5 0
vt 0.5 0.25
vt 0.5 0.25
vt 0.5 0
vt 0.375 0
vt 0.5 0.25
vt 0.375 0
vt 0.375 0.25
vt 0.375 0.25
vt 0.375 0
vt 0.625 0.25
vt 0.375 0
vt 0.625 0
vt 0.625 0.25
vt 0.375 0.5
vt 0.625 0.25
vt 0.625 0.5
vt 0.625 0.25
vt 0.375 0.5
vt 0.375 0.25
vt 0.375 0.75
vt 0.375 1
vt 0.375 0.75
vt 0.625 1
vt 0.625 0.75
vt 0.625 0.75
vt 0.625 0.75
vt 0.625 1
vt 0.625 1
vt 0.375 0.75
vt 0.375 0.75
vt 0.375 1
vt 0.375 0.25
vt 0.375 0.25
vt 0.375 0.5
vt 0.375 0.25
vt 0.375 0
vt 0.375 0.25
vt 0.375 0
vt 0.375 0.25
vt 0.375 0
vt 0.375 0.25
vt 0.375 0
vt 0.375 0.25
vt 0.375 0
vt 0.375 0.25
vt 0.375 0.25
vt 0.375 0.25
vt 0.375 0
vt 0.375 0
vt 0.375 0.25
vt 0.375 0
vt 0.375 0.25
vt 0.375 0.75
vt 0.375 0.75
vt 0.375 1
vt 0.375 0.75
vt 0.375 0.75
vt 0.375 1
vt 0.375 0.75
vt 0.375 1
vt 0.375 1
vt 0.375 1
vt 0.375 0.75
vt 0.375 0.75
vt 0.375 0.75
vt 0.375 1
vt 0.375 1
vt 0.375 0.75
vt 0.375 1
vt 0.375 0.75
vt 0.5 0.75
vt 0.375 1
vt 0.375 0.75
vt 0.375 1
vt 0.5 0.75
vt 0.5 1
vt 0.5 0.75
vt 0.375 1
vt 0.5 1
vt 0.375 1
vt 0.5 0.75
vt 0.375 0.75
vt 0.375 0.75
vt 0.375 0.75
vt 0.375 1
vt 0.375 0.75
vt 0.375 1
vt 0.375 1
vt 0.375 0.75
vt 0.375 1
vt 0.375 0.75
vt 0.375 1
vt 0.375 0.75
vt 0.375 1
vt 0.375 0.25
vt 0.375 0.5
vt 0.375 0.25
vt 0.375 0.75
vt 0.375 1
vt 0.375 0.75
vt 0.375 1
vt 0.375 0.75
vt 0.375 1
vt 0.375 1
vt 0.375 0.75
vt 0.375 0.75
vt 0.375 1
vt 0.375 0.75
vt 0.375 0.75
vt 0.375 1
vt 0.375 0.75
vt 0.375 1
vt 0.375 1
vt 0.375 0.75
vt 0.375 0.75
vt 0.625 0.25
vt 0.625 0
vt 0.625 0
vt 0.625 0
vt 0.625 0.25
vt 0.625 0.25
vt 0.625 0.25
vt 0.625 0.5
vt 0.625 0.25
vt 0.625 0.25
vt 0.625 0.5
vt 0.625 0.5
vt 0.375 0.25
vt 0.375 0.25
vt 0.375 0.5
vt 0.375 0.25
vt 0.375 0.5
vt 0.375 0.25
vt 0.375 0.75
vt 0.375 1
vt 0.375 0.75
vt 0.375 1
vt 0.375 0.75
vt 0.375 1
vt 0.375 0.75
vt 0.375 0.75
vt 0.375 1
vt 0.375 0.75
vt 0.375 1
vt 0.375 1
vt 0.375 0.75
vt 0.375 0.75
vt 0.375 1
vt 0.375 1
vt 0.375 0.75
vt 0.375 0.75
vt 0.375 1
vt 0.375 0.75
vt 0.375 1
vt 0.375 0.75
vt 0.375 1
vt 0.375 0.75
vt 0.375 1
vt 0.375 0.75
vt 0.375 1
vt 0.375 0.75
vt 0.375 1
vt 0.375 0.75
vt 0.375 1
vt 0.375 0.75
vt 0.375 0.75
vt 0.375 1
vt 0.375 0.75
vt 0.375 0.75
vt 0.375 0.25
vt 0.375 0
vt 0.375 0
vt 0.375 0
vt 0.375 0.25
vt 0.375 0.25
vt 0.375 0
vt 0.375 0.25
vt 0.375 0
vt 0.375 0.25
vt 0.375 0
vt 0.375 0.25
vt 0.375 0.75
vt 0.375 0.75
vt 0.375 1
vt 0.375 1
vt 0.375 0.75
vt 0.375 1
vt 0.375 0.75
vt 0.375 1
vt 0.375 0.75
vt 0.375 0.75
vt 0.375 1
vt 0.375 0.75
vt 0.375 0.75
vt 0.375 1
vt 0.375 1
vt 0.375 1
vt 0.375 0.75
vt 0.375 0.75
vt 0.5 0.75
vt 0.375 0.5
vt 0.375 0.75
vt 0.375 0.5
vt 0.5 0.75
vt 0.5 0.5
vt 0.375 0.25
vt 0.375 0.25
vt 0.375 0.5
vt 0.625 0.25
vt 0.625 0
vt 0.625 0
vt 0.625 0
vt 0.625 0.25
vt 0.625 0.25
vt 0.625 0.25
vt 0.625 0.5
vt 0.625 0.25
vt 0.625 0.25
vt 0.625 0.5
vt 0.625 0.5
vt 0.375 0.25
vt 0.375 0.5
vt 0.375 0.25
vt 0.5 0.75
vt 0.375 1
vt 0.375 0.75
vt 0.375 1
vt 0.5 0.75
vt 0.5 1
vt 0.375 1
vt 0.5 0.75
vt 0.375 0.75
vt 0.5 0.75
vt 0.375 1
vt 0.5 1
vt 0.625 0
vt 0.625 0.25
vt 0.625 0.25
vt 0.625 0.25
vt 0.625 0
vt 0.625 0
vt 0.375 0.5
vt 0.375 0.5
vt 0.375 0.25
vt 0.375 0.5
vt 0.375 0.25
vt 0.375 0.25
vt 0.375 0.5
vt 0.375 0.25
vt 0.375 0.5
vt 0.375 0.25
vt 0.375 0.25
vt 0.375 0.5
vt 0.375 0.5
vt 0.375 0.5
vt 0.375 0.25
vt 0.375 0.25
vt 0.375 0.5
vt 0.375 0.25
vt 0.375 0.5
vt 0.375 0.25
vt 0.375 0.5
vt 0.375 0.5
vt 0.375 0.25
vt 0.375 0.25
vt 0.625 0.25
vt 0.625 0.5
vt 0.625 0.5
vt 0.625 0.5
vt 0.625 0.25
vt 0.625 0.25
vt 0.375 0
vt 0.375 0.25
vt 0.375 0
vt 0.375 0.25
vt 0.375 0
vt 0.375 0.25
vt 0.375 0.25
vt 0.375 0
vt 0.375 0
vt 0.375 0
vt 0.375 0.25
vt 0.375 0.25
vt 0.375 0.25
vt 0.375 0
vt 0.375 0
vt 0.375 0
vt 0.375 0.25
vt 0.375 0.25
vt 0.375 0.25
vt 0.375 0
vt 0.375 0.25
vt 0.375 0.25
vt 0.375 0
vt 0.375 0
vt 0.375 0
vt 0.375 0.25
vt 0.375 0
vt 0.375 0.5
vt 0.375 0.25
vt 0.375 0.5
vt 0.375 0.25
vt 0.375 0.25
vt 0.375 0.5
vt 0.375 0.25
vt 0.375 0.25
vt 0.375 0.5
vt 0.375 0.5
vt 0.375 0.25
vt 0.375 0.5
vt 0.375 0.5
vt 0.375 0.25
vt 0.375 0.25
vt 0.375 0.25
vt 0.375 0.5
vt 0.375 0.25
vt 0.625 0
vt 0.625 0.25
vt 0.625 0.25
vt 0.625 0
vt 0.625 0.25
vt 0.625 0
vt 0.375 0
vt 0.375 0
vt 0.375 0.25
vt 0.625 0.25
vt 0.625 0.5
vt 0.625 0.25
vt 0.625 0.25
vt 0.625 0.5
vt 0.625 0.5
vt 0.375 0.5
vt 0.375 0.5
vt 0.375 0.25
vt 0.375 0.5
vt 0.375 0.25
vt 0.375 0.25
vt 0.375 0.5
vt 0.375 0.25
vt 0.375 0.5
vt 0.375 0.25
vt 0.375 0.25
vt 0.375 0.5
vt 0.375 0.5
vt 0.375 0.5
vt 0.375 0.25
vt 0.375 0.25
vt 0.375 0.5
vt 0.375 0.25
vt 0.375 0.5
vt 0.375 0.25
vt 0.375 0.5
vt 0.375 0.5
vt 0.375 0.25
vt 0.375 0.25
vt 0.375 0.25
vt 0.375 0.5
vt 0.375 0.25
vt 0.375 0.5
vt 0.375 0.25
vt 0.375 0.5
vt 0.375 0.5
vt 0.375 0.25
vt 0.375 0.5
vt 0.375 0.25
vt 0.375 0.5
vt 0.375 0.25
vt 0.5 0.5
vt 0.5 0.25
vt 0.375 0.25
vt 0.5 0.5
vt 0.375 0.25
vt 0.375 0.5
vt 0.375 0.5
vt 0.375 0.25
vt 0.5 0.5
vt 0.375 0.25
vt 0.5 0.25
vt 0.5 0.5
vt 0.375 0.25
vt 0.375 0.25
vt 0.375 0.5
vt 0.375 0.25
vt 0.375 0.5
vt 0.375 0.25
vt 0.5 0.25
vt 0.375 0
vt 0.5 0
vt 0.375 0
vt 0.5 0.25
vt 0.375 0.25
vt 0.375 0.25
vt 0.5 0.25
vt 0.375 0
vt 0.375 0
vt 0.5 0.25
vt 0.5 0
vt 0.375 0.75
vt 0.375 0.75
vt 0.375 1
vt 0.375 0.75
vt 0.375 1
vt 0.375 1
vt 0.375 0.75
vt 0.375 0.75
vt 0.375 1
vt 0.375 0.75
vt 0.375 1
vt 0.375 1
vt 0.5 0.75
vt 0.375 1
vt 0.375 0.75
vt 0.375 1
vt 0.5 0.75
vt 0.5 1
vt 0.375 1
vt 0.5 0.75
vt 0.375 0.75
vt 0.5 0.75
vt 0.375 1
vt 0.5 1
vt 0.5 0.75
vt 0.375 1
vt 0.375 0.75
vt 0.375 1
vt 0.5 0.75
vt 0.5 1
vt 0.375 1
vt 0.5 0.75
vt 0.375 0.75
vt 0.5 0.75
vt 0.375 1
vt 0.5 1
vt 0.375 0.25
vt 0.625 0
vt 0.625 0.25
vt 0.625 0
vt 0.375 0.25
vt 0.375 0
vt 0.625 0.5
vt 0.375 0.5
vt 0.375 0.25
vt 0.625 0.5
vt 0.375 0.25
vt 0.625 0.25
vt 0.5 0.25
vt 0.375 0
vt 0.5 0
vt 0.375 0
vt 0.5 0.25
vt 0.375 0.25
vt 0.375 0.25
vt 0.5 0.25
vt 0.375 0
vt 0.375 0
vt 0.5 0.25
vt 0.5 0
vt 0.5 0.5
vt 0.5 0.25
vt 0.375 0.25
vt 0.5 0.5
vt 0.375 0.25
vt 0.375 0.5
vt 0.375 0.5
vt 0.375 0.25
vt 0.5 0.5
vt 0.375 0.25
vt 0.5 0.25
vt 0.5 0.5
vt 0.375 0.25
vt 0.375 0.25
vt 0.375 0.5
vt 0.5 0
vt 0.375 0.25
vt 0.375 0
vt 0.375 0.25
vt 0.5 0
vt 0.5 0.25
vt 0.375 0.25
vt 0.375 0.5
vt 0.375 0.25
vt 0.5 0
vt 0.375 0.25
vt 0.5 0.25
vt 0.375 0.25
vt 0.5 0
vt 0.375 0
vt 0.375 0.25
vt 0.375 0
vt 0.375 0
vt 0.375 0
vt 0.375 0.25
vt 0.375 0.25
vt 0.375 0.25
vt 0.375 0
vt 0.375 0
vt 0.375 0
vt 0.375 0.25
vt 0.375 0.25
vt 0.375 0
vt 0.375 0.25
vt 0.375 0
vt 0.375 0
vt 0.375 0.25
vt 0.375 0
vt 0.375 0.25
vt 0.375 0
vt 0.375 0.25
vt 0.375 0.25
vt 0.375 0
vt 0.375 0
vt 0.375 0
vt 0.375 0.25
vt 0.375 0
vt 0.375 0.25
vt 0.375 0
vt 0.375 0.25
vt 0.375 0
vt 0.375 0
vt 0.375 0.25
vt 0.375 0
vt 0.375 0
vt 0.375 0.25
vt 0.375 0.5
vt 0.375 0.5
vt 0.375 0.25
vt 0.375 0.5
vt 0.375 0.25
vt 0.375 0.25
vt 0.375 0.5
vt 0.375 0.5
vt 0.375 0.25
vt 0.375 0.25
vt 0.375 0.5
vt 0.375 0.25
vt 0.375 0.5
vt 0.375 0.5
vt 0.375 0.25
vt 0.375 0.5
vt 0.375 0.25
vt 0.375 0.25
vt 0.375 0.5
vt 0.375 0.25
vt 0.375 0.5
vt 0.375 0.25
vt 0.375 0.25
vt 0.375 0.5
vt 0.375 0.5
vt 0.375 0.5
vt 0.375 0.25
vt 0.375 0.25
vt 0.375 0.5
vt 0.375 0.25
vt 0.375 0
vt 0.375 0.25
vt 0.375 0.25
vt 0.375 0
vt 0.375 0.25
vt 0.375 0
vt 0.375 0.5
vt 0.375 0.25
vt 0.375 0.5
vt 0.375 0.5
vt 0.375 0.25
vt 0.375 0.25
vt 0.375 0.25
vt 0.375 0
vt 0.375 0.25
vt 0.375 0.25
vt 0.375 0
vt 0.375 0
vt 0.375 0.25
vt 0.375 0.25
vt 0.375 0
vt 0.375 0
vt 0.375 0.25
vt 0.375 0
vt 0.375 0
vt 0.375 0.25
vt 0.375 0
vt 0.375 0.25
vt 0.375 0
vt 0.375 0
vt 0.375 0
vt 0.375 0.25
vt 0.375 0.25
vt 0.375 0
vt 0.375 0
vt 0.375 0.25
vt 0.5 0.5
vt 0.5 0.25
vt 0.375 0.25
vt 0.5 0.5
vt 0.375 0.25
vt 0.375 0.5
vt 0.375 0.5
vt 0.375 0.25
vt 0.5 0.5
vt 0.375 0.25
vt 0.5 0.25
vt 0.5 0.5
vt 0.375 0
vt 0.375 0.25
vt 0.375 0
vt 0.5 0
vt 0.375 0.25
vt 0.5 0.25
vt 0.375 0.25
vt 0.5 0
vt 0.375 0
vt 0.5 0
vt 0.375 0.25
vt 0.375 0
vt 0.375 0.25
vt 0.5 0
vt 0.5 0.25
vt 0.375 0.5
vt 0.375 0.25
vt 0.375 0.5
vt 0.375 0.25
vt 0.375 0.25
vt 0.375 0.5
vt 0.375 0.5
vt 0.375 0.25
vt 0.375 0.5
vt 0.375 0.5
vt 0.375 0.25
vt 0.375 0.25
vt 0.375 0
vt 0.375 0.25
vt 0.375 0.25
vt 0.375 0
vt 0.375 0.25
vt 0.375 0
vt 0.375 0.25
vt 0.375 0
vt 0.375 0
vt 0.375 0.25
vt 0.375 0.25
vt 0.375 0
vt 0.5 0.5
vt 0.375 0.25
vt 0.5 0.25
vt 0.375 0.25
vt 0.5 0.5
vt 0.375 0.5
vt 0.5 0.5
vt 0.5 0.25
vt 0.375 0.25
vt 0.5 0.5
vt 0.375 0.25
vt 0.375 0.5
vt 0.375 0.5
vt 0.5 0.5
vt 0.375 0.25
vt 0.375 0.25
vt 0.5 0.5
vt 0.5 0.25
vt 0.375 0.5
vt 0.375 0.25
vt 0.5 0.5
vt 0.375 0.25
vt 0.5 0.25
vt 0.5 0.5
vt 0.5 0
vt 0.375 0.25
vt 0.375 0
vt 0.375 0.25
vt 0.5 0
vt 0.5 0.25
vt 0.5 0
vt 0.375 0.25
vt 0.5 0.25
vt 0.375 0.25
vt 0.5 0
vt 0.375 0
vt 0.375 0.25
vt 0.375 0
vt 0.375 0
vt 0.375 0
vt 0.375 0.25
vt 0.375 0.25
vt 0.375 0.25
vt 0.375 0
vt 0.375 0.25
vt 0.375 0
vt 0.375 0.25
vt 0.375 0
vt 0.375 0
vt 0.375 0.25
vt 0.375 0
vt 0.375 0
vt 0.375 0
vt 0.375 0.25
vt 0.5 0.5
vt 0.5 0.25
vt 0.375 0.25
vt 0.5 0.5
vt 0.375 0.25
vt 0.375 0.5
vt 0.375 0.5
vt 0.375 0.25
vt 0.5 0.5
vt 0.375 0.25
vt 0.5 0.25
vt 0.5 0.5
vt 0.375 0.25
vt 0.375 0
vt 0.375 0.25
vt 0.375 0
vt 0.375 0.25
vt 0.375 0
vt 0.375 0.25
vt 0.375 0
vt 0.375 0.25
vt 0.375 0.25
vt 0.375 0
vt 0.375 0
vt 0.375 0
vt 0.375 0
vt 0.375 0.25
vt 0.375 0.25
vt 0.375 0
vt 0.375 0
vt 0.375 0
vt 0.375 0.25
vt 0.375 0.25
vt 0.375 0
vt 0.375 0.25
vt 0.375 0.25
vt 0.375 0.25
vt 0.375 0
vt 0.375 0
vt 0.375 0.25
vt 0.375 0.5
vt 0.375 0.25
vt 0.375 0.5
vt 0.375 0.25
vt 0.375 0.5
vt 0.375 0.5
vt 0.375 0.5
vt 0.375 0.25
vt 0.375 0.5
vt 0.375 0.25
vt 0.375 0.25
vt 0.375 0
vt 0.375 0.25
vt 0.375 0
vt 0.375 0
vt 0.375 0
vt 0.375 0.25
vt 0.375 0.5
vt 0.375 0.25
vt 0.375 0.25
vt 0.375 0.25
vt 0.375 0.5
vt 0.375 0.5
vt 0.375 0.25
vt 0.375 0.5
vt 0.375 0.5
vt 0.375 0.25
vt 0.375 0.25
vt 0.375 0.5
vt 0.5 0
vt 0.375 0.25
vt 0.5 0.25
vt 0.375 0.25
vt 0.5 0
vt 0.375 0
vt 0.5 0
vt 0.375 0.25
vt 0.375 0
vt 0.375 0.25
vt 0.5 0
vt 0.5 0.25
vt 0.375 0.25
vt 0.375 0.5
vt 0.375 0.25
vt 0.375 0.5
vt 0.375 0.25
vt 0.375 0.5
vt 0.375 0.5
vt 0.375 0.25
vt 0.375 0.5
vt 0.375 0.25
vt 0.375 0.25
vt 0.375 0.5
vt 0.375 0.5
vt 0.375 0.25
vt 0.375 0.25
vt 0.375 0.25
vt 0.375 0.5
vt 0.375 0.5
vt 0.375 0.5
vt 0.375 0.25
vt 0.375 0.5
vt 0.375 0.5
vt 0.375 0.25
vt 0.375 0.25
vt 0.375 0.5
vt 0.5 0.5
vt 0.375 0.25
vt 0.375 0.25
vt 0.5 0.5
vt 0.5 0.25
vt 0.5 0.5
vt 0.375 0.25
vt 0.5 0.25
vt 0.375 0.25
vt 0.5 0.5
vt 0.375 0.5
vt 0.375 0.25
vt 0.375 0
vt 0.375 0
vt 0.375 0
vt 0.375 0.25
vt 0.375 0.25
vt 0.375 0.25
vt 0.375 0
vt 0.375 0
vt 0.375 0
vt 0.375 0.25
vt 0.375 0.25
vt 0.375 0.25
vt 0.375 0
vt 0.375 0.25
vt 0.375 0.25
vt 0.375 0
vt 0.375 0
vt 0.375 0
vt 0.375 0.25
vt 0.375 0
vt 0.375 0.25
vt 0.375 0
vt 0.375 0.25
vt 0.5 0
vt 0.375 0.25
vt 0.375 0
vt 0.375 0.25
vt 0.5 0
vt 0.5 0.25
vt 0.5 0
vt 0.375 0.25
vt 0.5 0.25
vt 0.375 0.25
vt 0.5 0
vt 0.375 0
vt 0.375 0
vt 0.375 0.25
vt 0.375 0.25
vt 0.375 0
vt 0.375 0.25
vt 0.375 0
vt 0.375 0.25
vt 0.375 0
vt 0.375 0
vt 0.375 0
vt 0.375 0.25
vt 0.375 0.25
vt 0.375 0.25
vt 0.375 0
vt 0.375 0.25
vt 0.375 0.25
vt 0.375 0
vt 0.375 0
vt 0.375 0
vt 0.375 0.25
vt 0.375 0
vt 0.375 0.25
vt 0.375 0
vt 0.375 0.25
vt 0.375 0.5
vt 0.5 0.5
vt 0.375 0.25
vt 0.375 0.25
vt 0.5 0.5
vt 0.5 0.25
vt 0.5 0.5
vt 0.375 0.25
vt 0.5 0.25
vt 0.375 0.25
vt 0.5 0.5
vt 0.375 0.5
vn -0.9728215539233434 -0.21130490742742575 0.09470195520293526
vn -0.9662766815425027 -0.25739389026060255 -0.007599997613260069
vn -0.9759973817011247 -0.19649909302580465 0.09390003915113751
vn -0.9662766815425027 -0.25739389026060255 -0.007599997613260069
vn -0.9728215539233434 -0.21130490742742575 0.09470195520293526
vn -0.966280927586295 -0.2573949669038577 -0.006999999680798773
vn -0.9662766815425027 -0.25739389026060255 -0.007599997613260069
vn -0.9719417514728125 -0.2107869348394494 -0.10439396460021755
vn -0.9753250061690165 -0.19600500524208941 -0.10160300321081324
vn -0.9719417514728125 -0.2107869348394494 -0.10439396460021755
vn -0.9662766815425027 -0.25739389026060255 -0.007599997613260069
vn -0.966280927586295 -0.2573949669038577 -0.006999999680798773
vn -0.8349961244898011 -0.43629808291871297 0.3352990529787826
vn -0.9753250061690165 -0.19600500524208941 -0.10160300321081324
vn -0.8563081523247836 -0.41700407381158505 0.30470305329395214
vn -0.9753250061690165 -0.19600500524208941 -0.10160300321081324
vn -0.9719417514728125 -0.2107869348394494 -0.10439396460021755
vn -0.8563081523247836 -0.41700407381158505 0.30470305329395214
vn -0.8563081523247836 -0.41700407381158505 0.30470305329395214
vn -0.6213949072532412 -0.4749959218007755 0.6230948912584403
vn -0.8349961244898011 -0.43629808291871297 0.3352990529787826
vn -0.6213949072532412 -0.4749959218007755 0.6230948912584403
vn -0.8563081523247836 -0.41700407381158505 0.30470305329395214
vn -0.5983061890168347 -0.49560514918324244 0.6296072111143642
vn -0.9759973817011247 -0.19649909302580465 0.09390003915113751
vn -0.8349961244898011 -0.43629808291871297 -0.3352990529787826
vn -0.8563081523247836 -0.41700407381158505 -0.30470305329395214
vn -0.9759973817011247 -0.19649909302580465 0.09390003915113751
vn -0.8563081523247836 -0.41700407381158505 -0.30470305329395214
vn -0.9728215539233434 -0.21130490742742575 0.09470195520293526
vn -0.6026013414838118 -0.493701272715618 -0.6270013369689807
vn -0.8563081523247836 -0.41700407381158505 -0.30470305329395214
vn -0.8349961244898011 -0.43629808291871297 -0.3352990529787826
vn -0.8563081523247836 -0.41700407381158505 -0.30470305329395214
vn -0.6026013414838118 -0.493701272715618 -0.6270013369689807
vn -0.5883099755614105 -0.5058089852431107 -0.6309109628959281
vn -0.6026013414838118 -0.493701272715618 -0.6270013369689807
vn -0.7575398639394891 -0.3322169463344769 -0.561929937902169
vn -0.5883099755614105 -0.5058089852431107 -0.6309109628959281
vn -0.9145078258383101 0.3898029410668578 0.10830098621949281
vn -0.9375327234872611 0.3478118779268319 -0.0076999976343830115
vn -0.9061968539536323 0.4076989388912855 0.112199987127713
vn -0.9375327234872611 0.3478118779268319 -0.0076999976343830115
vn -0.9145078258383101 0.3898029410668578 0.10830098621949281
vn -0.9375367183534309 0.34781387518510826 -0.0070999977322172315
vn -0.9375327234872611 0.3478118779268319 -0.0076999976343830115
vn -0.9144705682747395 0.3893872562811461 -0.11009606898121314
vn -0.9081097462579685 0.40440390481942445 -0.10860096923181706
vn -0.9144705682747395 0.3893872562811461 -0.11009606898121314
vn -0.9375327234872611 0.3478118779268319 -0.0076999976343830115
vn -0.9375367183534309 0.34781387518510826 -0.0070999977322172315
vn 0.7365328100479869 0.5054218787586462 -0.44951990411426324
vn 0.7158111122685117 0.659710089772625 -0.22890401701392427
vn 0.737891964892704 0.49069395184402337 -0.46339496519759427
vn 0.7158111122685117 0.659710089772625 -0.22890401701392427
vn 0.7365328100479869 0.5054218787586462 -0.44951990411426324
vn 0.7171043098088825 0.6661043111856366 -0.20510108598794644
vn 0.7152948530567127 0.3446969164682715 -0.6078958043676903
vn 0.7365328100479869 0.5054218787586462 -0.44951990411426324
vn 0.737891964892704 0.49069395184402337 -0.46339496519759427
vn 0.7096801049967157 0.3591900294270689 -0.6060830564634123
vn 0.7365328100479869 0.5054218787586462 -0.44951990411426324
vn 0.7152948530567127 0.3446969164682715 -0.6078958043676903
vn 0.7365328100479869 0.5054218787586462 0.44951990411426324
vn 0.7158111122685117 0.659710089772625 0.22890401701392427
vn 0.7171043098088825 0.6661043111856366 0.20510108598794644
vn 0.7158111122685117 0.659710089772625 0.22890401701392427
vn 0.7365328100479869 0.5054218787586462 0.44951990411426324
vn 0.737891964892704 0.49069395184402337 0.46339496519759427
vn 0.7365328100479869 0.5054218787586462 0.44951990411426324
vn 0.7152948530567127 0.3446969164682715 0.6078958043676903
vn 0.737891964892704 0.49069395184402337 0.46339496519759427
vn 0.7152948530567127 0.3446969164682715 0.6078958043676903
vn 0.7365328100479869 0.5054218787586462 0.44951990411426324
vn 0.7096801049967157 0.3591900294270689 0.6060830564634123
vn -0.464188967803957 -0.4474899813455406 0.7643829660350003
vn -0.6955741100457955 -0.2528910656025278 0.6724751046488021
vn -0.44900169365167253 -0.4577017066954539 0.767402519402952
vn 0.7250720367965919 0.6886730294237182 8.879571584900313e-17
vn 0.7250720367965919 0.6886730294237182 8.879571584900313e-17
vn 0.7171043098088825 0.6661043111856366 0.20510108598794644
vn 0.7250720367965919 0.6886730294237182 8.879571584900313e-17
vn 0.7171043098088825 0.6661043111856366 0.20510108598794644
vn 0.7158111122685117 0.659710089772625 0.22890401701392427
vn 0.7158111122685117 0.659710089772625 -0.22890401701392427
vn 0.7171043098088825 0.6661043111856366 -0.20510108598794644
vn 0.7250720367965919 0.6886730294237182 8.879571584900313e-17
vn 0.7171043098088825 0.6661043111856366 -0.20510108598794644
vn 0.7250720367965919 0.6886730294237182 8.879571584900313e-17
vn 0.7250720367965919 0.6886730294237182 8.879571584900313e-17
vn -0.8091956223941106 -0.570096780005137 0.1420989307700184
vn -0.8275652404774165 -0.5117791218964844 0.23069005861635813
vn -0.8294560402711176 -0.328483018842703 0.4517760325534574
vn -0.8275652404774165 -0.5117791218964844 0.23069005861635813
vn -0.8294560402711176 -0.328483018842703 0.4517760325534574
vn -0.8294560402711176 -0.328483018842703 0.4517760325534574
vn -0.9351013819635867 0.13490006213353542 0.32770013531605174
vn -0.9081097462579685 0.40440390481942445 -0.10860096923181706
vn -0.940267880607683 0.1584949824669225 0.30128998196147505
vn -0.9081097462579685 0.40440390481942445 -0.10860096923181706
vn -0.9144705682747395 0.3893872562811461 -0.11009606898121314
vn -0.940267880607683 0.1584949824669225 0.30128998196147505
vn -0.8294560402711176 -0.328483018842703 -0.4517760325534574
vn -0.8294560402711176 -0.328483018842703 -0.4517760325534574
vn -0.8275921311204155 -0.5124950388157549 -0.22899803426406684
vn -0.8275921311204155 -0.5124950388157549 -0.22899803426406684
vn -0.8092640181133013 -0.5702740051824395 -0.14099399987337402
vn -0.8294560402711176 -0.328483018842703 -0.4517760325534574
vn -0.9061968539536323 0.4076989388912855 0.112199987127713
vn -0.9376767931865446 0.16359596055787393 -0.3065919001026361
vn -0.9439206408460038 0.19960392124350645 -0.26300589044560474
vn -0.9061968539536323 0.4076989388912855 0.112199987127713
vn -0.9439206408460038 0.19960392124350645 -0.26300589044560474
vn -0.9145078258383101 0.3898029410668578 0.10830098621949281
vn -0.6213949072532412 -0.4749959218007755 0.6230948912584403
vn -0.5983061890168347 -0.49560514918324244 0.6296072111143642
vn -0.7820460053441989 -0.2947170083011395 0.5491319791663998
vn -0.4474149602856927 -0.46121495534158025 -0.7662249136394719
vn -0.42478514079915797 -0.4754831533450909 -0.7703722185030092
vn -0.6587793290342323 -0.2961911585780893 -0.6915783348380541
vn -0.77433096936574 -0.07240299840677136 -0.628624972223362
vn -0.803877655905997 0.07549796293024746 -0.5899837047990922
vn -0.7723588871305781 -0.07969598397643794 -0.630166882348194
vn 0.6822862012355227 -0.7310851794446388 8.35559619238287e-17
vn 0.6600431116784665 -0.6372421299807604 -0.3978260405043781
vn 0.6822862012355227 -0.7310851794446388 8.35559619238287e-17
vn 0.6600431116784665 -0.6372421299807604 -0.3978260405043781
vn 0.6822862012355227 -0.7310851794446388 8.35559619238287e-17
vn 0.6679892351617498 -0.6631892136486944 -0.33759509565165036
vn 0.6600431116784665 -0.6372421299807604 0.3978260405043781
vn 0.6822862012355227 -0.7310851794446388 8.35559619238287e-17
vn 0.6822862012355227 -0.7310851794446388 8.35559619238287e-17
vn 0.6822862012355227 -0.7310851794446388 8.35559619238287e-17
vn 0.6600431116784665 -0.6372421299807604 0.3978260405043781
vn 0.6679892351617498 -0.6631892136486944 0.33759509565165036
vn -0.77433096936574 -0.07240299840677136 -0.628624972223362
vn -0.9439206408460038 0.19960392124350645 -0.26300589044560474
vn -0.9376767931865446 0.16359596055787393 -0.3065919001026361
vn -0.9439206408460038 0.19960392124350645 -0.26300589044560474
vn -0.77433096936574 -0.07240299840677136 -0.628624972223362
vn -0.7723588871305781 -0.07969598397643794 -0.630166882348194
vn -0.6355842470663079 -0.08089803310383059 -0.7677813315789113
vn -0.6314991809208912 -0.09200002393843795 -0.769899201254015
vn -0.7109938863386333 0.23379796754727009 -0.6631939414378363
vn 0.7321059298219412 0.518403960838339 -0.4419029768022309
vn 0.7066756511965685 0.6753767156721586 -0.21089290157279877
vn 0.7331759428577347 0.5089839762811831 -0.4509859739544766
vn 0.7066756511965685 0.6753767156721586 -0.21089290157279877
vn 0.7321059298219412 0.518403960838339 -0.4419029768022309
vn 0.7074868684899833 0.6802878981496404 -0.1914959700499772
vn 0.7093063977682295 0.37110318628246947 -0.5993053138560153
vn 0.7321059298219412 0.518403960838339 -0.4419029768022309
vn 0.7331759428577347 0.5089839762811831 -0.4509859739544766
vn 0.7020172919370585 0.39070915321844596 -0.5954142082724291
vn 0.7321059298219412 0.518403960838339 -0.4419029768022309
vn 0.7093063977682295 0.37110318628246947 -0.5993053138560153
vn 0.7321059298219412 0.518403960838339 0.4419029768022309
vn 0.7066756511965685 0.6753767156721586 0.21089290157279877
vn 0.7074868684899833 0.6802878981496404 0.1914959700499772
vn 0.7066756511965685 0.6753767156721586 0.21089290157279877
vn 0.7321059298219412 0.518403960838339 0.4419029768022309
vn 0.7331759428577347 0.5089839762811831 0.4509859739544766
vn 0.7321059298219412 0.518403960838339 0.4419029768022309
vn 0.7093063977682295 0.37110318628246947 0.5993053138560153
vn 0.7331759428577347 0.5089839762811831 0.4509859739544766
vn 0.7093063977682295 0.37110318628246947 0.5993053138560153
vn 0.7321059298219412 0.518403960838339 0.4419029768022309
vn 0.7019898936911148 0.39079395189647026 0.5953908601218838
vn -0.7681860735252903 -0.0743990075211975 0.6358890973445432
vn -0.7656174423868103 -0.0838020457244545 0.6378143531196799
vn -0.8060750307180232 0.12989601399292786 0.57738208354753
vn 0.7012320837484459 -0.7129330716987483 8.587616502886155e-17
vn 0.6919702405446723 -0.6269732220906844 -0.357885128193075
vn 0.7012320837484459 -0.7129330716987483 8.587616502886155e-17
vn 0.6919702405446723 -0.6269732220906844 -0.357885128193075
vn 0.7012320837484459 -0.7129330716987483 8.587616502886155e-17
vn 0.6957619215187285 -0.6458649658495338 -0.31428298466946497
vn 0.6919702405446723 -0.6269732220906844 0.357885128193075
vn 0.7012320837484459 -0.7129330716987483 8.587616502886155e-17
vn 0.7012320837484459 -0.7129330716987483 8.587616502886155e-17
vn 0.7012320837484459 -0.7129330716987483 8.587616502886155e-17
vn 0.6919702405446723 -0.6269732220906844 0.357885128193075
vn 0.6957619215187285 -0.6458649658495338 0.31428298466946497
vn -0.6401450109320513 -0.07830499944959635 0.7642530288065614
vn -0.711992857943976 0.28869697374696074 0.6400939209101395
vn -0.6384357951864171 -0.08340497500233987 0.7651426962139457
vn -0.7681860735252903 -0.0743990075211975 0.6358890973445432
vn -0.940267880607683 0.1584949824669225 0.30128998196147505
vn -0.7656174423868103 -0.0838020457244545 0.6378143531196799
vn -0.940267880607683 0.1584949824669225 0.30128998196147505
vn -0.7681860735252903 -0.0743990075211975 0.6358890973445432
vn -0.9351013819635867 0.13490006213353542 0.32770013531605174
vn 0.7132300435735003 0.7009300285650081 8.734549191334018e-17
vn 0.7132300435735003 0.7009300285650081 8.734549191334018e-17
vn 0.7074868684899833 0.6802878981496404 0.1914959700499772
vn 0.7132300435735003 0.7009300285650081 8.734549191334018e-17
vn 0.7074868684899833 0.6802878981496404 0.1914959700499772
vn 0.7066756511965685 0.6753767156721586 0.21089290157279877
vn 0.7066756511965685 0.6753767156721586 -0.21089290157279877
vn 0.7074868684899833 0.6802878981496404 -0.1914959700499772
vn 0.7132300435735003 0.7009300285650081 8.734549191334018e-17
vn 0.7074868684899833 0.6802878981496404 -0.1914959700499772
vn 0.7132300435735003 0.7009300285650081 8.734549191334018e-17
vn 0.7132300435735003 0.7009300285650081 8.734549191334018e-17
vn 0.7096801049967157 0.3591900294270689 -0.6060830564634123
vn 0.7152948530567127 0.3446969164682715 -0.6078958043676903
vn 0.6802059575125283 0.4277039868880929 -0.5953059339234698
vn 0.7096801049967157 0.3591900294270689 0.6060830564634123
vn 0.6802059575125283 0.4277039868880929 0.5953059339234698
vn 0.7152948530567127 0.3446969164682715 0.6078958043676903
vn -0.7145092329681341 -0.1156020362499995 -0.6900092211109519
vn -0.7246320570521396 -0.08290400788576942 -0.684131060081956
vn -0.7246320570521396 -0.08290400788576942 -0.684131060081956
vn -0.7246320570521396 -0.08290400788576942 -0.684131060081956
vn -0.7145092329681341 -0.1156020362499995 -0.6900092211109519
vn -0.7143860637735263 -0.11589801600931417 -0.6900870972357561
vn -0.7145092329681341 -0.1156020362499995 0.6900092211109519
vn -0.7246320570521396 -0.08290400788576942 0.684131060081956
vn -0.7143860637735263 -0.11589801600931417 0.6900870972357561
vn -0.7246320570521396 -0.08290400788576942 0.684131060081956
vn -0.7145092329681341 -0.1156020362499995 0.6900092211109519
vn -0.7246320570521396 -0.08290400788576942 0.684131060081956
vn 0.6771080644358798 -0.3639040372157217 -0.6396080993655372
vn 0.6869839242489196 0.14189697415060806 -0.7126838966543697
vn 0.6897631235157288 0.08639501714616975 -0.7188621108739413
vn 0.6869839242489196 0.14189697415060806 -0.7126838966543697
vn 0.6771080644358798 -0.3639040372157217 -0.6396080993655372
vn 0.6764130408274623 -0.3760070102412411 -0.6333120292936091
vn 0.6919702405446723 -0.6269732220906844 -0.357885128193075
vn 0.6764130408274623 -0.3760070102412411 -0.6333120292936091
vn 0.6771080644358798 -0.3639040372157217 -0.6396080993655372
vn 0.6764130408274623 -0.3760070102412411 -0.6333120292936091
vn 0.6919702405446723 -0.6269732220906844 -0.357885128193075
vn 0.6957619215187285 -0.6458649658495338 -0.31428298466946497
vn 0.6869839242489196 0.14189697415060806 0.7126838966543697
vn 0.6771080644358798 -0.3639040372157217 0.6396080993655372
vn 0.6897631235157288 0.08639501714616975 0.7188621108739413
vn 0.6771080644358798 -0.3639040372157217 0.6396080993655372
vn 0.6869839242489196 0.14189697415060806 0.7126838966543697
vn 0.6764130408274623 -0.3760070102412411 0.6333120292936091
vn 0.6764130408274623 -0.3760070102412411 0.6333120292936091
vn 0.6919702405446723 -0.6269732220906844 0.357885128193075
vn 0.6771080644358798 -0.3639040372157217 0.6396080993655372
vn 0.6919702405446723 -0.6269732220906844 0.357885128193075
vn 0.6764130408274623 -0.3760070102412411 0.6333120292936091
vn 0.6957619215187285 -0.6458649658495338 0.31428298466946497
vn -0.459912033622538 -0.7031190421858347 -0.5423140546259666
vn -0.6355842470663079 -0.08089803310383059 -0.7677813315789113
vn -0.45637314223776565 -0.712358216209463 -0.5331691353059553
vn -0.6355842470663079 -0.08089803310383059 -0.7677813315789113
vn -0.459912033622538 -0.7031190421858347 -0.5423140546259666
vn -0.6314991809208912 -0.09200002393843795 -0.769899201254015
vn -0.45637314223776565 -0.712358216209463 -0.5331691353059553
vn -0.3134908321431857 -0.9403725692443982 -0.13199594378185547
vn -0.459912033622538 -0.7031190421858347 -0.5423140546259666
vn -0.3134899367895474 -0.9404708534499027 -0.13129597611083588
vn -0.459912033622538 -0.7031190421858347 -0.5423140546259666
vn -0.3134908321431857 -0.9403725692443982 -0.13199594378185547
vn -0.45150589595094753 -0.7090098803257951 0.5417078691711371
vn -0.6401450109320513 -0.07830499944959635 0.7642530288065614
vn -0.6384357951864171 -0.08340497500233987 0.7651426962139457
vn -0.6401450109320513 -0.07830499944959635 0.7642530288065614
vn -0.45150589595094753 -0.7090098803257951 0.5417078691711371
vn -0.4492291174401594 -0.7147451579224219 0.53603410271212
vn -0.45150589595094753 -0.7090098803257951 0.5417078691711371
vn -0.31599406150245285 -0.9385831576542457 0.13859801319993495
vn -0.4492291174401594 -0.7147451579224219 0.53603410271212
vn -0.31599406150245285 -0.9385831576542457 0.13859801319993495
vn -0.45150589595094753 -0.7090098803257951 0.5417078691711371
vn -0.31600305848879195 -0.9386091950375408 0.13840103329350092
vn 0.7239999626270114 0.6898000102320138 8.866442267705308e-17
vn 0.7239999626270114 0.6898000102320138 8.866442267705308e-17
vn 0.7301898563603191 0.6353918879511506 0.2511969792699921
vn 0.7239999626270114 0.6898000102320138 8.866442267705308e-17
vn 0.7301898563603191 0.6353918879511506 0.2511969792699921
vn 0.7290023068128947 0.5996022305757273 0.33020115346571755
vn 0.7290023068128947 0.5996022305757273 -0.33020115346571755
vn 0.7301898563603191 0.6353918879511506 -0.2511969792699921
vn 0.7239999626270114 0.6898000102320138 8.866442267705308e-17
vn 0.7301898563603191 0.6353918879511506 -0.2511969792699921
vn 0.7239999626270114 0.6898000102320138 8.866442267705308e-17
vn 0.7239999626270114 0.6898000102320138 8.866442267705308e-17
vn -0.8091956223941106 -0.570096780005137 0.1420989307700184
vn -0.7543146106258128 -0.6565126260759171 0.0007999995820985972
vn -0.8275652404774165 -0.5117791218964844 0.23069005861635813
vn -0.7543146106258128 -0.6565126260759171 0.0007999995820985972
vn -0.8091956223941106 -0.570096780005137 0.1420989307700184
vn -0.7543146106258128 -0.6565126260759171 0.0007999995820985972
vn -0.7543146106258128 -0.6565126260759171 0.0007999995820985972
vn -0.8092640181133013 -0.5702740051824395 -0.14099399987337402
vn -0.8275921311204155 -0.5124950388157549 -0.22899803426406684
vn -0.8092640181133013 -0.5702740051824395 -0.14099399987337402
vn -0.7543146106258128 -0.6565126260759171 0.0007999995820985972
vn -0.7543146106258128 -0.6565126260759171 0.0007999995820985972
vn 0.6243990736172828 -0.36609903426239987 -0.689998039111719
vn 0.6194940388024986 0.13159899793062307 -0.7738920077322314
vn 0.6222137681680561 0.09120195917722747 -0.7775167067943581
vn 0.6194940388024986 0.13159899793062307 -0.7738920077322314
vn 0.6243990736172828 -0.36609903426239987 -0.689998039111719
vn 0.6242810980484751 -0.3944880599066915 -0.6742790825840921
vn 0.6600431116784665 -0.6372421299807604 -0.3978260405043781
vn 0.6242810980484751 -0.3944880599066915 -0.6742790825840921
vn 0.6243990736172828 -0.36609903426239987 -0.689998039111719
vn 0.6242810980484751 -0.3944880599066915 -0.6742790825840921
vn 0.6600431116784665 -0.6372421299807604 -0.3978260405043781
vn 0.6679892351617498 -0.6631892136486944 -0.33759509565165036
vn 0.6194940388024986 0.13159899793062307 0.7738920077322314
vn 0.6243990736172828 -0.36609903426239987 0.689998039111719
vn 0.6222137681680561 0.09120195917722747 0.7775167067943581
vn 0.6243990736172828 -0.36609903426239987 0.689998039111719
vn 0.6194940388024986 0.13159899793062307 0.7738920077322314
vn 0.6242810980484751 -0.3944880599066915 0.6742790825840921
vn 0.6242810980484751 -0.3944880599066915 0.6742790825840921
vn 0.6600431116784665 -0.6372421299807604 0.3978260405043781
vn 0.6243990736172828 -0.36609903426239987 0.689998039111719
vn 0.6600431116784665 -0.6372421299807604 0.3978260405043781
vn 0.6242810980484751 -0.3944880599066915 0.6742790825840921
vn 0.6679892351617498 -0.6631892136486944 0.33759509565165036
vn 0.693375991247161 -0.7205759743163915 8.491406531595894e-17
vn 0.6836871603201714 -0.5816891873171619 -0.44069213309479416
vn 0.693375991247161 -0.7205759743163915 8.491406531595894e-17
vn 0.6836871603201714 -0.5816891873171619 -0.44069213309479416
vn 0.693375991247161 -0.7205759743163915 8.491406531595894e-17
vn 0.6924008057487854 -0.6190007859289963 -0.37070089184909916
vn 0.6836871603201714 -0.5816891873171619 0.44069213309479416
vn 0.693375991247161 -0.7205759743163915 8.491406531595894e-17
vn 0.693375991247161 -0.7205759743163915 8.491406531595894e-17
vn 0.693375991247161 -0.7205759743163915 8.491406531595894e-17
vn 0.6836871603201714 -0.5816891873171619 0.44069213309479416
vn 0.6924008057487854 -0.6190007859289963 0.37070089184909916
vn 0.7048333883776671 0.17970810831845369 -0.6862323880673804
vn 0.7226191672721989 0.37011009012268825 -0.5838150908294588
vn 0.7290023068128947 0.5996022305757273 -0.33020115346571755
vn 0.7301898563603191 0.6353918879511506 -0.2511969792699921
vn 0.7290023068128947 0.5996022305757273 -0.33020115346571755
vn 0.7226191672721989 0.37011009012268825 -0.5838150908294588
vn -0.6566937658776512 0.3709958844257414 -0.6565937492823021
vn -0.6566937658776512 0.3709958844257414 -0.6565937492823021
vn -0.6566937658776512 0.3709958844257414 -0.6565937492823021
vn -0.6566937658776512 0.3709958844257414 -0.6565937492823021
vn -0.6566937658776512 0.3709958844257414 -0.6565937492823021
vn -0.6566937658776512 0.3709958844257414 -0.6565937492823021
vn 0.7226191672721989 0.37011009012268825 0.5838150908294588
vn 0.7048333883776671 0.17970810831845369 0.6862323880673804
vn 0.7290023068128947 0.5996022305757273 0.33020115346571755
vn 0.7301898563603191 0.6353918879511506 0.2511969792699921
vn 0.7226191672721989 0.37011009012268825 0.5838150908294588
vn 0.7290023068128947 0.5996022305757273 0.33020115346571755
vn -0.6566504351864327 0.37097225224932506 0.6566504351864327
vn -0.6566504351864327 0.37097225224932506 0.6566504351864327
vn -0.6566504351864327 0.37097225224932506 0.6566504351864327
vn -0.6566504351864327 0.37097225224932506 0.6566504351864327
vn -0.6566504351864327 0.37097225224932506 0.6566504351864327
vn -0.6566504351864327 0.37097225224932506 0.6566504351864327
vn 0.7020172919370585 0.39070915321844596 -0.5954142082724291
vn 0.7093063977682295 0.37110318628246947 -0.5993053138560153
vn 0.6621992075655865 0.48370016232269086 -0.5722991896451644
vn 0.7019898936911148 0.39079395189647026 0.5953908601218838
vn 0.6621992075655865 0.48370016232269086 0.5722991896451644
vn 0.7093063977682295 0.37110318628246947 0.5993053138560153
vn -0.8123186883964686 -0.5832138102633037 -9.948034767431532e-17
vn -0.7213569259307543 -0.605663953181623 -0.3358799803920159
vn -0.8123186883964686 -0.5832138102633037 -9.948034767431532e-17
vn -0.7213569259307543 -0.605663953181623 -0.3358799803920159
vn -0.8123186883964686 -0.5832138102633037 -9.948034767431532e-17
vn -0.7443201426690708 -0.605916133084984 -0.28080805701481276
vn -0.7443201426690708 -0.605916133084984 0.28080805701481276
vn -0.8123186883964686 -0.5832138102633037 -9.948034767431532e-17
vn -0.7213569259307543 -0.605663953181623 0.3358799803920159
vn -0.7213569259307543 -0.605663953181623 0.3358799803920159
vn -0.8123186883964686 -0.5832138102633037 -9.948034767431532e-17
vn -0.8123186883964686 -0.5832138102633037 -9.948034767431532e-17
vn 0.6869839242489196 0.14189697415060806 -0.7126838966543697
vn 0.6072163104613657 0.5130143265968156 -0.6067162870865611
vn 0.6897631235157288 0.08639501714616975 -0.7188621108739413
vn 0.6869839242489196 0.14189697415060806 0.7126838966543697
vn 0.6897631235157288 0.08639501714616975 0.7188621108739413
vn 0.6072163104613657 0.5130143265968156 0.6067162870865611
vn -0.7559010518891269 0.5254000517382179 0.39060003249665687
vn -0.7148921257310982 0.66969309060227 0.201098018307619
vn -0.6776178018445496 0.7287197854584193 0.09900297422197012
vn -0.7148921257310982 0.66969309060227 0.201098018307619
vn -0.7559010518891269 0.5254000517382179 0.39060003249665687
vn -0.7559010518891269 0.5254000517382179 0.39060003249665687
vn 0.6965283203401881 -0.7175293018156653 8.53001160509023e-17
vn 0.6794822066464782 -0.6306832293919474 -0.374890110585191
vn 0.6965283203401881 -0.7175293018156653 8.53001160509023e-17
vn 0.6794822066464782 -0.6306832293919474 -0.374890110585191
vn 0.6965283203401881 -0.7175293018156653 8.53001160509023e-17
vn 0.6855386892382337 -0.6536366749562794 -0.3206178452763097
vn 0.6794822066464782 -0.6306832293919474 0.374890110585191
vn 0.6965283203401881 -0.7175293018156653 8.53001160509023e-17
vn 0.6965283203401881 -0.7175293018156653 8.53001160509023e-17
vn 0.6965283203401881 -0.7175293018156653 8.53001160509023e-17
vn 0.6794822066464782 -0.6306832293919474 0.374890110585191
vn 0.6855386892382337 -0.6536366749562794 0.3206178452763097
vn -0.7147218779261114 0.6703208867100755 -0.19960597699966504
vn -0.7559010518891269 0.5254000517382179 -0.39060003249665687
vn -0.6775993594727727 0.7288993478629445 -0.09780004461687301
vn -0.7559010518891269 0.5254000517382179 -0.39060003249665687
vn -0.7147218779261114 0.6703208867100755 -0.19960597699966504
vn -0.7559010518891269 0.5254000517382179 -0.39060003249665687
vn -0.6516908905603943 -0.279295946942845 -0.7051898731419077
vn -0.7143860637735263 -0.11589801600931417 -0.6900870972357561
vn -0.7145092329681341 -0.1156020362499995 -0.6900092211109519
vn -0.7143860637735263 -0.11589801600931417 -0.6900870972357561
vn -0.6516908905603943 -0.279295946942845 -0.7051898731419077
vn -0.6720030428774864 -0.23220102907110354 -0.7032030947469724
vn -0.6516908905603943 -0.279295946942845 -0.7051898731419077
vn -0.5375919920984645 -0.46319299788935486 -0.7045900203223692
vn -0.6720030428774864 -0.23220102907110354 -0.7032030947469724
vn -0.5375919920984645 -0.46319299788935486 -0.7045900203223692
vn -0.6516908905603943 -0.279295946942845 -0.7051898731419077
vn -0.4787070505850021 -0.5282080827669666 -0.701310046284704
vn 0.7181201459726013 0.6959191446916013 8.79443523630582e-17
vn 0.7181201459726013 0.6959191446916013 8.79443523630582e-17
vn 0.7086871938928319 0.6759882046252917 0.2019960604065793
vn 0.7181201459726013 0.6959191446916013 8.79443523630582e-17
vn 0.7086871938928319 0.6759882046252917 0.2019960604065793
vn 0.7068330609961548 0.6699310507411855 0.22711101059970018
vn 0.7068330609961548 0.6699310507411855 -0.22711101059970018
vn 0.7086871938928319 0.6759882046252917 -0.2019960604065793
vn 0.7181201459726013 0.6959191446916013 8.79443523630582e-17
vn 0.7086871938928319 0.6759882046252917 -0.2019960604065793
vn 0.7181201459726013 0.6959191446916013 8.79443523630582e-17
vn 0.7181201459726013 0.6959191446916013 8.79443523630582e-17
vn 0.665495816983524 0.20289893573068918 -0.7182947441383555
vn 0.7048333883776671 0.17970810831845369 -0.6862323880673804
vn 0.6627791341493336 0.22479305542626454 -0.7142771881898399
vn 0.7048333883776671 0.17970810831845369 -0.6862323880673804
vn 0.665495816983524 0.20289893573068918 -0.7182947441383555
vn 0.7226191672721989 0.37011009012268825 -0.5838150908294588
vn 0.665495816983524 0.20289893573068918 0.7182947441383555
vn 0.7048333883776671 0.17970810831845369 0.6862323880673804
vn 0.7226191672721989 0.37011009012268825 0.5838150908294588
vn 0.7048333883776671 0.17970810831845369 0.6862323880673804
vn 0.665495816983524 0.20289893573068918 0.7182947441383555
vn 0.6627791341493336 0.22479305542626454 0.7142771881898399
vn 0.9839975261498901 -0.13429993423318906 0.1170999410583002
vn 0.9918828876483107 -0.12709798264612523 -0.0037999997018064273
vn 0.9841888927706459 -0.13419797723000537 0.11559898898461443
vn 0.9841888927706459 -0.13419797723000537 0.11559898898461443
vn 0.9918828876483107 -0.12709798264612523 -0.0037999997018064273
vn 0.991883260709728 -0.12709802168960888 -0.0037000008683415225
vn 0.9918828876483107 -0.12709798264612523 -0.0037999997018064273
vn 0.9837365040497389 -0.13400506823486355 -0.1196040646774504
vn 0.991883260709728 -0.12709802168960888 -0.0037000008683415225
vn 0.9837365040497389 -0.13400506823486355 -0.1196040646774504
vn 0.9918828876483107 -0.12709798264612523 -0.0037999997018064273
vn 0.9835511452272855 -0.13410700866193503 -0.1210060120400759
vn 0.7251208925858811 0.5066149168569377 -0.46641292558578723
vn 0.7068330609961548 0.6699310507411855 -0.22711101059970018
vn 0.7264622331969123 0.47357615059893915 -0.49797414925118955
vn 0.7068330609961548 0.6699310507411855 -0.22711101059970018
vn 0.7251208925858811 0.5066149168569377 -0.46641292558578723
vn 0.7086871938928319 0.6759882046252917 -0.2019960604065793
vn 0.7251679250276415 0.5065779650357373 0.46637993723074767
vn 0.7068330609961548 0.6699310507411855 0.22711101059970018
vn 0.7086871938928319 0.6759882046252917 0.2019960604065793
vn 0.7068330609961548 0.6699310507411855 0.22711101059970018
vn 0.7251679250276415 0.5065779650357373 0.46637993723074767
vn 0.7264622331969123 0.47357615059893915 0.49797414925118955
vn 0.7264622331969123 0.47357615059893915 -0.49797414925118955
vn 0.6944510412053709 0.2857800453466264 -0.6603540846019323
vn 0.7251208925858811 0.5066149168569377 -0.46641292558578723
vn 0.6944510412053709 0.2857800453466264 -0.6603540846019323
vn 0.7264622331969123 0.47357615059893915 -0.49797414925118955
vn 0.695020452052693 0.28400818118736626 -0.6605194351774324
vn 0.7264622331969123 0.47357615059893915 0.49797414925118955
vn 0.6944510412053709 0.2857800453466264 0.6603540846019323
vn 0.695020452052693 0.28400818118736626 0.6605194351774324
vn 0.6944510412053709 0.2857800453466264 0.6603540846019323
vn 0.7264622331969123 0.47357615059893915 0.49797414925118955
vn 0.7251679250276415 0.5065779650357373 0.46637993723074767
vn 0.6836871603201714 -0.5816891873171619 -0.44069213309479416
vn 0.6166038009343875 -0.24370192355760245 -0.7486047856697089
vn 0.6144751360179657 -0.18279203920780912 -0.767468160654208
vn 0.6166038009343875 -0.24370192355760245 -0.7486047856697089
vn 0.6836871603201714 -0.5816891873171619 -0.44069213309479416
vn 0.6924008057487854 -0.6190007859289963 -0.37070089184909916
vn 0.6166038009343875 -0.24370192355760245 0.7486047856697089
vn 0.6836871603201714 -0.5816891873171619 0.44069213309479416
vn 0.6144751360179657 -0.18279203920780912 0.767468160654208
vn 0.6836871603201714 -0.5816891873171619 0.44069213309479416
vn 0.6166038009343875 -0.24370192355760245 0.7486047856697089
vn 0.6924008057487854 -0.6190007859289963 0.37070089184909916
vn 0.6194940388024986 0.13159899793062307 -0.7738920077322314
vn 0.5380043412307982 0.5119043016279093 -0.6697053940290889
vn 0.6222137681680561 0.09120195917722747 -0.7775167067943581
vn 0.6194940388024986 0.13159899793062307 0.7738920077322314
vn 0.6222137681680561 0.09120195917722747 0.7775167067943581
vn 0.5380043412307982 0.5119043016279093 0.6697053940290889
vn -0.31600305848879195 -0.9386091950375408 0.13840103329350092
vn -0.3209010924184445 -0.9471042650480976 -0.004000001543985794
vn -0.31599406150245285 -0.9385831576542457 0.13859801319993495
vn -0.3209010924184445 -0.9471042650480976 -0.004000001543985794
vn -0.31600305848879195 -0.9386091950375408 0.13840103329350092
vn -0.32090180643349636 -0.9471044402003136 -0.003899997508903928
vn -0.3209010924184445 -0.9471042650480976 -0.004000001543985794
vn -0.3134899367895474 -0.9404708534499027 -0.13129597611083588
vn -0.3134908321431857 -0.9403725692443982 -0.13199594378185547
vn -0.3134899367895474 -0.9404708534499027 -0.13129597611083588
vn -0.3209010924184445 -0.9471042650480976 -0.004000001543985794
vn -0.32090180643349636 -0.9471044402003136 -0.003899997508903928
vn 0.6584876057886728 -0.34629380062390963 -0.6681876058953424
vn 0.6563078226630115 0.17250195307450938 -0.7345087597141484
vn 0.6580976895288124 0.1415999393805469 -0.7394977269770775
vn 0.6563078226630115 0.17250195307450938 -0.7345087597141484
vn 0.6584876057886728 -0.34629380062390963 -0.6681876058953424
vn 0.6580073004838178 -0.3727041351188454 -0.6543072826855224
vn 0.7274166466771701 0.5078117932035537 -0.4615107851614437
vn 0.7127792051130692 0.6619801942691986 -0.231793069684353
vn 0.7284960646075533 0.48669802469854456 -0.4820980363015829
vn 0.7127792051130692 0.6619801942691986 -0.231793069684353
vn 0.7274166466771701 0.5078117932035537 -0.4615107851614437
vn 0.7142778082755176 0.6681788008633172 -0.20819294580264355
vn 0.6985087458209205 0.33450392192684475 -0.6326078234002831
vn 0.7274166466771701 0.5078117932035537 -0.4615107851614437
vn 0.7284960646075533 0.48669802469854456 -0.4820980363015829
vn 0.6959048571299826 0.34230190819018425 -0.6313048657124836
vn 0.7274166466771701 0.5078117932035537 -0.4615107851614437
vn 0.6985087458209205 0.33450392192684475 -0.6326078234002831
vn 0.6563078226630115 0.17250195307450938 0.7345087597141484
vn 0.6584876057886728 -0.34629380062390963 0.6681876058953424
vn 0.6580976895288124 0.1415999393805469 0.7394977269770775
vn 0.6584876057886728 -0.34629380062390963 0.6681876058953424
vn 0.6563078226630115 0.17250195307450938 0.7345087597141484
vn 0.6580073004838178 -0.3727041351188454 0.6543072826855224
vn 0.7274166466771701 0.5078117932035537 0.4615107851614437
vn 0.7127792051130692 0.6619801942691986 0.231793069684353
vn 0.7142778082755176 0.6681788008633172 0.20819294580264355
vn 0.7127792051130692 0.6619801942691986 0.231793069684353
vn 0.7274166466771701 0.5078117932035537 0.4615107851614437
vn 0.7284960646075533 0.48669802469854456 0.4820980363015829
vn 0.7274166466771701 0.5078117932035537 0.4615107851614437
vn 0.6985087458209205 0.33450392192684475 0.6326078234002831
vn 0.7284960646075533 0.48669802469854456 0.4820980363015829
vn 0.6985087458209205 0.33450392192684475 0.6326078234002831
vn 0.7274166466771701 0.5078117932035537 0.4615107851614437
vn 0.6959048571299826 0.34230190819018425 0.6313048657124836
vn 0.7232194022257508 0.6906183434026549 8.856882976551645e-17
vn 0.7232194022257508 0.6906183434026549 8.856882976551645e-17
vn 0.7142778082755176 0.6681788008633172 0.20819294580264355
vn 0.7232194022257508 0.6906183434026549 8.856882976551645e-17
vn 0.7142778082755176 0.6681788008633172 0.20819294580264355
vn 0.7127792051130692 0.6619801942691986 0.231793069684353
vn 0.7127792051130692 0.6619801942691986 -0.231793069684353
vn 0.7142778082755176 0.6681788008633172 -0.20819294580264355
vn 0.7232194022257508 0.6906183434026549 8.856882976551645e-17
vn 0.7142778082755176 0.6681788008633172 -0.20819294580264355
vn 0.7232194022257508 0.6906183434026549 8.856882976551645e-17
vn 0.7232194022257508 0.6906183434026549 8.856882976551645e-17
vn 0.6580073004838178 -0.3727041351188454 -0.6543072826855224
vn 0.6794822066464782 -0.6306832293919474 -0.374890110585191
vn 0.6855386892382337 -0.6536366749562794 -0.3206178452763097
vn 0.6794822066464782 -0.6306832293919474 -0.374890110585191
vn 0.6580073004838178 -0.3727041351188454 -0.6543072826855224
vn 0.6584876057886728 -0.34629380062390963 -0.6681876058953424
vn 0.6144751360179657 -0.18279203920780912 -0.767468160654208
vn 0.5922033096611903 0.22580112158027812 -0.7735044237232395
vn 0.5933807536179169 0.20349291117616358 -0.7787746248670939
vn 0.5922033096611903 0.22580112158027812 -0.7735044237232395
vn 0.6144751360179657 -0.18279203920780912 -0.767468160654208
vn 0.6166038009343875 -0.24370192355760245 -0.7486047856697089
vn 0.6580073004838178 -0.3727041351188454 0.6543072826855224
vn 0.6794822066464782 -0.6306832293919474 0.374890110585191
vn 0.6584876057886728 -0.34629380062390963 0.6681876058953424
vn 0.6794822066464782 -0.6306832293919474 0.374890110585191
vn 0.6580073004838178 -0.3727041351188454 0.6543072826855224
vn 0.6855386892382337 -0.6536366749562794 0.3206178452763097
vn 0.5922033096611903 0.22580112158027812 0.7735044237232395
vn 0.6144751360179657 -0.18279203920780912 0.767468160654208
vn 0.5933807536179169 0.20349291117616358 0.7787746248670939
vn 0.6144751360179657 -0.18279203920780912 0.767468160654208
vn 0.5922033096611903 0.22580112158027812 0.7735044237232395
vn 0.6166038009343875 -0.24370192355760245 0.7486047856697089
vn -0.7378270583142265 -0.6626250705315274 0.12860500737709743
vn -0.7483673024910229 -0.6632712420662957 -0.004200001207496668
vn -0.7377890225466913 -0.6625910290910038 0.1289980092006177
vn -0.7483673024910229 -0.6632712420662957 -0.004200001207496668
vn -0.7378270583142265 -0.6626250705315274 0.12860500737709743
vn -0.7483680460852427 -0.6632710287638351 -0.004100000136586924
vn -0.7483680460852427 -0.6632710287638351 -0.004100000136586924
vn -0.7373768700241828 -0.6621788751826586 -0.13339598500392963
vn -0.7483673024910229 -0.6632712420662957 -0.004200001207496668
vn -0.7373768700241828 -0.6621788751826586 -0.13339598500392963
vn -0.7483680460852427 -0.6632710287638351 -0.004100000136586924
vn -0.7374713909356033 -0.6621743344051603 -0.13289506539593424
vn -0.6516908905603943 -0.279295946942845 0.7051898731419077
vn -0.7143860637735263 -0.11589801600931417 0.6900870972357561
vn -0.6720030428774864 -0.23220102907110354 0.7032030947469724
vn -0.7143860637735263 -0.11589801600931417 0.6900870972357561
vn -0.6516908905603943 -0.279295946942845 0.7051898731419077
vn -0.7145092329681341 -0.1156020362499995 0.6900092211109519
vn -0.6720030428774864 -0.23220102907110354 0.7032030947469724
vn -0.5375919920984645 -0.46319299788935486 0.7045900203223692
vn -0.6516908905603943 -0.279295946942845 0.7051898731419077
vn -0.4787070505850021 -0.5282080827669666 0.701310046284704
vn -0.6516908905603943 -0.279295946942845 0.7051898731419077
vn -0.5375919920984645 -0.46319299788935486 0.7045900203223692
vn -0.4787070505850021 -0.5282080827669666 0.701310046284704
vn -0.5375919920984645 -0.46319299788935486 0.7045900203223692
vn -0.3623951127113832 -0.6356911746338235 0.681591162483474
vn 0.6944510412053709 0.2857800453466264 -0.6603540846019323
vn 0.695020452052693 0.28400818118736626 -0.6605194351774324
vn 0.6814931594436521 0.32359710161696076 -0.6563931668265685
vn 0.6944510412053709 0.2857800453466264 0.6603540846019323
vn 0.6814931594436521 0.32359710161696076 0.6563931668265685
vn 0.695020452052693 0.28400818118736626 0.6605194351774324
vn -0.5678768728336485 0.2501899290696781 0.7841688955147262
vn -0.7375219580472466 -0.3824119628106523 0.5566169707235487
vn -0.7408854803186923 -0.40099223591927086 0.5387893204077123
vn -0.7375219580472466 -0.3824119628106523 0.5566169707235487
vn -0.5678768728336485 0.2501899290696781 0.7841688955147262
vn -0.5697829022399817 0.23899296976161802 0.7862759087747161
vn -0.7375219580472466 -0.3824119628106523 0.5566169707235487
vn -0.7377890225466913 -0.6625910290910038 0.1289980092006177
vn -0.7408854803186923 -0.40099223591927086 0.5387893204077123
vn -0.7377890225466913 -0.6625910290910038 0.1289980092006177
vn -0.7375219580472466 -0.3824119628106523 0.5566169707235487
vn -0.7378270583142265 -0.6626250705315274 0.12860500737709743
vn 0.6916922878815267 -0.7221923420289217 8.470788002584391e-17
vn 0.6753741081520402 -0.6282761259569128 -0.3861850898085138
vn 0.6916922878815267 -0.7221923420289217 8.470788002584391e-17
vn 0.6753741081520402 -0.6282761259569128 -0.3861850898085138
vn 0.6916922878815267 -0.7221923420289217 8.470788002584391e-17
vn 0.6810841962177958 -0.6512852125400183 -0.33459212421852125
vn 0.6753741081520402 -0.6282761259569128 0.3861850898085138
vn 0.6916922878815267 -0.7221923420289217 8.470788002584391e-17
vn 0.6916922878815267 -0.7221923420289217 8.470788002584391e-17
vn 0.6916922878815267 -0.7221923420289217 8.470788002584391e-17
vn 0.6753741081520402 -0.6282761259569128 0.3861850898085138
vn 0.6810841962177958 -0.6512852125400183 0.33459212421852125
vn -0.5728117390737842 0.23150489393760135 -0.7863155827415651
vn -0.7375219580472466 -0.3824119628106523 -0.5566169707235487
vn -0.5758151944153008 0.21160606805089266 -0.7897213013744218
vn -0.7375219580472466 -0.3824119628106523 -0.5566169707235487
vn -0.5728117390737842 0.23150489393760135 -0.7863155827415651
vn -0.7408854803186923 -0.40099223591927086 -0.5387893204077123
vn -0.7408854803186923 -0.40099223591927086 -0.5387893204077123
vn -0.7373768700241828 -0.6621788751826586 -0.13339598500392963
vn -0.7375219580472466 -0.3824119628106523 -0.5566169707235487
vn -0.7374713909356033 -0.6621743344051603 -0.13289506539593424
vn -0.7375219580472466 -0.3824119628106523 -0.5566169707235487
vn -0.7373768700241828 -0.6621788751826586 -0.13339598500392963
vn 0.665495816983524 0.20289893573068918 -0.7182947441383555
vn 0.6627791341493336 0.22479305542626454 -0.7142771881898399
vn 0.6205088031532325 0.42350585165192367 -0.6600088020821554
vn -0.23600590322286927 -0.6110156798663805 0.755619648104377
vn -0.5468990239197983 -0.5232989819133386 0.653497997827105
vn -0.22470292266545647 -0.612808759005047 0.7576107321258695
vn 0.665495816983524 0.20289893573068918 0.7182947441383555
vn 0.6205088031532325 0.42350585165192367 0.6600088020821554
vn 0.6627791341493336 0.22479305542626454 0.7142771881898399
vn 0.8475927362774098 0.10479896822598002 0.5201958570274695
vn 0.9839975261498901 -0.13429993423318906 0.1170999410583002
vn 0.9841888927706459 -0.13419797723000537 0.11559898898461443
vn 0.9839975261498901 -0.13429993423318906 0.1170999410583002
vn 0.8475927362774098 0.10479896822598002 0.5201958570274695
vn 0.8473052376342662 0.10510102651864461 0.5206031199505692
vn 0.36858606314716286 0.5519800778641772 0.7479721302927888
vn 0.8473052376342662 0.10510102651864461 0.5206031199505692
vn 0.8475927362774098 0.10479896822598002 0.5201958570274695
vn 0.8475927362774098 0.10479896822598002 0.5201958570274695
vn 0.3771977976158016 0.5427967245900799 0.7503955871725723
vn 0.36858606314716286 0.5519800778641772 0.7479721302927888
vn 0.9835511452272855 -0.13410700866193503 -0.1210060120400759
vn 0.8475927362774098 0.10479896822598002 -0.5201958570274695
vn 0.9837365040497389 -0.13400506823486355 -0.1196040646774504
vn 0.8475927362774098 0.10479896822598002 -0.5201958570274695
vn 0.9835511452272855 -0.13410700866193503 -0.1210060120400759
vn 0.8473052376342662 0.10510102651864461 -0.5206031199505692
vn 0.8475927362774098 0.10479896822598002 -0.5201958570274695
vn 0.8473052376342662 0.10510102651864461 -0.5206031199505692
vn 0.3828021916303727 0.5394033239157133 -0.7500043574751171
vn 0.39789999121188563 0.5225009995668447 -0.7541009895532754
vn 0.8475927362774098 0.10479896822598002 -0.5201958570274695
vn 0.3828021916303727 0.5394033239157133 -0.7500043574751171
vn -0.20650705807880265 -0.6240211759299026 -0.7536261718880917
vn -0.1814909955978483 -0.6278689862995956 -0.756862969473352
vn -0.5300727302643771 -0.5316727572931972 -0.6605656513794205
vn 0.5922033096611903 0.22580112158027812 -0.7735044237232395
vn 0.5554020437301374 0.4761020569038511 -0.6818030516449077
vn 0.5933807536179169 0.20349291117616358 -0.7787746248670939
vn 0.5922033096611903 0.22580112158027812 0.7735044237232395
vn 0.5933807536179169 0.20349291117616358 0.7787746248670939
vn 0.5554020437301374 0.4761020569038511 0.6818030516449077
vn 0.6502107855203915 -0.35820590773976885 -0.6700107924901537
vn 0.6579270935225289 0.1556060308579065 -0.7368301722714983
vn 0.6603372013094717 0.10950603941985283 -0.7429422641749166
vn 0.6579270935225289 0.1556060308579065 -0.7368301722714983
vn 0.6502107855203915 -0.35820590773976885 -0.6700107924901537
vn 0.6495190817851546 -0.3787110125960952 -0.6593200522776551
vn 0.6579270935225289 0.1556060308579065 0.7368301722714983
vn 0.6502107855203915 -0.35820590773976885 0.6700107924901537
vn 0.6603372013094717 0.10950603941985283 0.7429422641749166
vn 0.6502107855203915 -0.35820590773976885 0.6700107924901537
vn 0.6579270935225289 0.1556060308579065 0.7368301722714983
vn 0.6495190817851546 -0.3787110125960952 0.6593200522776551
vn 0.6495190817851546 -0.3787110125960952 -0.6593200522776551
vn 0.6753741081520402 -0.6282761259569128 -0.3861850898085138
vn 0.6810841962177958 -0.6512852125400183 -0.33459212421852125
vn 0.6753741081520402 -0.6282761259569128 -0.3861850898085138
vn 0.6495190817851546 -0.3787110125960952 -0.6593200522776551
vn 0.6502107855203915 -0.35820590773976885 -0.6700107924901537
vn 0.6495190817851546 -0.3787110125960952 0.6593200522776551
vn 0.6753741081520402 -0.6282761259569128 0.3861850898085138
vn 0.6502107855203915 -0.35820590773976885 0.6700107924901537
vn 0.6753741081520402 -0.6282761259569128 0.3861850898085138
vn 0.6495190817851546 -0.3787110125960952 0.6593200522776551
vn 0.6810841962177958 -0.6512852125400183 0.33459212421852125
vn 0.6959048571299826 0.34230190819018425 -0.6313048657124836
vn 0.6985087458209205 0.33450392192684475 -0.6326078234002831
vn 0.6707877516023507 0.41049283738480136 -0.617688774995983
vn 0.6959048571299826 0.34230190819018425 0.6313048657124836
vn 0.6707877516023507 0.41049283738480136 0.617688774995983
vn 0.6985087458209205 0.33450392192684475 0.6326078234002831
vn 0.6563078226630115 0.17250195307450938 -0.7345087597141484
vn 0.5792338806730267 0.5393318495364481 -0.6112358526428728
vn 0.6580976895288124 0.1415999393805469 -0.7394977269770775
vn 0.6563078226630115 0.17250195307450938 0.7345087597141484
vn 0.6580976895288124 0.1415999393805469 0.7394977269770775
vn 0.5792338806730267 0.5393318495364481 0.6112358526428728
vn -0.8644021483520244 -0.5028010798759335 -1.0585873410124393e-16
vn -0.7216937554425426 -0.5039958366515055 -0.4744958587734865
vn -0.8644021483520244 -0.5028010798759335 -1.0585873410124393e-16
vn -0.7216937554425426 -0.5039958366515055 -0.4744958587734865
vn -0.8644021483520244 -0.5028010798759335 -1.0585873410124393e-16
vn -0.7822120876377119 -0.514108067749343 -0.3519050221700303
vn -0.7822120876377119 -0.514108067749343 0.3519050221700303
vn -0.8644021483520244 -0.5028010798759335 -1.0585873410124393e-16
vn -0.7216937554425426 -0.5039958366515055 0.4744958587734865
vn -0.7216937554425426 -0.5039958366515055 0.4744958587734865
vn -0.8644021483520244 -0.5028010798759335 -1.0585873410124393e-16
vn -0.8644021483520244 -0.5028010798759335 -1.0585873410124393e-16
vn -0.7263179961266426 0.10020200085586371 -0.6800159759351687
vn -0.7263179961266426 0.10020200085586371 -0.6800159759351687
vn -0.7263179961266426 0.10020200085586371 -0.6800159759351687
vn -0.7263179961266426 0.10020200085586371 -0.6800159759351687
vn -0.7263179961266426 0.10020200085586371 -0.6800159759351687
vn -0.7263179961266426 0.10020200085586371 -0.6800159759351687
vn -0.7263179961266426 0.10020200085586371 0.6800159759351687
vn -0.7263179961266426 0.10020200085586371 0.6800159759351687
vn -0.7263179961266426 0.10020200085586371 0.6800159759351687
vn -0.7263179961266426 0.10020200085586371 0.6800159759351687
vn -0.7263179961266426 0.10020200085586371 0.6800159759351687
vn -0.7263179961266426 0.10020200085586371 0.6800159759351687
vn 0.6579270935225289 0.1556060308579065 -0.7368301722714983
vn 0.5728872350595722 0.5457882220517685 -0.6114862488849343
vn 0.6603372013094717 0.10950603941985283 -0.7429422641749166
vn 0.6579270935225289 0.1556060308579065 0.7368301722714983
vn 0.6603372013094717 0.10950603941985283 0.7429422641749166
vn 0.5728872350595722 0.5457882220517685 0.6114862488849343
vn -0.7148921257310982 0.66969309060227 0.201098018307619
vn -0.6239020749581048 0.7815021182714944 0.000800000086607791
vn -0.6776178018445496 0.7287197854584193 0.09900297422197012
vn -0.6776178018445496 0.7287197854584193 0.09900297422197012
vn -0.6239020749581048 0.7815021182714944 0.000800000086607791
vn -0.6239020749581048 0.7815021182714944 0.000800000086607791
vn -0.6239020749581048 0.7815021182714944 0.000800000086607791
vn -0.6775993594727727 0.7288993478629445 -0.09780004461687301
vn -0.6239020749581048 0.7815021182714944 0.000800000086607791
vn -0.6775993594727727 0.7288993478629445 -0.09780004461687301
vn -0.6239020749581048 0.7815021182714944 0.000800000086607791
vn -0.7147218779261114 0.6703208867100755 -0.19960597699966504
vn -0.7147983425205313 -0.013600007845118568 -0.6991983762255988
vn -0.6252079539805 -0.3662049731549698 -0.6892089174670368
vn -0.62597929871068 -0.3641881612128254 -0.6895773349074825
vn -0.6252079539805 -0.3662049731549698 -0.6892089174670368
vn -0.7147983425205313 -0.013600007845118568 -0.6991983762255988
vn -0.7152271380909556 -0.009600002466477664 -0.6988261449680205
vn -0.7147983425205313 -0.013600007845118568 0.6991983762255988
vn -0.6252079539805 -0.3662049731549698 0.6892089174670368
vn -0.7152271380909556 -0.009600002466477664 0.6988261449680205
vn -0.6252079539805 -0.3662049731549698 0.6892089174670368
vn -0.7147983425205313 -0.013600007845118568 0.6991983762255988
vn -0.62597929871068 -0.3641881612128254 0.6895773349074825
vn -0.6893889491967634 0.23419599860106413 -0.6854889575803775
vn -0.6893889491967634 0.23419599860106413 -0.6854889575803775
vn -0.6893889491967634 0.23419599860106413 -0.6854889575803775
vn -0.6893889491967634 0.23419599860106413 -0.6854889575803775
vn -0.6893889491967634 0.23419599860106413 -0.6854889575803775
vn -0.6893889491967634 0.23419599860106413 -0.6854889575803775
vn -0.6893889491967634 0.23419599860106413 0.6854889575803775
vn -0.6893889491967634 0.23419599860106413 0.6854889575803775
vn -0.6893889491967634 0.23419599860106413 0.6854889575803775
vn -0.6893889491967634 0.23419599860106413 0.6854889575803775
vn -0.6893889491967634 0.23419599860106413 0.6854889575803775
vn -0.6893889491967634 0.23419599860106413 0.6854889575803775
vn -0.8882339702685433 -0.4474169665292967 -0.10420399283474109
vn -0.8962223402367091 -0.43701117609361695 -0.07620202641603391
vn -0.9176189963731465 -0.39740801135961495 -0.006500000179648388
vn -0.8962223402367091 -0.43701117609361695 -0.07620202641603391
vn -0.9176529082919815 -0.3973229541781821 -0.006899999013804449
vn -0.9176189963731465 -0.39740801135961495 -0.006500000179648388
vn -0.9176189963731465 -0.39740801135961495 -0.006500000179648388
vn -0.9176529082919815 -0.3973229541781821 -0.006899999013804449
vn -0.9035794159266153 -0.42449021435054723 0.05789902446797742
vn -0.9176189963731465 -0.39740801135961495 -0.006500000179648388
vn -0.9035794159266153 -0.42449021435054723 0.05789902446797742
vn -0.9001055252037433 -0.42920276008593045 0.07479996144592856
vn -0.3758908762087887 -0.7051828417042141 0.6011848375907015
vn -0.3471060399518953 -0.7147120842205918 0.6072100408408699
vn -0.5391149564742288 -0.6347169331699668 0.5536149189220808
vn 0.7832642163814432 0.6216711971163374 0.004700001308905074
vn 0.7679069991067121 0.6226059597217924 -0.15060099482350622
vn 0.7832642163814432 0.6216711971163374 0.004700001308905074
vn 0.7679069991067121 0.6226059597217924 -0.15060099482350622
vn 0.7832642163814432 0.6216711971163374 0.004700001308905074
vn 0.7666944728094988 0.6225953589897951 -0.15669908847129005
vn 0.7669008468093538 0.6251007991064214 0.14529997288234264
vn 0.7832642163814432 0.6216711971163374 0.004700001308905074
vn 0.7832642163814432 0.6216711971163374 0.004700001308905074
vn 0.7832642163814432 0.6216711971163374 0.004700001308905074
vn 0.7669008468093538 0.6251007991064214 0.14529997288234264
vn 0.7658812891046118 0.6253852159449126 0.1493960597773347
vn -0.9001055252037433 -0.42920276008593045 0.07479996144592856
vn -0.5959101540934074 -0.5800101376710867 0.5554091540901521
vn -0.7245889913571623 -0.5461909779601611 0.42029300398523534
vn -0.5959101540934074 -0.5800101376710867 0.5554091540901521
vn -0.9001055252037433 -0.42920276008593045 0.07479996144592856
vn -0.9035794159266153 -0.42449021435054723 0.05789902446797742
vn -0.8428707925973121 -0.48808289773615543 -0.2265919502627055
vn -0.8882339702685433 -0.4474169665292967 -0.10420399283474109
vn -0.8428707925973121 -0.48808289773615543 -0.2265919502627055
vn -0.8882339702685433 -0.4474169665292967 -0.10420399283474109
vn -0.8428707925973121 -0.48808289773615543 -0.2265919502627055
vn -0.8962223402367091 -0.43701117609361695 -0.07620202641603391
vn 0.7298214975882843 0.39081123172773274 0.5609163599088962
vn 0.7669008468093538 0.6251007991064214 0.14529997288234264
vn 0.7421760631601065 0.44098607136559087 0.5046840359410105
vn 0.7669008468093538 0.6251007991064214 0.14529997288234264
vn 0.7298214975882843 0.39081123172773274 0.5609163599088962
vn 0.7658812891046118 0.6253852159449126 0.1493960597773347
vn 0.7421760631601065 0.44098607136559087 0.5046840359410105
vn 0.5939096736804675 -0.19270288711833833 0.7811126018731341
vn 0.7298214975882843 0.39081123172773274 0.5609163599088962
vn 0.7298214975882843 0.39081123172773274 0.5609163599088962
vn 0.5939096736804675 -0.19270288711833833 0.7811126018731341
vn 0.5951951106004932 -0.1731990266092196 0.7846941298995969
vn 0.7679069991067121 0.6226059597217924 -0.15060099482350622
vn 0.7251081947829017 0.4034050937153037 -0.5581061155579903
vn 0.7359125083989418 0.44590771597393053 -0.5095086739368523
vn 0.7251081947829017 0.4034050937153037 -0.5581061155579903
vn 0.7679069991067121 0.6226059597217924 -0.15060099482350622
vn 0.7666944728094988 0.6225953589897951 -0.15669908847129005
vn 0.6000959468943997 -0.19219899791820283 -0.7764949450705732
vn 0.7359125083989418 0.44590771597393053 -0.5095086739368523
vn 0.7251081947829017 0.4034050937153037 -0.5581061155579903
vn 0.6000959468943997 -0.19219899791820283 -0.7764949450705732
vn 0.7251081947829017 0.4034050937153037 -0.5581061155579903
vn 0.6016966734112592 -0.17509889700319825 -0.7792955084395699
vn 0.6678403596451665 -0.7331443407586581 -0.12840805910287506
vn 0.7119562124463561 -0.45967212930317203 -0.5308671068176355
vn 0.6680048629439482 -0.7332048930184492 -0.12720097459155597
vn 0.7119562124463561 -0.45967212930317203 -0.5308671068176355
vn 0.6678403596451665 -0.7331443407586581 -0.12840805910287506
vn 0.7121083258777353 -0.4634052294058289 -0.5274062244370465
vn 0.7121083258777353 -0.4634052294058289 -0.5274062244370465
vn 0.6322837535446211 0.1793949473034901 -0.7536807731961209
vn 0.7119562124463561 -0.45967212930317203 -0.5308671068176355
vn 0.7119562124463561 -0.45967212930317203 -0.5308671068176355
vn 0.6322837535446211 0.1793949473034901 -0.7536807731961209
vn 0.6331139808482943 0.1620029808510961 -0.7569159275968401
vn 0.6695202081740155 -0.7304222084549039 0.1350040304675532
vn 0.7064817120963764 -0.46858782698488705 0.5303857453542226
vn 0.7064898044254538 -0.4687938710215534 0.5301928542855996
vn 0.7064817120963764 -0.46858782698488705 0.5303857453542226
vn 0.6695202081740155 -0.7304222084549039 0.1350040304675532
vn 0.6696079284123138 -0.7305079601210124 0.13410198509793583
vn 0.6353227571211805 0.18350693800305565 0.7501267879423347
vn 0.7064898044254538 -0.4687938710215534 0.5301928542855996
vn 0.7064817120963764 -0.46858782698488705 0.5303857453542226
vn 0.6353227571211805 0.18350693800305565 0.7501267879423347
vn 0.7064817120963764 -0.46858782698488705 0.5303857453542226
vn 0.6361889635216484 0.17169700012510378 0.7521859762328003
vn -0.7849886811340928 0.619490726734693 0.004899998069319491
vn -0.7849886811340928 0.619490726734693 0.004899998069319491
vn -0.769926175020426 0.6190211053411082 -0.1550050197919049
vn -0.7849886811340928 0.619490726734693 0.004899998069319491
vn -0.769926175020426 0.6190211053411082 -0.1550050197919049
vn -0.768601877386012 0.6189018947146695 -0.1618999654023742
vn -0.7678918863785539 0.62169391121531 0.154397964985929
vn -0.7689869915805133 0.6214899948831446 0.14969700411197365
vn -0.7849886811340928 0.619490726734693 0.004899998069319491
vn -0.7689869915805133 0.6214899948831446 0.14969700411197365
vn -0.7849886811340928 0.619490726734693 0.004899998069319491
vn -0.7849886811340928 0.619490726734693 0.004899998069319491
vn -0.621720743610639 -0.32871086058427124 -0.7109236858469283
vn -0.626489830727931 -0.3148949209762289 -0.7129878545514384
vn -0.6202242286134052 -0.33301311257309396 -0.7102282542220396
vn -0.626489830727931 -0.3148949209762289 -0.7129878545514384
vn -0.621720743610639 -0.32871086058427124 -0.7109236858469283
vn -0.626489830727931 -0.3148949209762289 -0.7129878545514384
vn -0.6202242286134052 -0.33301311257309396 0.7102282542220396
vn -0.626489830727931 -0.3148949209762289 0.7129878545514384
vn -0.621720743610639 -0.32871086058427124 0.7109236858469283
vn -0.626489830727931 -0.3148949209762289 0.7129878545514384
vn -0.626489830727931 -0.3148949209762289 0.7129878545514384
vn -0.621720743610639 -0.32871086058427124 0.7109236858469283
vn -0.5934699043222171 -0.38907991957898824 -0.704563899759409
vn -0.6765332087407994 -0.20281005992384385 -0.7079342462860267
vn -0.5435920341128501 -0.46119403698480194 -0.7012900688721574
vn -0.6765332087407994 -0.20281005992384385 -0.7079342462860267
vn -0.5934699043222171 -0.38907991957898824 -0.704563899759409
vn -0.688287258154574 -0.15949705243258516 -0.7076873183316033
vn -0.7152271380909556 -0.009600002466477664 -0.6988261449680205
vn -0.6765332087407994 -0.20281005992384385 -0.7079342462860267
vn -0.688287258154574 -0.15949705243258516 -0.7076873183316033
vn -0.6765332087407994 -0.20281005992384385 -0.7079342462860267
vn -0.7152271380909556 -0.009600002466477664 -0.6988261449680205
vn -0.7147983425205313 -0.013600007845118568 -0.6991983762255988
vn -0.44961381370847237 -0.4377128522002637 -0.7786237072817864
vn -0.630721914547365 -0.35601296335565424 -0.6895249353231774
vn -0.4621118588107705 -0.43301185805969933 -0.7739207716078832
vn -0.44961381370847237 -0.4377128522002637 0.7786237072817864
vn -0.4621118588107705 -0.43301185805969933 0.7739207716078832
vn -0.630721914547365 -0.35601296335565424 0.6895249353231774
vn -0.10109603436187739 0.6600722690918888 0.7443683170394796
vn -0.4298052245943504 0.6360073169816041 0.6409072956811004
vn -0.11829806402249264 0.6607903400215114 0.7411893783526486
vn -0.5967950188537123 -0.3803970194542123 -0.7064940290347461
vn -0.6202242286134052 -0.33301311257309396 -0.7102282542220396
vn -0.5832898570708963 -0.4023929206529039 -0.7055869046734351
vn -0.6202242286134052 -0.33301311257309396 -0.7102282542220396
vn -0.5967950188537123 -0.3803970194542123 -0.7064940290347461
vn -0.621720743610639 -0.32871086058427124 -0.7109236858469283
vn -0.5832898570708963 -0.4023929206529039 0.7055869046734351
vn -0.6202242286134052 -0.33301311257309396 0.7102282542220396
vn -0.5967950188537123 -0.3803970194542123 0.7064940290347461
vn -0.6202242286134052 -0.33301311257309396 0.7102282542220396
vn -0.621720743610639 -0.32871086058427124 0.7109236858469283
vn -0.5967950188537123 -0.3803970194542123 0.7064940290347461
vn -0.5907743735794135 0.8004654866240752 0.1011960683304132
vn -0.7365129007281458 0.5874109278790736 -0.3354059463832718
vn -0.733057191021106 0.5996651568591611 -0.32098108097101796
vn -0.5907743735794135 0.8004654866240752 0.1011960683304132
vn -0.733057191021106 0.5996651568591611 -0.32098108097101796
vn -0.6023126438410763 0.7917165415008165 0.1020019459773138
vn -0.6906367366994255 0.29581587764134704 -0.6599347425741791
vn -0.733057191021106 0.5996651568591611 -0.32098108097101796
vn -0.7365129007281458 0.5874109278790736 -0.3354059463832718
vn -0.733057191021106 0.5996651568591611 -0.32098108097101796
vn -0.6906367366994255 0.29581587764134704 -0.6599347425741791
vn -0.6912108234814581 0.29340494405402523 -0.6604098245080389
vn -0.6906367366994255 0.29581587764134704 -0.6599347425741791
vn -0.6338031439526457 0.4803021065958092 -0.6063031099337769
vn -0.6912108234814581 0.29340494405402523 -0.6604098245080389
vn -0.5805920839276874 -0.1465980231455926 0.8008881642840712
vn -0.7242812323280292 0.3839900988393193 0.5726851669903468
vn -0.5819869579310888 -0.11529799435513866 0.804982952177125
vn -0.7242812323280292 0.3839900988393193 0.5726851669903468
vn -0.5805920839276874 -0.1465980231455926 0.8008881642840712
vn -0.7393840439132777 0.4389900200482482 0.5104889792194216
vn -0.7689869915805133 0.6214899948831446 0.14969700411197365
vn -0.7242812323280292 0.3839900988393193 0.5726851669903468
vn -0.7393840439132777 0.4389900200482482 0.5104889792194216
vn -0.7242812323280292 0.3839900988393193 0.5726851669903468
vn -0.7689869915805133 0.6214899948831446 0.14969700411197365
vn -0.7678918863785539 0.62169391121531 0.154397964985929
vn -0.7365129007281458 0.5874109278790736 0.3354059463832718
vn -0.5899020996189508 0.8000020935698073 -0.10960001436623387
vn -0.733057191021106 0.5996651568591611 0.32098108097101796
vn -0.5899020996189508 0.8000020935698073 -0.10960001436623387
vn -0.601394234317411 0.7909923768600094 -0.11249904301427599
vn -0.733057191021106 0.5996651568591611 0.32098108097101796
vn -0.733057191021106 0.5996651568591611 0.32098108097101796
vn -0.6830160198473749 0.31970799796332716 0.6567160061016724
vn -0.7365129007281458 0.5874109278790736 0.3354059463832718
vn -0.6830160198473749 0.31970799796332716 0.6567160061016724
vn -0.733057191021106 0.5996651568591611 0.32098108097101796
vn -0.6857180603195875 0.3090080324349126 0.6590180404527987
vn -0.6830160198473749 0.31970799796332716 0.6567160061016724
vn -0.6857180603195875 0.3090080324349126 0.6590180404527987
vn -0.6119878928690894 0.5215888653992244 0.5944879094424054
vn -0.5435920341128501 -0.46119403698480194 0.7012900688721574
vn -0.5934699043222171 -0.38907991957898824 0.704563899759409
vn -0.44219797711432823 -0.5829979163066313 0.6815969326648427
vn -0.5435920341128501 -0.46119403698480194 0.7012900688721574
vn -0.676485182046163 -0.20279605722379224 0.707984150702863
vn -0.5934699043222171 -0.38907991957898824 0.704563899759409
vn -0.676485182046163 -0.20279605722379224 0.707984150702863
vn -0.688287258154574 -0.15949705243258516 0.7076873183316033
vn -0.5934699043222171 -0.38907991957898824 0.704563899759409
vn -0.676485182046163 -0.20279605722379224 0.707984150702863
vn -0.7152271380909556 -0.009600002466477664 0.6988261449680205
vn -0.688287258154574 -0.15949705243258516 0.7076873183316033
vn -0.7152271380909556 -0.009600002466477664 0.6988261449680205
vn -0.676485182046163 -0.20279605722379224 0.707984150702863
vn -0.7147983425205313 -0.013600007845118568 0.6991983762255988
vn -0.5859818883821534 -0.15129495716226332 -0.7960747844426139
vn -0.7198778484235535 0.39638791002264495 -0.5697828605152623
vn -0.7331947739777904 0.4434968564696614 -0.5154958406361637
vn -0.7198778484235535 0.39638791002264495 -0.5697828605152623
vn -0.5859818883821534 -0.15129495716226332 -0.7960747844426139
vn -0.5883959103255337 -0.11949897897713486 -0.7996938456281935
vn -0.7331947739777904 0.4434968564696614 -0.5154958406361637
vn -0.7198778484235535 0.39638791002264495 -0.5697828605152623
vn -0.769926175020426 0.6190211053411082 -0.1550050197919049
vn -0.768601877386012 0.6189018947146695 -0.1618999654023742
vn -0.769926175020426 0.6190211053411082 -0.1550050197919049
vn -0.7198778484235535 0.39638791002264495 -0.5697828605152623
vn -0.3355211727033621 -0.507332222627647 -0.7937503124732941
vn -0.2284978819119011 -0.5397946933662526 -0.8101915865864124
vn -0.7216937554425426 -0.5039958366515055 -0.4744958587734865
vn -0.7216937554425426 -0.5039958366515055 -0.4744958587734865
vn -0.7822120876377119 -0.514108067749343 -0.3519050221700303
vn -0.3355211727033621 -0.507332222627647 -0.7937503124732941
vn -0.7822120876377119 -0.514108067749343 0.3519050221700303
vn -0.7216937554425426 -0.5039958366515055 0.4744958587734865
vn -0.3355211727033621 -0.507332222627647 0.7937503124732941
vn -0.7216937554425426 -0.5039958366515055 0.4744958587734865
vn -0.2284978819119011 -0.5397946933662526 0.8101915865864124
vn -0.3355211727033621 -0.507332222627647 0.7937503124732941
vn -0.0562020014950157 0.6662260845593987 -0.7436290333765937
vn -0.08749800507729141 0.6676849976436283 -0.7392840070156543
vn -0.41208093711040605 0.6408699054169354 -0.6476689475350026
vn 0.6695202081740155 -0.7304222084549039 0.1350040304675532
vn 0.6780801470506291 -0.7349781453688041 -0.0038000007934244785
vn 0.6696079284123138 -0.7305079601210124 0.13410198509793583
vn 0.6696079284123138 -0.7305079601210124 0.13410198509793583
vn 0.6780801470506291 -0.7349781453688041 -0.0038000007934244785
vn 0.6780801470506291 -0.7349781453688041 -0.0038000007934244785
vn 0.6780801470506291 -0.7349781453688041 -0.0038000007934244785
vn 0.6680048629439482 -0.7332048930184492 -0.12720097459155597
vn 0.6780801470506291 -0.7349781453688041 -0.0038000007934244785
vn 0.6680048629439482 -0.7332048930184492 -0.12720097459155597
vn 0.6780801470506291 -0.7349781453688041 -0.0038000007934244785
vn 0.6678403596451665 -0.7331443407586581 -0.12840805910287506
vn 0.5775000342175747 0.2690000184414549 -0.7708000392820418
vn 0.47301412633983414 0.5086151469557489 -0.7194221768684541
vn 0.5788782252668958 0.26319012108187606 -0.7717713135876173
vn 0.47301412633983414 0.5086151469557489 -0.7194221768684541
vn 0.5775000342175747 0.2690000184414549 -0.7708000392820418
vn 0.4339219659078805 0.563428942195153 -0.7030359554101703
vn 0.4339219659078805 0.563428942195153 0.7030359554101703
vn 0.5775000342175747 0.2690000184414549 0.7708000392820418
vn 0.47301412633983414 0.5086151469557489 0.7194221768684541
vn 0.5775000342175747 0.2690000184414549 0.7708000392820418
vn 0.5788782252668958 0.26319012108187606 0.7717713135876173
vn 0.47301412633983414 0.5086151469557489 0.7194221768684541
vn -0.8749015816028336 -0.4843007562546852 -1.071445379450056e-16
vn -0.8749015816028336 -0.4843007562546852 -1.071445379450056e-16
vn -0.8742823831656082 -0.48399023499722904 -0.03719901764283141
vn -0.8749015816028336 -0.4843007562546852 -1.071445379450056e-16
vn -0.8742823831656082 -0.48399023499722904 -0.03719901764283141
vn -0.8742823831656082 -0.48399023499722904 -0.03719901764283141
vn -0.8742823831656082 -0.48399023499722904 0.03719901764283141
vn -0.8742823831656082 -0.48399023499722904 0.03719901764283141
vn -0.8749015816028336 -0.4843007562546852 -1.071445379450056e-16
vn -0.8742823831656082 -0.48399023499722904 0.03719901764283141
vn -0.8749015816028336 -0.4843007562546852 -1.071445379450056e-16
vn -0.8749015816028336 -0.4843007562546852 -1.071445379450056e-16
vn -0.7443201426690708 -0.605916133084984 -0.28080805701481276
vn -0.3084161540170756 -0.6738353285454698 -0.671435347554278
vn -0.7213569259307543 -0.605663953181623 -0.3358799803920159
vn -0.3084161540170756 -0.6738353285454698 -0.671435347554278
vn -0.7443201426690708 -0.605916133084984 -0.28080805701481276
vn -0.367315117241516 -0.6590262121728474 -0.656326181341991
vn -0.3084161540170756 -0.6738353285454698 -0.671435347554278
vn -0.367315117241516 -0.6590262121728474 -0.656326181341991
vn 0.19410396128890736 -0.7315148306093242 -0.653612809552082
vn 0.26750313431926265 -0.7294084210577105 -0.6296073605188142
vn -0.3084161540170756 -0.6738353285454698 -0.671435347554278
vn 0.19410396128890736 -0.7315148306093242 -0.653612809552082
vn 0.26750313431926265 -0.7294084210577105 -0.6296073605188142
vn 0.19410396128890736 -0.7315148306093242 -0.653612809552082
vn 0.5832821681582344 -0.6622792431035492 -0.47028514378281105
vn -0.7443201426690708 -0.605916133084984 0.28080805701481276
vn -0.3084161540170756 -0.6738353285454698 0.671435347554278
vn -0.367315117241516 -0.6590262121728474 0.656326181341991
vn -0.3084161540170756 -0.6738353285454698 0.671435347554278
vn -0.7443201426690708 -0.605916133084984 0.28080805701481276
vn -0.7213569259307543 -0.605663953181623 0.3358799803920159
vn 0.19410396128890736 -0.7315148306093242 0.653612809552082
vn -0.367315117241516 -0.6590262121728474 0.656326181341991
vn -0.3084161540170756 -0.6738353285454698 0.671435347554278
vn 0.19410396128890736 -0.7315148306093242 0.653612809552082
vn -0.3084161540170756 -0.6738353285454698 0.671435347554278
vn 0.26750313431926265 -0.7294084210577105 0.6296073605188142
vn 0.26750313431926265 -0.7294084210577105 0.6296073605188142
vn 0.5832821681582344 -0.6622792431035492 0.47028514378281105
vn 0.19410396128890736 -0.7315148306093242 0.653612809552082
vn -0.6303817626056201 0.21409390853993482 -0.7461786861739793
vn -0.6303817626056201 0.21409390853993482 -0.7461786861739793
vn -0.6303817626056201 0.21409390853993482 -0.7461786861739793
vn -0.6303817626056201 0.21409390853993482 -0.7461786861739793
vn -0.6303817626056201 0.21409390853993482 -0.7461786861739793
vn -0.6303817626056201 0.21409390853993482 -0.7461786861739793
vn -0.6303817626056201 0.21409390853993482 0.7461786861739793
vn -0.6303817626056201 0.21409390853993482 0.7461786861739793
vn -0.6303817626056201 0.21409390853993482 0.7461786861739793
vn -0.6303817626056201 0.21409390853993482 0.7461786861739793
vn -0.6303817626056201 0.21409390853993482 0.7461786861739793
vn -0.6303817626056201 0.21409390853993482 0.7461786861739793
vn 0.5910908618448859 -0.33839491230823043 -0.7321888256231277
vn 0.6387070919137412 0.120801022355147 -0.7599081284846497
vn 0.6387070919137412 0.120801022355147 -0.7599081284846497
vn 0.6387070919137412 0.120801022355147 -0.7599081284846497
vn 0.5919219306342857 -0.33511197855126806 -0.7330268684472856
vn 0.5910908618448859 -0.33839491230823043 -0.7321888256231277
vn 0.6387070919137412 0.120801022355147 0.7599081284846497
vn 0.5910908618448859 -0.33839491230823043 0.7321888256231277
vn 0.5919219306342857 -0.33511197855126806 0.7330268684472856
vn 0.5910908618448859 -0.33839491230823043 0.7321888256231277
vn 0.6387070919137412 0.120801022355147 0.7599081284846497
vn 0.6387070919137412 0.120801022355147 0.7599081284846497
vn -0.44888800089819847 -0.5664849840407604 -0.6910819962247303
vn -0.3321990679774317 -0.6183991452668031 -0.7121982002000659
vn -0.7298840823709141 -0.3739920229476766 -0.5721880749133744
vn -0.44888800089819847 -0.5664849840407604 0.6910819962247303
vn -0.7298840823709141 -0.3739920229476766 0.5721880749133744
vn -0.3321990679774317 -0.6183991452668031 0.7121982002000659
vn -0.6023126438410763 0.7917165415008165 0.1020019459773138
vn -0.6415981615178666 0.7669981676014841 -0.008100002028345543
vn -0.5907743735794135 0.8004654866240752 0.1011960683304132
vn -0.6415981615178666 0.7669981676014841 -0.008100002028345543
vn -0.6023126438410763 0.7917165415008165 0.1020019459773138
vn -0.641601980009095 0.7670020464388848 -0.0074000004710864506
vn 0.7832642163814432 0.6216711971163374 0.004700001308905074
vn 0.7679069991067121 0.6226059597217924 -0.15060099482350622
vn 0.7832642163814432 0.6216711971163374 0.004700001308905074
vn 0.7679069991067121 0.6226059597217924 -0.15060099482350622
vn 0.7832642163814432 0.6216711971163374 0.004700001308905074
vn 0.7666944728094988 0.6225953589897951 -0.15669908847129005
vn 0.7669008468093538 0.6251007991064214 0.14529997288234264
vn 0.7832642163814432 0.6216711971163374 0.004700001308905074
vn 0.7832642163814432 0.6216711971163374 0.004700001308905074
vn 0.7832642163814432 0.6216711971163374 0.004700001308905074
vn 0.7669008468093538 0.6251007991064214 0.14529997288234264
vn 0.7658812891046118 0.6253852159449126 0.1493960597773347
vn -0.6415981615178666 0.7669981676014841 -0.008100002028345543
vn -0.601394234317411 0.7909923768600094 -0.11249904301427599
vn -0.5899020996189508 0.8000020935698073 -0.10960001436623387
vn -0.601394234317411 0.7909923768600094 -0.11249904301427599
vn -0.6415981615178666 0.7669981676014841 -0.008100002028345543
vn -0.641601980009095 0.7670020464388848 -0.0074000004710864506
vn 0.6690958786044088 0.735094850537335 -0.10929897505506261
vn 0.7948624808667227 0.5215753133757728 0.3100851963370119
vn 0.6807092488500921 0.7241102521184257 -0.11090203472855244
vn 0.7948624808667227 0.5215753133757728 0.3100851963370119
vn 0.6690958786044088 0.735094850537335 -0.10929897505506261
vn 0.7984102748965883 0.5025071366140172 0.33170410095676534
vn 0.7948624808667227 0.5215753133757728 0.3100851963370119
vn 0.7984102748965883 0.5025071366140172 0.33170410095676534
vn 0.7244080352047373 0.2401030228201508 0.6462070387758387
vn 0.7244080352047373 0.2401030228201508 0.6462070387758387
vn 0.7252949590294104 0.233597982622856 0.6475949389248326
vn 0.7948624808667227 0.5215753133757728 0.3100851963370119
vn 0.6016939312025723 -0.16359798690714453 -0.7817928829516959
vn 0.5788782252668958 0.26319012108187606 -0.7717713135876173
vn 0.6018667284488396 -0.16169090739394001 -0.7820565782936778
vn 0.5788782252668958 0.26319012108187606 -0.7717713135876173
vn 0.6016939312025723 -0.16359798690714453 -0.7817928829516959
vn 0.5775000342175747 0.2690000184414549 -0.7708000392820418
vn -0.5728117390737842 0.23150489393760135 -0.7863155827415651
vn -0.5758151944153008 0.21160606805089266 -0.7897213013744218
vn -0.4987056734755629 0.51860569694739 -0.6945075826346297
vn 0.6331139808482943 0.1620029808510961 -0.7569159275968401
vn 0.6322837535446211 0.1793949473034901 -0.7536807731961209
vn 0.5806987821772703 0.4889987954730593 -0.6508986882793144
vn 0.5775000342175747 0.2690000184414549 0.7708000392820418
vn 0.6016939312025723 -0.16359798690714453 0.7817928829516959
vn 0.5788782252668958 0.26319012108187606 0.7717713135876173
vn 0.6016939312025723 -0.16359798690714453 0.7817928829516959
vn 0.6018667284488396 -0.16169090739394001 0.7820565782936778
vn 0.5788782252668958 0.26319012108187606 0.7717713135876173
vn -0.40209599239193966 -0.50309495753952 -0.7649929912101482
vn -0.5939857427324947 -0.45288983472511457 -0.6648847531965109
vn -0.4098042802145998 -0.5017053431563593 -0.7618085064936946
vn -0.40209599239193966 -0.50309495753952 0.7649929912101482
vn -0.4098042802145998 -0.5017053431563593 0.7618085064936946
vn -0.5939857427324947 -0.45288983472511457 0.6648847531965109
vn 0.6361889635216484 0.17169700012510378 0.7521859762328003
vn 0.5605890378945831 0.5390890456181445 0.6285880459306746
vn 0.6353227571211805 0.18350693800305565 0.7501267879423347
vn -0.6515278891936096 -0.011800998027669414 -0.7585328905515374
vn -0.6253970097660596 -0.14719900094074173 -0.7662969622135525
vn -0.6517031636036994 -0.010300002750674048 -0.7584041775282266
vn -0.6253970097660596 -0.14719900094074173 -0.7662969622135525
vn -0.6515278891936096 -0.011800998027669414 -0.7585328905515374
vn -0.6151781689373107 -0.18459306690841512 -0.7664732350919262
vn -0.5605022125971362 -0.3627011358078852 -0.7445032946585157
vn -0.6515278891936096 -0.011800998027669414 -0.7585328905515374
vn -0.6517031636036994 -0.010300002750674048 -0.7584041775282266
vn -0.5605022125971362 -0.3627011358078852 -0.7445032946585157
vn -0.5732907588144028 -0.3287948332866742 -0.7504876171276873
vn -0.6515278891936096 -0.011800998027669414 -0.7585328905515374
vn 0.6660139661897154 0.7373149507020554 0.1131019907493696
vn 0.7179997104717708 0.6959996952688094 -0.0077999966780413306
vn 0.6805931280850215 0.7244932003443676 0.1090990222606121
vn 0.6805931280850215 0.7244932003443676 0.1090990222606121
vn 0.7179997104717708 0.6959996952688094 -0.0077999966780413306
vn 0.7180028634840597 0.6960029080706273 -0.0071999990222753225
vn 0.7819848189402885 0.5616889092450619 -0.27019495216975653
vn 0.6660139661897154 0.7373149507020554 0.1131019907493696
vn 0.6805931280850215 0.7244932003443676 0.1090990222606121
vn 0.6660139661897154 0.7373149507020554 0.1131019907493696
vn 0.7819848189402885 0.5616889092450619 -0.27019495216975653
vn 0.7892848162023945 0.5300898490672705 -0.30989390253470683
vn 0.7892848162023945 0.5300898490672705 -0.30989390253470683
vn 0.7819848189402885 0.5616889092450619 -0.27019495216975653
vn 0.7293151220510525 0.2455050565405947 -0.6386131222897455
vn 0.7293151220510525 0.2455050565405947 -0.6386131222897455
vn 0.7819848189402885 0.5616889092450619 -0.27019495216975653
vn 0.7300860736454694 0.24009501456053292 -0.6397880188407092
vn 0.7300860736454694 0.24009501456053292 -0.6397880188407092
vn 0.697788342156264 0.3953931839407789 -0.5972902641463244
vn 0.7293151220510525 0.2455050565405947 -0.6386131222897455
vn -0.6515278891936096 -0.011800998027669414 0.7585328905515374
vn -0.5605022125971362 -0.3627011358078852 0.7445032946585157
vn -0.6517031636036994 -0.010300002750674048 0.7584041775282266
vn -0.5605022125971362 -0.3627011358078852 0.7445032946585157
vn -0.6515278891936096 -0.011800998027669414 0.7585328905515374
vn -0.5732907588144028 -0.3287948332866742 0.7504876171276873
vn -0.6515278891936096 -0.011800998027669414 0.7585328905515374
vn -0.6517031636036994 -0.010300002750674048 0.7584041775282266
vn -0.6253970097660596 -0.14719900094074173 0.7662969622135525
vn -0.6151781689373107 -0.18459306690841512 0.7664732350919262
vn -0.6515278891936096 -0.011800998027669414 0.7585328905515374
vn -0.6253970097660596 -0.14719900094074173 0.7662969622135525
vn 0.7179997104717708 0.6959996952688094 -0.0077999966780413306
vn 0.6807092488500921 0.7241102521184257 -0.11090203472855244
vn 0.7180028634840597 0.6960029080706273 -0.0071999990222753225
vn 0.6807092488500921 0.7241102521184257 -0.11090203472855244
vn 0.7179997104717708 0.6959996952688094 -0.0077999966780413306
vn 0.6690958786044088 0.735094850537335 -0.10929897505506261
vn -0.5678768728336485 0.2501899290696781 0.7841688955147262
vn -0.4764711525461303 0.5638661941152969 0.6745592308502585
vn -0.5697829022399817 0.23899296976161802 0.7862759087747161
vn 0.675307794056839 -0.33550389793846114 -0.6568078240659015
vn 0.6898815642659613 -0.6522825966549528 -0.31399178554067686
vn 0.6907899592285189 -0.6627899612279864 -0.28899601991111434
vn 0.6898815642659613 -0.6522825966549528 -0.31399178554067686
vn 0.675307794056839 -0.33550389793846114 -0.6568078240659015
vn 0.6739709013948593 -0.2880879740049192 -0.6802709337512091
vn 0.6835000045912218 -0.3055999931840306 0.6628999833230654
vn 0.6854401971129148 -0.3528210893028906 0.6369372144292796
vn 0.68850743635487 -0.6658073650645776 0.2875031525215138
vn 0.68850743635487 -0.6658073650645776 0.2875031525215138
vn 0.6854401971129148 -0.3528210893028906 0.6369372144292796
vn 0.6890054274152165 -0.6729054381668576 0.2692021401806532
vn -0.4907993350405359 -0.5124993297287203 -0.7045994959914321
vn -0.5832898570708963 -0.4023929206529039 -0.7055869046734351
vn -0.4259948328345039 -0.5715927938017449 -0.7012917228031561
vn -0.5832898570708963 -0.4023929206529039 -0.7055869046734351
vn -0.4907993350405359 -0.5124993297287203 -0.7045994959914321
vn -0.5967950188537123 -0.3803970194542123 -0.7064940290347461
vn 0.4339219659078805 0.563428942195153 -0.7030359554101703
vn 0.2374978780548617 0.7442946340003473 -0.6241956870387099
vn 0.47301412633983414 0.5086151469557489 -0.7194221768684541
vn 0.2374978780548617 0.7442946340003473 -0.6241956870387099
vn 0.4339219659078805 0.563428942195153 -0.7030359554101703
vn 0.16889599363663224 0.7792809789242924 -0.6034859561085837
vn 0.675307794056839 -0.33550389793846114 -0.6568078240659015
vn 0.6452128413572185 0.18600394184709793 -0.7410147926762909
vn 0.6739709013948593 -0.2880879740049192 -0.6802709337512091
vn 0.6739709013948593 -0.2880879740049192 -0.6802709337512091
vn 0.6452128413572185 0.18600394184709793 -0.7410147926762909
vn 0.6457828861914492 0.17249496234557993 -0.7437808493552647
vn 0.6435170925884549 0.19060501918893075 0.7413200915977453
vn 0.6835000045912218 -0.3055999931840306 0.6628999833230654
vn 0.6440159800694257 0.17840399186669945 0.7439189694457614
vn 0.6435170925884549 0.19060501918893075 0.7413200915977453
vn 0.6854401971129148 -0.3528210893028906 0.6369372144292796
vn 0.6835000045912218 -0.3055999931840306 0.6628999833230654
vn 0.7298214975882843 0.39081123172773274 0.5609163599088962
vn 0.7669008468093538 0.6251007991064214 0.14529997288234264
vn 0.7421760631601065 0.44098607136559087 0.5046840359410105
vn 0.7669008468093538 0.6251007991064214 0.14529997288234264
vn 0.7298214975882843 0.39081123172773274 0.5609163599088962
vn 0.7658812891046118 0.6253852159449126 0.1493960597773347
vn 0.7421760631601065 0.44098607136559087 0.5046840359410105
vn 0.604203762610786 -0.1002009588794756 0.7905046369798235
vn 0.7298214975882843 0.39081123172773274 0.5609163599088962
vn 0.7298214975882843 0.39081123172773274 0.5609163599088962
vn 0.604203762610786 -0.1002009588794756 0.7905046369798235
vn 0.60306106992861 -0.05709600353454877 0.7956490384063462
vn 0.60306106992861 -0.05709600353454877 0.7956490384063462
vn 0.604203762610786 -0.1002009588794756 0.7905046369798235
vn 0.5935230781167031 -0.3061120175972016 0.7443290861073778
vn -0.7849886811340928 0.619490726734693 0.004899998069319491
vn -0.7849886811340928 0.619490726734693 0.004899998069319491
vn -0.769926175020426 0.6190211053411082 -0.1550050197919049
vn -0.7849886811340928 0.619490726734693 0.004899998069319491
vn -0.769926175020426 0.6190211053411082 -0.1550050197919049
vn -0.768601877386012 0.6189018947146695 -0.1618999654023742
vn -0.7678918863785539 0.62169391121531 0.154397964985929
vn -0.7689869915805133 0.6214899948831446 0.14969700411197365
vn -0.7849886811340928 0.619490726734693 0.004899998069319491
vn -0.7689869915805133 0.6214899948831446 0.14969700411197365
vn -0.7849886811340928 0.619490726734693 0.004899998069319491
vn -0.7849886811340928 0.619490726734693 0.004899998069319491
vn 0.12169698213846408 -0.8229778634264637 -0.5548849257714641
vn -0.1361960748608436 -0.7807783965327435 -0.609783342426027
vn -0.1093950524127754 -0.7818663923612321 -0.6137733026155815
vn 0.04699901863716633 -0.8072843551264767 -0.5882882475582627
vn -0.1093950524127754 -0.7818663923612321 -0.6137733026155815
vn -0.1361960748608436 -0.7807783965327435 -0.609783342426027
vn -0.1093950524127754 -0.7818663923612321 0.6137733026155815
vn 0.04699901863716633 -0.8072843551264767 0.5882882475582627
vn -0.1361960748608436 -0.7807783965327435 0.609783342426027
vn -0.1361960748608436 -0.7807783965327435 0.609783342426027
vn 0.12169698213846408 -0.8229778634264637 0.5548849257714641
vn -0.1093950524127754 -0.7818663923612321 0.6137733026155815
vn 0.7679069991067121 0.6226059597217924 -0.15060099482350622
vn 0.7251081947829017 0.4034050937153037 -0.5581061155579903
vn 0.7359125083989418 0.44590771597393053 -0.5095086739368523
vn 0.7251081947829017 0.4034050937153037 -0.5581061155579903
vn 0.7679069991067121 0.6226059597217924 -0.15060099482350622
vn 0.7666944728094988 0.6225953589897951 -0.15669908847129005
vn 0.6092152032843049 -0.10870303273137921 -0.785519246589327
vn 0.7359125083989418 0.44590771597393053 -0.5095086739368523
vn 0.7251081947829017 0.4034050937153037 -0.5581061155579903
vn 0.6092152032843049 -0.10870303273137921 -0.785519246589327
vn 0.7251081947829017 0.4034050937153037 -0.5581061155579903
vn 0.6099759898800728 -0.059698000182946805 -0.790167982484726
vn 0.6099759898800728 -0.059698000182946805 -0.790167982484726
vn 0.5797003614493004 -0.36720023236169935 -0.727400495111919
vn 0.6092152032843049 -0.10870303273137921 -0.785519246589327
vn 0.6890054274152165 -0.6729054381668576 0.2692021401806532
vn 0.6805768854471869 -0.7326749231382882 0.001599999784448043
vn 0.68850743635487 -0.6658073650645776 0.2875031525215138
vn 0.68850743635487 -0.6658073650645776 0.2875031525215138
vn 0.6805768854471869 -0.7326749231382882 0.001599999784448043
vn 0.6805768005982458 -0.732674776752256 0.0016999995551236987
vn 0.6805768854471869 -0.7326749231382882 0.001599999784448043
vn 0.6898815642659613 -0.6522825966549528 -0.31399178554067686
vn 0.6805768005982458 -0.732674776752256 0.0016999995551236987
vn 0.6898815642659613 -0.6522825966549528 -0.31399178554067686
vn 0.6805768854471869 -0.7326749231382882 0.001599999784448043
vn 0.6907899592285189 -0.6627899612279864 -0.28899601991111434
vn -0.5843082748073434 -0.11660204990775287 0.8031113259996873
vn -0.7242812323280292 0.3839900988393193 0.5726851669903468
vn -0.5848812465162155 -0.07989703124624269 0.8071743255776134
vn -0.7242812323280292 0.3839900988393193 0.5726851669903468
vn -0.5843082748073434 -0.11660204990775287 0.8031113259996873
vn -0.7393840439132777 0.4389900200482482 0.5104889792194216
vn -0.7689869915805133 0.6214899948831446 0.14969700411197365
vn -0.7242812323280292 0.3839900988393193 0.5726851669903468
vn -0.7393840439132777 0.4389900200482482 0.5104889792194216
vn -0.7242812323280292 0.3839900988393193 0.5726851669903468
vn -0.7689869915805133 0.6214899948831446 0.14969700411197365
vn -0.7678918863785539 0.62169391121531 0.154397964985929
vn -0.5893847353033574 -0.12399695082751837 -0.7982796439699996
vn -0.7198778484235535 0.39638791002264495 -0.5697828605152623
vn -0.7331947739777904 0.4434968564696614 -0.5154958406361637
vn -0.7198778484235535 0.39638791002264495 -0.5697828605152623
vn -0.5893847353033574 -0.12399695082751837 -0.7982796439699996
vn -0.5915029746160498 -0.08409999454848639 -0.8019048708776554
vn -0.7331947739777904 0.4434968564696614 -0.5154958406361637
vn -0.7198778484235535 0.39638791002264495 -0.5697828605152623
vn -0.769926175020426 0.6190211053411082 -0.1550050197919049
vn -0.768601877386012 0.6189018947146695 -0.1618999654023742
vn -0.769926175020426 0.6190211053411082 -0.1550050197919049
vn -0.7198778484235535 0.39638791002264495 -0.5697828605152623
vn 0.16889599363663224 0.7792809789242924 0.6034859561085837
vn 0.2374978780548617 0.7442946340003473 0.6241956870387099
vn 0.03640000503832903 0.8317910987035285 0.5538940401834872
vn 0.2374978780548617 0.7442946340003473 0.6241956870387099
vn 0.16889599363663224 0.7792809789242924 0.6034859561085837
vn 0.4339219659078805 0.563428942195153 0.7030359554101703
vn 0.4339219659078805 0.563428942195153 0.7030359554101703
vn 0.47301412633983414 0.5086151469557489 0.7194221768684541
vn 0.2374978780548617 0.7442946340003473 0.6241956870387099
vn 0.6440159800694257 0.17840399186669945 0.7439189694457614
vn 0.60190094283264 0.468500977756127 0.646700926904185
vn 0.6435170925884549 0.19060501918893075 0.7413200915977453
vn 0.6457828861914492 0.17249496234557993 -0.7437808493552647
vn 0.6452128413572185 0.18600394184709793 -0.7410147926762909
vn 0.60190094283264 0.468500977756127 -0.646700926904185
vn 0.6673850202875858 -0.7121840486764489 0.21769500569962583
vn 0.7144896943660577 -0.40389382610600966 0.5712917414755317
vn 0.7149981380811826 -0.4244991016411219 0.5554981325318048
vn 0.7144896943660577 -0.40389382610600966 0.5712917414755317
vn 0.6673850202875858 -0.7121840486764489 0.21769500569962583
vn 0.6668683324187367 -0.7109664118461827 0.22318913155352715
vn 0.6424950994799848 0.19639805073932065 0.7406941695531291
vn 0.7149981380811826 -0.4244991016411219 0.5554981325318048
vn 0.7144896943660577 -0.40389382610600966 0.5712917414755317
vn 0.6424950994799848 0.19639805073932065 0.7406941695531291
vn 0.7144896943660577 -0.40389382610600966 0.5712917414755317
vn 0.643017164441876 0.18720504397807766 0.7426191471691902
vn 0.6656411680448109 -0.7098431367788153 -0.23031403902487593
vn 0.7112981669972078 -0.4307990963937384 -0.5553981060219333
vn 0.6652961958586271 -0.7086962449978385 -0.2347990717656339
vn 0.7112981669972078 -0.4307990963937384 -0.5553981060219333
vn 0.6656411680448109 -0.7098431367788153 -0.23031403902487593
vn 0.7114012234059502 -0.440501153016819 -0.5476011628250713
vn 0.7114012234059502 -0.440501153016819 -0.5476011628250713
vn 0.6529102214222877 0.16470305341069194 -0.7393112652729525
vn 0.7112981669972078 -0.4307990963937384 -0.5553981060219333
vn 0.7112981669972078 -0.4307990963937384 -0.5553981060219333
vn 0.6529102214222877 0.16470305341069194 -0.7393112652729525
vn 0.6539860515837148 0.1423970195107129 -0.7429840732939086
vn 0.7252949590294104 0.233597982622856 0.6475949389248326
vn 0.7244080352047373 0.2401030228201508 0.6462070387758387
vn 0.678514715864117 0.446109799462878 0.5836127373344651
vn 0.7832642163814432 0.6216711971163374 0.004700001308905074
vn 0.7679069991067121 0.6226059597217924 -0.15060099482350622
vn 0.7832642163814432 0.6216711971163374 0.004700001308905074
vn 0.7679069991067121 0.6226059597217924 -0.15060099482350622
vn 0.7832642163814432 0.6216711971163374 0.004700001308905074
vn 0.7666944728094988 0.6225953589897951 -0.15669908847129005
vn 0.7669008468093538 0.6251007991064214 0.14529997288234264
vn 0.7832642163814432 0.6216711971163374 0.004700001308905074
vn 0.7832642163814432 0.6216711971163374 0.004700001308905074
vn 0.7832642163814432 0.6216711971163374 0.004700001308905074
vn 0.7669008468093538 0.6251007991064214 0.14529997288234264
vn 0.7658812891046118 0.6253852159449126 0.1493960597773347
vn -0.3280939204225293 -0.6073888022803617 -0.7234868500851985
vn -0.19449999968589896 -0.6411010040154419 -0.7424010053687815
vn -0.6481938384951778 -0.4614958779377019 -0.6056948921556108
vn -0.3280939204225293 -0.6073888022803617 0.7234868500851985
vn -0.6481938384951778 -0.4614958779377019 0.6056948921556108
vn -0.19449999968589896 -0.6411010040154419 0.7424010053687815
vn -0.32049409246717525 -0.7166872179210753 -0.6193891897363004
vn -0.5249092693078286 -0.6428113123542726 -0.557910275675309
vn -0.30530590238461625 -0.7205147842227805 -0.6226128425317896
vn -0.14900001434833432 -0.7489990366462017 -0.6456000610496083
vn -0.32049409246717525 -0.7166872179210753 -0.6193891897363004
vn -0.30530590238461625 -0.7205147842227805 -0.6226128425317896
vn -0.32049409246717525 -0.7166872179210753 -0.6193891897363004
vn -0.14900001434833432 -0.7489990366462017 -0.6456000610496083
vn -0.14900001434833432 -0.7489990366462017 -0.6456000610496083
vn 0.6673850202875858 -0.7121840486764489 0.21769500569962583
vn 0.6807420627316696 -0.7324450372686946 -0.010701000340724935
vn 0.6668683324187367 -0.7109664118461827 0.22318913155352715
vn 0.6668683324187367 -0.7109664118461827 0.22318913155352715
vn 0.6807420627316696 -0.7324450372686946 -0.010701000340724935
vn 0.6807286612296876 -0.7324306828172015 -0.012400993845870364
vn 0.6807420627316696 -0.7324450372686946 -0.010701000340724935
vn 0.6652961958586271 -0.7086962449978385 -0.2347990717656339
vn 0.6807286612296876 -0.7324306828172015 -0.012400993845870364
vn 0.6652961958586271 -0.7086962449978385 -0.2347990717656339
vn 0.6807420627316696 -0.7324450372686946 -0.010701000340724935
vn 0.6656411680448109 -0.7098431367788153 -0.23031403902487593
vn 0.06339998379922213 0.8286958123329458 -0.5560968374987377
vn -0.00030000002039370195 0.8419150286496728 -0.5396100393189588
vn -0.15889603012801606 0.8583791913176769 -0.487788084645748
vn 0.7298214975882843 0.39081123172773274 0.5609163599088962
vn 0.7669008468093538 0.6251007991064214 0.14529997288234264
vn 0.7421760631601065 0.44098607136559087 0.5046840359410105
vn 0.7669008468093538 0.6251007991064214 0.14529997288234264
vn 0.7298214975882843 0.39081123172773274 0.5609163599088962
vn 0.7658812891046118 0.6253852159449126 0.1493960597773347
vn 0.7421760631601065 0.44098607136559087 0.5046840359410105
vn 0.5995890047571601 -0.14809699715830463 0.7864860487046236
vn 0.7298214975882843 0.39081123172773274 0.5609163599088962
vn 0.7298214975882843 0.39081123172773274 0.5609163599088962
vn 0.5995890047571601 -0.14809699715830463 0.7864860487046236
vn 0.6004992079076094 -0.11160004049104341 0.7917993004952273
vn 0.7323050242340251 0.6691050295005047 -0.12660099122334098
vn 0.7240970555949214 0.6896980238327084 -0.000300000036109602
vn 0.7316589663903785 0.6730620000429776 -0.10799398593768801
vn 0.7316589663903785 0.6730620000429776 -0.10799398593768801
vn 0.7240970555949214 0.6896980238327084 -0.000300000036109602
vn 0.7240970555949214 0.6896980238327084 -0.000300000036109602
vn 0.7240970555949214 0.6896980238327084 -0.000300000036109602
vn 0.7321882800573124 0.6756892760281786 0.08569903620946112
vn 0.7240970555949214 0.6896980238327084 -0.000300000036109602
vn 0.7240970555949214 0.6896980238327084 -0.000300000036109602
vn 0.7351412076595617 0.664937248677352 0.13200704572951627
vn 0.7321882800573124 0.6756892760281786 0.08569903620946112
vn 0.7679069991067121 0.6226059597217924 -0.15060099482350622
vn 0.7251081947829017 0.4034050937153037 -0.5581061155579903
vn 0.7359125083989418 0.44590771597393053 -0.5095086739368523
vn 0.7251081947829017 0.4034050937153037 -0.5581061155579903
vn 0.7679069991067121 0.6226059597217924 -0.15060099482350622
vn 0.7666944728094988 0.6225953589897951 -0.15669908847129005
vn 0.6050931790627282 -0.15209804423261694 -0.7814911577186106
vn 0.7359125083989418 0.44590771597393053 -0.5095086739368523
vn 0.7251081947829017 0.4034050937153037 -0.5581061155579903
vn 0.6050931790627282 -0.15209804423261694 -0.7814911577186106
vn 0.7251081947829017 0.4034050937153037 -0.5581061155579903
vn 0.6071230609783863 -0.11440400478929717 -0.7863290103489792
vn -0.4259948328345039 -0.5715927938017449 0.7012917228031561
vn -0.4907993350405359 -0.5124993297287203 0.7045994959914321
vn -0.2998888740695769 -0.6674747355950574 0.681574750523807
vn -0.5832898570708963 -0.4023929206529039 0.7055869046734351
vn -0.4907993350405359 -0.5124993297287203 0.7045994959914321
vn -0.4259948328345039 -0.5715927938017449 0.7012917228031561
vn -0.5967950188537123 -0.3803970194542123 0.7064940290347461
vn -0.4907993350405359 -0.5124993297287203 0.7045994959914321
vn -0.5832898570708963 -0.4023929206529039 0.7055869046734351
vn 0.7805382670438723 -0.6250311781196247 0.009800002986874563
vn 0.7805878909487003 -0.6249909235545091 0.008299998719389808
vn 0.7434401593449063 -0.6511351537387429 -0.15270802545656903
vn 0.7805382670438723 -0.6250311781196247 0.009800002986874563
vn 0.7434401593449063 -0.6511351537387429 -0.15270802545656903
vn 0.7252849351599288 -0.6676869998715613 -0.16779699947428017
vn 0.7299581629658599 -0.6648621434843206 0.15849104227350494
vn 0.7434961186156326 -0.6506960380092188 0.15429902048488348
vn 0.7805382670438723 -0.6250311781196247 0.009800002986874563
vn 0.7434961186156326 -0.6506960380092188 0.15429902048488348
vn 0.7805878909487003 -0.6249909235545091 0.008299998719389808
vn 0.7805382670438723 -0.6250311781196247 0.009800002986874563
vn 0.6539860515837148 0.1423970195107129 -0.7429840732939086
vn 0.6529102214222877 0.16470305341069194 -0.7393112652729525
vn 0.6027881500165984 0.46599113918471013 -0.6476871964157567
vn 0.643017164441876 0.18720504397807766 0.7426191471691902
vn 0.5963381448904904 0.48343014068980145 0.6408401641760659
vn 0.6424950994799848 0.19639805073932065 0.7406941695531291
vn 0.7593040482028117 0.4660020182243404 -0.4542020270690826
vn 0.7323050242340251 0.6691050295005047 -0.12660099122334098
vn 0.7316589663903785 0.6730620000429776 -0.10799398593768801
vn 0.7323050242340251 0.6691050295005047 -0.12660099122334098
vn 0.7593040482028117 0.4660020182243404 -0.4542020270690826
vn 0.7592888563803165 0.46749288393761407 -0.4526928716518117
vn -0.17479703194839985 0.7550891199223525 -0.6318911445786508
vn -0.40360102421565397 0.7205010717542076 -0.5639010718673205
vn -0.18679697369226023 0.7543878972688166 -0.6292899101954095
vn -0.7849886811340928 0.619490726734693 0.004899998069319491
vn -0.7849886811340928 0.619490726734693 0.004899998069319491
vn -0.769926175020426 0.6190211053411082 -0.1550050197919049
vn -0.7849886811340928 0.619490726734693 0.004899998069319491
vn -0.769926175020426 0.6190211053411082 -0.1550050197919049
vn -0.768601877386012 0.6189018947146695 -0.1618999654023742
vn -0.7678918863785539 0.62169391121531 0.154397964985929
vn -0.7689869915805133 0.6214899948831446 0.14969700411197365
vn -0.7849886811340928 0.619490726734693 0.004899998069319491
vn -0.7689869915805133 0.6214899948831446 0.14969700411197365
vn -0.7849886811340928 0.619490726734693 0.004899998069319491
vn -0.7849886811340928 0.619490726734693 0.004899998069319491
vn 0.7580292066446193 0.4656181536152268 0.45671813725499916
vn 0.757907095736121 0.45230406711623633 0.4701041002830643
vn 0.7351412076595617 0.664937248677352 0.13200704572951627
vn -0.4098042802145998 -0.5017053431563593 -0.7618085064936946
vn -0.09859799840158327 -0.561788930631201 -0.8213839736271051
vn -0.40209599239193966 -0.50309495753952 -0.7649929912101482
vn -0.09859799840158327 -0.561788930631201 -0.8213839736271051
vn -0.4098042802145998 -0.5017053431563593 -0.7618085064936946
vn 0.00569999961855418 -0.5791839349102086 -0.8151769621047174
vn 0.7252849351599288 -0.6676869998715613 -0.16779699947428017
vn 0.7395058946392385 -0.673104889164877 0.007799998471662307
vn 0.7643011244307873 -0.6250010754970221 0.1588000214779577
vn 0.7395058946392385 -0.673104889164877 0.007799998471662307
vn 0.7252849351599288 -0.6676869998715613 -0.16779699947428017
vn 0.7434401593449063 -0.6511351537387429 -0.15270802545656903
vn 0.7643011244307873 -0.6250010754970221 0.1588000214779577
vn 0.7395058946392385 -0.673104889164877 0.007799998471662307
vn 0.7083020754201579 -0.3511010382570392 0.6124020173793729
vn -0.17789991484992895 -0.42130080540443426 0.8893015527153671
vn -0.24779398402928982 -0.4531899629102283 0.8562809112647076
vn 0.10049892868403289 -0.5443926402901414 0.8327884596530445
vn 0.10049892868403289 -0.5443926402901414 0.8327884596530445
vn 0.2373049755079601 -0.6326128970695815 0.7372158917579011
vn -0.17789991484992895 -0.42130080540443426 0.8893015527153671
vn -0.24779398402928982 -0.4531899629102283 0.8562809112647076
vn -0.4621118588107705 -0.43301185805969933 0.7739207716078832
vn -0.44961381370847237 -0.4377128522002637 0.7786237072817864
vn -0.17789991484992895 -0.42130080540443426 0.8893015527153671
vn -0.4621118588107705 -0.43301185805969933 0.7739207716078832
vn -0.24779398402928982 -0.4531899629102283 0.8562809112647076
vn 0.4179169934517321 -0.8263339599713163 0.377514997294661
vn 0.417710847830629 -0.8749227077069871 0.24500592471058902
vn 0.2373049755079601 -0.6326128970695815 0.7372158917579011
vn 0.2373049755079601 -0.6326128970695815 0.7372158917579011
vn 0.10049892868403289 -0.5443926402901414 0.8327884596530445
vn 0.4179169934517321 -0.8263339599713163 0.377514997294661
vn 0.00569999961855418 -0.5791839349102086 0.8151769621047174
vn -0.4098042802145998 -0.5017053431563593 0.7618085064936946
vn -0.09859799840158327 -0.561788930631201 0.8213839736271051
vn -0.09859799840158327 -0.561788930631201 0.8213839736271051
vn -0.4098042802145998 -0.5017053431563593 0.7618085064936946
vn -0.40209599239193966 -0.50309495753952 0.7649929912101482
vn -0.5375919920984645 -0.46319299788935486 -0.7045900203223692
vn -0.4787070505850021 -0.5282080827669666 -0.701310046284704
vn -0.3623951127113832 -0.6356911746338235 -0.681591162483474
vn -0.1030969562030602 -0.5478847712073666 -0.8301766649940939
vn 0.1803030467657127 -0.6806111731658337 -0.7101121336020308
vn -0.20009496977078306 -0.5209869190356379 -0.8297798703669442
vn 0.26361107365959985 -0.724630223973408 -0.6367261894631646
vn 0.1803030467657127 -0.6806111731658337 -0.7101121336020308
vn -0.1030969562030602 -0.5478847712073666 -0.8301766649940939
vn -0.4621118588107705 -0.43301185805969933 -0.7739207716078832
vn -0.1030969562030602 -0.5478847712073666 -0.8301766649940939
vn -0.20009496977078306 -0.5209869190356379 -0.8297798703669442
vn -0.4621118588107705 -0.43301185805969933 -0.7739207716078832
vn -0.20009496977078306 -0.5209869190356379 -0.8297798703669442
vn -0.44961381370847237 -0.4377128522002637 -0.7786237072817864
vn 0.41000686755536125 -0.8539147101999255 -0.3205059067499653
vn 0.1803030467657127 -0.6806111731658337 -0.7101121336020308
vn 0.26361107365959985 -0.724630223973408 -0.6367261894631646
vn 0.41060414595773576 -0.8806083134903149 -0.23650207934405518
vn 0.41000686755536125 -0.8539147101999255 -0.3205059067499653
vn 0.26361107365959985 -0.724630223973408 -0.6367261894631646
vn -0.5387000508364193 -0.35640007699491444 -0.7634011005669682
vn -0.6151781689373107 -0.18459306690841512 -0.7664732350919262
vn -0.49450501877459485 -0.42100402779122864 -0.7604080450589012
vn -0.6151781689373107 -0.18459306690841512 -0.7664732350919262
vn -0.5387000508364193 -0.35640007699491444 -0.7634011005669682
vn -0.6253970097660596 -0.14719900094074173 -0.7662969622135525
vn 0.7720041276044098 -0.6297040582534916 -0.08650101722429303
vn 0.7299581629658599 -0.6648621434843206 0.15849104227350494
vn 0.7926901649373831 -0.570793097325209 -0.21409703981475067
vn 0.7299581629658599 -0.6648621434843206 0.15849104227350494
vn 0.7720041276044098 -0.6297040582534916 -0.08650101722429303
vn 0.7434961186156326 -0.6506960380092188 0.15429902048488348
vn 0.7030001897037274 -0.289500088253178 -0.6496002094965221
vn 0.701089848464063 -0.29389592563146855 -0.6496908566986762
vn 0.7926901649373831 -0.570793097325209 -0.21409703981475067
vn -0.03740000747251673 -0.678005103368079 -0.7341051145768541
vn -0.32168307113545563 -0.5841701483881202 -0.7451612171047705
vn -0.14450400846145767 -0.6546180743925295 -0.7420200591744053
vn -0.14450400846145767 -0.6546180743925295 -0.7420200591744053
vn -0.32168307113545563 -0.5841701483881202 -0.7451612171047705
vn -0.006900000297183556 -0.6906020552492946 -0.7232020404294702
vn -0.14450400846145767 -0.6546180743925295 0.7420200591744053
vn -0.006900000297183556 -0.6906020552492946 0.7232020404294702
vn -0.32168307113545563 -0.5841701483881202 0.7451612171047705
vn -0.32168307113545563 -0.5841701483881202 0.7451612171047705
vn -0.03740000747251673 -0.678005103368079 0.7341051145768541
vn -0.14450400846145767 -0.6546180743925295 0.7420200591744053
vn -0.5738961748072271 -0.1911990659687845 0.7962952327587406
vn -0.7242812323280292 0.3839900988393193 0.5726851669903468
vn -0.5752407344363415 -0.17631191113232622 0.7987566634701742
vn -0.7242812323280292 0.3839900988393193 0.5726851669903468
vn -0.5738961748072271 -0.1911990659687845 0.7962952327587406
vn -0.7393840439132777 0.4389900200482482 0.5104889792194216
vn -0.7689869915805133 0.6214899948831446 0.14969700411197365
vn -0.7242812323280292 0.3839900988393193 0.5726851669903468
vn -0.7393840439132777 0.4389900200482482 0.5104889792194216
vn -0.7242812323280292 0.3839900988393193 0.5726851669903468
vn -0.7689869915805133 0.6214899948831446 0.14969700411197365
vn -0.7678918863785539 0.62169391121531 0.154397964985929
vn -0.5801180052469328 -0.19140598334289002 -0.7917239730669147
vn -0.7198778484235535 0.39638791002264495 -0.5697828605152623
vn -0.7331947739777904 0.4434968564696614 -0.5154958406361637
vn -0.7198778484235535 0.39638791002264495 -0.5697828605152623
vn -0.5801180052469328 -0.19140598334289002 -0.7917239730669147
vn -0.5814880672863273 -0.17959602004621303 -0.7934840245317937
vn -0.7331947739777904 0.4434968564696614 -0.5154958406361637
vn -0.7198778484235535 0.39638791002264495 -0.5697828605152623
vn -0.769926175020426 0.6190211053411082 -0.1550050197919049
vn -0.768601877386012 0.6189018947146695 -0.1618999654023742
vn -0.769926175020426 0.6190211053411082 -0.1550050197919049
vn -0.7198778484235535 0.39638791002264495 -0.5697828605152623
vn 0.6635080755709418 -0.3260040371528471 0.6734080497084888
vn 0.6652058412910289 -0.37180289905303665 0.6475058246595561
vn 0.6770967117003819 -0.6620966666846336 0.32119783151451564
vn 0.6770967117003819 -0.6620966666846336 0.32119783151451564
vn 0.6652058412910289 -0.37180289905303665 0.6475058246595561
vn 0.6791753247279206 -0.6747753098023984 0.2887891264604693
vn 0.6330921763872509 0.17389805927918237 0.7542902366968485
vn 0.6635080755709418 -0.3260040371528471 0.6734080497084888
vn 0.6338946186232215 0.1536989054046732 0.7579935744832709
vn 0.6330921763872509 0.17389805927918237 0.7542902366968485
vn 0.6652058412910289 -0.37180289905303665 0.6475058246595561
vn 0.6635080755709418 -0.3260040371528471 0.6734080497084888
vn 0.664021611293147 -0.3874127567278036 -0.6395206452181325
vn 0.6761837519606636 -0.6607837596815699 -0.32579189143606513
vn 0.678310171753688 -0.6736101665891461 -0.29350409599054117
vn 0.6761837519606636 -0.6607837596815699 -0.32579189143606513
vn 0.664021611293147 -0.3874127567278036 -0.6395206452181325
vn 0.6630773103329782 -0.3520881913983954 -0.6605773126587
vn 0.664021611293147 -0.3874127567278036 -0.6395206452181325
vn 0.6425072050283855 0.14410205399728687 -0.7526081912392232
vn 0.6630773103329782 -0.3520881913983954 -0.6605773126587
vn 0.6630773103329782 -0.3520881913983954 -0.6605773126587
vn 0.6425072050283855 0.14410205399728687 -0.7526081912392232
vn 0.6437868340465712 0.11049796408392894 -0.7571847279505834
vn -0.7764321626426981 -0.6301261831988542 0.009700003156026404
vn -0.7384835645645589 -0.6569855955114632 -0.15169690886261059
vn -0.7764425879114506 -0.6301346425590212 0.008199995389278939
vn -0.7384835645645589 -0.6569855955114632 -0.15169690886261059
vn -0.7764321626426981 -0.6301261831988542 0.009700003156026404
vn -0.7200142102637853 -0.673713262871038 -0.1664030542083799
vn -0.7764321626426981 -0.6301261831988542 0.009700003156026404
vn -0.7385802263474204 -0.656482219206494 0.15339604008679686
vn -0.7247113677183573 -0.6708103503240568 0.15750208696364668
vn -0.7385802263474204 -0.656482219206494 0.15339604008679686
vn -0.7764321626426981 -0.6301261831988542 0.009700003156026404
vn -0.7764425879114506 -0.6301346425590212 0.008199995389278939
vn 0.7592888563803165 0.46749288393761407 -0.4526928716518117
vn 0.6690208786433204 0.26440792779984745 -0.6946218479546337
vn 0.664216199616639 0.2750070903169521 -0.6951172134555674
vn 0.6690208786433204 0.26440792779984745 -0.6946218479546337
vn 0.7592888563803165 0.46749288393761407 -0.4526928716518117
vn 0.7593040482028117 0.4660020182243404 -0.4542020270690826
vn 0.6687801485211975 0.26799204965274376 0.6934791808460341
vn 0.7580292066446193 0.4656181536152268 0.45671813725499916
vn 0.6639310027443927 0.27841299377695566 0.6940330168594128
vn 0.7580292066446193 0.4656181536152268 0.45671813725499916
vn 0.6687801485211975 0.26799204965274376 0.6934791808460341
vn 0.757907095736121 0.45230406711623633 0.4701041002830643
vn 0.7240958418320836 0.6896958545933956 0.002199999584554892
vn 0.7075726630926065 0.703672671447451 0.06469696980573772
vn 0.7078990011681218 0.703399029131473 0.06409999970418413
vn 0.7075726630926065 0.703672671447451 0.06469696980573772
vn 0.7240958418320836 0.6896958545933956 0.002199999584554892
vn 0.7240962758381906 0.6896962906342982 0.0019000006718062662
vn 0.7075726630926065 0.703672671447451 0.06469696980573772
vn 0.7897537277754874 0.4663318352568972 0.39852687348616217
vn 0.7078990011681218 0.703399029131473 0.06409999970418413
vn 0.7897537277754874 0.4663318352568972 0.39852687348616217
vn 0.7075726630926065 0.703672671447451 0.06469696980573772
vn 0.7907816308670214 0.4579897900308551 0.40609083283273856
vn 0.7897537277754874 0.4663318352568972 0.39852687348616217
vn 0.7907816308670214 0.4579897900308551 0.40609083283273856
vn 0.7344183949695748 0.27940714465358807 0.6185153746244652
vn 0.7344183949695748 0.27940714465358807 0.6185153746244652
vn 0.7386049066276595 0.25730195760188207 0.6231039195188757
vn 0.7897537277754874 0.4663318352568972 0.39852687348616217
vn 0.2374978780548617 0.7442946340003473 -0.6241956870387099
vn 0.16889599363663224 0.7792809789242924 -0.6034859561085837
vn 0.03640000503832903 0.8317910987035285 -0.5538940401834872
vn 0.8028071490712076 0.41230410173099913 -0.4307040853021406
vn 0.7074629720412252 0.7039639409466382 -0.06269699384718928
vn 0.707901908802826 0.7036019104358783 -0.06179999307684043
vn 0.7074629720412252 0.7039639409466382 -0.06269699384718928
vn 0.8028071490712076 0.41230410173099913 -0.4307040853021406
vn 0.8011109011050683 0.43020595908887427 -0.4161059443159247
vn 0.8011109011050683 0.43020595908887427 -0.4161059443159247
vn 0.8028071490712076 0.41230410173099913 -0.4307040853021406
vn 0.738691644533411 0.21689789483243038 -0.6381927275625952
vn 0.738691644533411 0.21689789483243038 -0.6381927275625952
vn 0.8028071490712076 0.41230410173099913 -0.4307040853021406
vn 0.7388649867636005 0.21548999186406442 -0.6384689457923932
vn 0.7073979880887848 -0.34819900532229897 0.6150979914944456
vn 0.6897172286940172 -0.2971070985539135 0.660316224570864
vn 0.7083020754201579 -0.3511010382570392 0.6124020173793729
vn 0.6791753247279206 -0.6747753098023984 0.2887891264604693
vn 0.6807780074457463 -0.7324759754292839 -0.004499999679800527
vn 0.6770967117003819 -0.6620966666846336 0.32119783151451564
vn 0.6770967117003819 -0.6620966666846336 0.32119783151451564
vn 0.6807780074457463 -0.7324759754292839 -0.004499999679800527
vn 0.6807767076286494 -0.7324746168797139 -0.004899997674746183
vn 0.6807780074457463 -0.7324759754292839 -0.004499999679800527
vn 0.6761837519606636 -0.6607837596815699 -0.32579189143606513
vn 0.6807767076286494 -0.7324746168797139 -0.004899997674746183
vn 0.6761837519606636 -0.6607837596815699 -0.32579189143606513
vn 0.6807780074457463 -0.7324759754292839 -0.004499999679800527
vn 0.678310171753688 -0.6736101665891461 -0.29350409599054117
vn 0.5951951106004932 -0.1731990266092196 0.7846941298995969
vn 0.5939096736804675 -0.19270288711833833 0.7811126018731341
vn 0.5291202460550803 -0.5274202024422847 0.6647252780437571
vn -0.7601678385680923 -0.6300739061724003 0.1585929694764805
vn -0.7346081818471313 -0.6784072000584818 0.010700003367451968
vn -0.7200142102637853 -0.673713262871038 -0.1664030542083799
vn -0.7384835645645589 -0.6569855955114632 -0.15169690886261059
vn -0.7200142102637853 -0.673713262871038 -0.1664030542083799
vn -0.7346081818471313 -0.6784072000584818 0.010700003367451968
vn -0.7346081818471313 -0.6784072000584818 0.010700003367451968
vn -0.7601678385680923 -0.6300739061724003 0.1585929694764805
vn -0.691333957429668 -0.4084199713433854 0.5960289307680479
vn -0.7666327857925823 -0.6363268415410702 -0.08580397707723215
vn -0.7881330807801832 -0.5784239739670521 -0.2104090143508594
vn -0.7247113677183573 -0.6708103503240568 0.15750208696364668
vn -0.7666327857925823 -0.6363268415410702 -0.08580397707723215
vn -0.7247113677183573 -0.6708103503240568 0.15750208696364668
vn -0.7385802263474204 -0.656482219206494 0.15339604008679686
vn -0.6909959553107129 -0.35479797148914805 -0.6297959901201508
vn -0.6894799925346361 -0.3582889960138517 -0.6294810046616374
vn -0.7881330807801832 -0.5784239739670521 -0.2104090143508594
vn -0.5805920839276874 -0.1465980231455926 0.8008881642840712
vn -0.5819869579310888 -0.11529799435513866 0.804982952177125
vn -0.5424852874439796 -0.4160892296167624 0.729780423075155
vn 0.7074629720412252 0.7039639409466382 -0.06269699384718928
vn 0.7240962758381906 0.6896962906342982 0.0019000006718062662
vn 0.707901908802826 0.7036019104358783 -0.06179999307684043
vn 0.707901908802826 0.7036019104358783 -0.06179999307684043
vn 0.7240962758381906 0.6896962906342982 0.0019000006718062662
vn 0.7240958418320836 0.6896958545933956 0.002199999584554892
vn 0.14240297385235634 0.8188168239795725 -0.55611186087514
vn 0.08029899866694452 0.8380879885570985 -0.539592989436856
vn -0.07600300153714327 0.8696310083965908 -0.4878170281903592
vn 0.7832642163814432 0.6216711971163374 0.004700001308905074
vn 0.7679069991067121 0.6226059597217924 -0.15060099482350622
vn 0.7832642163814432 0.6216711971163374 0.004700001308905074
vn 0.7679069991067121 0.6226059597217924 -0.15060099482350622
vn 0.7832642163814432 0.6216711971163374 0.004700001308905074
vn 0.7666944728094988 0.6225953589897951 -0.15669908847129005
vn 0.7669008468093538 0.6251007991064214 0.14529997288234264
vn 0.7832642163814432 0.6216711971163374 0.004700001308905074
vn 0.7832642163814432 0.6216711971163374 0.004700001308905074
vn 0.7832642163814432 0.6216711971163374 0.004700001308905074
vn 0.7669008468093538 0.6251007991064214 0.14529997288234264
vn 0.7658812891046118 0.6253852159449126 0.1493960597773347
vn 0.6437868340465712 0.11049796408392894 -0.7571847279505834
vn 0.6425072050283855 0.14410205399728687 -0.7526081912392232
vn 0.5917848247922637 0.4580888372199793 -0.6632837540299306
vn 0.701089848464063 -0.29389592563146855 -0.6496908566986762
vn 0.7030001897037274 -0.289500088253178 -0.6496002094965221
vn 0.6745340926375897 -0.350317036455348 -0.6498320797242363
vn 0.6338946186232215 0.1536989054046732 0.7579935744832709
vn 0.5858092291048147 0.4752071784060397 0.6565102319743334
vn 0.6330921763872509 0.17389805927918237 0.7542902366968485
vn 0.6016966734112592 -0.17509889700319825 -0.7792955084395699
vn 0.5115120980631107 -0.5702140897958033 -0.6428151097581777
vn 0.6000959468943997 -0.19219899791820283 -0.7764949450705732
vn -0.49450501877459485 -0.42100402779122864 0.7604080450589012
vn -0.5387000508364193 -0.35640007699491444 0.7634011005669682
vn -0.40470692091752325 -0.5336088482315154 0.7426128905765729
vn -0.49450501877459485 -0.42100402779122864 0.7604080450589012
vn -0.6151781689373107 -0.18459306690841512 0.7664732350919262
vn -0.5387000508364193 -0.35640007699491444 0.7634011005669682
vn -0.6151781689373107 -0.18459306690841512 0.7664732350919262
vn -0.6253970097660596 -0.14719900094074173 0.7662969622135525
vn -0.5387000508364193 -0.35640007699491444 0.7634011005669682
vn -0.5859818883821534 -0.15129495716226332 -0.7960747844426139
vn -0.5244996705686609 -0.4707997285080943 -0.7093995427191019
vn -0.5883959103255337 -0.11949897897713486 -0.7996938456281935
vn 0.7298214975882843 0.39081123172773274 0.5609163599088962
vn 0.7669008468093538 0.6251007991064214 0.14529997288234264
vn 0.7421760631601065 0.44098607136559087 0.5046840359410105
vn 0.7669008468093538 0.6251007991064214 0.14529997288234264
vn 0.7298214975882843 0.39081123172773274 0.5609163599088962
vn 0.7658812891046118 0.6253852159449126 0.1493960597773347
vn 0.7421760631601065 0.44098607136559087 0.5046840359410105
vn 0.5934368446380425 -0.19561194128716225 0.7807487943326662
vn 0.7298214975882843 0.39081123172773274 0.5609163599088962
vn 0.7298214975882843 0.39081123172773274 0.5609163599088962
vn 0.5934368446380425 -0.19561194128716225 0.7807487943326662
vn 0.5947187523542458 -0.1778059297968523 0.7840246532649889
vn 0.7679069991067121 0.6226059597217924 -0.15060099482350622
vn 0.7251081947829017 0.4034050937153037 -0.5581061155579903
vn 0.7359125083989418 0.44590771597393053 -0.5095086739368523
vn 0.7251081947829017 0.4034050937153037 -0.5581061155579903
vn 0.7679069991067121 0.6226059597217924 -0.15060099482350622
vn 0.7666944728094988 0.6225953589897951 -0.15669908847129005
vn 0.5997127365783685 -0.1949039124754389 -0.7761166783979396
vn 0.7359125083989418 0.44590771597393053 -0.5095086739368523
vn 0.7251081947829017 0.4034050937153037 -0.5581061155579903
vn 0.5997127365783685 -0.1949039124754389 -0.7761166783979396
vn 0.7251081947829017 0.4034050937153037 -0.5581061155579903
vn 0.6011892414824437 -0.1794970589107028 -0.7786862665850551
vn -0.3758908762087887 -0.7051828417042141 0.6011848375907015
vn -0.2297970650393517 -0.7457901828344665 0.6252921813736623
vn -0.3471060399518953 -0.7147120842205918 0.6072100408408699
vn -0.2297970650393517 -0.7457901828344665 0.6252921813736623
vn -0.3758908762087887 -0.7051828417042141 0.6011848375907015
vn -0.2297970650393517 -0.7457901828344665 0.6252921813736623
vn -0.2284978819119011 -0.5397946933662526 -0.8101915865864124
vn -0.3355211727033621 -0.507332222627647 -0.7937503124732941
vn 0.13469599044710268 -0.6354809336112254 -0.7602769055903773
vn -0.2284978819119011 -0.5397946933662526 -0.8101915865864124
vn 0.13469599044710268 -0.6354809336112254 -0.7602769055903773
vn 0.13010395788383383 -0.6342217788182695 -0.7621257740134183
vn 0.13469599044710268 -0.6354809336112254 0.7602769055903773
vn -0.3355211727033621 -0.507332222627647 0.7937503124732941
vn -0.2284978819119011 -0.5397946933662526 0.8101915865864124
vn 0.13469599044710268 -0.6354809336112254 0.7602769055903773
vn -0.2284978819119011 -0.5397946933662526 0.8101915865864124
vn 0.13010395788383383 -0.6342217788182695 0.7621257740134183
vn 0.7805382670438723 -0.6250311781196247 0.009800002986874563
vn 0.7805878909487003 -0.6249909235545091 0.008299998719389808
vn 0.7434401593449063 -0.6511351537387429 -0.15270802545656903
vn 0.7805382670438723 -0.6250311781196247 0.009800002986874563
vn 0.7434401593449063 -0.6511351537387429 -0.15270802545656903
vn 0.7252849351599288 -0.6676869998715613 -0.16779699947428017
vn 0.7299581629658599 -0.6648621434843206 0.15849104227350494
vn 0.7434961186156326 -0.6506960380092188 0.15429902048488348
vn 0.7805382670438723 -0.6250311781196247 0.009800002986874563
vn 0.7434961186156326 -0.6506960380092188 0.15429902048488348
vn 0.7805878909487003 -0.6249909235545091 0.008299998719389808
vn 0.7805382670438723 -0.6250311781196247 0.009800002986874563
vn 0.7388649867636005 0.21548999186406442 -0.6384689457923932
vn 0.6825618158076713 0.46517387102204844 -0.5636689075332231
vn 0.738691644533411 0.21689789483243038 -0.6381927275625952
vn 0.6690208786433204 0.26440792779984745 -0.6946218479546337
vn 0.5925877809814679 0.4107908391344831 -0.6928857108604904
vn 0.664216199616639 0.2750070903169521 -0.6951172134555674
vn 0.6687801485211975 0.26799204965274376 0.6934791808460341
vn 0.6639310027443927 0.27841299377695566 0.6940330168594128
vn 0.5925877809814679 0.4107908391344831 0.6928857108604904
vn 0.7386049066276595 0.25730195760188207 0.6231039195188757
vn 0.7344183949695748 0.27940714465358807 0.6185153746244652
vn 0.6758910226602017 0.48019401862564576 0.5590930423136203
vn 0.2374978780548617 0.7442946340003473 -0.6241956870387099
vn 0.16889599363663224 0.7792809789242924 -0.6034859561085837
vn 0.03640000503832903 0.8317910987035285 -0.5538940401834872
vn -0.7849886811340928 0.619490726734693 0.004899998069319491
vn -0.7849886811340928 0.619490726734693 0.004899998069319491
vn -0.769926175020426 0.6190211053411082 -0.1550050197919049
vn -0.7849886811340928 0.619490726734693 0.004899998069319491
vn -0.769926175020426 0.6190211053411082 -0.1550050197919049
vn -0.768601877386012 0.6189018947146695 -0.1618999654023742
vn -0.7678918863785539 0.62169391121531 0.154397964985929
vn -0.7689869915805133 0.6214899948831446 0.14969700411197365
vn -0.7849886811340928 0.619490726734693 0.004899998069319491
vn -0.7689869915805133 0.6214899948831446 0.14969700411197365
vn -0.7849886811340928 0.619490726734693 0.004899998069319491
vn -0.7849886811340928 0.619490726734693 0.004899998069319491
vn -0.5882071837811045 0.8087102750356904 -7.203460656301026e-17
vn -0.509010914453898 0.7873169237342408 -0.3479079627839208
vn -0.5882071837811045 0.8087102750356904 -7.203460656301026e-17
vn -0.509010914453898 0.7873169237342408 -0.3479079627839208
vn -0.5882071837811045 0.8087102750356904 -7.203460656301026e-17
vn -0.4699070357636205 0.7643111191994312 -0.4416060357467508
vn -0.5882071837811045 0.8087102750356904 -7.203460656301026e-17
vn -0.509010914453898 0.7873169237342408 0.3479079627839208
vn -0.4699070357636205 0.7643111191994312 0.4416060357467508
vn -0.509010914453898 0.7873169237342408 0.3479079627839208
vn -0.5882071837811045 0.8087102750356904 -7.203460656301026e-17
vn -0.5882071837811045 0.8087102750356904 -7.203460656301026e-17
vn 0.7252849351599288 -0.6676869998715613 -0.16779699947428017
vn 0.7395058946392385 -0.673104889164877 0.007799998471662307
vn 0.7643011244307873 -0.6250010754970221 0.1588000214779577
vn 0.7395058946392385 -0.673104889164877 0.007799998471662307
vn 0.7252849351599288 -0.6676869998715613 -0.16779699947428017
vn 0.7434401593449063 -0.6511351537387429 -0.15270802545656903
vn 0.7643011244307873 -0.6250010754970221 0.1588000214779577
vn 0.7395058946392385 -0.673104889164877 0.007799998471662307
vn 0.6751980091700467 -0.4382979808947842 0.5932980097357152
vn -0.5843082748073434 -0.11660204990775287 0.8031113259996873
vn -0.5848812465162155 -0.07989703124624269 0.8071743255776134
vn -0.5623921709818915 -0.3444951150819907 0.7516902032772018
vn 0.39789999121188563 0.5225009995668447 -0.7541009895532754
vn 0.3828021916303727 0.5394033239157133 -0.7500043574751171
vn 0.1611059953633625 0.7358279454454801 -0.6577249371579761
vn 0.7720041276044098 -0.6297040582534916 -0.08650101722429303
vn 0.7299581629658599 -0.6648621434843206 0.15849104227350494
vn 0.7926901649373831 -0.570793097325209 -0.21409703981475067
vn 0.7299581629658599 -0.6648621434843206 0.15849104227350494
vn 0.7720041276044098 -0.6297040582534916 -0.08650101722429303
vn 0.7434961186156326 -0.6506960380092188 0.15429902048488348
vn 0.6738920770327682 -0.38499602461138144 -0.630592998332438
vn 0.6788919707080572 -0.3723959701023942 -0.6327929626344048
vn 0.7926901649373831 -0.570793097325209 -0.21409703981475067
vn -0.06260000112528916 -0.6668009697548632 0.742601983967918
vn -0.14340095089261695 -0.6171038093667066 0.7737047600656163
vn -0.5959101540934074 -0.5800101376710867 0.5554091540901521
vn -0.7245889913571623 -0.5461909779601611 0.42029300398523534
vn -0.5959101540934074 -0.5800101376710867 0.5554091540901521
vn -0.14340095089261695 -0.6171038093667066 0.7737047600656163
vn -0.14340095089261695 -0.6171038093667066 0.7737047600656163
vn -0.06260000112528916 -0.6668009697548632 0.742601983967918
vn -0.3321990679774317 -0.6183991452668031 0.7121982002000659
vn -0.44888800089819847 -0.5664849840407604 0.6910819962247303
vn -0.3321990679774317 -0.6183991452668031 0.7121982002000659
vn -0.06260000112528916 -0.6668009697548632 0.742601983967918
vn 0.6051871775767229 -0.7960832117917825 7.41140527683628e-17
vn 0.5249078228118285 -0.794211678749686 -0.30610388251139775
vn 0.6051871775767229 -0.7960832117917825 7.41140527683628e-17
vn 0.5249078228118285 -0.794211678749686 -0.30610388251139775
vn 0.6051871775767229 -0.7960832117917825 7.41140527683628e-17
vn 0.4970880252290422 -0.7845800083138672 -0.37059102219036993
vn 0.6051871775767229 -0.7960832117917825 7.41140527683628e-17
vn 0.5249078228118285 -0.794211678749686 0.30610388251139775
vn 0.4970880252290422 -0.7845800083138672 0.37059102219036993
vn 0.5249078228118285 -0.794211678749686 0.30610388251139775
vn 0.6051871775767229 -0.7960832117917825 7.41140527683628e-17
vn 0.6051871775767229 -0.7960832117917825 7.41140527683628e-17
vn -0.5934699043222171 -0.38907991957898824 -0.704563899759409
vn -0.5435920341128501 -0.46119403698480194 -0.7012900688721574
vn -0.44219797711432823 -0.5829979163066313 -0.6815969326648427
vn -0.691333957429668 -0.4084199713433854 0.5960289307680479
vn -0.651996865968892 -0.4264979162595439 0.6268968130346568
vn -0.6931959999173791 -0.4074969895074023 0.5944960128049211
vn -0.5801071340951401 -0.15000204267030917 0.800609205646961
vn -0.7242812323280292 0.3839900988393193 0.5726851669903468
vn -0.5816231826977178 -0.11950503004013582 0.8046322272589406
vn -0.7242812323280292 0.3839900988393193 0.5726851669903468
vn -0.5801071340951401 -0.15000204267030917 0.800609205646961
vn -0.7393840439132777 0.4389900200482482 0.5104889792194216
vn -0.7689869915805133 0.6214899948831446 0.14969700411197365
vn -0.7242812323280292 0.3839900988393193 0.5726851669903468
vn -0.7393840439132777 0.4389900200482482 0.5104889792194216
vn -0.7242812323280292 0.3839900988393193 0.5726851669903468
vn -0.7689869915805133 0.6214899948831446 0.14969700411197365
vn -0.7678918863785539 0.62169391121531 0.154397964985929
vn 0.03210100860979074 -0.846317220284766 0.5317110943883917
vn -0.464188967803957 -0.4474899813455406 0.7643829660350003
vn -0.44900169365167253 -0.4577017066954539 0.767402519402952
vn -0.464188967803957 -0.4474899813455406 0.7643829660350003
vn 0.03210100860979074 -0.846317220284766 0.5317110943883917
vn 0.03709799749812011 -0.8495648992791751 0.5261779361531556
vn 0.03210100860979074 -0.846317220284766 0.5317110943883917
vn 0.2890989176324001 -0.9496976706744917 0.12039995904990741
vn 0.03709799749812011 -0.8495648992791751 0.5261779361531556
vn 0.2890989176324001 -0.9496976706744917 0.12039995904990741
vn 0.03210100860979074 -0.846317220284766 0.5317110943883917
vn 0.2891060969714118 -0.9498213403880494 0.11940304031893716
vn -0.5855899571800228 -0.15429698243409448 -0.7957869333318005
vn -0.7198778484235535 0.39638791002264495 -0.5697828605152623
vn -0.7331947739777904 0.4434968564696614 -0.5154958406361637
vn -0.7198778484235535 0.39638791002264495 -0.5697828605152623
vn -0.5855899571800228 -0.15429698243409448 -0.7957869333318005
vn -0.5880292026361768 -0.12360603295835915 -0.7993392305294161
vn -0.7331947739777904 0.4434968564696614 -0.5154958406361637
vn -0.7198778484235535 0.39638791002264495 -0.5697828605152623
vn -0.769926175020426 0.6190211053411082 -0.1550050197919049
vn -0.768601877386012 0.6189018947146695 -0.1618999654023742
vn -0.769926175020426 0.6190211053411082 -0.1550050197919049
vn -0.7198778484235535 0.39638791002264495 -0.5697828605152623
vn -0.4474149602856927 -0.46121495534158025 -0.7662249136394719
vn 0.03210100860979074 -0.846317220284766 -0.5317110943883917
vn -0.42478514079915797 -0.4754831533450909 -0.7703722185030092
vn 0.03210100860979074 -0.846317220284766 -0.5317110943883917
vn -0.4474149602856927 -0.46121495534158025 -0.7662249136394719
vn 0.03709799749812011 -0.8495648992791751 -0.5261779361531556
vn 0.03709799749812011 -0.8495648992791751 -0.5261779361531556
vn 0.28891205420278254 -0.9492382286483326 -0.12440502485391833
vn 0.03210100860979074 -0.846317220284766 -0.5317110943883917
vn 0.2887971407132227 -0.9493914862059194 -0.12349905844006491
vn 0.03210100860979074 -0.846317220284766 -0.5317110943883917
vn 0.28891205420278254 -0.9492382286483326 -0.12440502485391833
vn 0.417710847830629 -0.8749227077069871 0.24500592471058902
vn 0.40402304654150983 -0.9146520984598058 -0.01330100170628959
vn 0.40402403040275797 -0.9146531126094822 -0.0132010018898982
vn 0.40402304654150983 -0.9146520984598058 -0.01330100170628959
vn 0.417710847830629 -0.8749227077069871 0.24500592471058902
vn 0.4179169934517321 -0.8263339599713163 0.377514997294661
vn 0.40402304654150983 -0.9146520984598058 -0.01330100170628959
vn 0.41060414595773576 -0.8806083134903149 -0.23650207934405518
vn 0.40402403040275797 -0.9146531126094822 -0.0132010018898982
vn 0.41060414595773576 -0.8806083134903149 -0.23650207934405518
vn 0.40402304654150983 -0.9146520984598058 -0.01330100170628959
vn 0.41000686755536125 -0.8539147101999255 -0.3205059067499653
vn -0.5893847353033574 -0.12399695082751837 -0.7982796439699996
vn -0.5458890769227874 -0.4047920386229181 -0.733586069363295
vn -0.5915029746160498 -0.08409999454848639 -0.8019048708776554
vn -0.6623752078477974 0.7491722659232569 -8.11175721754498e-17
vn -0.5963160976572142 0.7522200922996006 -0.2803070538100176
vn -0.6623752078477974 0.7491722659232569 -8.11175721754498e-17
vn -0.5963160976572142 0.7522200922996006 -0.2803070538100176
vn -0.6623752078477974 0.7491722659232569 -8.11175721754498e-17
vn -0.5763927082923833 0.7474905823649002 -0.3301958132732058
vn -0.6894799925346361 -0.3582889960138517 -0.6294810046616374
vn -0.6909959553107129 -0.35479797148914805 -0.6297959901201508
vn -0.6323722743147165 -0.47237921823412704 -0.6139732737331062
vn -0.6623752078477974 0.7491722659232569 -8.11175721754498e-17
vn -0.5963160976572142 0.7522200922996006 0.2803070538100176
vn -0.5763927082923833 0.7474905823649002 0.3301958132732058
vn -0.5963160976572142 0.7522200922996006 0.2803070538100176
vn -0.6623752078477974 0.7491722659232569 -8.11175721754498e-17
vn -0.6623752078477974 0.7491722659232569 -8.11175721754498e-17
vn -0.3950141339291033 -0.6111222457601256 -0.6859252399010705
vn 0.09860098587217103 -0.7066049141178922 -0.7007048886153727
vn -0.46168994470787195 -0.5881879274546048 -0.6639859614120607
vn 0.09860098587217103 -0.7066049141178922 -0.7007048886153727
vn -0.3950141339291033 -0.6111222457601256 -0.6859252399010705
vn 0.1519989672764613 -0.710393907248162 -0.6871948853793799
vn -0.3950141339291033 -0.6111222457601256 -0.6859252399010705
vn -0.46168994470787195 -0.5881879274546048 -0.6639859614120607
vn -0.7560436739483012 -0.4242248244913711 -0.4984287926755639
vn 0.4970880252290422 -0.7845800083138672 -0.37059102219036993
vn 0.1519989672764613 -0.710393907248162 -0.6871948853793799
vn 0.5249078228118285 -0.794211678749686 -0.30610388251139775
vn 0.1519989672764613 -0.710393907248162 -0.6871948853793799
vn 0.4970880252290422 -0.7845800083138672 -0.37059102219036993
vn 0.09860098587217103 -0.7066049141178922 -0.7007048886153727
vn 0.7320797315587239 0.66508172781501 -0.1473959360617112
vn 0.7240973270842868 0.6896973400766727 0.0008000003462577725
vn 0.7321818532430264 0.6617838199866986 -0.1610959632809597
vn 0.7321818532430264 0.6617838199866986 -0.1610959632809597
vn 0.7240973270842868 0.6896973400766727 0.0008000003462577725
vn 0.7240973270842868 0.6896973400766727 0.0008000003462577725
vn 0.7240973270842868 0.6896973400766727 0.0008000003462577725
vn 0.7321722446696309 0.6615751926815271 0.16199403866758338
vn 0.7240973270842868 0.6896973400766727 0.0008000003462577725
vn 0.7321722446696309 0.6615751926815271 0.16199403866758338
vn 0.7240973270842868 0.6896973400766727 0.0008000003462577725
vn 0.7320741449248149 0.6649770767781904 0.14789500901698352
vn -0.3950141339291033 -0.6111222457601256 0.6859252399010705
vn 0.09860098587217103 -0.7066049141178922 0.7007048886153727
vn 0.1519989672764613 -0.710393907248162 0.6871948853793799
vn 0.09860098587217103 -0.7066049141178922 0.7007048886153727
vn -0.3950141339291033 -0.6111222457601256 0.6859252399010705
vn -0.46168994470787195 -0.5881879274546048 0.6639859614120607
vn -0.3950141339291033 -0.6111222457601256 0.6859252399010705
vn -0.7560436739483012 -0.4242248244913711 0.4984287926755639
vn -0.46168994470787195 -0.5881879274546048 0.6639859614120607
vn 0.4970880252290422 -0.7845800083138672 0.37059102219036993
vn 0.1519989672764613 -0.710393907248162 0.6871948853793799
vn 0.09860098587217103 -0.7066049141178922 0.7007048886153727
vn 0.1519989672764613 -0.710393907248162 0.6871948853793799
vn 0.4970880252290422 -0.7845800083138672 0.37059102219036993
vn 0.5249078228118285 -0.794211678749686 0.30610388251139775
vn 0.2480099522275088 0.7932328655531226 -0.5561229042239586
vn 0.18900504734587698 0.8204222332925425 -0.539615095412517
vn 0.03820098956217059 0.8721147820531472 -0.487807842619266
vn -0.7764321626426981 -0.6301261831988542 0.009700003156026404
vn -0.7384835645645589 -0.6569855955114632 -0.15169690886261059
vn -0.7764425879114506 -0.6301346425590212 0.008199995389278939
vn -0.7384835645645589 -0.6569855955114632 -0.15169690886261059
vn -0.7764321626426981 -0.6301261831988542 0.009700003156026404
vn -0.7200142102637853 -0.673713262871038 -0.1664030542083799
vn -0.7764321626426981 -0.6301261831988542 0.009700003156026404
vn -0.7385802263474204 -0.656482219206494 0.15339604008679686
vn -0.7247113677183573 -0.6708103503240568 0.15750208696364668
vn -0.7385802263474204 -0.656482219206494 0.15339604008679686
vn -0.7764321626426981 -0.6301261831988542 0.009700003156026404
vn -0.7764425879114506 -0.6301346425590212 0.008199995389278939
vn 0.6016939312025723 -0.16359798690714453 -0.7817928829516959
vn 0.6018667284488396 -0.16169090739394001 -0.7820565782936778
vn 0.5910908618448859 -0.33839491230823043 -0.7321888256231277
vn 0.6016939312025723 -0.16359798690714453 -0.7817928829516959
vn 0.5910908618448859 -0.33839491230823043 -0.7321888256231277
vn 0.5919219306342857 -0.33511197855126806 -0.7330268684472856
vn 0.3771977976158016 0.5427967245900799 0.7503955871725723
vn 0.1164000405357551 0.7611022581758319 0.6381021729808825
vn 0.36858606314716286 0.5519800778641772 0.7479721302927888
vn 0.5910908618448859 -0.33839491230823043 0.7321888256231277
vn 0.6016939312025723 -0.16359798690714453 0.7817928829516959
vn 0.5919219306342857 -0.33511197855126806 0.7330268684472856
vn 0.6016939312025723 -0.16359798690714453 0.7817928829516959
vn 0.5910908618448859 -0.33839491230823043 0.7321888256231277
vn 0.6018667284488396 -0.16169090739394001 0.7820565782936778
vn 0.00569999961855418 -0.5791839349102086 -0.8151769621047174
vn 0.3378978644349863 -0.7871947229587271 -0.5158967933184007
vn -0.09859799840158327 -0.561788930631201 -0.8213839736271051
vn 0.00569999961855418 -0.5791839349102086 -0.8151769621047174
vn 0.4022789957292708 -0.8337569960800858 -0.37818101629056056
vn 0.3378978644349863 -0.7871947229587271 -0.5158967933184007
vn 0.3378978644349863 -0.7871947229587271 0.5158967933184007
vn 0.4022789957292708 -0.8337569960800858 0.37818101629056056
vn 0.00569999961855418 -0.5791839349102086 0.8151769621047174
vn 0.3378978644349863 -0.7871947229587271 0.5158967933184007
vn 0.00569999961855418 -0.5791839349102086 0.8151769621047174
vn -0.09859799840158327 -0.561788930631201 0.8213839736271051
vn 0.7725970563664162 0.3458990075425971 -0.5323980325611609
vn 0.7320797315587239 0.66508172781501 -0.1473959360617112
vn 0.7321818532430264 0.6617838199866986 -0.1610959632809597
vn 0.7320797315587239 0.66508172781501 -0.1473959360617112
vn 0.7725970563664162 0.3458990075425971 -0.5323980325611609
vn 0.7700192292220435 0.4144111254120129 -0.4851121579212779
vn 0.7700192292220435 0.4144111254120129 -0.4851121579212779
vn 0.7725970563664162 0.3458990075425971 -0.5323980325611609
vn 0.7229197045813004 0.24740690063110085 -0.6451177615352083
vn 0.7229197045813004 0.24740690063110085 -0.6451177615352083
vn 0.7725970563664162 0.3458990075425971 -0.5323980325611609
vn 0.7241740994549096 0.23819102911830153 -0.6471761022521115
vn 0.6004992079076094 -0.11160004049104341 0.7917993004952273
vn 0.5995890047571601 -0.14809699715830463 0.7864860487046236
vn 0.5658190180055893 -0.4190140016440537 0.7101240069800677
vn -0.29059389517482304 0.9521786663571262 0.09439796301556581
vn -0.039799999312437245 0.9486889807412839 -0.3136959959495718
vn -0.01760000007756837 0.9404800030612508 -0.33939299320872696
vn -0.039799999312437245 0.9486889807412839 -0.3136959959495718
vn -0.29059389517482304 0.9521786663571262 0.09439796301556581
vn -0.2764039039078365 0.9563146231712994 0.09520096329997442
vn -0.290710902148744 0.9513367011344105 -0.10220397471018862
vn -0.039799999312437245 0.9486889807412839 0.3136959959495718
vn -0.27648997207324205 0.9552639092400884 -0.1049959953821184
vn -0.039799999312437245 0.9486889807412839 0.3136959959495718
vn -0.290710902148744 0.9513367011344105 -0.10220397471018862
vn -0.01760000007756837 0.9404800030612508 0.33939299320872696
vn 0.7320741449248149 0.6649770767781904 0.14789500901698352
vn 0.7654840248158503 0.3983920163478889 0.5052900247006563
vn 0.7321722446696309 0.6615751926815271 0.16199403866758338
vn 0.7654840248158503 0.3983920163478889 0.5052900247006563
vn 0.7320741449248149 0.6649770767781904 0.14789500901698352
vn 0.7632102530159742 0.43890617217259326 0.4742061595130272
vn 0.7654840248158503 0.3983920163478889 0.5052900247006563
vn 0.7632102530159742 0.43890617217259326 0.4742061595130272
vn 0.7182130079420042 0.30480500469493493 0.6255109785893604
vn 0.7182130079420042 0.30480500469493493 0.6255109785893604
vn 0.7232731547640597 0.28128906955760075 0.6306761474362762
vn 0.7654840248158503 0.3983920163478889 0.5052900247006563
vn 0.7232731547640597 0.28128906955760075 0.6306761474362762
vn 0.7182130079420042 0.30480500469493493 0.6255109785893604
vn 0.6670040499861317 0.4733030506272034 0.5754040489682714
vn -0.24470604765898402 0.7538191021486197 0.6098161292348442
vn -0.2177940414755546 0.7573791591735911 0.6155831095370052
vn -0.09409897655647625 0.7661878369866499 0.6356898465956038
vn -0.09409897655647625 0.7661878369866499 0.6356898465956038
vn -0.09409897655647625 0.7661878369866499 0.6356898465956038
vn -0.24470604765898402 0.7538191021486197 0.6098161292348442
vn -0.2177940414755546 0.7573791591735911 0.6155831095370052
vn -0.24470604765898402 0.7538191021486197 0.6098161292348442
vn -0.4190230677907926 0.71524012264876 0.5593310608330092
vn -0.7601678385680923 -0.6300739061724003 0.1585929694764805
vn -0.7346081818471313 -0.6784072000584818 0.010700003367451968
vn -0.7200142102637853 -0.673713262871038 -0.1664030542083799
vn -0.7384835645645589 -0.6569855955114632 -0.15169690886261059
vn -0.7200142102637853 -0.673713262871038 -0.1664030542083799
vn -0.7346081818471313 -0.6784072000584818 0.010700003367451968
vn -0.7346081818471313 -0.6784072000584818 0.010700003367451968
vn -0.7601678385680923 -0.6300739061724003 0.1585929694764805
vn -0.6801878856249227 -0.434492948629949 0.5903899709852373
vn -0.6801878856249227 -0.434492948629949 0.5903899709852373
vn -0.6284812147165073 -0.48098513900209283 0.6112811618294813
vn -0.6850759983217137 -0.42978501320853846 0.5881800055636401
vn 0.0418990148260791 0.9938812985154027 -0.10219802844449095
vn 0.2777019409253303 0.9080048099248036 0.31370192406124253
vn 0.05659798778594454 0.9928607718484465 -0.10499597850912896
vn 0.2777019409253303 0.9080048099248036 0.31370192406124253
vn 0.0418990148260791 0.9938812985154027 -0.10219802844449095
vn 0.2958970696185488 0.8928911181190176 0.3393970762621946
vn 0.2777019409253303 0.9080048099248036 0.31370192406124253
vn 0.2958970696185488 0.8928911181190176 0.3393970762621946
vn 0.3895970567108967 0.6645951244014132 0.6375950548930539
vn 0.2777019409253303 0.9080048099248036 0.31370192406124253
vn 0.3895970567108967 0.6645951244014132 0.6375950548930539
vn 0.400295200861429 0.6551923799260062 0.640692357886532
vn 0.7832642163814432 0.6216711971163374 0.004700001308905074
vn 0.7679069991067121 0.6226059597217924 -0.15060099482350622
vn 0.7832642163814432 0.6216711971163374 0.004700001308905074
vn 0.7679069991067121 0.6226059597217924 -0.15060099482350622
vn 0.7832642163814432 0.6216711971163374 0.004700001308905074
vn 0.7666944728094988 0.6225953589897951 -0.15669908847129005
vn 0.7669008468093538 0.6251007991064214 0.14529997288234264
vn 0.7832642163814432 0.6216711971163374 0.004700001308905074
vn 0.7832642163814432 0.6216711971163374 0.004700001308905074
vn 0.7832642163814432 0.6216711971163374 0.004700001308905074
vn 0.7669008468093538 0.6251007991064214 0.14529997288234264
vn 0.7658812891046118 0.6253852159449126 0.1493960597773347
vn 0.04230099798195598 0.9946349581163739 0.09440299604657582
vn 0.2777019409253303 0.9080048099248036 -0.31370192406124253
vn 0.2958970696185488 0.8928911181190176 -0.3393970762621946
vn 0.2777019409253303 0.9080048099248036 -0.31370192406124253
vn 0.04230099798195598 0.9946349581163739 0.09440299604657582
vn 0.05700098026577249 0.9938246692275314 0.09520196995613456
vn 0.41018311146499453 0.6483741553938378 -0.6413741261434102
vn 0.2958970696185488 0.8928911181190176 -0.3393970762621946
vn 0.2777019409253303 0.9080048099248036 -0.31370192406124253
vn 0.41018311146499453 0.6483741553938378 -0.6413741261434102
vn 0.2777019409253303 0.9080048099248036 -0.31370192406124253
vn 0.41329218606256707 0.6454883605969083 -0.6422883661359124
vn -0.7666327857925823 -0.6363268415410702 -0.08580397707723215
vn -0.7881330807801832 -0.5784239739670521 -0.2104090143508594
vn -0.7247113677183573 -0.6708103503240568 0.15750208696364668
vn -0.7666327857925823 -0.6363268415410702 -0.08580397707723215
vn -0.7247113677183573 -0.6708103503240568 0.15750208696364668
vn -0.7385802263474204 -0.656482219206494 0.15339604008679686
vn -0.684093886542207 -0.3756968941939486 -0.6251938883967109
vn -0.6793948918227344 -0.38639690961551737 -0.6237948454458025
vn -0.7881330807801832 -0.5784239739670521 -0.2104090143508594
vn -0.6793948918227344 -0.38639690961551737 -0.6237948454458025
vn -0.684093886542207 -0.3756968941939486 -0.6251938883967109
vn -0.6080170419504836 -0.523114038130327 -0.5972160244072213
vn 0.6071230609783863 -0.11440400478929717 -0.7863290103489792
vn 0.5493800546607631 -0.47158303054266126 -0.6897760512261474
vn 0.6050931790627282 -0.15209804423261694 -0.7814911577186106
vn 0.09849802193820002 -0.5899870865427846 -0.8013821668760908
vn 0.13099697224138332 -0.5418868657572806 -0.8301797504055017
vn 0.13099697224138332 -0.5418868657572806 -0.8301797504055017
vn 0.13099697224138332 -0.5418868657572806 -0.8301797504055017
vn 0.09849802193820002 -0.5899870865427846 -0.8013821668760908
vn 0.047301027669361284 -0.6595073306844376 -0.7502084334069502
vn -0.3321990679774317 -0.6183991452668031 -0.7121982002000659
vn 0.047301027669361284 -0.6595073306844376 -0.7502084334069502
vn 0.09849802193820002 -0.5899870865427846 -0.8013821668760908
vn -0.3321990679774317 -0.6183991452668031 -0.7121982002000659
vn -0.44888800089819847 -0.5664849840407604 -0.6910819962247303
vn 0.047301027669361284 -0.6595073306844376 -0.7502084334069502
vn 0.7241740994549096 0.23819102911830153 -0.6471761022521115
vn 0.673323083222517 0.45861606998371224 -0.579920103076638
vn 0.7229197045813004 0.24740690063110085 -0.6451177615352083
vn 0.41329218606256707 0.6454883605969083 -0.6422883661359124
vn 0.24869502801207033 0.7743850859352926 -0.5817890697865207
vn 0.41018311146499453 0.6483741553938378 -0.6413741261434102
vn 0.6806388948044768 -0.43222489030000416 0.5915338866747109
vn 0.6196802859439916 -0.4954842332944774 0.6086803083466366
vn 0.6751980091700467 -0.4382979808947842 0.5932980097357152
vn -0.4699070357636205 0.7643111191994312 -0.4416060357467508
vn -0.1240000316605188 0.6134991469391149 -0.7798992171128066
vn -0.509010914453898 0.7873169237342408 -0.3479079627839208
vn -0.1240000316605188 0.6134991469391149 -0.7798992171128066
vn -0.4699070357636205 0.7643111191994312 -0.4416060357467508
vn -0.031000003107082848 0.5913920381242854 -0.8057880968657732
vn -0.4699070357636205 0.7643111191994312 0.4416060357467508
vn -0.1240000316605188 0.6134991469391149 0.7798992171128066
vn -0.031000003107082848 0.5913920381242854 0.8057880968657732
vn -0.1240000316605188 0.6134991469391149 0.7798992171128066
vn -0.4699070357636205 0.7643111191994312 0.4416060357467508
vn -0.509010914453898 0.7873169237342408 0.3479079627839208
vn -0.4907993350405359 -0.5124993297287203 -0.7045994959914321
vn -0.4259948328345039 -0.5715927938017449 -0.7012917228031561
vn -0.2998888740695769 -0.6674747355950574 -0.681574750523807
vn 0.7805382670438723 -0.6250311781196247 0.009800002986874563
vn 0.7805878909487003 -0.6249909235545091 0.008299998719389808
vn 0.7434401593449063 -0.6511351537387429 -0.15270802545656903
vn 0.7805382670438723 -0.6250311781196247 0.009800002986874563
vn 0.7434401593449063 -0.6511351537387429 -0.15270802545656903
vn 0.7252849351599288 -0.6676869998715613 -0.16779699947428017
vn 0.7299581629658599 -0.6648621434843206 0.15849104227350494
vn 0.7434961186156326 -0.6506960380092188 0.15429902048488348
vn 0.7805382670438723 -0.6250311781196247 0.009800002986874563
vn 0.7434961186156326 -0.6506960380092188 0.15429902048488348
vn 0.7805878909487003 -0.6249909235545091 0.008299998719389808
vn 0.7805382670438723 -0.6250311781196247 0.009800002986874563
vn 0.7298214975882843 0.39081123172773274 0.5609163599088962
vn 0.7669008468093538 0.6251007991064214 0.14529997288234264
vn 0.7421760631601065 0.44098607136559087 0.5046840359410105
vn 0.7669008468093538 0.6251007991064214 0.14529997288234264
vn 0.7298214975882843 0.39081123172773274 0.5609163599088962
vn 0.7658812891046118 0.6253852159449126 0.1493960597773347
vn 0.7421760631601065 0.44098607136559087 0.5046840359410105
vn 0.6029127118568774 -0.11540193622987778 0.7894166548761059
vn 0.7298214975882843 0.39081123172773274 0.5609163599088962
vn 0.7298214975882843 0.39081123172773274 0.5609163599088962
vn 0.6029127118568774 -0.11540193622987778 0.7894166548761059
vn 0.6024779724071546 -0.07319699284523544 0.7947719754763491
vn 0.6024779724071546 -0.07319699284523544 0.7947719754763491
vn 0.6029127118568774 -0.11540193622987778 0.7894166548761059
vn 0.585882970427207 -0.34138998894857203 0.7349789251462154
vn 0.6788919707080572 -0.3723959701023942 -0.6327929626344048
vn 0.6738920770327682 -0.38499602461138144 -0.630592998332438
vn 0.6003940275263574 -0.5359950217222459 -0.5934950281170425
vn 0.7679069991067121 0.6226059597217924 -0.15060099482350622
vn 0.7251081947829017 0.4034050937153037 -0.5581061155579903
vn 0.7359125083989418 0.44590771597393053 -0.5095086739368523
vn 0.7251081947829017 0.4034050937153037 -0.5581061155579903
vn 0.7679069991067121 0.6226059597217924 -0.15060099482350622
vn 0.7666944728094988 0.6225953589897951 -0.15669908847129005
vn 0.6080772908779026 -0.12249507074525579 -0.7843704264961202
vn 0.7359125083989418 0.44590771597393053 -0.5095086739368523
vn 0.7251081947829017 0.4034050937153037 -0.5581061155579903
vn 0.6080772908779026 -0.12249507074525579 -0.7843704264961202
vn 0.7251081947829017 0.4034050937153037 -0.5581061155579903
vn 0.6092951238693802 -0.07599901334282214 -0.7892931027190813
vn 0.6092951238693802 -0.07599901334282214 -0.7892931027190813
vn 0.5711122632339176 -0.40000819327156595 -0.716815337516888
vn 0.6080772908779026 -0.12249507074525579 -0.7843704264961202
vn 0.7252849351599288 -0.6676869998715613 -0.16779699947428017
vn 0.7395058946392385 -0.673104889164877 0.007799998471662307
vn 0.7643011244307873 -0.6250010754970221 0.1588000214779577
vn 0.7395058946392385 -0.673104889164877 0.007799998471662307
vn 0.7252849351599288 -0.6676869998715613 -0.16779699947428017
vn 0.7434401593449063 -0.6511351537387429 -0.15270802545656903
vn 0.7643011244307873 -0.6250010754970221 0.1588000214779577
vn 0.7395058946392385 -0.673104889164877 0.007799998471662307
vn 0.6916247079264027 -0.3972138206074642 0.6032217205175383
vn -0.5387000508364193 -0.35640007699491444 -0.7634011005669682
vn -0.49450501877459485 -0.42100402779122864 -0.7604080450589012
vn -0.40470692091752325 -0.5336088482315154 -0.7426128905765729
vn 0.7720041276044098 -0.6297040582534916 -0.08650101722429303
vn 0.7299581629658599 -0.6648621434843206 0.15849104227350494
vn 0.7926901649373831 -0.570793097325209 -0.21409703981475067
vn 0.7299581629658599 -0.6648621434843206 0.15849104227350494
vn 0.7720041276044098 -0.6297040582534916 -0.08650101722429303
vn 0.7434961186156326 -0.6506960380092188 0.15429902048488348
vn 0.6884181090229624 -0.3405090662843312 -0.640417116376055
vn 0.6889177596910105 -0.33930888949831023 -0.6405168209264629
vn 0.7926901649373831 -0.570793097325209 -0.21409703981475067
vn -0.7849886811340928 0.619490726734693 0.004899998069319491
vn -0.7849886811340928 0.619490726734693 0.004899998069319491
vn -0.769926175020426 0.6190211053411082 -0.1550050197919049
vn -0.7849886811340928 0.619490726734693 0.004899998069319491
vn -0.769926175020426 0.6190211053411082 -0.1550050197919049
vn -0.768601877386012 0.6189018947146695 -0.1618999654023742
vn -0.7678918863785539 0.62169391121531 0.154397964985929
vn -0.7689869915805133 0.6214899948831446 0.14969700411197365
vn -0.7849886811340928 0.619490726734693 0.004899998069319491
vn -0.7689869915805133 0.6214899948831446 0.14969700411197365
vn -0.7849886811340928 0.619490726734693 0.004899998069319491
vn -0.7849886811340928 0.619490726734693 0.004899998069319491
vn -0.00030000002039370195 0.8419150286496728 0.5396100393189588
vn 0.06339998379922213 0.8286958123329458 0.5560968374987377
vn -0.15889603012801606 0.8583791913176769 0.487788084645748
vn 0.06339998379922213 0.8286958123329458 0.5560968374987377
vn -0.00030000002039370195 0.8419150286496728 0.5396100393189588
vn 0.2330041160766052 0.7510123510892533 0.6178102705546029
vn 0.2330041160766052 0.7510123510892533 0.6178102705546029
vn 0.2572080130214151 0.7310230547975 0.6320200403405787
vn 0.06339998379922213 0.8286958123329458 0.5560968374987377
vn 0.400295200861429 0.6551923799260062 0.640692357886532
vn 0.3895970567108967 0.6645951244014132 0.6375950548930539
vn 0.20679699919390016 0.795988005759359 0.5688919895829405
vn -0.5738961748072271 -0.1911990659687845 0.7962952327587406
vn -0.5752407344363415 -0.17631191113232622 0.7987566634701742
vn -0.5042216358904916 -0.5245226805910091 0.6860295179112477
vn -0.588998146599726 -0.12760003077797988 -0.7979971274682299
vn -0.7198778484235535 0.39638791002264495 -0.5697828605152623
vn -0.7331947739777904 0.4434968564696614 -0.5154958406361637
vn -0.7198778484235535 0.39638791002264495 -0.5697828605152623
vn -0.588998146599726 -0.12760003077797988 -0.7979971274682299
vn -0.5911139859226854 -0.08850199004176905 -0.8017179388071853
vn -0.7331947739777904 0.4434968564696614 -0.5154958406361637
vn -0.7198778484235535 0.39638791002264495 -0.5697828605152623
vn -0.769926175020426 0.6190211053411082 -0.1550050197919049
vn -0.768601877386012 0.6189018947146695 -0.1618999654023742
vn -0.769926175020426 0.6190211053411082 -0.1550050197919049
vn -0.7198778484235535 0.39638791002264495 -0.5697828605152623
vn -0.5839152367139108 -0.12050304625866537 0.8028212828367964
vn -0.7242812323280292 0.3839900988393193 0.5726851669903468
vn -0.5845668379708501 -0.08429497572422888 0.806954750288028
vn -0.7242812323280292 0.3839900988393193 0.5726851669903468
vn -0.5839152367139108 -0.12050304625866537 0.8028212828367964
vn -0.7393840439132777 0.4389900200482482 0.5104889792194216
vn -0.7689869915805133 0.6214899948831446 0.14969700411197365
vn -0.7242812323280292 0.3839900988393193 0.5726851669903468
vn -0.7393840439132777 0.4389900200482482 0.5104889792194216
vn -0.7242812323280292 0.3839900988393193 0.5726851669903468
vn -0.7689869915805133 0.6214899948831446 0.14969700411197365
vn -0.7678918863785539 0.62169391121531 0.154397964985929
vn 0.04699901863716633 -0.8072843551264767 -0.5882882475582627
vn 0.27871998638927764 -0.8063559981930805 -0.5216370130322444
vn -0.1093950524127754 -0.7818663923612321 -0.6137733026155815
vn 0.04699901863716633 -0.8072843551264767 0.5882882475582627
vn -0.1093950524127754 -0.7818663923612321 0.6137733026155815
vn 0.27871998638927764 -0.8063559981930805 0.5216370130322444
vn -0.5801180052469328 -0.19140598334289002 -0.7917239730669147
vn -0.48509606532110544 -0.5694950797072978 -0.6635941241445409
vn -0.5814880672863273 -0.17959602004621303 -0.7934840245317937
vn -0.7764321626426981 -0.6301261831988542 0.009700003156026404
vn -0.7384835645645589 -0.6569855955114632 -0.15169690886261059
vn -0.7764425879114506 -0.6301346425590212 0.008199995389278939
vn -0.7384835645645589 -0.6569855955114632 -0.15169690886261059
vn -0.7764321626426981 -0.6301261831988542 0.009700003156026404
vn -0.7200142102637853 -0.673713262871038 -0.1664030542083799
vn -0.7764321626426981 -0.6301261831988542 0.009700003156026404
vn -0.7385802263474204 -0.656482219206494 0.15339604008679686
vn -0.7247113677183573 -0.6708103503240568 0.15750208696364668
vn -0.7385802263474204 -0.656482219206494 0.15339604008679686
vn -0.7764321626426981 -0.6301261831988542 0.009700003156026404
vn -0.7764425879114506 -0.6301346425590212 0.008199995389278939
vn 0.04230099798195598 0.9946349581163739 0.09440299604657582
vn 0.10269797518058561 0.9946827815560118 -0.007699998039176367
vn 0.05700098026577249 0.9938246692275314 0.09520196995613456
vn 0.05700098026577249 0.9938246692275314 0.09520196995613456
vn 0.10269797518058561 0.9946827815560118 -0.007699998039176367
vn 0.10269901138722455 0.9946871382733267 -0.007100000965277355
vn 0.10269797518058561 0.9946827815560118 -0.007699998039176367
vn 0.05659798778594454 0.9928607718484465 -0.10499597850912896
vn 0.10269901138722455 0.9946871382733267 -0.007100000965277355
vn 0.05659798778594454 0.9928607718484465 -0.10499597850912896
vn 0.10269797518058561 0.9946827815560118 -0.007699998039176367
vn 0.0418990148260791 0.9938812985154027 -0.10219802844449095
vn -0.03740100924152057 -0.5220111593222945 -0.8521182512132397
vn -0.11839605330302577 -0.44778422305962157 -0.8862683928365933
vn -0.11839605330302577 -0.44778422305962157 -0.8862683928365933
vn -0.11839605330302577 -0.44778422305962157 -0.8862683928365933
vn -0.03740100924152057 -0.5220111593222945 -0.8521182512132397
vn 0.07329895960381431 -0.6116936692679688 -0.7876916385861205
vn -0.03740100924152057 -0.5220111593222945 0.8521182512132397
vn -0.11839605330302577 -0.44778422305962157 0.8862683928365933
vn 0.07329895960381431 -0.6116936692679688 0.7876916385861205
vn -0.11839605330302577 -0.44778422305962157 0.8862683928365933
vn -0.11839605330302577 -0.44778422305962157 0.8862683928365933
vn -0.03740100924152057 -0.5220111593222945 0.8521182512132397
vn -0.7601678385680923 -0.6300739061724003 0.1585929694764805
vn -0.7346081818471313 -0.6784072000584818 0.010700003367451968
vn -0.7200142102637853 -0.673713262871038 -0.1664030542083799
vn -0.7384835645645589 -0.6569855955114632 -0.15169690886261059
vn -0.7200142102637853 -0.673713262871038 -0.1664030542083799
vn -0.7346081818471313 -0.6784072000584818 0.010700003367451968
vn -0.7346081818471313 -0.6784072000584818 0.010700003367451968
vn -0.7601678385680923 -0.6300739061724003 0.1585929694764805
vn -0.7089186972118916 -0.3638098571435428 0.6042157467234607
vn 0.6926832180701217 -0.39679014577394933 0.6022852643230683
vn 0.6548049355601634 -0.4091029704293976 0.635503938580945
vn 0.6916247079264027 -0.3972138206074642 0.6032217205175383
vn -0.7666327857925823 -0.6363268415410702 -0.08580397707723215
vn -0.7881330807801832 -0.5784239739670521 -0.2104090143508594
vn -0.7247113677183573 -0.6708103503240568 0.15750208696364668
vn -0.7666327857925823 -0.6363268415410702 -0.08580397707723215
vn -0.7247113677183573 -0.6708103503240568 0.15750208696364668
vn -0.7385802263474204 -0.656482219206494 0.15339604008679686
vn -0.7038106345095567 -0.31260484558315904 -0.63790971247441
vn -0.705429320688525 -0.3093131505057702 -0.6377263115452589
vn -0.7881330807801832 -0.5784239739670521 -0.2104090143508594
vn 0.5947187523542458 -0.1778059297968523 0.7840246532649889
vn 0.5934368446380425 -0.19561194128716225 0.7807487943326662
vn 0.5262790257657473 -0.5346780353671665 0.6611730375136019
vn 0.772493887727835 0.5549959460326912 -0.30859794767692944
vn 0.3801071141154648 0.6194111856982166 -0.6869121958669407
vn 0.7393941824718798 0.5561960894555632 -0.3793970914504741
vn 0.7393941824718798 0.5561960894555632 -0.3793970914504741
vn 0.3801071141154648 0.6194111856982166 -0.6869121958669407
vn 0.3185029676265601 0.6432059508960681 -0.6963059416269254
vn 0.3185029676265601 0.6432059508960681 0.6963059416269254
vn 0.3801071141154648 0.6194111856982166 0.6869121958669407
vn 0.7393941824718798 0.5561960894555632 0.3793970914504741
vn 0.7393941824718798 0.5561960894555632 0.3793970914504741
vn 0.3801071141154648 0.6194111856982166 0.6869121958669407
vn 0.772493887727835 0.5549959460326912 0.30859794767692944
vn 0.6889177596910105 -0.33930888949831023 -0.6405168209264629
vn 0.6884181090229624 -0.3405090662843312 -0.640417116376055
vn 0.6367911787734115 -0.45579416213264695 -0.6218912094588307
vn -0.16879500125326607 -0.9504690584243843 -0.2609919855661739
vn -0.16879500125326607 -0.9504690584243843 -0.2609919855661739
vn -0.16879500125326607 -0.9504690584243843 -0.2609919855661739
vn -0.16879500125326607 -0.9504690584243843 -0.2609919855661739
vn -0.16879500125326607 -0.9504690584243843 -0.2609919855661739
vn -0.16879500125326607 -0.9504690584243843 -0.2609919855661739
vn -0.16879500125326607 -0.9504690584243843 0.2609919855661739
vn -0.16879500125326607 -0.9504690584243843 0.2609919855661739
vn -0.16879500125326607 -0.9504690584243843 0.2609919855661739
vn -0.16879500125326607 -0.9504690584243843 0.2609919855661739
vn -0.16879500125326607 -0.9504690584243843 0.2609919855661739
vn -0.16879500125326607 -0.9504690584243843 0.2609919855661739
vn -0.7089186972118916 -0.3638098571435428 0.6042157467234607
vn -0.6890231482629485 -0.3217110686005499 0.6494221196553959
vn -0.7083111303332623 -0.36250605657007584 0.6057100804807767
vn -0.5801071340951401 -0.15000204267030917 0.800609205646961
vn -0.5816231826977178 -0.11950503004013582 0.8046322272589406
vn -0.5400028215552204 -0.4241018880961714 0.7270038110117878
vn 0.7832642163814432 0.6216711971163374 0.004700001308905074
vn 0.7679069991067121 0.6226059597217924 -0.15060099482350622
vn 0.7832642163814432 0.6216711971163374 0.004700001308905074
vn 0.7679069991067121 0.6226059597217924 -0.15060099482350622
vn 0.7832642163814432 0.6216711971163374 0.004700001308905074
vn 0.7666944728094988 0.6225953589897951 -0.15669908847129005
vn 0.7669008468093538 0.6251007991064214 0.14529997288234264
vn 0.7832642163814432 0.6216711971163374 0.004700001308905074
vn 0.7832642163814432 0.6216711971163374 0.004700001308905074
vn 0.7832642163814432 0.6216711971163374 0.004700001308905074
vn 0.7669008468093538 0.6251007991064214 0.14529997288234264
vn 0.7658812891046118 0.6253852159449126 0.1493960597773347
vn 0.6011892414824437 -0.1794970589107028 -0.7786862665850551
vn 0.5086130407290886 -0.5768150582258553 -0.6392160537754145
vn 0.5997127365783685 -0.1949039124754389 -0.7761166783979396
vn 0.4022789957292708 -0.8337569960800858 0.37818101629056056
vn 0.3378978644349863 -0.7871947229587271 0.5158967933184007
vn 0.5024899904054098 -0.8645830264019594 6.153727527035988e-17
vn 0.3378978644349863 -0.7871947229587271 0.5158967933184007
vn 0.5024899904054098 -0.8645830264019594 6.153727527035988e-17
vn 0.5024899904054098 -0.8645830264019594 6.153727527035988e-17
vn 0.5024899904054098 -0.8645830264019594 6.153727527035988e-17
vn 0.5024899904054098 -0.8645830264019594 6.153727527035988e-17
vn 0.3378978644349863 -0.7871947229587271 -0.5158967933184007
vn 0.5024899904054098 -0.8645830264019594 6.153727527035988e-17
vn 0.3378978644349863 -0.7871947229587271 -0.5158967933184007
vn 0.4022789957292708 -0.8337569960800858 -0.37818101629056056
vn 0.7679069991067121 0.6226059597217924 -0.15060099482350622
vn 0.7251081947829017 0.4034050937153037 -0.5581061155579903
vn 0.7359125083989418 0.44590771597393053 -0.5095086739368523
vn 0.7251081947829017 0.4034050937153037 -0.5581061155579903
vn 0.7679069991067121 0.6226059597217924 -0.15060099482350622
vn 0.7666944728094988 0.6225953589897951 -0.15669908847129005
vn 0.6054960397345386 -0.1488990165038796 -0.7817951322117372
vn 0.7359125083989418 0.44590771597393053 -0.5095086739368523
vn 0.7251081947829017 0.4034050937153037 -0.5581061155579903
vn 0.6054960397345386 -0.1488990165038796 -0.7817951322117372
vn 0.7251081947829017 0.4034050937153037 -0.5581061155579903
vn 0.6074269255268981 -0.10990497927853618 -0.7867359313484575
vn 0.16889599363663224 0.7792809789242924 0.6034859561085837
vn 0.2374978780548617 0.7442946340003473 0.6241956870387099
vn 0.03640000503832903 0.8317910987035285 0.5538940401834872
vn 0.2374978780548617 0.7442946340003473 0.6241956870387099
vn 0.16889599363663224 0.7792809789242924 0.6034859561085837
vn 0.4339219659078805 0.563428942195153 0.7030359554101703
vn 0.4339219659078805 0.563428942195153 0.7030359554101703
vn 0.47301412633983414 0.5086151469557489 0.7194221768684541
vn 0.2374978780548617 0.7442946340003473 0.6241956870387099
vn -0.705429320688525 -0.3093131505057702 -0.6377263115452589
vn -0.7038106345095567 -0.31260484558315904 -0.63790971247441
vn -0.6719772160486871 -0.373687144803671 -0.6393782440151811
vn -0.5855899571800228 -0.15429698243409448 -0.7957869333318005
vn -0.5219100210543649 -0.4781100238990209 -0.7064139968674955
vn -0.5880292026361768 -0.12360603295835915 -0.7993392305294161
vn 0.8531926968403388 0.5215958416804238 1.0448596878509173e-16
vn 0.7393941824718798 0.5561960894555632 -0.3793970914504741
vn 0.8531926968403388 0.5215958416804238 1.0448596878509173e-16
vn 0.7393941824718798 0.5561960894555632 -0.3793970914504741
vn 0.8531926968403388 0.5215958416804238 1.0448596878509173e-16
vn 0.772493887727835 0.5549959460326912 -0.30859794767692944
vn 0.772493887727835 0.5549959460326912 0.30859794767692944
vn 0.8531926968403388 0.5215958416804238 1.0448596878509173e-16
vn 0.7393941824718798 0.5561960894555632 0.3793970914504741
vn 0.7393941824718798 0.5561960894555632 0.3793970914504741
vn 0.8531926968403388 0.5215958416804238 1.0448596878509173e-16
vn 0.8531926968403388 0.5215958416804238 1.0448596878509173e-16
vn 0.13010395788383383 -0.6342217788182695 -0.7621257740134183
vn 0.13469599044710268 -0.6354809336112254 -0.7602769055903773
vn 0.33458607248161876 -0.6766711838806913 -0.6558721437954419
vn 0.13010395788383383 -0.6342217788182695 0.7621257740134183
vn 0.33458607248161876 -0.6766711838806913 0.6558721437954419
vn 0.13469599044710268 -0.6354809336112254 0.7602769055903773
vn -0.7394120471848629 -0.6327100206741592 -0.23010400738882286
vn -0.35389105204819676 -0.742381110975637 -0.5688861128088816
vn -0.7018239950783526 -0.6422219741251602 -0.3082109924760027
vn -0.35389105204819676 -0.742381110975637 -0.5688861128088816
vn -0.07889702882394278 -0.7983692850292068 -0.596977171728289
vn -0.7018239950783526 -0.6422219741251602 -0.3082109924760027
vn -0.35389105204819676 -0.742381110975637 -0.5688861128088816
vn -0.15170605471633605 -0.8037333483676413 -0.5753242370039211
vn -0.07889702882394278 -0.7983692850292068 -0.596977171728289
vn -0.15170605471633605 -0.8037333483676413 -0.5753242370039211
vn -0.28779298771949136 -0.7845819784633979 -0.5491869584121137
vn -0.07889702882394278 -0.7983692850292068 -0.596977171728289
vn -0.15170605471633605 -0.8037333483676413 -0.5753242370039211
vn -0.4907871079833123 -0.7230811557629105 -0.4860881163101501
vn -0.28779298771949136 -0.7845819784633979 -0.5491869584121137
vn -0.6252079539805 -0.3662049731549698 -0.6892089174670368
vn -0.26280010180466556 -0.8575002692662557 -0.442300118358289
vn -0.62597929871068 -0.3641881612128254 -0.6895773349074825
vn -0.26280010180466556 -0.8575002692662557 -0.442300118358289
vn -0.6252079539805 -0.3662049731549698 -0.6892089174670368
vn -0.26280010180466556 -0.8575002692662557 -0.442300118358289
vn -0.7018239950783526 -0.6422219741251602 0.3082109924760027
vn -0.35389105204819676 -0.742381110975637 0.5688861128088816
vn -0.7394120471848629 -0.6327100206741592 0.23010400738882286
vn -0.07889702882394278 -0.7983692850292068 0.596977171728289
vn -0.35389105204819676 -0.742381110975637 0.5688861128088816
vn -0.7018239950783526 -0.6422219741251602 0.3082109924760027
vn -0.35389105204819676 -0.742381110975637 0.5688861128088816
vn -0.07889702882394278 -0.7983692850292068 0.596977171728289
vn -0.15170605471633605 -0.8037333483676413 0.5753242370039211
vn -0.28779298771949136 -0.7845819784633979 0.5491869584121137
vn -0.15170605471633605 -0.8037333483676413 0.5753242370039211
vn -0.07889702882394278 -0.7983692850292068 0.596977171728289
vn -0.15170605471633605 -0.8037333483676413 0.5753242370039211
vn -0.28779298771949136 -0.7845819784633979 0.5491869584121137
vn -0.4907871079833123 -0.7230811557629105 0.4860881163101501
vn -0.6252079539805 -0.3662049731549698 0.6892089174670368
vn -0.26280010180466556 -0.8575002692662557 0.442300118358289
vn -0.26280010180466556 -0.8575002692662557 0.442300118358289
vn -0.26280010180466556 -0.8575002692662557 0.442300118358289
vn -0.6252079539805 -0.3662049731549698 0.6892089174670368
vn -0.62597929871068 -0.3641881612128254 0.6895773349074825
vn 0.7805382670438723 -0.6250311781196247 0.009800002986874563
vn 0.7805878909487003 -0.6249909235545091 0.008299998719389808
vn 0.7434401593449063 -0.6511351537387429 -0.15270802545656903
vn 0.7805382670438723 -0.6250311781196247 0.009800002986874563
vn 0.7434401593449063 -0.6511351537387429 -0.15270802545656903
vn 0.7252849351599288 -0.6676869998715613 -0.16779699947428017
vn 0.7299581629658599 -0.6648621434843206 0.15849104227350494
vn 0.7434961186156326 -0.6506960380092188 0.15429902048488348
vn 0.7805382670438723 -0.6250311781196247 0.009800002986874563
vn 0.7434961186156326 -0.6506960380092188 0.15429902048488348
vn 0.7805878909487003 -0.6249909235545091 0.008299998719389808
vn 0.7805382670438723 -0.6250311781196247 0.009800002986874563
vn 0.12169698213846408 -0.8229778634264637 0.5548849257714641
vn 0.47679608407030016 -0.8345931654069898 0.2758980653632208
vn 0.514482960493278 -0.8365719678451402 0.18829398816154996
vn 0.12169698213846408 -0.8229778634264637 0.5548849257714641
vn -0.1361960748608436 -0.7807783965327435 0.609783342426027
vn 0.47679608407030016 -0.8345931654069898 0.2758980653632208
vn -0.1361960748608436 -0.7807783965327435 -0.609783342426027
vn 0.12169698213846408 -0.8229778634264637 -0.5548849257714641
vn 0.47679608407030016 -0.8345931654069898 -0.2758980653632208
vn 0.47679608407030016 -0.8345931654069898 -0.2758980653632208
vn 0.12169698213846408 -0.8229778634264637 -0.5548849257714641
vn 0.514482960493278 -0.8365719678451402 -0.18829398816154996
vn -0.19449999968589896 -0.6411010040154419 -0.7424010053687815
vn 0.07329895960381431 -0.6116936692679688 -0.7876916385861205
vn -0.03740100924152057 -0.5220111593222945 -0.8521182512132397
vn -0.19449999968589896 -0.6411010040154419 -0.7424010053687815
vn -0.3280939204225293 -0.6073888022803617 -0.7234868500851985
vn 0.07329895960381431 -0.6116936692679688 -0.7876916385861205
vn -0.23369510694734663 0.9722794387099736 -0.007700003291353478
vn -0.27648997207324205 0.9552639092400884 -0.1049959953821184
vn -0.23369595888625733 0.9722838005527719 -0.007099998795096757
vn -0.27648997207324205 0.9552639092400884 -0.1049959953821184
vn -0.23369510694734663 0.9722794387099736 -0.007700003291353478
vn -0.290710902148744 0.9513367011344105 -0.10220397471018862
vn -0.3280939204225293 -0.6073888022803617 0.7234868500851985
vn -0.19449999968589896 -0.6411010040154419 0.7424010053687815
vn 0.07329895960381431 -0.6116936692679688 0.7876916385861205
vn -0.03740100924152057 -0.5220111593222945 0.8521182512132397
vn 0.07329895960381431 -0.6116936692679688 0.7876916385861205
vn -0.19449999968589896 -0.6411010040154419 0.7424010053687815
vn -0.8067293118776816 -0.5909211600182906 -9.879584449807993e-17
vn -0.7018239950783526 -0.6422219741251602 0.3082109924760027
vn -0.7394120471848629 -0.6327100206741592 0.23010400738882286
vn -0.7018239950783526 -0.6422219741251602 0.3082109924760027
vn -0.8067293118776816 -0.5909211600182906 -9.879584449807993e-17
vn -0.8067293118776816 -0.5909211600182906 -9.879584449807993e-17
vn -0.7018239950783526 -0.6422219741251602 -0.3082109924760027
vn -0.8067293118776816 -0.5909211600182906 -9.879584449807993e-17
vn -0.7394120471848629 -0.6327100206741592 -0.23010400738882286
vn -0.8067293118776816 -0.5909211600182906 -9.879584449807993e-17
vn -0.7018239950783526 -0.6422219741251602 -0.3082109924760027
vn -0.8067293118776816 -0.5909211600182906 -9.879584449807993e-17
vn -0.29059389517482304 0.9521786663571262 0.09439796301556581
vn -0.23369510694734663 0.9722794387099736 -0.007700003291353478
vn -0.2764039039078365 0.9563146231712994 0.09520096329997442
vn -0.2764039039078365 0.9563146231712994 0.09520096329997442
vn -0.23369510694734663 0.9722794387099736 -0.007700003291353478
vn -0.23369595888625733 0.9722838005527719 -0.007099998795096757
vn 0.7298214975882843 0.39081123172773274 0.5609163599088962
vn 0.7669008468093538 0.6251007991064214 0.14529997288234264
vn 0.7421760631601065 0.44098607136559087 0.5046840359410105
vn 0.7669008468093538 0.6251007991064214 0.14529997288234264
vn 0.7298214975882843 0.39081123172773274 0.5609163599088962
vn 0.7658812891046118 0.6253852159449126 0.1493960597773347
vn 0.7421760631601065 0.44098607136559087 0.5046840359410105
vn 0.6000197546544831 -0.14450493495277725 0.7868256590876199
vn 0.7298214975882843 0.39081123172773274 0.5609163599088962
vn 0.7298214975882843 0.39081123172773274 0.5609163599088962
vn 0.6000197546544831 -0.14450493495277725 0.7868256590876199
vn 0.6007899628988251 -0.10719798482106252 0.7921868545553705
vn 0.6007899628988251 -0.10719798482106252 0.7921868545553705
vn 0.6000197546544831 -0.14450493495277725 0.7868256590876199
vn 0.5681959361186791 -0.41049697782397293 0.7131939493402917
vn -0.7849886811340928 0.619490726734693 0.004899998069319491
vn -0.7849886811340928 0.619490726734693 0.004899998069319491
vn -0.769926175020426 0.6190211053411082 -0.1550050197919049
vn -0.7849886811340928 0.619490726734693 0.004899998069319491
vn -0.769926175020426 0.6190211053411082 -0.1550050197919049
vn -0.768601877386012 0.6189018947146695 -0.1618999654023742
vn -0.7678918863785539 0.62169391121531 0.154397964985929
vn -0.7689869915805133 0.6214899948831446 0.14969700411197365
vn -0.7849886811340928 0.619490726734693 0.004899998069319491
vn -0.7689869915805133 0.6214899948831446 0.14969700411197365
vn -0.7849886811340928 0.619490726734693 0.004899998069319491
vn -0.7849886811340928 0.619490726734693 0.004899998069319491
vn -0.5786033291145809 -0.20080109004466498 -0.79050433887133
vn -0.7198778484235535 0.39638791002264495 -0.5697828605152623
vn -0.7331947739777904 0.4434968564696614 -0.5154958406361637
vn -0.7198778484235535 0.39638791002264495 -0.5697828605152623
vn -0.5786033291145809 -0.20080109004466498 -0.79050433887133
vn -0.5792981231216675 -0.1951990224357406 -0.7913981464394799
vn -0.7331947739777904 0.4434968564696614 -0.5154958406361637
vn -0.7198778484235535 0.39638791002264495 -0.5697828605152623
vn -0.769926175020426 0.6190211053411082 -0.1550050197919049
vn -0.768601877386012 0.6189018947146695 -0.1618999654023742
vn -0.769926175020426 0.6190211053411082 -0.1550050197919049
vn -0.7198778484235535 0.39638791002264495 -0.5697828605152623
vn 0.7252849351599288 -0.6676869998715613 -0.16779699947428017
vn 0.7395058946392385 -0.673104889164877 0.007799998471662307
vn 0.7643011244307873 -0.6250010754970221 0.1588000214779577
vn 0.7395058946392385 -0.673104889164877 0.007799998471662307
vn 0.7252849351599288 -0.6676869998715613 -0.16779699947428017
vn 0.7434401593449063 -0.6511351537387429 -0.15270802545656903
vn 0.7643011244307873 -0.6250010754970221 0.1588000214779577
vn 0.7395058946392385 -0.673104889164877 0.007799998471662307
vn 0.709480820758064 -0.34769090944999964 0.6129828680006449
vn -0.572109748198675 -0.20160290223394725 0.795013651346251
vn -0.7242812323280292 0.3839900988393193 0.5726851669903468
vn -0.5731018777543747 -0.19230097518453823 0.7966018909452107
vn -0.7242812323280292 0.3839900988393193 0.5726851669903468
vn -0.572109748198675 -0.20160290223394725 0.795013651346251
vn -0.7393840439132777 0.4389900200482482 0.5104889792194216
vn -0.7689869915805133 0.6214899948831446 0.14969700411197365
vn -0.7242812323280292 0.3839900988393193 0.5726851669903468
vn -0.7393840439132777 0.4389900200482482 0.5104889792194216
vn -0.7242812323280292 0.3839900988393193 0.5726851669903468
vn -0.7689869915805133 0.6214899948831446 0.14969700411197365
vn -0.7678918863785539 0.62169391121531 0.154397964985929
vn 0.7720041276044098 -0.6297040582534916 -0.08650101722429303
vn 0.7299581629658599 -0.6648621434843206 0.15849104227350494
vn 0.7926901649373831 -0.570793097325209 -0.21409703981475067
vn 0.7299581629658599 -0.6648621434843206 0.15849104227350494
vn 0.7720041276044098 -0.6297040582534916 -0.08650101722429303
vn 0.7434961186156326 -0.6506960380092188 0.15429902048488348
vn 0.7039998182131881 -0.28569990430662684 -0.6501998313095615
vn 0.7020059461449488 -0.29010296832880456 -0.6504059650279598
vn 0.7926901649373831 -0.570793097325209 -0.21409703981475067
vn -0.1394969785307773 0.743884902053253 -0.6535869073642816
vn 0.3185029676265601 0.6432059508960681 -0.6963059416269254
vn 0.3801071141154648 0.6194111856982166 -0.6869121958669407
vn 0.3185029676265601 0.6432059508960681 -0.6963059416269254
vn -0.1394969785307773 0.743884902053253 -0.6535869073642816
vn -0.21289699736902717 0.7471889666485844 -0.6295899591240898
vn 0.2330041160766052 0.7510123510892533 -0.6178102705546029
vn 0.06339998379922213 0.8286958123329458 -0.5560968374987377
vn 0.2572080130214151 0.7310230547975 -0.6320200403405787
vn 0.06339998379922213 0.8286958123329458 -0.5560968374987377
vn 0.2330041160766052 0.7510123510892533 -0.6178102705546029
vn -0.00030000002039370195 0.8419150286496728 -0.5396100393189588
vn -0.21289699736902717 0.7471889666485844 0.6295899591240898
vn -0.1394969785307773 0.743884902053253 0.6535869073642816
vn 0.3185029676265601 0.6432059508960681 0.6963059416269254
vn 0.3185029676265601 0.6432059508960681 0.6963059416269254
vn -0.1394969785307773 0.743884902053253 0.6535869073642816
vn 0.3801071141154648 0.6194111856982166 0.6869121958669407
vn 0.7086089317808855 -0.3441039653094811 0.6160079892815057
vn 0.6919881663623249 -0.28819510183071134 0.661888178543244
vn 0.709480820758064 -0.34769090944999964 0.6129828680006449
vn 0.2043019679706021 0.6238048665155876 0.7544058552230418
vn -0.0873019465701575 0.7465165801655907 0.6596145584073568
vn 0.18370911302982562 0.6351324258986744 0.7502384709956292
vn -0.04290098703604757 -0.9919186845913881 0.11940196175031356
vn -0.04980302147588738 -0.9987514450746338 -0.0039000016926848684
vn -0.042800020361976596 -0.9918023928946365 0.12040004861081938
vn -0.04980302147588738 -0.9987514450746338 -0.0039000016926848684
vn -0.04290098703604757 -0.9919186845913881 0.11940196175031356
vn -0.04980302147588738 -0.9987514450746338 -0.0039000016926848684
vn -0.04980302147588738 -0.9987514450746338 -0.0039000016926848684
vn -0.043001010298087075 -0.9914122058799891 -0.1235020289125561
vn -0.04290000803890667 -0.9913041781305509 -0.12440102785417355
vn -0.043001010298087075 -0.9914122058799891 -0.1235020289125561
vn -0.04980302147588738 -0.9987514450746338 -0.0039000016926848684
vn -0.04980302147588738 -0.9987514450746338 -0.0039000016926848684
vn 0.7020059461449488 -0.29010296832880456 -0.6504059650279598
vn 0.7039998182131881 -0.28569990430662684 -0.6501998313095615
vn 0.6770980380011072 -0.3417990218720823 -0.6516990682687361
vn -0.03740000747251673 -0.678005103368079 0.7341051145768541
vn -0.32168307113545563 -0.5841701483881202 0.7451612171047705
vn 0.40879887820942695 -0.8745967848150488 0.2606989473816367
vn -0.5839152367139108 -0.12050304625866537 0.8028212828367964
vn -0.5845668379708501 -0.08429497572422888 0.806954750288028
vn -0.5600210291052646 -0.35381301370794416 0.749128025300604
vn -0.7764321626426981 -0.6301261831988542 0.009700003156026404
vn -0.7384835645645589 -0.6569855955114632 -0.15169690886261059
vn -0.7764425879114506 -0.6301346425590212 0.008199995389278939
vn -0.7384835645645589 -0.6569855955114632 -0.15169690886261059
vn -0.7764321626426981 -0.6301261831988542 0.009700003156026404
vn -0.7200142102637853 -0.673713262871038 -0.1664030542083799
vn -0.7764321626426981 -0.6301261831988542 0.009700003156026404
vn -0.7385802263474204 -0.656482219206494 0.15339604008679686
vn -0.7247113677183573 -0.6708103503240568 0.15750208696364668
vn -0.7385802263474204 -0.656482219206494 0.15339604008679686
vn -0.7764321626426981 -0.6301261831988542 0.009700003156026404
vn -0.7764425879114506 -0.6301346425590212 0.008199995389278939
vn -0.588998146599726 -0.12760003077797988 -0.7979971274682299
vn -0.5432779638548392 -0.41348396586928476 -0.7306709683289383
vn -0.5911139859226854 -0.08850199004176905 -0.8017179388071853
vn 0.18898994640613748 0.8204548107103474 0.5395708514547958
vn 0.2480099522275088 0.7932328655531226 0.5561229042239586
vn 0.03820098956217059 0.8721147820531472 0.487807842619266
vn 0.2480099522275088 0.7932328655531226 0.5561229042239586
vn 0.18898994640613748 0.8204548107103474 0.5395708514547958
vn 0.47659620500361705 0.6007952076139742 0.6417952756792713
vn 0.47659620500361705 0.6007952076139742 0.6417952756792713
vn 0.5115960134714423 0.5553960089429667 0.6555949910198765
vn 0.2480099522275088 0.7932328655531226 0.5561229042239586
vn 0.4339219659078805 0.563428942195153 -0.7030359554101703
vn 0.2374978780548617 0.7442946340003473 -0.6241956870387099
vn 0.47301412633983414 0.5086151469557489 -0.7194221768684541
vn 0.2374978780548617 0.7442946340003473 -0.6241956870387099
vn 0.4339219659078805 0.563428942195153 -0.7030359554101703
vn 0.16889599363663224 0.7792809789242924 -0.6034859561085837
vn -0.25800392172188086 0.8436117218187423 -0.4709068264382525
vn -0.44921288042433266 0.8934247523215787 -5.501271222794151e-17
vn -0.44921288042433266 0.8934247523215787 -5.501271222794151e-17
vn -0.44921288042433266 0.8934247523215787 -5.501271222794151e-17
vn -0.25800392172188086 0.8436117218187423 -0.4709068264382525
vn -0.364703922006702 0.8915098273897978 -0.2687029529803167
vn -0.44921288042433266 0.8934247523215787 -5.501271222794151e-17
vn -0.25800392172188086 0.8436117218187423 0.4709068264382525
vn -0.44921288042433266 0.8934247523215787 -5.501271222794151e-17
vn -0.25800392172188086 0.8436117218187423 0.4709068264382525
vn -0.44921288042433266 0.8934247523215787 -5.501271222794151e-17
vn -0.364703922006702 0.8915098273897978 0.2687029529803167
vn -0.7601678385680923 -0.6300739061724003 0.1585929694764805
vn -0.7346081818471313 -0.6784072000584818 0.010700003367451968
vn -0.7200142102637853 -0.673713262871038 -0.1664030542083799
vn -0.7384835645645589 -0.6569855955114632 -0.15169690886261059
vn -0.7200142102637853 -0.673713262871038 -0.1664030542083799
vn -0.7346081818471313 -0.6784072000584818 0.010700003367451968
vn -0.7346081818471313 -0.6784072000584818 0.010700003367451968
vn -0.7601678385680923 -0.6300739061724003 0.1585929694764805
vn -0.6925668798150386 -0.40538093926016194 0.5966719459366351
vn -0.7666327857925823 -0.6363268415410702 -0.08580397707723215
vn -0.7881330807801832 -0.5784239739670521 -0.2104090143508594
vn -0.7247113677183573 -0.6708103503240568 0.15750208696364668
vn -0.7666327857925823 -0.6363268415410702 -0.08580397707723215
vn -0.7247113677183573 -0.6708103503240568 0.15750208696364668
vn -0.7385802263474204 -0.656482219206494 0.15339604008679686
vn -0.6918830816152797 -0.3521910281576279 -0.6302850791981492
vn -0.6906840757239766 -0.3548920131963539 -0.6300850470458373
vn -0.7881330807801832 -0.5784239739670521 -0.2104090143508594
vn -0.07919802697205645 0.6070851821982469 -0.7906802476848999
vn 0.19669906794109746 0.48059818146377037 -0.8545963167746633
vn 0.25728795259828524 0.44617990227184623 -0.8571618308443676
vn 0.19669906794109746 0.48059818146377037 -0.8545963167746633
vn -0.07919802697205645 0.6070851821982469 -0.7906802476848999
vn -0.07160199560827692 0.6043159473062716 -0.7935208819282804
vn -0.07919802697205645 0.6070851821982469 -0.7906802476848999
vn -0.26359286760859846 0.6627837383434172 -0.7008826694486036
vn -0.07160199560827692 0.6043159473062716 -0.7935208819282804
vn 0.14240297385235634 0.8188168239795725 0.55611186087514
vn 0.08029899866694452 0.8380879885570985 0.539592989436856
vn 0.35460288129734924 0.6909057653304125 0.630004777766657
vn 0.35460288129734924 0.6909057653304125 0.630004777766657
vn 0.3864969388428107 0.6610958704973297 0.6430959230756441
vn 0.14240297385235634 0.8188168239795725 0.55611186087514
vn 0.08029899866694452 0.8380879885570985 0.539592989436856
vn 0.14240297385235634 0.8188168239795725 0.55611186087514
vn -0.07600300153714327 0.8696310083965908 0.4878170281903592
vn -0.07909896410835708 0.6070897125978513 0.790686685568211
vn 0.19669906794109746 0.48059818146377037 0.8545963167746633
vn -0.07160199560827692 0.6043159473062716 0.7935208819282804
vn 0.19669906794109746 0.48059818146377037 0.8545963167746633
vn -0.07909896410835708 0.6070897125978513 0.790686685568211
vn 0.25728795259828524 0.44617990227184623 0.8571618308443676
vn -0.07909896410835708 0.6070897125978513 0.790686685568211
vn -0.07160199560827692 0.6043159473062716 0.7935208819282804
vn -0.26359286760859846 0.6627837383434172 0.7008826694486036
vn -0.5605022125971362 -0.3627011358078852 -0.7445032946585157
vn -0.25270002888834875 -0.8245010313483774 -0.5063010415802933
vn -0.5732907588144028 -0.3287948332866742 -0.7504876171276873
vn -0.25270002888834875 -0.8245010313483774 -0.5063010415802933
vn -0.5605022125971362 -0.3627011358078852 -0.7445032946585157
vn -0.25270002888834875 -0.8245010313483774 -0.5063010415802933
vn -0.25260690138647235 -0.8245217296801245 0.5063138065046426
vn -0.25260690138647235 -0.8245217296801245 0.5063138065046426
vn -0.5605022125971362 -0.3627011358078852 0.7445032946585157
vn -0.25260690138647235 -0.8245217296801245 0.5063138065046426
vn -0.5605022125971362 -0.3627011358078852 0.7445032946585157
vn -0.5732907588144028 -0.3287948332866742 0.7504876171276873
vn 0.40879887820942695 -0.8745967848150488 -0.2606989473816367
vn 0.3264830363582421 -0.8424550769906997 -0.4285770295091619
vn -0.03740000747251673 -0.678005103368079 -0.7341051145768541
vn 0.7679069991067121 0.6226059597217924 -0.15060099482350622
vn 0.7251081947829017 0.4034050937153037 -0.5581061155579903
vn 0.7359125083989418 0.44590771597393053 -0.5095086739368523
vn 0.7251081947829017 0.4034050937153037 -0.5581061155579903
vn 0.7679069991067121 0.6226059597217924 -0.15060099482350622
vn 0.7666944728094988 0.6225953589897951 -0.15669908847129005
vn 0.6010002686161465 -0.18560007808414083 -0.7774003396825091
vn 0.7359125083989418 0.44590771597393053 -0.5095086739368523
vn 0.7251081947829017 0.4034050937153037 -0.5581061155579903
vn 0.6010002686161465 -0.18560007808414083 -0.7774003396825091
vn 0.7251081947829017 0.4034050937153037 -0.5581061155579903
vn 0.6027869033426457 -0.16439597437626347 -0.7807828845251815
vn 0.7298214975882843 0.39081123172773274 0.5609163599088962
vn 0.7669008468093538 0.6251007991064214 0.14529997288234264
vn 0.7421760631601065 0.44098607136559087 0.5046840359410105
vn 0.7669008468093538 0.6251007991064214 0.14529997288234264
vn 0.7298214975882843 0.39081123172773274 0.5609163599088962
vn 0.7658812891046118 0.6253852159449126 0.1493960597773347
vn 0.7421760631601065 0.44098607136559087 0.5046840359410105
vn 0.5949118689555111 -0.18540397149753826 0.7821158709096758
vn 0.7298214975882843 0.39081123172773274 0.5609163599088962
vn 0.7298214975882843 0.39081123172773274 0.5609163599088962
vn 0.5949118689555111 -0.18540397149753826 0.7821158709096758
vn 0.5962921995696867 -0.1622980391095897 0.7861901546277003
vn 0.7832642163814432 0.6216711971163374 0.004700001308905074
vn 0.7679069991067121 0.6226059597217924 -0.15060099482350622
vn 0.7832642163814432 0.6216711971163374 0.004700001308905074
vn 0.7679069991067121 0.6226059597217924 -0.15060099482350622
vn 0.7832642163814432 0.6216711971163374 0.004700001308905074
vn 0.7666944728094988 0.6225953589897951 -0.15669908847129005
vn 0.7669008468093538 0.6251007991064214 0.14529997288234264
vn 0.7832642163814432 0.6216711971163374 0.004700001308905074
vn 0.7832642163814432 0.6216711971163374 0.004700001308905074
vn 0.7832642163814432 0.6216711971163374 0.004700001308905074
vn 0.7669008468093538 0.6251007991064214 0.14529997288234264
vn 0.7658812891046118 0.6253852159449126 0.1493960597773347
vn -0.21289699736902717 0.7471889666485844 -0.6295899591240898
vn -0.1394969785307773 0.743884902053253 -0.6535869073642816
vn -0.5327701087999082 0.7035611424307675 -0.47027410095692834
vn -0.21289699736902717 0.7471889666485844 0.6295899591240898
vn -0.5327701087999082 0.7035611424307675 0.47027410095692834
vn -0.1394969785307773 0.743884902053253 0.6535869073642816
vn 0.2891060969714118 -0.9498213403880494 0.11940304031893716
vn 0.2847939798426794 -0.9585808150859828 -0.0038999992898379712
vn 0.2890989176324001 -0.9496976706744917 0.12039995904990741
vn 0.2847939798426794 -0.9585808150859828 -0.0038999992898379712
vn 0.2891060969714118 -0.9498213403880494 0.11940304031893716
vn 0.2847939798426794 -0.9585808150859828 -0.0038999992898379712
vn 0.2847939798426794 -0.9585808150859828 -0.0038999992898379712
vn 0.2887971407132227 -0.9493914862059194 -0.12349905844006491
vn 0.28891205420278254 -0.9492382286483326 -0.12440502485391833
vn 0.2887971407132227 -0.9493914862059194 -0.12349905844006491
vn 0.2847939798426794 -0.9585808150859828 -0.0038999992898379712
vn 0.2847939798426794 -0.9585808150859828 -0.0038999992898379712
vn -0.6925668798150386 -0.40538093926016194 0.5966719459366351
vn -0.6546991674875083 -0.41980011600938216 0.6285991271785802
vn -0.6942143623733344 -0.4047082173503775 0.595212296482242
vn 0.23039302188493774 0.6109819997302289 -0.7573770867093731
vn 0.20329889719691302 0.6267957111241705 -0.7521945858053382
vn -0.0330980043843899 0.7341630375880093 -0.6781660241749936
vn -0.6906840757239766 -0.3548920131963539 -0.6300850470458373
vn -0.6918830816152797 -0.3521910281576279 -0.6302850791981492
vn -0.6352200732955102 -0.46611409048997776 -0.6158190587576416
vn 0.5794200358593303 -0.8150290927597444 7.095849179356289e-17
vn 0.47679608407030016 -0.8345931654069898 0.2758980653632208
vn 0.5794200358593303 -0.8150290927597444 7.095849179356289e-17
vn 0.47679608407030016 -0.8345931654069898 0.2758980653632208
vn 0.5794200358593303 -0.8150290927597444 7.095849179356289e-17
vn 0.514482960493278 -0.8365719678451402 0.18829398816154996
vn 0.514482960493278 -0.8365719678451402 -0.18829398816154996
vn 0.5794200358593303 -0.8150290927597444 7.095849179356289e-17
vn 0.47679608407030016 -0.8345931654069898 -0.2758980653632208
vn 0.47679608407030016 -0.8345931654069898 -0.2758980653632208
vn 0.5794200358593303 -0.8150290927597444 7.095849179356289e-17
vn 0.5794200358593303 -0.8150290927597444 7.095849179356289e-17
vn 0.6074269255268981 -0.10990497927853618 -0.7867359313484575
vn 0.5520080300068768 -0.46370705727652034 -0.6930100286719355
vn 0.6054960397345386 -0.1488990165038796 -0.7817951322117372
vn -0.006900000297183556 -0.6906020552492946 -0.7232020404294702
vn 0.3327170586258931 -0.7174371428826366 -0.612032111013575
vn -0.14450400846145767 -0.6546180743925295 -0.7420200591744053
vn -0.006900000297183556 -0.6906020552492946 0.7232020404294702
vn -0.14450400846145767 -0.6546180743925295 0.7420200591744053
vn 0.3327170586258931 -0.7174371428826366 0.612032111013575
vn 0.7299581629658599 -0.6648621434843206 0.15849104227350494
vn 0.7434961186156326 -0.6506960380092188 0.15429902048488348
vn 0.7805382670438723 -0.6250311781196247 0.009800002986874563
vn 0.7434961186156326 -0.6506960380092188 0.15429902048488348
vn 0.7805878909487003 -0.6249909235545091 0.008299998719389808
vn 0.7805382670438723 -0.6250311781196247 0.009800002986874563
vn 0.7805382670438723 -0.6250311781196247 0.009800002986874563
vn 0.7805878909487003 -0.6249909235545091 0.008299998719389808
vn 0.7434401593449063 -0.6511351537387429 -0.15270802545656903
vn 0.7805382670438723 -0.6250311781196247 0.009800002986874563
vn 0.7434401593449063 -0.6511351537387429 -0.15270802545656903
vn 0.7252849351599288 -0.6676869998715613 -0.16779699947428017
vn -0.6140320901506148 0.18060903264124256 0.7683390980508945
vn -0.5586991842056204 0.4901991728322999 0.6689992470268581
vn -0.6149889655361478 0.16589699223176324 0.7708869957634731
vn -0.6242948645127702 0.1502989649386036 -0.7665938581030808
vn -0.6260121904581075 0.12260203502644902 -0.7701152370945633
vn -0.5652771615434318 0.4727811236790559 -0.6759731797417484
vn -0.5851749881479335 -0.1574929980527185 -0.795466019896785
vn -0.7198778484235535 0.39638791002264495 -0.5697828605152623
vn -0.7331947739777904 0.4434968564696614 -0.5154958406361637
vn -0.7198778484235535 0.39638791002264495 -0.5697828605152623
vn -0.5851749881479335 -0.1574929980527185 -0.795466019896785
vn -0.5875679335009237 -0.12819299277411536 -0.798955868696807
vn -0.7331947739777904 0.4434968564696614 -0.5154958406361637
vn -0.7198778484235535 0.39638791002264495 -0.5697828605152623
vn -0.769926175020426 0.6190211053411082 -0.1550050197919049
vn -0.768601877386012 0.6189018947146695 -0.1618999654023742
vn -0.769926175020426 0.6190211053411082 -0.1550050197919049
vn -0.7198778484235535 0.39638791002264495 -0.5697828605152623
vn -0.5795972750225846 -0.15359906340563734 0.8002963991592773
vn -0.7242812323280292 0.3839900988393193 0.5726851669903468
vn -0.581179922358193 -0.12399598328383471 0.8042728977015199
vn -0.7242812323280292 0.3839900988393193 0.5726851669903468
vn -0.5795972750225846 -0.15359906340563734 0.8002963991592773
vn -0.7393840439132777 0.4389900200482482 0.5104889792194216
vn -0.7689869915805133 0.6214899948831446 0.14969700411197365
vn -0.7242812323280292 0.3839900988393193 0.5726851669903468
vn -0.7393840439132777 0.4389900200482482 0.5104889792194216
vn -0.7242812323280292 0.3839900988393193 0.5726851669903468
vn -0.7689869915805133 0.6214899948831446 0.14969700411197365
vn -0.7678918863785539 0.62169391121531 0.154397964985929
vn -0.7849886811340928 0.619490726734693 0.004899998069319491
vn -0.7849886811340928 0.619490726734693 0.004899998069319491
vn -0.769926175020426 0.6190211053411082 -0.1550050197919049
vn -0.7849886811340928 0.619490726734693 0.004899998069319491
vn -0.769926175020426 0.6190211053411082 -0.1550050197919049
vn -0.768601877386012 0.6189018947146695 -0.1618999654023742
vn -0.7678918863785539 0.62169391121531 0.154397964985929
vn -0.7689869915805133 0.6214899948831446 0.14969700411197365
vn -0.7849886811340928 0.619490726734693 0.004899998069319491
vn -0.7689869915805133 0.6214899948831446 0.14969700411197365
vn -0.7849886811340928 0.619490726734693 0.004899998069319491
vn -0.7849886811340928 0.619490726734693 0.004899998069319491
vn 0.7252849351599288 -0.6676869998715613 -0.16779699947428017
vn 0.7395058946392385 -0.673104889164877 0.007799998471662307
vn 0.7643011244307873 -0.6250010754970221 0.1588000214779577
vn 0.7395058946392385 -0.673104889164877 0.007799998471662307
vn 0.7252849351599288 -0.6676869998715613 -0.16779699947428017
vn 0.7434401593449063 -0.6511351537387429 -0.15270802545656903
vn 0.7643011244307873 -0.6250010754970221 0.1588000214779577
vn 0.7395058946392385 -0.673104889164877 0.007799998471662307
vn 0.6801850645730164 -0.42609002246478905 0.5964860188535493
vn 0.7720041276044098 -0.6297040582534916 -0.08650101722429303
vn 0.7299581629658599 -0.6648621434843206 0.15849104227350494
vn 0.7926901649373831 -0.570793097325209 -0.21409703981475067
vn 0.7299581629658599 -0.6648621434843206 0.15849104227350494
vn 0.7720041276044098 -0.6297040582534916 -0.08650101722429303
vn 0.7434961186156326 -0.6506960380092188 0.15429902048488348
vn 0.6783079565674079 -0.3719039592649055 -0.633707946250033
vn 0.6818030603306631 -0.36320204217845015 -0.6350030421038515
vn 0.7926901649373831 -0.570793097325209 -0.21409703981475067
vn 0.17249598635976024 0.6863848978748543 -0.7064848948555795
vn 0.06220199783295968 0.7229239790146861 -0.6881219601430857
vn -0.26970097710832325 0.7710029565239463 -0.576901918854626
vn 0.17249598635976024 0.6863848978748543 0.7064848948555795
vn -0.26970097710832325 0.7710029565239463 0.576901918854626
vn 0.06220199783295968 0.7229239790146861 0.6881219601430857
vn -0.572109748198675 -0.20160290223394725 0.795013651346251
vn -0.5731018777543747 -0.19230097518453823 0.7966018909452107
vn -0.4935970294732004 -0.5499960171100012 0.6736960395151271
vn -0.6140320901506148 0.18060903264124256 0.7683390980508945
vn -0.6550129233340655 -0.3217059460966826 0.6837129181984205
vn -0.6579240579752114 -0.37141403664374406 0.6551240701740627
vn -0.6550129233340655 -0.3217059460966826 0.6837129181984205
vn -0.6140320901506148 0.18060903264124256 0.7683390980508945
vn -0.6149889655361478 0.16589699223176324 0.7708869957634731
vn -0.6768989600305404 -0.6598989403864965 0.3260999637938523
vn -0.6579240579752114 -0.37141403664374406 0.6551240701740627
vn -0.6550129233340655 -0.3217059460966826 0.6837129181984205
vn -0.6579240579752114 -0.37141403664374406 0.6551240701740627
vn -0.6768989600305404 -0.6598989403864965 0.3260999637938523
vn -0.6794851942086672 -0.6733851953261791 0.2912940946307242
vn -0.6552929725242 -0.34789600156119543 -0.6704919777731354
vn -0.6242948645127702 0.1502989649386036 -0.7665938581030808
vn -0.65711589946354 -0.38690896183954493 -0.6469158754586785
vn -0.6242948645127702 0.1502989649386036 -0.7665938581030808
vn -0.6552929725242 -0.34789600156119543 -0.6704919777731354
vn -0.6260121904581075 0.12260203502644902 -0.7701152370945633
vn -0.65711589946354 -0.38690896183954493 -0.6469158754586785
vn -0.6759142483348731 -0.6586142380859644 -0.3307071427839864
vn -0.6552929725242 -0.34789600156119543 -0.6704919777731354
vn -0.6759142483348731 -0.6586142380859644 -0.3307071427839864
vn -0.65711589946354 -0.38690896183954493 -0.6469158754586785
vn -0.6785116689758808 -0.6723117131288068 -0.29600485714490216
vn -0.2509030040363861 -0.8089099918309683 0.5317069753929694
vn -0.5973249678247095 -0.2494099887064043 0.762231946553463
vn -0.593376033881104 -0.25499003842938556 0.7634690319307728
vn -0.5973249678247095 -0.2494099887064043 0.762231946553463
vn -0.2509030040363861 -0.8089099918309683 0.5317069753929694
vn -0.24730093490107985 -0.8136048222510737 0.5262028513860892
vn -0.2509030040363861 -0.8089099918309683 0.5317069753929694
vn -0.042800020361976596 -0.9918023928946365 0.12040004861081938
vn -0.24730093490107985 -0.8136048222510737 0.5262028513860892
vn -0.042800020361976596 -0.9918023928946365 0.12040004861081938
vn -0.2509030040363861 -0.8089099918309683 0.5317069753929694
vn -0.04290098703604757 -0.9919186845913881 0.11940196175031356
vn 0.47659620500361705 0.6007952076139742 -0.6417952756792713
vn 0.2480099522275088 0.7932328655531226 -0.5561229042239586
vn 0.5115960134714423 0.5553960089429667 -0.6555949910198765
vn 0.2480099522275088 0.7932328655531226 -0.5561229042239586
vn 0.47659620500361705 0.6007952076139742 -0.6417952756792713
vn 0.18900504734587698 0.8204222332925425 -0.539615095412517
vn -0.5786033291145809 -0.20080109004466498 -0.79050433887133
vn -0.47439008569891156 -0.5924870920243223 -0.6510860867620669
vn -0.5792981231216675 -0.1951990224357406 -0.7913981464394799
vn 0.49779605152520884 -0.8672941202878707 6.096243603098348e-17
vn 0.3264830363582421 -0.8424550769906997 0.4285770295091619
vn 0.49779605152520884 -0.8672941202878707 6.096243603098348e-17
vn 0.3264830363582421 -0.8424550769906997 0.4285770295091619
vn 0.49779605152520884 -0.8672941202878707 6.096243603098348e-17
vn 0.40879887820942695 -0.8745967848150488 0.2606989473816367
vn 0.40879887820942695 -0.8745967848150488 -0.2606989473816367
vn 0.49779605152520884 -0.8672941202878707 6.096243603098348e-17
vn 0.3264830363582421 -0.8424550769906997 -0.4285770295091619
vn 0.3264830363582421 -0.8424550769906997 -0.4285770295091619
vn 0.49779605152520884 -0.8672941202878707 6.096243603098348e-17
vn 0.49779605152520884 -0.8672941202878707 6.096243603098348e-17
vn -0.5875097537037847 -0.2661038945982 -0.7642126710429422
vn -0.2509030040363861 -0.8089099918309683 -0.5317069753929694
vn -0.5771990951059296 -0.2800000577201621 -0.7670991932505221
vn -0.2509030040363861 -0.8089099918309683 -0.5317069753929694
vn -0.5875097537037847 -0.2661038945982 -0.7642126710429422
vn -0.24730093490107985 -0.8136048222510737 -0.5262028513860892
vn -0.24730093490107985 -0.8136048222510737 -0.5262028513860892
vn -0.04290000803890667 -0.9913041781305509 -0.12440102785417355
vn -0.2509030040363861 -0.8089099918309683 -0.5317069753929694
vn -0.043001010298087075 -0.9914122058799891 -0.1235020289125561
vn -0.2509030040363861 -0.8089099918309683 -0.5317069753929694
vn -0.04290000803890667 -0.9913041781305509 -0.12440102785417355
vn 0.6841007498449052 -0.42229986359718485 0.5947007560676525
vn 0.6304118078411023 -0.4709088535080694 0.6171108524586394
vn 0.6801850645730164 -0.42609002246478905 0.5964860188535493
vn 0.6818030603306631 -0.36320204217845015 -0.6350030421038515
vn 0.6783079565674079 -0.3719039592649055 -0.633707946250033
vn 0.6113839896792099 -0.5132870205085945 -0.6022840291269074
vn -0.011700001474130181 0.7534291102387397 -0.6574250419708441
vn -0.011700001474130181 0.7534291102387397 -0.6574250419708441
vn -0.18679697369226023 0.7543878972688166 -0.6292899101954095
vn -0.18679697369226023 0.7543878972688166 -0.6292899101954095
vn -0.011700001474130181 0.7534291102387397 -0.6574250419708441
vn -0.17479703194839985 0.7550891199223525 -0.6318911445786508
vn 0.14430398991204396 0.7556199301632871 0.6389169583251754
vn 0.11910194895563858 0.7650106544093463 0.6329087014689813
vn -0.11810000188838748 0.8240979873636529 0.5539990043106031
vn -0.7764321626426981 -0.6301261831988542 0.009700003156026404
vn -0.7385802263474204 -0.656482219206494 0.15339604008679686
vn -0.7247113677183573 -0.6708103503240568 0.15750208696364668
vn -0.7385802263474204 -0.656482219206494 0.15339604008679686
vn -0.7764321626426981 -0.6301261831988542 0.009700003156026404
vn -0.7764425879114506 -0.6301346425590212 0.008199995389278939
vn -0.7764321626426981 -0.6301261831988542 0.009700003156026404
vn -0.7384835645645589 -0.6569855955114632 -0.15169690886261059
vn -0.7764425879114506 -0.6301346425590212 0.008199995389278939
vn -0.7384835645645589 -0.6569855955114632 -0.15169690886261059
vn -0.7764321626426981 -0.6301261831988542 0.009700003156026404
vn -0.7200142102637853 -0.673713262871038 -0.1664030542083799
vn -0.6768989600305404 -0.6598989403864965 0.3260999637938523
vn -0.6824858868545933 -0.7308849186116285 -0.004499998930262582
vn -0.6794851942086672 -0.6733851953261791 0.2912940946307242
vn -0.6824858868545933 -0.7308849186116285 -0.004499998930262582
vn -0.6768989600305404 -0.6598989403864965 0.3260999637938523
vn -0.6824845573729321 -0.7308835878407539 -0.004899997193840538
vn -0.6824858868545933 -0.7308849186116285 -0.004499998930262582
vn -0.6759142483348731 -0.6586142380859644 -0.3307071427839864
vn -0.6785116689758808 -0.6723117131288068 -0.29600485714490216
vn -0.6759142483348731 -0.6586142380859644 -0.3307071427839864
vn -0.6824858868545933 -0.7308849186116285 -0.004499998930262582
vn -0.6824845573729321 -0.7308835878407539 -0.004899997193840538
vn -0.7601678385680923 -0.6300739061724003 0.1585929694764805
vn -0.7346081818471313 -0.6784072000584818 0.010700003367451968
vn -0.7200142102637853 -0.673713262871038 -0.1664030542083799
vn -0.7384835645645589 -0.6569855955114632 -0.15169690886261059
vn -0.7200142102637853 -0.673713262871038 -0.1664030542083799
vn -0.7346081818471313 -0.6784072000584818 0.010700003367451968
vn -0.7346081818471313 -0.6784072000584818 0.010700003367451968
vn -0.7601678385680923 -0.6300739061724003 0.1585929694764805
vn -0.6816302448313087 -0.43121915488811957 0.5911262553708692
vn 0.36312315687871155 0.6424402739623298 -0.6748422536635099
vn 0.2572080130214151 0.7310230547975 -0.6320200403405787
vn 0.3838048587680209 0.6245077865310514 -0.6802086848520431
vn 0.2572080130214151 0.7310230547975 -0.6320200403405787
vn 0.36312315687871155 0.6424402739623298 -0.6748422536635099
vn 0.2330041160766052 0.7510123510892533 -0.6178102705546029
vn 0.2572080130214151 0.7310230547975 0.6320200403405787
vn 0.2330041160766052 0.7510123510892533 0.6178102705546029
vn 0.36320989517438285 0.6424168801696974 0.6748178451407804
vn 0.36320989517438285 0.6424168801696974 0.6748178451407804
vn 0.3838048587680209 0.6245077865310514 0.6802086848520431
vn 0.2572080130214151 0.7310230547975 0.6320200403405787
vn 0.008500002457228357 0.7787191393305324 -0.6273151137973182
vn 0.2722140213237065 0.7236360802940862 -0.634232094655724
vn 0.16679202230014523 0.7716640927125432 -0.6137710886928087
vn 0.012798999169194332 0.8085619042519382 -0.5882719036404392
vn 0.16679202230014523 0.7716640927125432 -0.6137710886928087
vn 0.2722140213237065 0.7236360802940862 -0.634232094655724
vn 0.5962921995696867 -0.1622980391095897 0.7861901546277003
vn 0.5949118689555111 -0.18540397149753826 0.7821158709096758
vn 0.5359058369016266 -0.5095058072970894 0.673207818066092
vn 0.16679202230014523 0.7716640927125432 0.6137710886928087
vn 0.012798999169194332 0.8085619042519382 0.5882719036404392
vn 0.2722140213237065 0.7236360802940862 0.634232094655724
vn 0.2722140213237065 0.7236360802940862 0.634232094655724
vn 0.008500002457228357 0.7787191393305324 0.6273151137973182
vn 0.16679202230014523 0.7716640927125432 0.6137710886928087
vn -0.7666327857925823 -0.6363268415410702 -0.08580397707723215
vn -0.7881330807801832 -0.5784239739670521 -0.2104090143508594
vn -0.7247113677183573 -0.6708103503240568 0.15750208696364668
vn -0.7666327857925823 -0.6363268415410702 -0.08580397707723215
vn -0.7247113677183573 -0.6708103503240568 0.15750208696364668
vn -0.7385802263474204 -0.656482219206494 0.15339604008679686
vn -0.684945641598915 -0.37322482393178247 -0.6257417189669717
vn -0.6807118008831291 -0.3829068811777032 -0.6245108201506291
vn -0.7881330807801832 -0.5784239739670521 -0.2104090143508594
vn -0.6807118008831291 -0.3829068811777032 -0.6245108201506291
vn -0.684945641598915 -0.37322482393178247 -0.6257417189669717
vn -0.6110960879631707 -0.5169970425712541 -0.5993960537480085
vn -0.6816302448313087 -0.43121915488811957 0.5911262553708692
vn -0.6315047838453278 -0.47440383570823835 0.6133047437006963
vn -0.6861172968456544 -0.4271101687160899 0.5889142201955436
vn 0.25728795259828524 0.44617990227184623 -0.8571618308443676
vn 0.7110143902915997 0.46800926347441646 -0.5248103143997828
vn 0.7916700931730635 0.47398204160597746 -0.38548604100587414
vn 0.7110143902915997 0.46800926347441646 -0.5248103143997828
vn 0.25728795259828524 0.44617990227184623 -0.8571618308443676
vn 0.19669906794109746 0.48059818146377037 -0.8545963167746633
vn 0.6027869033426457 -0.16439597437626347 -0.7807828845251815
vn 0.5184057335499265 -0.5540067532758218 -0.6514077162172285
vn 0.6010002686161465 -0.18560007808414083 -0.7774003396825091
vn 0.25728795259828524 0.44617990227184623 0.8571618308443676
vn 0.7110143902915997 0.46800926347441646 0.5248103143997828
vn 0.19669906794109746 0.48059818146377037 0.8545963167746633
vn 0.7110143902915997 0.46800926347441646 0.5248103143997828
vn 0.25728795259828524 0.44617990227184623 0.8571618308443676
vn 0.7916700931730635 0.47398204160597746 0.38548604100587414
vn -0.6230982542214215 0.20390006900410437 0.7550982237075772
vn -0.5691851439340431 0.4989870840891707 0.6534830998862707
vn -0.6233741096650446 0.19979204403007167 0.7559681597406064
vn 0.35460288129734924 0.6909057653304125 -0.630004777766657
vn 0.14240297385235634 0.8188168239795725 -0.55611186087514
vn 0.3864969388428107 0.6610958704973297 -0.6430959230756441
vn 0.14240297385235634 0.8188168239795725 -0.55611186087514
vn 0.35460288129734924 0.6909057653304125 -0.630004777766657
vn 0.08029899866694452 0.8380879885570985 -0.539592989436856
vn 0.7832642163814432 0.6216711971163374 0.004700001308905074
vn 0.7679069991067121 0.6226059597217924 -0.15060099482350622
vn 0.7832642163814432 0.6216711971163374 0.004700001308905074
vn 0.7679069991067121 0.6226059597217924 -0.15060099482350622
vn 0.7832642163814432 0.6216711971163374 0.004700001308905074
vn 0.7666944728094988 0.6225953589897951 -0.15669908847129005
vn 0.7669008468093538 0.6251007991064214 0.14529997288234264
vn 0.7832642163814432 0.6216711971163374 0.004700001308905074
vn 0.7832642163814432 0.6216711971163374 0.004700001308905074
vn 0.7832642163814432 0.6216711971163374 0.004700001308905074
vn 0.7669008468093538 0.6251007991064214 0.14529997288234264
vn 0.7658812891046118 0.6253852159449126 0.1493960597773347
vn -0.6343869107287406 0.17179596793527074 -0.7536838812773086
vn -0.6355017377845026 0.1548999387786993 -0.7564017122133136
vn -0.5760912412319327 0.48139319769427874 -0.6605902443947598
vn -0.5176098884059788 0.8556167386302994 -6.338892749880798e-17
vn -0.3592118961816125 0.8647297128049025 0.3510118764856274
vn -0.5176098884059788 0.8556167386302994 -6.338892749880798e-17
vn -0.3592118961816125 0.8647297128049025 0.3510118764856274
vn -0.5176098884059788 0.8556167386302994 -6.338892749880798e-17
vn -0.41980414838918295 0.8766093694832862 0.23520308316293084
vn -0.41980414838918295 0.8766093694832862 -0.23520308316293084
vn -0.5176098884059788 0.8556167386302994 -6.338892749880798e-17
vn -0.3592118961816125 0.8647297128049025 -0.3510118764856274
vn -0.3592118961816125 0.8647297128049025 -0.3510118764856274
vn -0.5176098884059788 0.8556167386302994 -6.338892749880798e-17
vn -0.5176098884059788 0.8556167386302994 -6.338892749880798e-17
vn -0.5795972750225846 -0.15359906340563734 0.8002963991592773
vn -0.581179922358193 -0.12399598328383471 0.8042728977015199
vn -0.5372898515859094 -0.4327919134587933 0.7238858853627882
vn 0.012798999169194332 0.8085619042519382 -0.5882719036404392
vn -0.21841110767462518 0.8247433485422604 -0.5216272587582469
vn 0.16679202230014523 0.7716640927125432 -0.6137710886928087
vn -0.5851749881479335 -0.1574929980527185 -0.795466019896785
vn -0.5189988542783533 -0.4860989087499294 -0.7030988836357829
vn -0.5875679335009237 -0.12819299277411536 -0.798955868696807
vn 0.012798999169194332 0.8085619042519382 0.5882719036404392
vn 0.16679202230014523 0.7716640927125432 0.6137710886928087
vn -0.21841110767462518 0.8247433485422604 0.5216272587582469
vn 0.1583079841163123 0.7514368874864882 -0.6405319557131
vn -0.07389902351857276 0.8199873002063719 -0.5675911925173494
vn 0.1441009620704603 0.7571037902714046 -0.6372038633648108
vn -0.1845019763449867 0.7154079101738383 -0.6739069244231694
vn 0.3487901150264046 0.6386812436758632 -0.6858802553190463
vn -0.23260196968148217 0.7171058631579404 -0.6570049503046381
vn 0.3487901150264046 0.6386812436758632 -0.6858802553190463
vn -0.1845019763449867 0.7154079101738383 -0.6739069244231694
vn 0.41698914179117186 0.6206832440711141 -0.6639822031934438
vn 0.3487901150264046 0.6386812436758632 -0.6858802553190463
vn 0.41698914179117186 0.6206832440711141 -0.6639822031934438
vn 0.7226370049600003 0.4789240408377036 -0.4984250416764047
vn -0.5763927082923833 0.7474905823649002 -0.3301958132732058
vn -0.23260196968148217 0.7171058631579404 -0.6570049503046381
vn -0.5963160976572142 0.7522200922996006 -0.2803070538100176
vn -0.23260196968148217 0.7171058631579404 -0.6570049503046381
vn -0.5763927082923833 0.7474905823649002 -0.3301958132732058
vn -0.1845019763449867 0.7154079101738383 -0.6739069244231694
vn -0.23600590322286927 -0.6110156798663805 0.755619648104377
vn 0.3630788764992999 -0.7358567403816121 0.5715667826903124
vn 0.36430106047209526 -0.736002156899894 0.5706010536071682
vn 0.3630788764992999 -0.7358567403816121 0.5715667826903124
vn -0.23600590322286927 -0.6110156798663805 0.755619648104377
vn -0.22470292266545647 -0.612808759005047 0.7576107321258695
vn 0.6456199317509054 -0.7358219656777879 0.20430599245257794
vn 0.36430106047209526 -0.736002156899894 0.5706010536071682
vn 0.3630788764992999 -0.7358567403816121 0.5715667826903124
vn 0.6456199317509054 -0.7358219656777879 0.20430599245257794
vn 0.3630788764992999 -0.7358567403816121 0.5715667826903124
vn 0.6463619670752477 -0.7360569466594347 0.20108798768948488
vn -0.1845019763449867 0.7154079101738383 0.6739069244231694
vn 0.3487901150264046 0.6386812436758632 0.6858802553190463
vn 0.41698914179117186 0.6206832440711141 0.6639822031934438
vn 0.3487901150264046 0.6386812436758632 0.6858802553190463
vn -0.1845019763449867 0.7154079101738383 0.6739069244231694
vn -0.23260196968148217 0.7171058631579404 0.6570049503046381
vn 0.3487901150264046 0.6386812436758632 0.6858802553190463
vn 0.7226370049600003 0.4789240408377036 0.4984250416764047
vn 0.41698914179117186 0.6206832440711141 0.6639822031934438
vn -0.5763927082923833 0.7474905823649002 0.3301958132732058
vn -0.23260196968148217 0.7171058631579404 0.6570049503046381
vn -0.1845019763449867 0.7154079101738383 0.6739069244231694
vn -0.23260196968148217 0.7171058631579404 0.6570049503046381
vn -0.5763927082923833 0.7474905823649002 0.3301958132732058
vn -0.5963160976572142 0.7522200922996006 0.2803070538100176
vn 0.03100100039156306 0.6593200108227892 -0.751223043645068
vn 0.3280029808932338 0.472003984285993 -0.8183069615635081
vn 0.3641779367734319 0.4520729413867679 -0.8142508741373031
vn 0.3280029808932338 0.472003984285993 -0.8183069615635081
vn 0.03100100039156306 0.6593200108227892 -0.751223043645068
vn 0.06400099386038689 0.6314058889355919 -0.7728068815702521
vn 0.03100100039156306 0.6593200108227892 -0.751223043645068
vn -0.08199903380267502 0.742692352366321 -0.664593280279005
vn 0.06400099386038689 0.6314058889355919 -0.7728068815702521
vn 0.2584080740737241 0.48021409744927696 0.8382241274650146
vn 0.03100100039156306 0.6593200108227892 0.751223043645068
vn 0.28790786678172314 0.45821180646514315 0.8409227078995712
vn 0.03100100039156306 0.6593200108227892 0.751223043645068
vn 0.2584080740737241 0.48021409744927696 0.8382241274650146
vn 0.06400099386038689 0.6314058889355919 0.7728068815702521
vn 0.03100100039156306 0.6593200108227892 0.751223043645068
vn 0.06400099386038689 0.6314058889355919 0.7728068815702521
vn -0.08199903380267502 0.742692352366321 0.664593280279005
vn 0.008500002457228357 0.7787191393305324 0.6273151137973182
vn 0.2722140213237065 0.7236360802940862 0.634232094655724
vn -0.41980414838918295 0.8766093694832862 0.23520308316293084
vn 0.7299581629658599 -0.6648621434843206 0.15849104227350494
vn 0.7434961186156326 -0.6506960380092188 0.15429902048488348
vn 0.7805382670438723 -0.6250311781196247 0.009800002986874563
vn 0.7434961186156326 -0.6506960380092188 0.15429902048488348
vn 0.7805878909487003 -0.6249909235545091 0.008299998719389808
vn 0.7805382670438723 -0.6250311781196247 0.009800002986874563
vn 0.7805382670438723 -0.6250311781196247 0.009800002986874563
vn 0.7805878909487003 -0.6249909235545091 0.008299998719389808
vn 0.7434401593449063 -0.6511351537387429 -0.15270802545656903
vn 0.7805382670438723 -0.6250311781196247 0.009800002986874563
vn 0.7434401593449063 -0.6511351537387429 -0.15270802545656903
vn 0.7252849351599288 -0.6676869998715613 -0.16779699947428017
vn 0.7298214975882843 0.39081123172773274 0.5609163599088962
vn 0.7669008468093538 0.6251007991064214 0.14529997288234264
vn 0.7421760631601065 0.44098607136559087 0.5046840359410105
vn 0.7669008468093538 0.6251007991064214 0.14529997288234264
vn 0.7298214975882843 0.39081123172773274 0.5609163599088962
vn 0.7658812891046118 0.6253852159449126 0.1493960597773347
vn 0.7421760631601065 0.44098607136559087 0.5046840359410105
vn 0.6032980816719433 -0.11140001816812813 0.7896970688834383
vn 0.7298214975882843 0.39081123172773274 0.5609163599088962
vn 0.7298214975882843 0.39081123172773274 0.5609163599088962
vn 0.6032980816719433 -0.11140001816812813 0.7896970688834383
vn 0.602689858567821 -0.0689989845708029 0.7949868392040826
vn 0.602689858567821 -0.0689989845708029 0.7949868392040826
vn 0.6032980816719433 -0.11140001816812813 0.7896970688834383
vn 0.587978045143038 -0.33228801557994575 0.7374730456984265
vn 0.7679069991067121 0.6226059597217924 -0.15060099482350622
vn 0.7251081947829017 0.4034050937153037 -0.5581061155579903
vn 0.7359125083989418 0.44590771597393053 -0.5095086739368523
vn 0.7251081947829017 0.4034050937153037 -0.5581061155579903
vn 0.7679069991067121 0.6226059597217924 -0.15060099482350622
vn 0.7666944728094988 0.6225953589897951 -0.15669908847129005
vn 0.6083868686441365 -0.1188979659549603 -0.7846838164210826
vn 0.7359125083989418 0.44590771597393053 -0.5095086739368523
vn 0.7251081947829017 0.4034050937153037 -0.5581061155579903
vn 0.6083868686441365 -0.1188979659549603 -0.7846838164210826
vn 0.7251081947829017 0.4034050937153037 -0.5581061155579903
vn 0.6095180111972723 -0.07170200579109953 -0.7895230309444146
vn 0.6095180111972723 -0.07170200579109953 -0.7895230309444146
vn 0.5735003440430451 -0.39150027043163405 -0.7196005097513943
vn 0.6083868686441365 -0.1188979659549603 -0.7846838164210826
vn -0.41980414838918295 0.8766093694832862 -0.23520308316293084
vn -0.3592118961816125 0.8647297128049025 -0.3510118764856274
vn 0.008500002457228357 0.7787191393305324 -0.6273151137973182
vn 0.39180106201155745 0.5709010998968135 -0.7215011170769067
vn 0.07689701073364068 0.6743760751164403 -0.7343730380745032
vn -0.25800392172188086 0.8436117218187423 -0.4709068264382525
vn -0.364703922006702 0.8915098273897978 -0.2687029529803167
vn -0.25800392172188086 0.8436117218187423 -0.4709068264382525
vn 0.07689701073364068 0.6743760751164403 -0.7343730380745032
vn 0.691682015593796 -0.3998900208809036 0.6013850351513366
vn 0.6520907787967146 -0.4164938272586535 0.6334907324213456
vn 0.6903271252837917 -0.4005161028593544 0.6025241169013661
vn 0.07689701073364068 0.6743760751164403 0.7343730380745032
vn -0.25800392172188086 0.8436117218187423 0.4709068264382525
vn -0.364703922006702 0.8915098273897978 0.2687029529803167
vn -0.25800392172188086 0.8436117218187423 0.4709068264382525
vn 0.07689701073364068 0.6743760751164403 0.7343730380745032
vn 0.39180106201155745 0.5709010998968135 0.7215011170769067
vn -0.5904943407376171 -0.11369906482168948 -0.7989924631781704
vn -0.7198778484235535 0.39638791002264495 -0.5697828605152623
vn -0.7331947739777904 0.4434968564696614 -0.5154958406361637
vn -0.7198778484235535 0.39638791002264495 -0.5697828605152623
vn -0.5904943407376171 -0.11369906482168948 -0.7989924631781704
vn -0.5923789084712248 -0.07159699428478827 -0.8024718681722272
vn -0.7331947739777904 0.4434968564696614 -0.5154958406361637
vn -0.7198778484235535 0.39638791002264495 -0.5697828605152623
vn -0.769926175020426 0.6190211053411082 -0.1550050197919049
vn -0.768601877386012 0.6189018947146695 -0.1618999654023742
vn -0.769926175020426 0.6190211053411082 -0.1550050197919049
vn -0.7198778484235535 0.39638791002264495 -0.5697828605152623
vn -0.5856209481442981 -0.10520399512978956 0.803728949648639
vn -0.7242812323280292 0.3839900988393193 0.5726851669903468
vn -0.5857017646127902 -0.0675999746860993 0.8077027215206735
vn -0.7242812323280292 0.3839900988393193 0.5726851669903468
vn -0.5856209481442981 -0.10520399512978956 0.803728949648639
vn -0.7393840439132777 0.4389900200482482 0.5104889792194216
vn -0.7689869915805133 0.6214899948831446 0.14969700411197365
vn -0.7242812323280292 0.3839900988393193 0.5726851669903468
vn -0.7393840439132777 0.4389900200482482 0.5104889792194216
vn -0.7242812323280292 0.3839900988393193 0.5726851669903468
vn -0.7689869915805133 0.6214899948831446 0.14969700411197365
vn -0.7678918863785539 0.62169391121531 0.154397964985929
vn 0.7252849351599288 -0.6676869998715613 -0.16779699947428017
vn 0.7395058946392385 -0.673104889164877 0.007799998471662307
vn 0.7643011244307873 -0.6250010754970221 0.1588000214779577
vn 0.7395058946392385 -0.673104889164877 0.007799998471662307
vn 0.7252849351599288 -0.6676869998715613 -0.16779699947428017
vn 0.7434401593449063 -0.6511351537387429 -0.15270802545656903
vn 0.7643011244307873 -0.6250010754970221 0.1588000214779577
vn 0.7395058946392385 -0.673104889164877 0.007799998471662307
vn 0.6903271252837917 -0.4005161028593544 0.6025241169013661
vn 0.6880808864921203 -0.34219094097577074 -0.6398828436193101
vn 0.6872991691372559 -0.3441000764588865 -0.6396991398182633
vn 0.6339160831405904 -0.462712021975778 -0.6197160513128405
vn 0.7720041276044098 -0.6297040582534916 -0.08650101722429303
vn 0.7299581629658599 -0.6648621434843206 0.15849104227350494
vn 0.7926901649373831 -0.570793097325209 -0.21409703981475067
vn 0.7299581629658599 -0.6648621434843206 0.15849104227350494
vn 0.7720041276044098 -0.6297040582534916 -0.08650101722429303
vn 0.7434961186156326 -0.6506960380092188 0.15429902048488348
vn 0.6872991691372559 -0.3441000764588865 -0.6396991398182633
vn 0.6880808864921203 -0.34219094097577074 -0.6398828436193101
vn 0.7926901649373831 -0.570793097325209 -0.21409703981475067
vn -0.7849886811340928 0.619490726734693 0.004899998069319491
vn -0.7849886811340928 0.619490726734693 0.004899998069319491
vn -0.769926175020426 0.6190211053411082 -0.1550050197919049
vn -0.7849886811340928 0.619490726734693 0.004899998069319491
vn -0.769926175020426 0.6190211053411082 -0.1550050197919049
vn -0.768601877386012 0.6189018947146695 -0.1618999654023742
vn -0.7678918863785539 0.62169391121531 0.154397964985929
vn -0.7689869915805133 0.6214899948831446 0.14969700411197365
vn -0.7849886811340928 0.619490726734693 0.004899998069319491
vn -0.7689869915805133 0.6214899948831446 0.14969700411197365
vn -0.7849886811340928 0.619490726734693 0.004899998069319491
vn -0.7849886811340928 0.619490726734693 0.004899998069319491
vn -0.6825037433843036 -0.7308037700655569 -0.010699996466410419
vn -0.6671137931849331 -0.7061147819053254 -0.23740493195636264
vn -0.6674752022870248 -0.7073741926013098 -0.2325910702790207
vn -0.6671137931849331 -0.7061147819053254 -0.23740493195636264
vn -0.6825037433843036 -0.7308037700655569 -0.010699996466410419
vn -0.6824898504868498 -0.7307898768131504 -0.012399997171688585
vn -0.6688109757528408 -0.7083109745614276 0.2258039902844353
vn -0.6825037433843036 -0.7308037700655569 -0.010699996466410419
vn -0.6691997614972088 -0.7097997631131464 0.21989992154750754
vn -0.6825037433843036 -0.7308037700655569 -0.010699996466410419
vn -0.6688109757528408 -0.7083109745614276 0.2258039902844353
vn -0.6824898504868498 -0.7307898768131504 -0.012399997171688585
vn -0.6230982542214215 0.20390006900410437 0.7550982237075772
vn -0.708669081983855 -0.39828205982839693 0.5823740490947457
vn -0.7099960514029023 -0.4253980259909794 0.5611970478141033
vn -0.708669081983855 -0.39828205982839693 0.5823740490947457
vn -0.6230982542214215 0.20390006900410437 0.7550982237075772
vn -0.6233741096650446 0.19979204403007167 0.7559681597406064
vn -0.708669081983855 -0.39828205982839693 0.5823740490947457
vn -0.6691997614972088 -0.7097997631131464 0.21989992154750754
vn -0.7099960514029023 -0.4253980259909794 0.5611970478141033
vn -0.6691997614972088 -0.7097997631131464 0.21989992154750754
vn -0.708669081983855 -0.39828205982839693 0.5823740490947457
vn -0.6688109757528408 -0.7083109745614276 0.2258039902844353
vn -0.7132230421541811 -0.3522110293499631 0.6060200351016248
vn -0.6977826792690054 -0.2917928330645924 0.6541836707563918
vn -0.712509817610514 -0.34900492757229307 0.6087079105276111
vn -0.706175863239088 -0.4252859052962225 -0.5660808678403655
vn -0.6343869107287406 0.17179596793527074 -0.7536838812773086
vn -0.7067570592824257 -0.44127302778012834 -0.5529670642165009
vn -0.6343869107287406 0.17179596793527074 -0.7536838812773086
vn -0.706175863239088 -0.4252859052962225 -0.5660808678403655
vn -0.6355017377845026 0.1548999387786993 -0.7564017122133136
vn -0.7067570592824257 -0.44127302778012834 -0.5529670642165009
vn -0.6674752022870248 -0.7073741926013098 -0.2325910702790207
vn -0.706175863239088 -0.4252859052962225 -0.5660808678403655
vn -0.6671137931849331 -0.7061147819053254 -0.23740493195636264
vn -0.706175863239088 -0.4252859052962225 -0.5660808678403655
vn -0.6674752022870248 -0.7073741926013098 -0.2325910702790207
vn -0.7764321626426981 -0.6301261831988542 0.009700003156026404
vn -0.7385802263474204 -0.656482219206494 0.15339604008679686
vn -0.7247113677183573 -0.6708103503240568 0.15750208696364668
vn -0.7385802263474204 -0.656482219206494 0.15339604008679686
vn -0.7764321626426981 -0.6301261831988542 0.009700003156026404
vn -0.7764425879114506 -0.6301346425590212 0.008199995389278939
vn -0.7764321626426981 -0.6301261831988542 0.009700003156026404
vn -0.7384835645645589 -0.6569855955114632 -0.15169690886261059
vn -0.7764425879114506 -0.6301346425590212 0.008199995389278939
vn -0.7384835645645589 -0.6569855955114632 -0.15169690886261059
vn -0.7764321626426981 -0.6301261831988542 0.009700003156026404
vn -0.7200142102637853 -0.673713262871038 -0.1664030542083799
vn -0.7092829355269507 -0.2963929775976066 -0.6395849593299519
vn -0.7073709981825542 -0.29988801551721583 -0.6400730029296369
vn -0.6815917632163143 -0.34519589657601507 -0.6451918019494335
vn -0.031000003107082848 0.5913920381242854 -0.8057880968657732
vn 0.3657040016244324 0.49400499683030336 -0.7888090049578346
vn -0.1240000316605188 0.6134991469391149 -0.7798992171128066
vn 0.3657040016244324 0.49400499683030336 -0.7888090049578346
vn -0.031000003107082848 0.5913920381242854 -0.8057880968657732
vn 0.36058796202781934 0.4947839482313632 -0.790673868426931
vn 0.3657040016244324 0.49400499683030336 -0.7888090049578346
vn 0.36058796202781934 0.4947839482313632 -0.790673868426931
vn 0.5674939203480144 0.4475949444404832 -0.6910929142158542
vn -0.031000003107082848 0.5913920381242854 0.8057880968657732
vn 0.3657040016244324 0.49400499683030336 0.7888090049578346
vn 0.36058796202781934 0.4947839482313632 0.790673868426931
vn 0.3657040016244324 0.49400499683030336 0.7888090049578346
vn 0.5674939203480144 0.4475949444404832 0.6910929142158542
vn 0.36058796202781934 0.4947839482313632 0.790673868426931
vn 0.3657040016244324 0.49400499683030336 0.7888090049578346
vn -0.031000003107082848 0.5913920381242854 0.8057880968657732
vn -0.1240000316605188 0.6134991469391149 0.7798992171128066
vn -0.6241192212874065 0.19800607832272932 0.7558232535235039
vn -0.5751748675740029 0.48387891009327144 0.659571885451598
vn -0.6246018904032139 0.19069994675420304 0.7573017950676438
vn -0.626004998188932 0.1932019902543488 -0.755506937892852
vn -0.6266068261145298 0.18480193735898814 -0.7571077396348818
vn -0.5751748675740029 0.48387891009327144 -0.659571885451598
vn -0.5856209481442981 -0.10520399512978956 0.803728949648639
vn -0.5857017646127902 -0.0675999746860993 0.8077027215206735
vn -0.5688239315288632 -0.3179129648546354 0.7585319252987197
vn -0.7601678385680923 -0.6300739061724003 0.1585929694764805
vn -0.7346081818471313 -0.6784072000584818 0.010700003367451968
vn -0.7200142102637853 -0.673713262871038 -0.1664030542083799
vn -0.7384835645645589 -0.6569855955114632 -0.15169690886261059
vn -0.7200142102637853 -0.673713262871038 -0.1664030542083799
vn -0.7346081818471313 -0.6784072000584818 0.010700003367451968
vn -0.7346081818471313 -0.6784072000584818 0.010700003367451968
vn -0.7601678385680923 -0.6300739061724003 0.1585929694764805
vn -0.7132230421541811 -0.3522110293499631 0.6060200351016248
vn -0.5904943407376171 -0.11369906482168948 -0.7989924631781704
vn -0.5530111305444041 -0.38010809593853323 -0.7414152176048068
vn -0.5923789084712248 -0.07159699428478827 -0.8024718681722272
vn -0.7666327857925823 -0.6363268415410702 -0.08580397707723215
vn -0.7881330807801832 -0.5784239739670521 -0.2104090143508594
vn -0.7247113677183573 -0.6708103503240568 0.15750208696364668
vn -0.7666327857925823 -0.6363268415410702 -0.08580397707723215
vn -0.7247113677183573 -0.6708103503240568 0.15750208696364668
vn -0.7385802263474204 -0.656482219206494 0.15339604008679686
vn -0.7073709981825542 -0.29988801551721583 -0.6400730029296369
vn -0.7092829355269507 -0.2963929775976066 -0.6395849593299519
vn -0.7881330807801832 -0.5784239739670521 -0.2104090143508594
vn -0.616225165881829 0.1903080440314718 0.7642312433490452
vn -0.5316962708586597 0.5545963162454582 0.6400953066239141
vn -0.6167240162644692 0.1850070065245869 0.7651299858843817
vn 0.7679069991067121 0.6226059597217924 -0.15060099482350622
vn 0.7251081947829017 0.4034050937153037 -0.5581061155579903
vn 0.7359125083989418 0.44590771597393053 -0.5095086739368523
vn 0.7251081947829017 0.4034050937153037 -0.5581061155579903
vn 0.7679069991067121 0.6226059597217924 -0.15060099482350622
vn 0.7666944728094988 0.6225953589897951 -0.15669908847129005
vn 0.6058120753147904 -0.14590302171394337 -0.782115105120421
vn 0.7359125083989418 0.44590771597393053 -0.5095086739368523
vn 0.7251081947829017 0.4034050937153037 -0.5581061155579903
vn 0.6058120753147904 -0.14590302171394337 -0.782115105120421
vn 0.7251081947829017 0.4034050937153037 -0.5581061155579903
vn 0.6076879011912667 -0.10589798725670597 -0.7870838780210988
vn -0.24259496046699924 0.9649808530749103 -0.09979798772937994
vn -0.24399390926980186 0.9695746346431993 0.019798992291182545
vn -0.24398589991105876 0.9695426570079321 0.021398992653627623
vn -0.24399390926980186 0.9695746346431993 0.019798992291182545
vn -0.24259496046699924 0.9649808530749103 -0.09979798772937994
vn -0.2425969313068097 0.9648867527975038 -0.10069897316461589
vn -0.24398589991105876 0.9695426570079321 0.021398992653627623
vn -0.24399390926980186 0.9695746346431993 0.019798992291182545
vn -0.24639797817050002 0.9625938771619743 0.11269899735032168
vn -0.24398589991105876 0.9695426570079321 0.021398992653627623
vn -0.24639797817050002 0.9625938771619743 0.11269899735032168
vn -0.2465079863155611 0.9625299531380832 0.11300399105627472
vn -0.7282322521109721 0.6666292434598012 -0.15900703993721454
vn -0.7197907009888452 0.69419068473336 0.0007999996348689976
vn -0.7280697711616121 0.6699717538775976 -0.14509396033899413
vn -0.7197907009888452 0.69419068473336 0.0007999996348689976
vn -0.7282322521109721 0.6666292434598012 -0.15900703993721454
vn -0.7197901430319066 0.6941911408205637 0.0009000001953341752
vn -0.7197907009888452 0.69419068473336 0.0007999996348689976
vn -0.7281761412947786 0.6664781197269471 0.1598950379914274
vn -0.7280181663313792 0.6699171677943307 0.14560404453832576
vn -0.7281761412947786 0.6664781197269471 0.1598950379914274
vn -0.7197907009888452 0.69419068473336 0.0007999996348689976
vn -0.7197901430319066 0.6941911408205637 0.0009000001953341752
vn -0.6130871182363351 0.1860960276647849 -0.7677841193591164
vn -0.6139000605226107 0.17430001358162361 -0.7699001370020535
vn -0.5532050761807764 0.5041050344983302 -0.6632060448165854
vn -0.663827714548359 -0.28311183931119194 -0.6922286124101894
vn -0.626004998188932 0.1932019902543488 -0.755506937892852
vn -0.6661992789825758 -0.3346001268460535 -0.6664992691651664
vn -0.626004998188932 0.1932019902543488 -0.755506937892852
vn -0.663827714548359 -0.28311183931119194 -0.6922286124101894
vn -0.6266068261145298 0.18480193735898814 -0.7571077396348818
vn -0.6661992789825758 -0.3346001268460535 -0.6664992691651664
vn -0.6888798475185375 -0.6498808860703217 -0.3210909366570318
vn -0.663827714548359 -0.28311183931119194 -0.6922286124101894
vn -0.6888798475185375 -0.6498808860703217 -0.3210909366570318
vn -0.6661992789825758 -0.3346001268460535 -0.6664992691651664
vn -0.6903128488822105 -0.662011848841157 -0.29190492058552125
vn 0.7832642163814432 0.6216711971163374 0.004700001308905074
vn 0.7679069991067121 0.6226059597217924 -0.15060099482350622
vn 0.7832642163814432 0.6216711971163374 0.004700001308905074
vn 0.7679069991067121 0.6226059597217924 -0.15060099482350622
vn 0.7832642163814432 0.6216711971163374 0.004700001308905074
vn 0.7666944728094988 0.6225953589897951 -0.15669908847129005
vn 0.7669008468093538 0.6251007991064214 0.14529997288234264
vn 0.7832642163814432 0.6216711971163374 0.004700001308905074
vn 0.7832642163814432 0.6216711971163374 0.004700001308905074
vn 0.7832642163814432 0.6216711971163374 0.004700001308905074
vn 0.7669008468093538 0.6251007991064214 0.14529997288234264
vn 0.7658812891046118 0.6253852159449126 0.1493960597773347
vn -0.6241192212874065 0.19800607832272932 0.7558232535235039
vn -0.67402321145806 -0.300510108674093 0.6748232250007762
vn -0.6772090866325892 -0.3524050452898481 0.6459090779951265
vn -0.67402321145806 -0.300510108674093 0.6748232250007762
vn -0.6241192212874065 0.19800607832272932 0.7558232535235039
vn -0.6246018904032139 0.19069994675420304 0.7573017950676438
vn -0.6881141078733366 -0.663414062243976 0.2939060335594151
vn -0.6772090866325892 -0.3524050452898481 0.6459090779951265
vn -0.67402321145806 -0.300510108674093 0.6748232250007762
vn -0.6772090866325892 -0.3524050452898481 0.6459090779951265
vn -0.6881141078733366 -0.663414062243976 0.2939060335594151
vn -0.6889751992817059 -0.6719761933971277 0.27159007765792853
vn 0.5508027016896702 0.36580177744284614 -0.7502036013183452
vn 0.47301412633983414 0.5086151469557489 -0.7194221768684541
vn 0.5519181015888596 0.36221204008567776 -0.7511250542722699
vn 0.47301412633983414 0.5086151469557489 -0.7194221768684541
vn 0.5508027016896702 0.36580177744284614 -0.7502036013183452
vn 0.4339219659078805 0.563428942195153 -0.7030359554101703
vn 0.4339219659078805 0.563428942195153 0.7030359554101703
vn 0.5508027016896702 0.36580177744284614 0.7502036013183452
vn 0.47301412633983414 0.5086151469557489 0.7194221768684541
vn 0.5508027016896702 0.36580177744284614 0.7502036013183452
vn 0.5519181015888596 0.36221204008567776 0.7511250542722699
vn 0.47301412633983414 0.5086151469557489 0.7194221768684541
vn -0.7239861509831783 0.30949401947333366 0.6164880413234326
vn -0.7300559817485416 0.2833830094554021 0.6218619890821215
vn -0.6704381169589588 0.47542706566670806 0.5696330718629922
vn 0.7046988581769024 -0.35759892934472165 0.6127989270679892
vn 0.6839360812135433 -0.31831703601744976 0.656434080007526
vn 0.7055162800874833 -0.35920816728342825 0.6109142911148833
vn 0.698903038402809 -0.3027010025517481 -0.6480020416368211
vn 0.7005872752695822 -0.29859513156259593 -0.6480882788150536
vn 0.6681667392090759 -0.37038185226829407 -0.6452677677716581
vn -0.5789980246724536 -0.19809900068207167 -0.790897005528635
vn -0.7198778484235535 0.39638791002264495 -0.5697828605152623
vn -0.7331947739777904 0.4434968564696614 -0.5154958406361637
vn -0.7198778484235535 0.39638791002264495 -0.5697828605152623
vn -0.5789980246724536 -0.19809900068207167 -0.790897005528635
vn -0.5798900574695223 -0.19059700774956478 -0.7920860444957395
vn -0.7331947739777904 0.4434968564696614 -0.5154958406361637
vn -0.7198778484235535 0.39638791002264495 -0.5697828605152623
vn -0.769926175020426 0.6190211053411082 -0.1550050197919049
vn -0.768601877386012 0.6189018947146695 -0.1618999654023742
vn -0.769926175020426 0.6190211053411082 -0.1550050197919049
vn -0.7198778484235535 0.39638791002264495 -0.5697828605152623
vn 0.32199109016108257 0.6305812082597454 -0.7061792107153517
vn 0.15840293261715419 0.738915731865457 -0.6549137745841216
vn -0.12159898681054992 0.8494929534299462 -0.5133959568203815
vn 0.32199109016108257 0.6305812082597454 0.7061792107153517
vn -0.12160498172460697 0.8495368549143767 0.5133218878656424
vn 0.15840293261715419 0.738915731865457 0.6549137745841216
vn 0.3838048587680209 0.6245077865310514 -0.6802086848520431
vn 0.42920883886385164 0.5822117246763082 -0.6905137799425749
vn 0.36312315687871155 0.6424402739623298 -0.6748422536635099
vn 0.42920883886385164 0.5822117246763082 -0.6905137799425749
vn 0.3838048587680209 0.6245077865310514 -0.6802086848520431
vn 0.42920883886385164 0.5822117246763082 -0.6905137799425749
vn 0.7299581629658599 -0.6648621434843206 0.15849104227350494
vn 0.7434961186156326 -0.6506960380092188 0.15429902048488348
vn 0.7805382670438723 -0.6250311781196247 0.009800002986874563
vn 0.7434961186156326 -0.6506960380092188 0.15429902048488348
vn 0.7805878909487003 -0.6249909235545091 0.008299998719389808
vn 0.7805382670438723 -0.6250311781196247 0.009800002986874563
vn 0.36320989517438285 0.6424168801696974 0.6748178451407804
vn 0.42920883886385164 0.5822117246763082 0.6905137799425749
vn 0.3838048587680209 0.6245077865310514 0.6802086848520431
vn 0.42920883886385164 0.5822117246763082 0.6905137799425749
vn 0.42920883886385164 0.5822117246763082 0.6905137799425749
vn 0.3838048587680209 0.6245077865310514 0.6802086848520431
vn 0.7805382670438723 -0.6250311781196247 0.009800002986874563
vn 0.7805878909487003 -0.6249909235545091 0.008299998719389808
vn 0.7434401593449063 -0.6511351537387429 -0.15270802545656903
vn 0.7805382670438723 -0.6250311781196247 0.009800002986874563
vn 0.7434401593449063 -0.6511351537387429 -0.15270802545656903
vn 0.7252849351599288 -0.6676869998715613 -0.16779699947428017
vn 0.7298214975882843 0.39081123172773274 0.5609163599088962
vn 0.7669008468093538 0.6251007991064214 0.14529997288234264
vn 0.7421760631601065 0.44098607136559087 0.5046840359410105
vn 0.7669008468093538 0.6251007991064214 0.14529997288234264
vn 0.7298214975882843 0.39081123172773274 0.5609163599088962
vn 0.7658812891046118 0.6253852159449126 0.1493960597773347
vn 0.7421760631601065 0.44098607136559087 0.5046840359410105
vn 0.6003609794237581 -0.1412910050115624 0.7871489987849624
vn 0.7298214975882843 0.39081123172773274 0.5609163599088962
vn 0.7298214975882843 0.39081123172773274 0.5609163599088962
vn 0.6003609794237581 -0.1412910050115624 0.7871489987849624
vn 0.6009861251483501 -0.10309802031150243 0.7925821569951097
vn 0.6009861251483501 -0.10309802031150243 0.7925821569951097
vn 0.6003609794237581 -0.1412910050115624 0.7871489987849624
vn 0.5704128133120071 -0.4026088407364375 0.7159157378982133
vn -0.5726072827104862 -0.1986031098733162 0.795410400067513
vn -0.7242812323280292 0.3839900988393193 0.5726851669903468
vn -0.5736960908154132 -0.18759902277630455 0.7972950533124415
vn -0.7242812323280292 0.3839900988393193 0.5726851669903468
vn -0.5726072827104862 -0.1986031098733162 0.795410400067513
vn -0.7393840439132777 0.4389900200482482 0.5104889792194216
vn -0.7689869915805133 0.6214899948831446 0.14969700411197365
vn -0.7242812323280292 0.3839900988393193 0.5726851669903468
vn -0.7393840439132777 0.4389900200482482 0.5104889792194216
vn -0.7242812323280292 0.3839900988393193 0.5726851669903468
vn -0.7689869915805133 0.6214899948831446 0.14969700411197365
vn -0.7678918863785539 0.62169391121531 0.154397964985929
vn -0.7282322521109721 0.6666292434598012 -0.15900703993721454
vn -0.7280697711616121 0.6699717538775976 -0.14509396033899413
vn -0.7765269993142107 0.3518120103717058 -0.5227180202501985
vn -0.7280697711616121 0.6699717538775976 -0.14509396033899413
vn -0.7725762836968806 0.4192871810235094 -0.4767852196728373
vn -0.7765269993142107 0.3518120103717058 -0.5227180202501985
vn -0.7297929456203344 0.25359797237354204 -0.6348939477824811
vn -0.7765269993142107 0.3518120103717058 -0.5227180202501985
vn -0.7725762836968806 0.4192871810235094 -0.4767852196728373
vn -0.7765269993142107 0.3518120103717058 -0.5227180202501985
vn -0.7297929456203344 0.25359797237354204 -0.6348939477824811
vn -0.731775646059114 0.24109187874343807 -0.6374787132436074
vn -0.7297929456203344 0.25359797237354204 -0.6348939477824811
vn -0.6770219605562657 0.46071495263284484 -0.5739189815166126
vn -0.731775646059114 0.24109187874343807 -0.6374787132436074
vn 0.6076879011912667 -0.10589798725670597 -0.7870838780210988
vn 0.5543227985480316 -0.4565188448207656 -0.6959287171351618
vn 0.6058120753147904 -0.14590302171394337 -0.782115105120421
vn -0.7685317950147653 0.403516916162219 0.4965208741053243
vn -0.7654098090261674 0.4433058692867505 0.4665058740278029
vn -0.7280181663313792 0.6699171677943307 0.14560404453832576
vn -0.7280181663313792 0.6699171677943307 0.14560404453832576
vn -0.7281761412947786 0.6664781197269471 0.1598950379914274
vn -0.7685317950147653 0.403516916162219 0.4965208741053243
vn -0.7685317950147653 0.403516916162219 0.4965208741053243
vn -0.7239861509831783 0.30949401947333366 0.6164880413234326
vn -0.7654098090261674 0.4433058692867505 0.4665058740278029
vn -0.7239861509831783 0.30949401947333366 0.6164880413234326
vn -0.7685317950147653 0.403516916162219 0.4965208741053243
vn -0.7300559817485416 0.2833830094554021 0.6218619890821215
vn 0.6003041228785291 -0.03720000734841219 -0.7989062019463349
vn 0.5519181015888596 0.36221204008567776 -0.7511250542722699
vn 0.5993169081080222 -0.08560198732565699 -0.7959218199180987
vn 0.5519181015888596 0.36221204008567776 -0.7511250542722699
vn 0.6003041228785291 -0.03720000734841219 -0.7989062019463349
vn 0.5508027016896702 0.36580177744284614 -0.7502036013183452
vn -0.5789980246724536 -0.19809900068207167 -0.790897005528635
vn -0.4775941004985083 -0.5857921158193217 -0.6547911668715019
vn -0.5798900574695223 -0.19059700774956478 -0.7920860444957395
vn 0.7252849351599288 -0.6676869998715613 -0.16779699947428017
vn 0.7395058946392385 -0.673104889164877 0.007799998471662307
vn 0.7643011244307873 -0.6250010754970221 0.1588000214779577
vn 0.7395058946392385 -0.673104889164877 0.007799998471662307
vn 0.7252849351599288 -0.6676869998715613 -0.16779699947428017
vn 0.7434401593449063 -0.6511351537387429 -0.15270802545656903
vn 0.7643011244307873 -0.6250010754970221 0.1588000214779577
vn 0.7395058946392385 -0.673104889164877 0.007799998471662307
vn 0.7055162800874833 -0.35920816728342825 0.6109142911148833
vn 0.5519181015888596 0.36221204008567776 0.7511250542722699
vn 0.5508027016896702 0.36580177744284614 0.7502036013183452
vn 0.6003041228785291 -0.03720000734841219 0.7989062019463349
vn 0.6003041228785291 -0.03720000734841219 0.7989062019463349
vn 0.5993169081080222 -0.08560198732565699 0.7959218199180987
vn 0.5519181015888596 0.36221204008567776 0.7511250542722699
vn -0.7849886811340928 0.619490726734693 0.004899998069319491
vn -0.7849886811340928 0.619490726734693 0.004899998069319491
vn -0.769926175020426 0.6190211053411082 -0.1550050197919049
vn -0.7849886811340928 0.619490726734693 0.004899998069319491
vn -0.769926175020426 0.6190211053411082 -0.1550050197919049
vn -0.768601877386012 0.6189018947146695 -0.1618999654023742
vn -0.7678918863785539 0.62169391121531 0.154397964985929
vn -0.7689869915805133 0.6214899948831446 0.14969700411197365
vn -0.7849886811340928 0.619490726734693 0.004899998069319491
vn -0.7689869915805133 0.6214899948831446 0.14969700411197365
vn -0.7849886811340928 0.619490726734693 0.004899998069319491
vn -0.7849886811340928 0.619490726734693 0.004899998069319491
vn -0.5726072827104862 -0.1986031098733162 0.795410400067513
vn -0.5736960908154132 -0.18759902277630455 0.7972950533124415
vn -0.4967080960045325 -0.5427080999054339 0.6773101104077701
vn 0.7720041276044098 -0.6297040582534916 -0.08650101722429303
vn 0.7299581629658599 -0.6648621434843206 0.15849104227350494
vn 0.7926901649373831 -0.570793097325209 -0.21409703981475067
vn 0.7299581629658599 -0.6648621434843206 0.15849104227350494
vn 0.7720041276044098 -0.6297040582534916 -0.08650101722429303
vn 0.7434961186156326 -0.6506960380092188 0.15429902048488348
vn 0.7005872752695822 -0.29859513156259593 -0.6480882788150536
vn 0.698903038402809 -0.3027010025517481 -0.6480020416368211
vn 0.7926901649373831 -0.570793097325209 -0.21409703981475067
vn -0.6881141078733366 -0.663414062243976 0.2939060335594151
vn -0.6823349629967026 -0.7310379184917593 0.0015999998513482711
vn -0.6889751992817059 -0.6719761933971277 0.27159007765792853
vn -0.6823349629967026 -0.7310379184917593 0.0015999998513482711
vn -0.6881141078733366 -0.663414062243976 0.2939060335594151
vn -0.6823348461671673 -0.7310378018320836 0.0016999995715001753
vn -0.6823349629967026 -0.7310379184917593 0.0015999998513482711
vn -0.6888798475185375 -0.6498808860703217 -0.3210909366570318
vn -0.6903128488822105 -0.662011848841157 -0.29190492058552125
vn -0.6888798475185375 -0.6498808860703217 -0.3210909366570318
vn -0.6823349629967026 -0.7310379184917593 0.0015999998513482711
vn -0.6823348461671673 -0.7310378018320836 0.0016999995715001753
vn -0.6939970266247497 -0.4019989973920366 0.5972980270617038
vn -0.6575861204028098 -0.41239111058027383 0.6304871657440377
vn -0.6953206690453737 -0.40161180681567443 0.5960177210658616
vn -0.6918838139184222 -0.35129193055624197 -0.6307858333569061
vn -0.692793842668902 -0.34929689590454105 -0.6308948962160883
vn -0.6382999549367812 -0.4590999875014366 -0.6178999668262525
vn -0.7764321626426981 -0.6301261831988542 0.009700003156026404
vn -0.7385802263474204 -0.656482219206494 0.15339604008679686
vn -0.7247113677183573 -0.6708103503240568 0.15750208696364668
vn -0.7385802263474204 -0.656482219206494 0.15339604008679686
vn -0.7764321626426981 -0.6301261831988542 0.009700003156026404
vn -0.7764425879114506 -0.6301346425590212 0.008199995389278939
vn -0.7764321626426981 -0.6301261831988542 0.009700003156026404
vn -0.7384835645645589 -0.6569855955114632 -0.15169690886261059
vn -0.7764425879114506 -0.6301346425590212 0.008199995389278939
vn -0.7384835645645589 -0.6569855955114632 -0.15169690886261059
vn -0.7764321626426981 -0.6301261831988542 0.009700003156026404
vn -0.7200142102637853 -0.673713262871038 -0.1664030542083799
vn -0.7033009427807193 0.7082009213478331 -0.06179999098569253
vn -0.7197891533303584 0.6941901502804955 0.0019000003969982815
vn -0.702700224104087 0.7087002066865908 -0.06290001658544431
vn -0.7197891533303584 0.6941901502804955 0.0019000003969982815
vn -0.7033009427807193 0.7082009213478331 -0.06179999098569253
vn -0.7197892159057845 0.6941891994712932 0.0022000007138471577
vn -0.7197891533303584 0.6941901502804955 0.0019000003969982815
vn -0.7032896353046066 0.7079896404077034 0.06429897315264133
vn -0.7029062232024466 0.7083062249919668 0.06500102322965087
vn -0.7032896353046066 0.7079896404077034 0.06429897315264133
vn -0.7197891533303584 0.6941901502804955 0.0019000003969982815
vn -0.7197892159057845 0.6941891994712932 0.0022000007138471577
vn -0.7601678385680923 -0.6300739061724003 0.1585929694764805
vn -0.7346081818471313 -0.6784072000584818 0.010700003367451968
vn -0.7200142102637853 -0.673713262871038 -0.1664030542083799
vn -0.7384835645645589 -0.6569855955114632 -0.15169690886261059
vn -0.7200142102637853 -0.673713262871038 -0.1664030542083799
vn -0.7346081818471313 -0.6784072000584818 0.010700003367451968
vn -0.7346081818471313 -0.6784072000584818 0.010700003367451968
vn -0.7601678385680923 -0.6300739061724003 0.1585929694764805
vn -0.6939970266247497 -0.4019989973920366 0.5972980270617038
vn -0.7666327857925823 -0.6363268415410702 -0.08580397707723215
vn -0.7881330807801832 -0.5784239739670521 -0.2104090143508594
vn -0.7247113677183573 -0.6708103503240568 0.15750208696364668
vn -0.7666327857925823 -0.6363268415410702 -0.08580397707723215
vn -0.7247113677183573 -0.6708103503240568 0.15750208696364668
vn -0.7385802263474204 -0.656482219206494 0.15339604008679686
vn -0.692793842668902 -0.34929689590454105 -0.6308948962160883
vn -0.6918838139184222 -0.35129193055624197 -0.6307858333569061
vn -0.7881330807801832 -0.5784239739670521 -0.2104090143508594
vn -0.616225165881829 0.1903080440314718 0.7642312433490452
vn -0.7019798815984188 -0.4623869399237564 0.5416849302122168
vn -0.7022952034418599 -0.46849714017374544 0.5359961537843144
vn -0.7019798815984188 -0.4623869399237564 0.5416849302122168
vn -0.616225165881829 0.1903080440314718 0.7642312433490452
vn -0.6167240162644692 0.1850070065245869 0.7651299858843817
vn -0.7019798815984188 -0.4623869399237564 0.5416849302122168
vn -0.6721907145948977 -0.727289664539032 0.13859793312709798
vn -0.7022952034418599 -0.46849714017374544 0.5359961537843144
vn -0.6721907145948977 -0.727289664539032 0.13859793312709798
vn -0.7019798815984188 -0.4623869399237564 0.5416849302122168
vn -0.6722090496577563 -0.7273100291465381 0.1384020052639339
vn 0.6810378363769704 -0.3656209074436647 -0.6344358261188014
vn 0.6771702115884889 -0.3753841489151254 -0.6328722187617877
vn 0.6084853361425575 -0.5193873005751528 -0.5999853562385791
vn 0.6832050690970187 -0.4250030225686041 0.5938040622694395
vn 0.6276032342832996 -0.47750213850502693 0.6149031533829273
vn 0.6788790759682612 -0.42928701244929307 0.5956810062062078
vn 0.6172943145355708 0.2768981470268042 -0.7363933360746701
vn 0.6172943145355708 0.2768981470268042 -0.7363933360746701
vn 0.60791391106046 -0.25180596101517483 -0.7530168887457965
vn 0.6172943145355708 0.2768981470268042 -0.7363933360746701
vn 0.6065720872958538 -0.25868803080026304 -0.7517651266414486
vn 0.60791391106046 -0.25180596101517483 -0.7530168887457965
vn -0.7072913162829431 -0.45349422816457435 -0.5422932591616448
vn -0.6130871182363351 0.1860960276647849 -0.7677841193591164
vn -0.707791872575775 -0.46339494494315925 -0.5331939516881303
vn -0.6130871182363351 0.1860960276647849 -0.7677841193591164
vn -0.7072913162829431 -0.45349422816457435 -0.5422932591616448
vn -0.6139000605226107 0.17430001358162361 -0.7699001370020535
vn -0.707791872575775 -0.46339494494315925 -0.5331939516881303
vn -0.6705905871214042 -0.7299895965465397 -0.13199792952160652
vn -0.7072913162829431 -0.45349422816457435 -0.5422932591616448
vn -0.670707161689349 -0.7300081800058912 -0.1313010296345919
vn -0.7072913162829431 -0.45349422816457435 -0.5422932591616448
vn -0.6705905871214042 -0.7299895965465397 -0.13199792952160652
vn 0.6172943145355708 0.2768981470268042 0.7363933360746701
vn 0.60791391106046 -0.25180596101517483 0.7530168887457965
vn 0.6065720872958538 -0.25868803080026304 0.7517651266414486
vn 0.60791391106046 -0.25180596101517483 0.7530168887457965
vn 0.6172943145355708 0.2768981470268042 0.7363933360746701
vn 0.6172943145355708 0.2768981470268042 0.7363933360746701
vn -0.791900051594689 0.46010003241935493 0.4015000229788753
vn -0.7029062232024466 0.7083062249919668 0.06500102322965087
vn -0.7898827702241636 0.4736898488094101 0.3894908682343132
vn -0.7029062232024466 0.7083062249919668 0.06500102322965087
vn -0.7032896353046066 0.7079896404077034 0.06429897315264133
vn -0.7898827702241636 0.4736898488094101 0.3894908682343132
vn -0.7898827702241636 0.4736898488094101 0.3894908682343132
vn -0.7404884040660743 0.2846951461881299 0.6087902735594563
vn -0.791900051594689 0.46010003241935493 0.4015000229788753
vn -0.7404884040660743 0.2846951461881299 0.6087902735594563
vn -0.7898827702241636 0.4736898488094101 0.3894908682343132
vn -0.7456030650639873 0.2597010365752628 0.6137030560205169
vn -0.7404884040660743 0.2846951461881299 0.6087902735594563
vn -0.7456030650639873 0.2597010365752628 0.6137030560205169
vn -0.6791722211699698 0.48218015072303383 0.5533781674766018
vn -0.6722090496577563 -0.7273100291465381 0.1384020052639339
vn -0.6802081244007404 -0.733008122393623 -0.004000000525271141
vn -0.6721907145948977 -0.727289664539032 0.13859793312709798
vn -0.6802081244007404 -0.733008122393623 -0.004000000525271141
vn -0.6722090496577563 -0.7273100291465381 0.1384020052639339
vn -0.680158100485897 -0.7330550786534623 -0.0039000004849516832
vn -0.6802081244007404 -0.733008122393623 -0.004000000525271141
vn -0.670707161689349 -0.7300081800058912 -0.1313010296345919
vn -0.6705905871214042 -0.7299895965465397 -0.13199792952160652
vn -0.670707161689349 -0.7300081800058912 -0.1313010296345919
vn -0.6802081244007404 -0.733008122393623 -0.004000000525271141
vn -0.680158100485897 -0.7330550786534623 -0.0039000004849516832
vn 0.28790786678172314 0.45821180646514315 0.8409227078995712
vn 0.6629090059750838 0.3180040299465788 0.6778090341201286
vn 0.2584080740737241 0.48021409744927696 0.8382241274650146
vn 0.6629090059750838 0.3180040299465788 0.6778090341201286
vn 0.28790786678172314 0.45821180646514315 0.8409227078995712
vn 0.6842030490560951 0.31090099545398486 0.6597020226496687
vn 0.9433303719090671 0.22150709307255853 0.24710810822886028
vn 0.6629090059750838 0.3180040299465788 0.6778090341201286
vn 0.6842030490560951 0.31090099545398486 0.6597020226496687
vn 0.6629090059750838 0.3180040299465788 0.6778090341201286
vn 0.9433303719090671 0.22150709307255853 0.24710810822886028
vn 0.9372190001311318 0.2229049894771921 0.26820498030307816
vn -0.702700224104087 0.7087002066865908 -0.06290001658544431
vn -0.8023980458545678 0.43289900897781486 -0.4107990068571207
vn -0.8037710869166825 0.42098507721417644 -0.42038506705132656
vn -0.702700224104087 0.7087002066865908 -0.06290001658544431
vn -0.8037710869166825 0.42098507721417644 -0.42038506705132656
vn -0.7033009427807193 0.7082009213478331 -0.06179999098569253
vn -0.745989695611836 0.22389691037837664 -0.6271917948793473
vn -0.8037710869166825 0.42098507721417644 -0.42038506705132656
vn -0.8023980458545678 0.43289900897781486 -0.4107990068571207
vn -0.8037710869166825 0.42098507721417644 -0.42038506705132656
vn -0.745989695611836 0.22389691037837664 -0.6271917948793473
vn -0.7466741376939553 0.21879205613673017 -0.6281781341868322
vn -0.745989695611836 0.22389691037837664 -0.6271917948793473
vn -0.6860870588117067 0.46719103160642206 -0.557689060066296
vn -0.7466741376939553 0.21879205613673017 -0.6281781341868322
vn -0.5656188139811449 -0.34761092124735293 -0.7478248489453461
vn -0.4785129428012796 -0.5188139677159345 -0.7084189653549012
vn -0.5688908017278143 -0.3387938688529244 -0.7493877301752091
vn -0.4785129428012796 -0.5188139677159345 -0.7084189653549012
vn -0.5656188139811449 -0.34761092124735293 -0.7478248489453461
vn -0.5030949755137966 -0.46839499877063456 -0.7262930336575103
vn -0.4785129428012796 -0.5188139677159345 0.7084189653549012
vn -0.5030949755137966 -0.46839499877063456 0.7262930336575103
vn -0.5656188139811449 -0.34761092124735293 0.7478248489453461
vn -0.4785129428012796 -0.5188139677159345 0.7084189653549012
vn -0.5656188139811449 -0.34761092124735293 0.7478248489453461
vn -0.5688908017278143 -0.3387938688529244 0.7493877301752091
vn 0.6034040034923935 0.39940203427096455 -0.6902040448951069
vn 0.5115960134714423 0.5553960089429667 -0.6555949910198765
vn 0.6042390437039274 0.3970260303238013 -0.6908440557094541
vn 0.5115960134714423 0.5553960089429667 -0.6555949910198765
vn 0.6034040034923935 0.39940203427096455 -0.6902040448951069
vn 0.47659620500361705 0.6007952076139742 -0.6417952756792713
vn 0.0988000399033805 0.8218992875483135 0.5609992096631377
vn -0.15190801245366253 0.936446143895047 0.31621602637512636
vn -0.193998979496948 0.9515938258700506 0.23839795829692534
vn -0.15190801245366253 0.936446143895047 0.31621602637512636
vn 0.0988000399033805 0.8218992875483135 0.5609992096631377
vn 0.4534899641453231 0.5355880318401643 0.7123849468995346
vn -0.15190801245366253 0.936446143895047 0.31621602637512636
vn -0.24639797817050002 0.9625938771619743 0.11269899735032168
vn -0.193998979496948 0.9515938258700506 0.23839795829692534
vn -0.2465079863155611 0.9625299531380832 0.11300399105627472
vn -0.24639797817050002 0.9625938771619743 0.11269899735032168
vn -0.15190801245366253 0.936446143895047 0.31621602637512636
vn 0.32199109016108257 0.6305812082597454 0.7061792107153517
vn 0.4534899641453231 0.5355880318401643 0.7123849468995346
vn 0.0988000399033805 0.8218992875483135 0.5609992096631377
vn 0.4534899641453231 0.5355880318401643 0.7123849468995346
vn 0.32199109016108257 0.6305812082597454 0.7061792107153517
vn 0.15840293261715419 0.738915731865457 0.6549137745841216
vn 0.20730197732394195 -0.9571098825037869 -0.2024019837135275
vn 0.20730197732394195 -0.9571098825037869 -0.2024019837135275
vn 0.20730197732394195 -0.9571098825037869 -0.2024019837135275
vn 0.20730197732394195 -0.9571098825037869 -0.2024019837135275
vn 0.20730197732394195 -0.9571098825037869 -0.2024019837135275
vn 0.20730197732394195 -0.9571098825037869 -0.2024019837135275
vn 0.47659620500361705 0.6007952076139742 0.6417952756792713
vn 0.6034040034923935 0.39940203427096455 0.6902040448951069
vn 0.5115960134714423 0.5553960089429667 0.6555949910198765
vn 0.6034040034923935 0.39940203427096455 0.6902040448951069
vn 0.6042390437039274 0.3970260303238013 0.6908440557094541
vn 0.5115960134714423 0.5553960089429667 0.6555949910198765
vn 0.20730197732394195 -0.9571098825037869 0.2024019837135275
vn 0.20730197732394195 -0.9571098825037869 0.2024019837135275
vn 0.20730197732394195 -0.9571098825037869 0.2024019837135275
vn 0.20730197732394195 -0.9571098825037869 0.2024019837135275
vn 0.20730197732394195 -0.9571098825037869 0.2024019837135275
vn 0.20730197732394195 -0.9571098825037869 0.2024019837135275
vn 0.7299581629658599 -0.6648621434843206 0.15849104227350494
vn 0.7434961186156326 -0.6506960380092188 0.15429902048488348
vn 0.7805382670438723 -0.6250311781196247 0.009800002986874563
vn 0.7434961186156326 -0.6506960380092188 0.15429902048488348
vn 0.7805878909487003 -0.6249909235545091 0.008299998719389808
vn 0.7805382670438723 -0.6250311781196247 0.009800002986874563
vn 0.7805382670438723 -0.6250311781196247 0.009800002986874563
vn 0.7805878909487003 -0.6249909235545091 0.008299998719389808
vn 0.7434401593449063 -0.6511351537387429 -0.15270802545656903
vn 0.7805382670438723 -0.6250311781196247 0.009800002986874563
vn 0.7434401593449063 -0.6511351537387429 -0.15270802545656903
vn 0.7252849351599288 -0.6676869998715613 -0.16779699947428017
vn 0.158298995473056 0.6899939618634384 -0.7062929708160893
vn 0.5841890576161856 0.5654900672626691 -0.5821890833644813
vn 0.27771601811397323 0.6708390293148759 -0.687640029398227
vn 0.022000012637723245 0.7063854246326599 -0.7074854283379105
vn 0.158298995473056 0.6899939618634384 -0.7062929708160893
vn 0.27771601811397323 0.6708390293148759 -0.687640029398227
vn 0.158298995473056 0.6899939618634384 -0.7062929708160893
vn 0.022000012637723245 0.7063854246326599 -0.7074854283379105
vn 0.3833180210441646 0.66523101384248 -0.6407300468722312
vn 0.17249598635976024 0.6863848978748543 -0.7064848948555795
vn 0.39180106201155745 0.5709010998968135 -0.7215011170769067
vn 0.06220199783295968 0.7229239790146861 -0.6881219601430857
vn 0.39180106201155745 0.5709010998968135 -0.7215011170769067
vn 0.17249598635976024 0.6863848978748543 -0.7064848948555795
vn 0.07689701073364068 0.6743760751164403 -0.7343730380745032
vn 0.158298995473056 0.6899939618634384 0.7062929708160893
vn 0.27771601811397323 0.6708390293148759 0.687640029398227
vn 0.5841890576161856 0.5654900672626691 0.5821890833644813
vn 0.158298995473056 0.6899939618634384 0.7062929708160893
vn 0.022000012637723245 0.7063854246326599 0.7074854283379105
vn 0.27771601811397323 0.6708390293148759 0.687640029398227
vn 0.022000012637723245 0.7063854246326599 0.7074854283379105
vn 0.158298995473056 0.6899939618634384 0.7062929708160893
vn 0.3833180210441646 0.66523101384248 0.6407300468722312
vn 0.3641779367734319 0.4520729413867679 -0.8142508741373031
vn 0.7371388666280132 0.29441496699886743 -0.6082319611081154
vn 0.7440201025050842 0.2917080216098534 -0.6011160596729964
vn 0.7371388666280132 0.29441496699886743 -0.6082319611081154
vn 0.3641779367734319 0.4520729413867679 -0.8142508741373031
vn 0.3280029808932338 0.472003984285993 -0.8183069615635081
vn 0.7440201025050842 0.2917080216098534 -0.6011160596729964
vn 0.7371388666280132 0.29441496699886743 -0.6082319611081154
vn 0.946236791047265 0.2144079361511237 -0.24220894323701234
vn 0.9402736649352103 0.2152939341086511 -0.26369292172018594
vn 0.946236791047265 0.2144079361511237 -0.24220894323701234
vn 0.7371388666280132 0.29441496699886743 -0.6082319611081154
vn 0.17249598635976024 0.6863848978748543 0.7064848948555795
vn 0.39180106201155745 0.5709010998968135 0.7215011170769067
vn 0.07689701073364068 0.6743760751164403 0.7343730380745032
vn 0.39180106201155745 0.5709010998968135 0.7215011170769067
vn 0.17249598635976024 0.6863848978748543 0.7064848948555795
vn 0.06220199783295968 0.7229239790146861 0.6881219601430857
vn 0.5920109056771179 -0.7961139549827363 0.12540198659153723
vn 0.6031900112886878 -0.7975869860278739 -0.004100000064047489
vn 0.592199617943717 -0.796099535988182 0.12459992498680349
vn 0.592199617943717 -0.796099535988182 0.12459992498680349
vn 0.6031900112886878 -0.7975869860278739 -0.004100000064047489
vn 0.6031902351949614 -0.797587324466389 -0.004000001999257341
vn 0.6031900112886878 -0.7975869860278739 -0.004100000064047489
vn 0.5919900477712294 -0.7955871145347468 -0.12879800668524766
vn 0.6031902351949614 -0.797587324466389 -0.004000001999257341
vn 0.5919900477712294 -0.7955871145347468 -0.12879800668524766
vn 0.6031900112886878 -0.7975869860278739 -0.004100000064047489
vn 0.5917916212564864 -0.7955885414778959 -0.12969791702141334
vn 0.7252849351599288 -0.6676869998715613 -0.16779699947428017
vn 0.7395058946392385 -0.673104889164877 0.007799998471662307
vn 0.7643011244307873 -0.6250010754970221 0.1588000214779577
vn 0.7395058946392385 -0.673104889164877 0.007799998471662307
vn 0.7252849351599288 -0.6676869998715613 -0.16779699947428017
vn 0.7434401593449063 -0.6511351537387429 -0.15270802545656903
vn 0.7643011244307873 -0.6250010754970221 0.1588000214779577
vn 0.7395058946392385 -0.673104889164877 0.007799998471662307
vn 0.6788790759682612 -0.42928701244929307 0.5956810062062078
vn 0.7720041276044098 -0.6297040582534916 -0.08650101722429303
vn 0.7299581629658599 -0.6648621434843206 0.15849104227350494
vn 0.7926901649373831 -0.570793097325209 -0.21409703981475067
vn 0.7299581629658599 -0.6648621434843206 0.15849104227350494
vn 0.7720041276044098 -0.6297040582534916 -0.08650101722429303
vn 0.7434961186156326 -0.6506960380092188 0.15429902048488348
vn 0.6771702115884889 -0.3753841489151254 -0.6328722187617877
vn 0.6810378363769704 -0.3656209074436647 -0.6344358261188014
vn 0.7926901649373831 -0.570793097325209 -0.21409703981475067
vn 0.48767506094085095 0.4847750566123552 -0.7260621043842085
vn 0.16930299507857835 0.748711981585037 -0.6409109645562558
vn -0.08510001695792946 0.9086021724372451 -0.40890106304102325
vn -0.16470301048516212 0.9456161201607172 -0.2805050295971832
vn -0.08510001695792946 0.9086021724372451 -0.40890106304102325
vn 0.16930299507857835 0.748711981585037 -0.6409109645562558
vn 0.48767506094085095 0.4847750566123552 -0.7260621043842085
vn 0.32199109016108257 0.6305812082597454 -0.7061792107153517
vn 0.16930299507857835 0.748711981585037 -0.6409109645562558
vn 0.32199109016108257 0.6305812082597454 -0.7061792107153517
vn 0.48767506094085095 0.4847750566123552 -0.7260621043842085
vn 0.15840293261715419 0.738915731865457 -0.6549137745841216
vn -0.2425969313068097 0.9648867527975038 -0.10069897316461589
vn -0.08510001695792946 0.9086021724372451 -0.40890106304102325
vn -0.16470301048516212 0.9456161201607172 -0.2805050295971832
vn -0.08510001695792946 0.9086021724372451 -0.40890106304102325
vn -0.2425969313068097 0.9648867527975038 -0.10069897316461589
vn -0.24259496046699924 0.9649808530749103 -0.09979798772937994
vn -0.6737802421167175 0.27889209143256866 -0.684280196023168
vn -0.6022888945112882 0.4115928957680361 -0.6839878476271729
vn -0.6798706693100455 0.2657888548247651 -0.6834706706676231
vn -0.6735107288373855 0.28190389215731015 0.6833106860919808
vn -0.6795919956158144 0.26899700654571923 0.6824919999270009
vn -0.6022888945112882 0.4115928957680361 0.6839878476271729
vn -0.7277118899080602 0.6776109095131649 -0.10620198018483817
vn -0.7196926533632286 0.6942927298302011 -0.0002999998711920104
vn -0.7285162149188106 0.6734151783568204 -0.12560303403589165
vn -0.7196926533632286 0.6942927298302011 -0.0002999998711920104
vn -0.7277118899080602 0.6776109095131649 -0.10620198018483817
vn -0.7196926533632286 0.6942927298302011 -0.0002999998711920104
vn -0.7196926533632286 0.6942927298302011 -0.0002999998711920104
vn -0.7282391318121981 0.6796361327039528 0.08810501700034433
vn -0.7310746279472723 0.669876691685859 0.12959593476558554
vn -0.7282391318121981 0.6796361327039528 0.08810501700034433
vn -0.7196926533632286 0.6942927298302011 -0.0002999998711920104
vn -0.7196926533632286 0.6942927298302011 -0.0002999998711920104
vn 0.6662971200474678 -0.016800000817588083 -0.7454970877132783
vn 0.6042390437039274 0.3970260303238013 -0.6908440557094541
vn 0.6643847945483503 -0.09689796149345649 -0.7410827415554617
vn 0.6042390437039274 0.3970260303238013 -0.6908440557094541
vn 0.6662971200474678 -0.016800000817588083 -0.7454970877132783
vn 0.6034040034923935 0.39940203427096455 -0.6902040448951069
vn 0.6042390437039274 0.3970260303238013 0.6908440557094541
vn 0.6034040034923935 0.39940203427096455 0.6902040448951069
vn 0.6662971200474678 -0.016800000817588083 0.7454970877132783
vn 0.6662971200474678 -0.016800000817588083 0.7454970877132783
vn 0.6643847945483503 -0.09689796149345649 0.7410827415554617
vn 0.6042390437039274 0.3970260303238013 0.6908440557094541
vn -0.7764321626426981 -0.6301261831988542 0.009700003156026404
vn -0.7385802263474204 -0.656482219206494 0.15339604008679686
vn -0.7247113677183573 -0.6708103503240568 0.15750208696364668
vn -0.7385802263474204 -0.656482219206494 0.15339604008679686
vn -0.7764321626426981 -0.6301261831988542 0.009700003156026404
vn -0.7764425879114506 -0.6301346425590212 0.008199995389278939
vn 0.7110143902915997 0.46800926347441646 0.5248103143997828
vn 0.7916700931730635 0.47398204160597746 0.38548604100587414
vn 0.9012011544615475 0.4334010604476808 1.1036531242099278e-16
vn 0.7916700931730635 0.47398204160597746 0.38548604100587414
vn 0.9012011544615475 0.4334010604476808 1.1036531242099278e-16
vn 0.9012011544615475 0.4334010604476808 1.1036531242099278e-16
vn 0.9012011544615475 0.4334010604476808 1.1036531242099278e-16
vn 0.9012011544615475 0.4334010604476808 1.1036531242099278e-16
vn 0.7916700931730635 0.47398204160597746 -0.38548604100587414
vn 0.9012011544615475 0.4334010604476808 1.1036531242099278e-16
vn 0.7916700931730635 0.47398204160597746 -0.38548604100587414
vn 0.7110143902915997 0.46800926347441646 -0.5248103143997828
vn -0.7764321626426981 -0.6301261831988542 0.009700003156026404
vn -0.7384835645645589 -0.6569855955114632 -0.15169690886261059
vn -0.7764425879114506 -0.6301346425590212 0.008199995389278939
vn -0.7384835645645589 -0.6569855955114632 -0.15169690886261059
vn -0.7764321626426981 -0.6301261831988542 0.009700003156026404
vn -0.7200142102637853 -0.673713262871038 -0.1664030542083799
vn 0.7739907693786816 0.6076928526845741 0.1778979643297838
vn 0.5025891608773526 0.6720852185120436 0.5437881889359285
vn 0.5084852172496385 0.6716802374209047 0.5387842262880241
vn 0.5025891608773526 0.6720852185120436 0.5437881889359285
vn 0.7739907693786816 0.6076928526845741 0.1778979643297838
vn 0.7740996539993669 0.6076997565646246 0.1773999198121479
vn 0.5025891608773526 0.6720852185120436 0.5437881889359285
vn -0.11829806402249264 0.6607903400215114 0.7411893783526486
vn 0.5084852172496385 0.6716802374209047 0.5387842262880241
vn -0.10109603436187739 0.6600722690918888 0.7443683170394796
vn -0.11829806402249264 0.6607903400215114 0.7411893783526486
vn 0.5025891608773526 0.6720852185120436 0.5437881889359285
vn 0.6535789279482844 -0.5248829649279918 0.5452819986670857
vn 0.5920109056771179 -0.7961139549827363 0.12540198659153723
vn 0.592199617943717 -0.796099535988182 0.12459992498680349
vn 0.5920109056771179 -0.7961139549827363 0.12540198659153723
vn 0.6535789279482844 -0.5248829649279918 0.5452819986670857
vn 0.6530201427616587 -0.5377160900638589 0.5333161347962192
vn 0.6244663632714922 0.12699307575668803 0.7706584975540937
vn 0.6530201427616587 -0.5377160900638589 0.5333161347962192
vn 0.6535789279482844 -0.5248829649279918 0.5452819986670857
vn 0.6244663632714922 0.12699307575668803 0.7706584975540937
vn 0.6535789279482844 -0.5248829649279918 0.5452819986670857
vn 0.6236320818629274 0.11000600606431432 0.7739390835854518
vn -0.7666327857925823 -0.6363268415410702 -0.08580397707723215
vn -0.7881330807801832 -0.5784239739670521 -0.2104090143508594
vn -0.7247113677183573 -0.6708103503240568 0.15750208696364668
vn -0.7666327857925823 -0.6363268415410702 -0.08580397707723215
vn -0.7247113677183573 -0.6708103503240568 0.15750208696364668
vn -0.7385802263474204 -0.656482219206494 0.15339604008679686
vn -0.681788380761539 -0.38249316578580167 -0.623589273469095
vn -0.675680898800561 -0.39618895807745125 -0.621682903491458
vn -0.7881330807801832 -0.5784239739670521 -0.2104090143508594
vn -0.675680898800561 -0.39618895807745125 -0.621682903491458
vn -0.681788380761539 -0.38249316578580167 -0.623589273469095
vn -0.5993168796891207 -0.5398148756329469 -0.5911168901030335
vn -0.7601678385680923 -0.6300739061724003 0.1585929694764805
vn -0.7346081818471313 -0.6784072000584818 0.010700003367451968
vn -0.7200142102637853 -0.673713262871038 -0.1664030542083799
vn -0.7384835645645589 -0.6569855955114632 -0.15169690886261059
vn -0.7200142102637853 -0.673713262871038 -0.1664030542083799
vn -0.7346081818471313 -0.6784072000584818 0.010700003367451968
vn -0.7346081818471313 -0.6784072000584818 0.010700003367451968
vn -0.7601678385680923 -0.6300739061724003 0.1585929694764805
vn -0.6761977562974528 -0.4435988294702569 0.588197817805293
vn -0.6761977562974528 -0.4435988294702569 0.588197817805293
vn -0.6199900032885131 -0.4989920355911266 0.605490994349985
vn -0.6823881131140442 -0.4369920404208233 0.5859901191056894
vn 0.5917916212564864 -0.7955885414778959 -0.12969791702141334
vn 0.6535789279482844 -0.5248829649279918 -0.5452819986670857
vn 0.5919900477712294 -0.7955871145347468 -0.12879800668524766
vn 0.6535789279482844 -0.5248829649279918 -0.5452819986670857
vn 0.5917916212564864 -0.7955885414778959 -0.12969791702141334
vn 0.6530201427616587 -0.5377160900638589 -0.5333161347962192
vn 0.6530201427616587 -0.5377160900638589 -0.5333161347962192
vn 0.6252880329406056 0.10799801006962018 -0.772885053343814
vn 0.6535789279482844 -0.5248829649279918 -0.5452819986670857
vn 0.6535789279482844 -0.5248829649279918 -0.5452819986670857
vn 0.6252880329406056 0.10799801006962018 -0.772885053343814
vn 0.6235229939550663 0.08260299971396212 -0.7774289809671141
vn -0.6419281848576999 0.09110402158382568 -0.7613332139980186
vn -0.4785129428012796 -0.5188139677159345 -0.7084189653549012
vn -0.5030949755137966 -0.46839499877063456 -0.7262930336575103
vn -0.4785129428012796 -0.5188139677159345 -0.7084189653549012
vn -0.6419281848576999 0.09110402158382568 -0.7613332139980186
vn -0.6419281848576999 0.09110402158382568 -0.7613332139980186
vn -0.4785129428012796 -0.5188139677159345 0.7084189653549012
vn -0.6419281848576999 0.09110402158382568 0.7613332139980186
vn -0.5030949755137966 -0.46839499877063456 0.7262930336575103
vn -0.6419281848576999 0.09110402158382568 0.7613332139980186
vn -0.4785129428012796 -0.5188139677159345 0.7084189653549012
vn -0.6419281848576999 0.09110402158382568 0.7613332139980186
vn 0.687308969677352 -0.3448049736964222 -0.6393089318281627
vn 0.6862949507046956 -0.34739698836419797 -0.6389949711169286
vn 0.6313130413002089 -0.4689090365926304 -0.6177120358921719
vn 0.6907159052628363 -0.4027089454772003 0.6006138888250768
vn 0.6496008778839731 -0.4232009445243909 0.6316008708084835
vn 0.6891820275232687 -0.40358903093345616 0.6017840368845873
vn 0.5460852874562325 0.4950862728769616 -0.6757813560854151
vn 0.3864969388428107 0.6610958704973297 -0.6430959230756441
vn 0.5435091828189461 0.4980081594968797 -0.6757112114402215
vn 0.3864969388428107 0.6610958704973297 -0.6430959230756441
vn 0.5460852874562325 0.4950862728769616 -0.6757813560854151
vn 0.35460288129734924 0.6909057653304125 -0.630004777766657
vn 0.35460288129734924 0.6909057653304125 0.630004777766657
vn 0.5460852874562325 0.4950862728769616 0.6757813560854151
vn 0.3864969388428107 0.6610958704973297 0.6430959230756441
vn 0.5460852874562325 0.4950862728769616 0.6757813560854151
vn 0.5435091828189461 0.4980081594968797 0.6757112114402215
vn 0.3864969388428107 0.6610958704973297 0.6430959230756441
vn -0.5387000508364193 -0.35640007699491444 -0.7634011005669682
vn -0.49450501877459485 -0.42100402779122864 -0.7604080450589012
vn -0.40470692091752325 -0.5336088482315154 -0.7426128905765729
vn -0.6488989613339526 -0.026899999097709685 -0.7603989268984148
vn -0.6253970097660596 -0.14719900094074173 -0.7662969622135525
vn -0.6487110894243678 -0.028200004428252323 -0.7605121183834591
vn -0.6253970097660596 -0.14719900094074173 -0.7662969622135525
vn -0.6488989613339526 -0.026899999097709685 -0.7603989268984148
vn -0.6151781689373107 -0.18459306690841512 -0.7664732350919262
vn -0.5656188139811449 -0.34761092124735293 -0.7478248489453461
vn -0.6488989613339526 -0.026899999097709685 -0.7603989268984148
vn -0.6487110894243678 -0.028200004428252323 -0.7605121183834591
vn -0.5688908017278143 -0.3387938688529244 -0.7493877301752091
vn -0.6488989613339526 -0.026899999097709685 -0.7603989268984148
vn -0.5656188139811449 -0.34761092124735293 -0.7478248489453461
vn -0.713308189839765 0.700808202204077 -0.007700002013458825
vn -0.6752898163517885 0.7292887640269415 -0.11009796817209354
vn -0.6633160140323654 0.7404169469331026 -0.10860299361655808
vn -0.6752898163517885 0.7292887640269415 -0.11009796817209354
vn -0.713308189839765 0.700808202204077 -0.007700002013458825
vn -0.7133113299494159 0.7008113416010624 -0.00710000345877525
vn -0.6488989613339526 -0.026899999097709685 0.7603989268984148
vn -0.5656188139811449 -0.34761092124735293 0.7478248489453461
vn -0.6487110894243678 -0.028200004428252323 0.7605121183834591
vn -0.5656188139811449 -0.34761092124735293 0.7478248489453461
vn -0.6488989613339526 -0.026899999097709685 0.7603989268984148
vn -0.5688908017278143 -0.3387938688529244 0.7493877301752091
vn -0.6488989613339526 -0.026899999097709685 0.7603989268984148
vn -0.6487110894243678 -0.028200004428252323 0.7605121183834591
vn -0.6253970097660596 -0.14719900094074173 0.7662969622135525
vn -0.6151781689373107 -0.18459306690841512 0.7664732350919262
vn -0.6488989613339526 -0.026899999097709685 0.7603989268984148
vn -0.6253970097660596 -0.14719900094074173 0.7662969622135525
vn -0.6751167203539318 0.7297176746150251 0.10830295126630396
vn -0.713308189839765 0.700808202204077 -0.007700002013458825
vn -0.6602309299523157 0.7426339335392211 0.11220499048778489
vn -0.713308189839765 0.700808202204077 -0.007700002013458825
vn -0.6751167203539318 0.7297176746150251 0.10830295126630396
vn -0.7133113299494159 0.7008113416010624 -0.00710000345877525
vn -0.5875097537037847 -0.2661038945982 -0.7642126710429422
vn -0.5771990951059296 -0.2800000577201621 -0.7670991932505221
vn -0.7419031266847251 -0.0023000005180771653 -0.6705031398979767
vn 0.7731691649899715 0.6073761026397931 -0.18249304713003686
vn 0.526107672113766 0.6664096158023551 -0.528307619961317
vn 0.773183291943337 0.6073872492209911 -0.1823960705262648
vn 0.526107672113766 0.6664096158023551 -0.528307619961317
vn 0.7731691649899715 0.6073761026397931 -0.18249304713003686
vn 0.5233861288486639 0.6665831310784976 -0.5307861052160243
vn 0.5233861288486639 0.6665831310784976 -0.5307861052160243
vn -0.08749800507729141 0.6676849976436283 -0.7392840070156543
vn 0.526107672113766 0.6664096158023551 -0.528307619961317
vn 0.526107672113766 0.6664096158023551 -0.528307619961317
vn -0.08749800507729141 0.6676849976436283 -0.7392840070156543
vn -0.0562020014950157 0.6662260845593987 -0.7436290333765937
vn 0.6686038973466464 -0.7436038854539763 -0.00469999900264803
vn 0.6448242675479383 -0.7352272284814326 -0.20890808141566972
vn 0.6686051410274615 -0.7436051878401687 -0.004300001027416152
vn 0.6448242675479383 -0.7352272284814326 -0.20890808141566972
vn 0.6686038973466464 -0.7436038854539763 -0.00469999900264803
vn 0.6455126518388327 -0.7354145775546278 -0.2061038947621961
vn 0.6448242675479383 -0.7352272284814326 -0.20890808141566972
vn 0.6455126518388327 -0.7354145775546278 -0.2061038947621961
vn 0.3869118610139608 -0.7353227581859113 -0.5564167980035984
vn 0.3804140222481976 -0.7345270172426588 -0.5619210199107617
vn 0.6448242675479383 -0.7352272284814326 -0.20890808141566972
vn 0.3869118610139608 -0.7353227581859113 -0.5564167980035984
vn 0.3869118610139608 -0.7353227581859113 -0.5564167980035984
vn -0.20650705807880265 -0.6240211759299026 -0.7536261718880917
vn 0.3804140222481976 -0.7345270172426588 -0.5619210199107617
vn -0.20650705807880265 -0.6240211759299026 -0.7536261718880917
vn 0.3869118610139608 -0.7353227581859113 -0.5564167980035984
vn -0.1814909955978483 -0.6278689862995956 -0.756862969473352
vn -0.7605257179179409 0.4555158403863352 0.46271584319378095
vn -0.7603006520867508 0.46950078985947025 0.4489007983483602
vn -0.7310746279472723 0.669876691685859 0.12959593476558554
vn -0.6795919956158144 0.26899700654571923 0.6824919999270009
vn -0.7603006520867508 0.46950078985947025 0.4489007983483602
vn -0.7605257179179409 0.4555158403863352 0.46271584319378095
vn -0.7603006520867508 0.46950078985947025 0.4489007983483602
vn -0.6795919956158144 0.26899700654571923 0.6824919999270009
vn -0.6735107288373855 0.28190389215731015 0.6833106860919808
vn 0.5926177453732745 0.4317128623366961 -0.6800207440672333
vn 0.5926177453732745 0.4317128623366961 -0.6800207440672333
vn 0.5926177453732745 0.4317128623366961 -0.6800207440672333
vn 0.5926177453732745 0.4317128623366961 -0.6800207440672333
vn 0.5926177453732745 0.4317128623366961 -0.6800207440672333
vn 0.5926177453732745 0.4317128623366961 -0.6800207440672333
vn -0.7277118899080602 0.6776109095131649 -0.10620198018483817
vn -0.7285162149188106 0.6734151783568204 -0.12560303403589165
vn -0.7612921733091169 0.47179512041698607 -0.4447961231946644
vn -0.7285162149188106 0.6734151783568204 -0.12560303403589165
vn -0.7614008820896516 0.4701009415337235 -0.44640094256420104
vn -0.7612921733091169 0.47179512041698607 -0.4447961231946644
vn -0.7612921733091169 0.47179512041698607 -0.4447961231946644
vn -0.7614008820896516 0.4701009415337235 -0.44640094256420104
vn -0.6798706693100455 0.2657888548247651 -0.6834706706676231
vn -0.6737802421167175 0.27889209143256866 -0.684280196023168
vn -0.6798706693100455 0.2657888548247651 -0.6834706706676231
vn -0.7614008820896516 0.4701009415337235 -0.44640094256420104
vn 0.5926177453732745 0.4317128623366961 0.6800207440672333
vn 0.5926177453732745 0.4317128623366961 0.6800207440672333
vn 0.5926177453732745 0.4317128623366961 0.6800207440672333
vn 0.5926177453732745 0.4317128623366961 0.6800207440672333
vn 0.5926177453732745 0.4317128623366961 0.6800207440672333
vn 0.5926177453732745 0.4317128623366961 0.6800207440672333
vn -0.5973249678247095 -0.2494099887064043 0.762231946553463
vn -0.7582899760413088 0.04739899828525256 0.6501920079459805
vn -0.593376033881104 -0.25499003842938556 0.7634690319307728
vn 0.6236320818629274 0.11000600606431432 0.7739390835854518
vn 0.6032197505769653 0.4436138294595082 0.6628217730477282
vn 0.6244663632714922 0.12699307575668803 0.7706584975540937
vn 0.6235229939550663 0.08260299971396212 -0.7774289809671141
vn 0.6252880329406056 0.10799801006962018 -0.772885053343814
vn 0.6149867914250237 0.39549184753525823 -0.6821857847433515
vn 0.9783070677861592 0.2062020151623165 -0.019900001574056404
vn 0.9783458334582579 0.20620997715705905 -0.0178009964819906
vn 0.946236791047265 0.2144079361511237 -0.24220894323701234
vn 0.9783070677861592 0.2062020151623165 -0.019900001574056404
vn 0.946236791047265 0.2144079361511237 -0.24220894323701234
vn 0.9402736649352103 0.2152939341086511 -0.26369292172018594
vn 0.6003041228785291 -0.03720000734841219 -0.7989062019463349
vn 0.5993169081080222 -0.08560198732565699 -0.7959218199180987
vn 0.60791391106046 -0.25180596101517483 -0.7530168887457965
vn 0.6003041228785291 -0.03720000734841219 -0.7989062019463349
vn 0.60791391106046 -0.25180596101517483 -0.7530168887457965
vn 0.6065720872958538 -0.25868803080026304 -0.7517651266414486
vn 0.60791391106046 -0.25180596101517483 0.7530168887457965
vn 0.6003041228785291 -0.03720000734841219 0.7989062019463349
vn 0.6065720872958538 -0.25868803080026304 0.7517651266414486
vn 0.6003041228785291 -0.03720000734841219 0.7989062019463349
vn 0.60791391106046 -0.25180596101517483 0.7530168887457965
vn 0.5993169081080222 -0.08560198732565699 0.7959218199180987
vn 0.9372190001311318 0.2229049894771921 0.26820498030307816
vn 0.9433303719090671 0.22150709307255853 0.24710810822886028
vn 0.9783070677861592 0.2062020151623165 -0.019900001574056404
vn 0.9433303719090671 0.22150709307255853 0.24710810822886028
vn 0.9783458334582579 0.20620997715705905 -0.0178009964819906
vn 0.9783070677861592 0.2062020151623165 -0.019900001574056404
vn -0.49452594073328465 -0.42092195281518 0.7604398750592417
vn -0.5387000508364193 -0.35640007699491444 0.7634011005669682
vn -0.40470692091752325 -0.5336088482315154 0.7426128905765729
vn -0.49452594073328465 -0.42092195281518 0.7604398750592417
vn -0.6151781689373107 -0.18459306690841512 0.7664732350919262
vn -0.5387000508364193 -0.35640007699491444 0.7634011005669682
vn -0.6151781689373107 -0.18459306690841512 0.7664732350919262
vn -0.6253970097660596 -0.14719900094074173 0.7662969622135525
vn -0.5387000508364193 -0.35640007699491444 0.7634011005669682
vn 0.7299581629658599 -0.6648621434843206 0.15849104227350494
vn 0.7434961186156326 -0.6506960380092188 0.15429902048488348
vn 0.7805382670438723 -0.6250311781196247 0.009800002986874563
vn 0.7434961186156326 -0.6506960380092188 0.15429902048488348
vn 0.7805878909487003 -0.6249909235545091 0.008299998719389808
vn 0.7805382670438723 -0.6250311781196247 0.009800002986874563
vn 0.7805382670438723 -0.6250311781196247 0.009800002986874563
vn 0.7805878909487003 -0.6249909235545091 0.008299998719389808
vn 0.7434401593449063 -0.6511351537387429 -0.15270802545656903
vn 0.7805382670438723 -0.6250311781196247 0.009800002986874563
vn 0.7434401593449063 -0.6511351537387429 -0.15270802545656903
vn 0.7252849351599288 -0.6676869998715613 -0.16779699947428017
vn 0.6734360949547611 0.3020160450057926 -0.6747370855163819
vn 0.6734360949547611 0.3020160450057926 -0.6747370855163819
vn 0.6686818520849391 -0.26379292892287004 -0.6951818980256527
vn 0.6734360949547611 0.3020160450057926 -0.6747370855163819
vn 0.6658121162650698 -0.27670501894744876 -0.6929130957947912
vn 0.6686818520849391 -0.26379292892287004 -0.6951818980256527
vn 0.6734360949547611 0.3020160450057926 0.6747370855163819
vn 0.6686818520849391 -0.26379292892287004 0.6951818980256527
vn 0.6658121162650698 -0.27670501894744876 0.6929130957947912
vn 0.6686818520849391 -0.26379292892287004 0.6951818980256527
vn 0.6734360949547611 0.3020160450057926 0.6747370855163819
vn 0.6734360949547611 0.3020160450057926 0.6747370855163819
vn -0.7081588411834032 -0.30018290475218823 -0.6390628133042308
vn -0.706326045308514 -0.3037110173874212 -0.6394240655748988
vn -0.6788357487104515 -0.353618889570063 -0.6435337654015959
vn -0.5387000508364193 -0.35640007699491444 -0.7634011005669682
vn -0.6151781689373107 -0.18459306690841512 -0.7664732350919262
vn -0.49450501877459485 -0.42100402779122864 -0.7604080450589012
vn -0.6151781689373107 -0.18459306690841512 -0.7664732350919262
vn -0.5387000508364193 -0.35640007699491444 -0.7634011005669682
vn -0.6253970097660596 -0.14719900094074173 -0.7662969622135525
vn -0.711991183911276 -0.35559507854900696 0.605492109068603
vn -0.6951992454479109 -0.30070012560130843 0.6528992599107559
vn -0.7112647177382908 -0.3529828430457247 0.6078697342490633
vn 0.5103170929639012 0.41681403394625 0.7522250499247731
vn 0.2910989202590119 0.7211977784170566 0.6285977911433827
vn 0.504710918528835 0.4273089815813864 0.7501159396904309
vn 0.7252849351599288 -0.6676869998715613 -0.16779699947428017
vn 0.7395058946392385 -0.673104889164877 0.007799998471662307
vn 0.7643011244307873 -0.6250010754970221 0.1588000214779577
vn 0.7395058946392385 -0.673104889164877 0.007799998471662307
vn 0.7252849351599288 -0.6676869998715613 -0.16779699947428017
vn 0.7434401593449063 -0.6511351537387429 -0.15270802545656903
vn 0.7643011244307873 -0.6250010754970221 0.1588000214779577
vn 0.7395058946392385 -0.673104889164877 0.007799998471662307
vn 0.6891820275232687 -0.40358903093345616 0.6017840368845873
vn 0.7720041276044098 -0.6297040582534916 -0.08650101722429303
vn 0.7299581629658599 -0.6648621434843206 0.15849104227350494
vn 0.7926901649373831 -0.570793097325209 -0.21409703981475067
vn 0.7299581629658599 -0.6648621434843206 0.15849104227350494
vn 0.7720041276044098 -0.6297040582534916 -0.08650101722429303
vn 0.7434961186156326 -0.6506960380092188 0.15429902048488348
vn 0.6862949507046956 -0.34739698836419797 -0.6389949711169286
vn 0.687308969677352 -0.3448049736964222 -0.6393089318281627
vn 0.7926901649373831 -0.570793097325209 -0.21409703981475067
vn -0.7362263097750003 0.2506090962936104 -0.6286222249093529
vn -0.7026818358456408 0.39768990669387194 -0.5899838774800708
vn -0.7373971367101477 0.2430990346257737 -0.6301970502435668
vn -0.798183784631566 0.5054898768405135 0.3276928903149907
vn -0.6633160140323654 0.7404169469331026 -0.10860299361655808
vn -0.7931997831420892 0.5291998423337253 0.3012999019205
vn -0.6633160140323654 0.7404169469331026 -0.10860299361655808
vn -0.6752898163517885 0.7292887640269415 -0.11009796817209354
vn -0.7931997831420892 0.5291998423337253 0.3012999019205
vn -0.7931997831420892 0.5291998423337253 0.3012999019205
vn -0.7314542996894541 0.24628509139603172 0.6358602529029933
vn -0.798183784631566 0.5054898768405135 0.3276928903149907
vn -0.7314542996894541 0.24628509139603172 0.6358602529029933
vn -0.7931997831420892 0.5291998423337253 0.3012999019205
vn -0.7329329615591165 0.236610971329638 0.6378279721889185
vn -0.7314542996894541 0.24628509139603172 0.6358602529029933
vn -0.7329329615591165 0.236610971329638 0.6378279721889185
vn -0.6824727471690147 0.44818182579480687 0.577376827036565
vn -0.7764321626426981 -0.6301261831988542 0.009700003156026404
vn -0.7385802263474204 -0.656482219206494 0.15339604008679686
vn -0.7247113677183573 -0.6708103503240568 0.15750208696364668
vn -0.7385802263474204 -0.656482219206494 0.15339604008679686
vn -0.7764321626426981 -0.6301261831988542 0.009700003156026404
vn -0.7764425879114506 -0.6301346425590212 0.008199995389278939
vn -0.7764321626426981 -0.6301261831988542 0.009700003156026404
vn -0.7384835645645589 -0.6569855955114632 -0.15169690886261059
vn -0.7764425879114506 -0.6301346425590212 0.008199995389278939
vn -0.7384835645645589 -0.6569855955114632 -0.15169690886261059
vn -0.7764321626426981 -0.6301261831988542 0.009700003156026404
vn -0.7200142102637853 -0.673713262871038 -0.1664030542083799
vn -0.6602309299523157 0.7426339335392211 0.11220499048778489
vn -0.7887668538163402 0.5327769469633384 -0.30658697804227825
vn -0.7797185914369222 0.5682137111409414 -0.2630058870806142
vn -0.6602309299523157 0.7426339335392211 0.11220499048778489
vn -0.7797185914369222 0.5682137111409414 -0.2630058870806142
vn -0.6751167203539318 0.7297176746150251 0.10830295126630396
vn -0.7362263097750003 0.2506090962936104 -0.6286222249093529
vn -0.7797185914369222 0.5682137111409414 -0.2630058870806142
vn -0.7887668538163402 0.5327769469633384 -0.30658697804227825
vn -0.7797185914369222 0.5682137111409414 -0.2630058870806142
vn -0.7362263097750003 0.2506090962936104 -0.6286222249093529
vn -0.7373971367101477 0.2430990346257737 -0.6301970502435668
vn 0.511516857055094 0.40671288011961143 -0.7569247902488655
vn 0.5036177675065079 0.4222148094226053 -0.7537266075680186
vn 0.32990803612792136 0.6837170574651649 -0.6509160260966038
vn -0.7601678385680923 -0.6300739061724003 0.1585929694764805
vn -0.7346081818471313 -0.6784072000584818 0.010700003367451968
vn -0.7200142102637853 -0.673713262871038 -0.1664030542083799
vn -0.7384835645645589 -0.6569855955114632 -0.15169690886261059
vn -0.7200142102637853 -0.673713262871038 -0.1664030542083799
vn -0.7346081818471313 -0.6784072000584818 0.010700003367451968
vn -0.7346081818471313 -0.6784072000584818 0.010700003367451968
vn -0.7601678385680923 -0.6300739061724003 0.1585929694764805
vn -0.711991183911276 -0.35559507854900696 0.605492109068603
vn -0.7666327857925823 -0.6363268415410702 -0.08580397707723215
vn -0.7881330807801832 -0.5784239739670521 -0.2104090143508594
vn -0.7247113677183573 -0.6708103503240568 0.15750208696364668
vn -0.7666327857925823 -0.6363268415410702 -0.08580397707723215
vn -0.7247113677183573 -0.6708103503240568 0.15750208696364668
vn -0.7385802263474204 -0.656482219206494 0.15339604008679686
vn -0.706326045308514 -0.3037110173874212 -0.6394240655748988
vn -0.7081588411834032 -0.30018290475218823 -0.6390628133042308
vn -0.7881330807801832 -0.5784239739670521 -0.2104090143508594
vn 0.6643847945483503 -0.09689796149345649 -0.7410827415554617
vn 0.6658121162650698 -0.27670501894744876 -0.6929130957947912
vn 0.6662971200474678 -0.016800000817588083 -0.7454970877132783
vn 0.6658121162650698 -0.27670501894744876 -0.6929130957947912
vn 0.6643847945483503 -0.09689796149345649 -0.7410827415554617
vn 0.6686818520849391 -0.26379292892287004 -0.6951818980256527
vn 0.6643847945483503 -0.09689796149345649 0.7410827415554617
vn 0.6658121162650698 -0.27670501894744876 0.6929130957947912
vn 0.6686818520849391 -0.26379292892287004 0.6951818980256527
vn 0.6643847945483503 -0.09689796149345649 0.7410827415554617
vn 0.6662971200474678 -0.016800000817588083 0.7454970877132783
vn 0.6658121162650698 -0.27670501894744876 0.6929130957947912
vn -0.6602083558976495 0.11050106031410915 -0.7429094443284324
vn -0.5720993227658225 0.5465993234777918 -0.6114994231105271
vn -0.6577109559126694 0.15660297548353522 -0.7368119207383564
vn -0.6602083558976495 0.11050106031410915 0.7429094443284324
vn -0.6577109559126694 0.15660297548353522 0.7368119207383564
vn -0.5720993227658225 0.5465993234777918 0.6114994231105271
vn 0.36169092854625895 0.784780838409152 -0.5032878976025289
vn 0.6974041894641212 0.6754041751974655 -0.2397010568264632
vn 0.7179718253097879 0.6708738427887053 -0.18559295547850643
vn 0.6974041894641212 0.6754041751974655 -0.2397010568264632
vn 0.36169092854625895 0.784780838409152 -0.5032878976025289
vn 0.11300398178070653 0.8154288363448187 -0.5677199247507881
vn 0.36169092854625895 0.784780838409152 -0.5032878976025289
vn 0.09189698006173326 0.8127758419896294 -0.5752828658439101
vn 0.11300398178070653 0.8154288363448187 -0.5677199247507881
vn 0.09189698006173326 0.8127758419896294 -0.5752828658439101
vn 0.22900099237691898 0.8037019609042799 -0.5492009682520613
vn 0.11300398178070653 0.8154288363448187 -0.5677199247507881
vn 0.09189698006173326 0.8127758419896294 -0.5752828658439101
vn 0.4359902673555323 0.7573834543069671 -0.48608928183338695
vn 0.22900099237691898 0.8037019609042799 -0.5492009682520613
vn 0.6974041894641212 0.6754041751974655 0.2397010568264632
vn 0.36169092854625895 0.784780838409152 0.5032878976025289
vn 0.7179718253097879 0.6708738427887053 0.18559295547850643
vn 0.11300398178070653 0.8154288363448187 0.5677199247507881
vn 0.36169092854625895 0.784780838409152 0.5032878976025289
vn 0.6974041894641212 0.6754041751974655 0.2397010568264632
vn 0.36169092854625895 0.784780838409152 0.5032878976025289
vn 0.11300398178070653 0.8154288363448187 0.5677199247507881
vn 0.09189698006173326 0.8127758419896294 0.5752828658439101
vn 0.22900099237691898 0.8037019609042799 0.5492009682520613
vn 0.09189698006173326 0.8127758419896294 0.5752828658439101
vn 0.11300398178070653 0.8154288363448187 0.5677199247507881
vn 0.09189698006173326 0.8127758419896294 0.5752828658439101
vn 0.22900099237691898 0.8037019609042799 0.5492009682520613
vn 0.4359902673555323 0.7573834543069671 0.48608928183338695
vn 0.022000012637723245 0.7063854246326599 0.7074854283379105
vn 0.3833180210441646 0.66523101384248 0.6407300468722312
vn 0.766105343706849 0.5969042699124002 0.2383021084761004
vn 0.7208058268685321 0.6014048482723413 -0.34460291413000815
vn 0.766105343706849 0.5969042699124002 -0.2383021084761004
vn 0.3833180210441646 0.66523101384248 -0.6407300468722312
vn 0.11910194895563858 0.7650106544093463 0.6329087014689813
vn 0.14430398991204396 0.7556199301632871 0.6389169583251754
vn -0.039799999312437245 0.9486889807412839 0.3136959959495718
vn -0.039799999312437245 0.9486889807412839 0.3136959959495718
vn -0.01760000007756837 0.9404800030612508 0.33939299320872696
vn 0.11910194895563858 0.7650106544093463 0.6329087014689813
vn 0.1583079841163123 0.7514368874864882 -0.6405319557131
vn 0.1441009620704603 0.7571037902714046 -0.6372038633648108
vn -0.039799999312437245 0.9486889807412839 -0.3136959959495718
vn -0.01760000007756837 0.9404800030612508 -0.33939299320872696
vn -0.039799999312437245 0.9486889807412839 -0.3136959959495718
vn 0.1441009620704603 0.7571037902714046 -0.6372038633648108
vn -0.7191707506653265 -0.2911879128240987 -0.6308748138994105
vn -0.8103768968935591 -0.11159698862624488 -0.5751829249123442
vn -0.7152892411146938 -0.2973951126247756 -0.6323902660007207
vn -0.9462123129328022 -0.10880103951259183 -0.30470410672542014
vn -0.7191707506653265 -0.2911879128240987 -0.6308748138994105
vn -0.7152892411146938 -0.2973951126247756 -0.6323902660007207
vn -0.7191707506653265 -0.2911879128240987 -0.6308748138994105
vn -0.9462123129328022 -0.10880103951259183 -0.30470410672542014
vn -0.932528901351384 -0.13400398027096774 -0.3353099781037223
vn -0.7311996120713408 -0.2677998803880538 0.627399674347114
vn -0.7223119621274694 -0.28300499467683654 0.6310099859396276
vn -0.8236813854232701 -0.06609903523938442 0.5631872626823383
vn -0.7311996120713408 -0.2677998803880538 0.627399674347114
vn -0.9462123129328022 -0.10880103951259183 0.30470410672542014
vn -0.7223119621274694 -0.28300499467683654 0.6310099859396276
vn -0.9462123129328022 -0.10880103951259183 0.30470410672542014
vn -0.7311996120713408 -0.2677998803880538 0.627399674347114
vn -0.932528901351384 -0.13400398027096774 0.3353099781037223
vn 0.6686038973466464 -0.7436038854539763 -0.00469999900264803
vn 0.6456199317509054 -0.7358219656777879 0.20430599245257794
vn 0.6463619670752477 -0.7360569466594347 0.20108798768948488
vn 0.6456199317509054 -0.7358219656777879 0.20430599245257794
vn 0.6686038973466464 -0.7436038854539763 -0.00469999900264803
vn 0.6686051410274615 -0.7436051878401687 -0.004300001027416152
vn -0.6580976895288124 0.1415999393805469 -0.7394977269770775
vn -0.5792338806730267 0.5393318495364481 -0.6112358526428728
vn -0.6563078226630115 0.17250195307450938 -0.7345087597141484
vn 0.41518605972855055 -0.8176731707013974 -0.3987870631329506
vn 0.41518605972855055 -0.8176731707013974 -0.3987870631329506
vn 0.41518605972855055 -0.8176731707013974 -0.3987870631329506
vn 0.41518605972855055 -0.8176731707013974 -0.3987870631329506
vn 0.41518605972855055 -0.8176731707013974 -0.3987870631329506
vn 0.41518605972855055 -0.8176731707013974 -0.3987870631329506
vn 0.41518605972855055 -0.8176731707013974 0.3987870631329506
vn 0.41518605972855055 -0.8176731707013974 0.3987870631329506
vn 0.41518605972855055 -0.8176731707013974 0.3987870631329506
vn 0.41518605972855055 -0.8176731707013974 0.3987870631329506
vn 0.41518605972855055 -0.8176731707013974 0.3987870631329506
vn 0.41518605972855055 -0.8176731707013974 0.3987870631329506
vn -0.6580976895288124 0.1415999393805469 0.7394977269770775
vn -0.6563078226630115 0.17250195307450938 0.7345087597141484
vn -0.5792338806730267 0.5393318495364481 0.6112358526428728
vn 0.8183760586640676 0.5746830662247379 1.0022216185616697e-16
vn 0.7208058268685321 0.6014048482723413 0.34460291413000815
vn 0.766105343706849 0.5969042699124002 0.2383021084761004
vn 0.7208058268685321 0.6014048482723413 0.34460291413000815
vn 0.8183760586640676 0.5746830662247379 1.0022216185616697e-16
vn 0.8183760586640676 0.5746830662247379 1.0022216185616697e-16
vn 0.7208058268685321 0.6014048482723413 -0.34460291413000815
vn 0.8183760586640676 0.5746830662247379 1.0022216185616697e-16
vn 0.766105343706849 0.5969042699124002 -0.2383021084761004
vn 0.8183760586640676 0.5746830662247379 1.0022216185616697e-16
vn 0.7208058268685321 0.6014048482723413 -0.34460291413000815
vn 0.8183760586640676 0.5746830662247379 1.0022216185616697e-16
vn 0.6082790674778856 0.4185850744696084 -0.6743760905455548
vn 0.5435091828189461 0.4980081594968797 -0.6757112114402215
vn 0.6082790674778856 0.4185850744696084 -0.6743760905455548
vn 0.5435091828189461 0.4980081594968797 -0.6757112114402215
vn 0.6082790674778856 0.4185850744696084 -0.6743760905455548
vn 0.5460852874562325 0.4950862728769616 -0.6757813560854151
vn -0.6501118108710748 -0.37770692466796235 -0.6593118476288758
vn -0.6820100036824964 -0.6503090345357899 -0.33460501263150555
vn -0.6762872363235691 -0.6272881650216503 -0.3861931278642848
vn -0.6501118108710748 -0.37770692466796235 -0.6593118476288758
vn -0.6762872363235691 -0.6272881650216503 -0.3861931278642848
vn -0.6507893041453435 -0.3571941464952386 -0.6699892710480948
vn -0.6501118108710748 -0.37770692466796235 -0.6593118476288758
vn -0.6507893041453435 -0.3571941464952386 -0.6699892710480948
vn -0.6577109559126694 0.15660297548353522 -0.7368119207383564
vn -0.6507893041453435 -0.3571941464952386 -0.6699892710480948
vn -0.6602083558976495 0.11050106031410915 -0.7429094443284324
vn -0.6577109559126694 0.15660297548353522 -0.7368119207383564
vn -0.6820100036824964 -0.6503090345357899 0.33460501263150555
vn -0.6501118108710748 -0.37770692466796235 0.6593118476288758
vn -0.6762872363235691 -0.6272881650216503 0.3861931278642848
vn -0.6762872363235691 -0.6272881650216503 0.3861931278642848
vn -0.6501118108710748 -0.37770692466796235 0.6593118476288758
vn -0.6507893041453435 -0.3571941464952386 0.6699892710480948
vn -0.6577109559126694 0.15660297548353522 0.7368119207383564
vn -0.6507893041453435 -0.3571941464952386 0.6699892710480948
vn -0.6501118108710748 -0.37770692466796235 0.6593118476288758
vn -0.6577109559126694 0.15660297548353522 0.7368119207383564
vn -0.6602083558976495 0.11050106031410915 0.7429094443284324
vn -0.6507893041453435 -0.3571941464952386 0.6699892710480948
vn 0.5435091828189461 0.4980081594968797 0.6757112114402215
vn 0.5460852874562325 0.4950862728769616 0.6757813560854151
vn 0.6082790674778856 0.4185850744696084 0.6743760905455548
vn 0.6082790674778856 0.4185850744696084 0.6743760905455548
vn 0.6082790674778856 0.4185850744696084 0.6743760905455548
vn 0.5435091828189461 0.4980081594968797 0.6757112114402215
vn 0.8360129790570241 0.43830696774703287 -0.3301049846224697
vn 0.7400738536107148 0.6647768562054147 0.10179598545832753
vn 0.7494096706304084 0.6541086988004453 0.1026009537928907
vn 0.7400738536107148 0.6647768562054147 0.10179598545832753
vn 0.8360129790570241 0.43830696774703287 -0.3301049846224697
vn 0.8364939531680744 0.4302969195651921 -0.33929696038419493
vn 0.7391551000312175 0.6644601103004569 -0.11019301210759912
vn 0.8360129790570241 0.43830696774703287 0.3301049846224697
vn 0.7483590308248885 0.6535639817899919 -0.11319400465415481
vn 0.8360129790570241 0.43830696774703287 0.3301049846224697
vn 0.7391551000312175 0.6644601103004569 -0.11019301210759912
vn 0.8364939531680744 0.4302969195651921 0.33929696038419493
vn 0.7242880396831263 0.1754970087323984 0.6667890487237735
vn 0.7245898236314194 0.16799795603363224 0.6683908095256175
vn 0.8360129790570241 0.43830696774703287 0.3301049846224697
vn 0.8360129790570241 0.43830696774703287 0.3301049846224697
vn 0.8364939531680744 0.4302969195651921 0.33929696038419493
vn 0.7242880396831263 0.1754970087323984 0.6667890487237735
vn 0.8364939531680744 0.4302969195651921 -0.33929696038419493
vn 0.8360129790570241 0.43830696774703287 -0.3301049846224697
vn 0.7266144128034777 0.150703086859605 -0.6703134152896268
vn 0.7266144128034777 0.150703086859605 -0.6703134152896268
vn 0.8360129790570241 0.43830696774703287 -0.3301049846224697
vn 0.7265970131523805 0.15129900021596618 -0.6701980252221641
vn 0.7245898236314194 0.16799795603363224 0.6683908095256175
vn 0.7242880396831263 0.1754970087323984 0.6667890487237735
vn 0.6976118168467608 0.39110690807729553 0.600310869008699
vn -0.6166038009343875 -0.24370192355760245 -0.7486047856697089
vn -0.6144751360179657 -0.18279203920780912 -0.767468160654208
vn -0.5922033096611903 0.22580112158027812 -0.7735044237232395
vn -0.6144751360179657 -0.18279203920780912 -0.767468160654208
vn -0.5933807536179169 0.20349291117616358 -0.7787746248670939
vn -0.5922033096611903 0.22580112158027812 -0.7735044237232395
vn -0.5933807536179169 0.20349291117616358 -0.7787746248670939
vn -0.5554020437301374 0.4761020569038511 -0.6818030516449077
vn -0.5922033096611903 0.22580112158027812 -0.7735044237232395
vn -0.5922033096611903 0.22580112158027812 0.7735044237232395
vn -0.6144751360179657 -0.18279203920780912 0.767468160654208
vn -0.6166038009343875 -0.24370192355760245 0.7486047856697089
vn -0.5922033096611903 0.22580112158027812 0.7735044237232395
vn -0.5933807536179169 0.20349291117616358 0.7787746248670939
vn -0.6144751360179657 -0.18279203920780912 0.767468160654208
vn -0.5933807536179169 0.20349291117616358 0.7787746248670939
vn -0.5922033096611903 0.22580112158027812 0.7735044237232395
vn -0.5554020437301374 0.4761020569038511 0.6818030516449077
vn 0.6200697609286314 -0.6365688039378826 -0.4585778553691875
vn 0.6200697609286314 -0.6365688039378826 -0.4585778553691875
vn 0.6200697609286314 -0.6365688039378826 -0.4585778553691875
vn 0.6200697609286314 -0.6365688039378826 -0.4585778553691875
vn 0.6200697609286314 -0.6365688039378826 -0.4585778553691875
vn 0.6200697609286314 -0.6365688039378826 -0.4585778553691875
vn 0.7265970131523805 0.15129900021596618 -0.6701980252221641
vn 0.7101730127622865 0.3462870130443171 -0.6129760162852884
vn 0.7266144128034777 0.150703086859605 -0.6703134152896268
vn 0.6200697609286314 -0.6365688039378826 0.4585778553691875
vn 0.6200697609286314 -0.6365688039378826 0.4585778553691875
vn 0.6200697609286314 -0.6365688039378826 0.4585778553691875
vn 0.6200697609286314 -0.6365688039378826 0.4585778553691875
vn 0.6200697609286314 -0.6365688039378826 0.4585778553691875
vn 0.6200697609286314 -0.6365688039378826 0.4585778553691875
vn -0.6580073004838178 -0.3727041351188454 -0.6543072826855224
vn -0.6855386892382337 -0.6536366749562794 -0.3206178452763097
vn -0.6794822066464782 -0.6306832293919474 -0.374890110585191
vn -0.6580073004838178 -0.3727041351188454 -0.6543072826855224
vn -0.6794822066464782 -0.6306832293919474 -0.374890110585191
vn -0.6584876057886728 -0.34629380062390963 -0.6681876058953424
vn -0.6580073004838178 -0.3727041351188454 -0.6543072826855224
vn -0.6584876057886728 -0.34629380062390963 -0.6681876058953424
vn -0.6563078226630115 0.17250195307450938 -0.7345087597141484
vn -0.6584876057886728 -0.34629380062390963 -0.6681876058953424
vn -0.6580976895288124 0.1415999393805469 -0.7394977269770775
vn -0.6563078226630115 0.17250195307450938 -0.7345087597141484
vn -0.6855386892382337 -0.6536366749562794 0.3206178452763097
vn -0.6580073004838178 -0.3727041351188454 0.6543072826855224
vn -0.6794822066464782 -0.6306832293919474 0.374890110585191
vn -0.6794822066464782 -0.6306832293919474 0.374890110585191
vn -0.6580073004838178 -0.3727041351188454 0.6543072826855224
vn -0.6584876057886728 -0.34629380062390963 0.6681876058953424
vn -0.6563078226630115 0.17250195307450938 0.7345087597141484
vn -0.6584876057886728 -0.34629380062390963 0.6681876058953424
vn -0.6580073004838178 -0.3727041351188454 0.6543072826855224
vn -0.6563078226630115 0.17250195307450938 0.7345087597141484
vn -0.6580976895288124 0.1415999393805469 0.7394977269770775
vn -0.6584876057886728 -0.34629380062390963 0.6681876058953424
vn -0.6144751360179657 -0.18279203920780912 -0.767468160654208
vn -0.6166038009343875 -0.24370192355760245 -0.7486047856697089
vn -0.6836871603201714 -0.5816891873171619 -0.44069213309479416
vn -0.6924008057487854 -0.6190007859289963 -0.37070089184909916
vn -0.6836871603201714 -0.5816891873171619 -0.44069213309479416
vn -0.6166038009343875 -0.24370192355760245 -0.7486047856697089
vn -0.6166038009343875 -0.24370192355760245 0.7486047856697089
vn -0.6836871603201714 -0.5816891873171619 0.44069213309479416
vn -0.6924008057487854 -0.6190007859289963 0.37070089184909916
vn -0.6836871603201714 -0.5816891873171619 0.44069213309479416
vn -0.6166038009343875 -0.24370192355760245 0.7486047856697089
vn -0.6144751360179657 -0.18279203920780912 0.767468160654208
vn -0.6927131997067739 -0.7212131605510282 -8.483289721979818e-17
vn -0.6927131997067739 -0.7212131605510282 -8.483289721979818e-17
vn -0.6762872363235691 -0.6272881650216503 -0.3861931278642848
vn -0.6927131997067739 -0.7212131605510282 -8.483289721979818e-17
vn -0.6762872363235691 -0.6272881650216503 -0.3861931278642848
vn -0.6820100036824964 -0.6503090345357899 -0.33460501263150555
vn -0.6820100036824964 -0.6503090345357899 0.33460501263150555
vn -0.6762872363235691 -0.6272881650216503 0.3861931278642848
vn -0.6927131997067739 -0.7212131605510282 -8.483289721979818e-17
vn -0.6762872363235691 -0.6272881650216503 0.3861931278642848
vn -0.6927131997067739 -0.7212131605510282 -8.483289721979818e-17
vn -0.6927131997067739 -0.7212131605510282 -8.483289721979818e-17
vn -0.6393891096668881 0.07829901722702942 -0.7648861551503372
vn -0.5658260578563753 0.4972230191329603 -0.6577310555956877
vn -0.637313248728449 0.12550304869488088 -0.7603162550961808
vn -0.6393891096668881 0.07829901722702942 0.7648861551503372
vn -0.637313248728449 0.12550304869488088 0.7603162550961808
vn -0.5658260578563753 0.4972230191329603 0.6577310555956877
vn 0.7824107198119172 0.6227087807090691 -0.008199997025752668
vn 0.7483590308248885 0.6535639817899919 -0.11319400465415481
vn 0.7824150803898134 0.6227121260813976 -0.007500000652474882
vn 0.7483590308248885 0.6535639817899919 -0.11319400465415481
vn 0.7824107198119172 0.6227087807090691 -0.008199997025752668
vn 0.7391551000312175 0.6644601103004569 -0.11019301210759912
vn 0.7400738536107148 0.6647768562054147 0.10179598545832753
vn 0.7824107198119172 0.6227087807090691 -0.008199997025752668
vn 0.7494096706304084 0.6541086988004453 0.1026009537928907
vn 0.7494096706304084 0.6541086988004453 0.1026009537928907
vn 0.7824107198119172 0.6227087807090691 -0.008199997025752668
vn 0.7824150803898134 0.6227121260813976 -0.007500000652474882
vn -0.9858433653605201 0.1389060474437147 0.09390404122405328
vn -0.932528901351384 -0.13400398027096774 -0.3353099781037223
vn -0.9462123129328022 -0.10880103951259183 -0.30470410672542014
vn -0.9858433653605201 0.1389060474437147 0.09390404122405328
vn -0.9462123129328022 -0.10880103951259183 -0.30470410672542014
vn -0.9877662912288009 0.12389603575266787 0.09469702337916046
vn -0.932528901351384 -0.13400398027096774 0.3353099781037223
vn -0.9850373480947645 0.13920504155508157 -0.10160403173143212
vn -0.9462123129328022 -0.10880103951259183 0.30470410672542014
vn -0.9850373480947645 0.13920504155508157 -0.10160403173143212
vn -0.9867509990399181 0.12419400100924105 -0.10439499991398078
vn -0.9462123129328022 -0.10880103951259183 0.30470410672542014
vn -0.9969008732518968 0.07829999310263132 -0.007599999324576459
vn -0.9867509990399181 0.12419400100924105 -0.10439499991398078
vn -0.9850373480947645 0.13920504155508157 -0.10160403173143212
vn -0.9867509990399181 0.12419400100924105 -0.10439499991398078
vn -0.9969008732518968 0.07829999310263132 -0.007599999324576459
vn -0.9969052651993245 0.07830001397804943 -0.007000002064392621
vn -0.9877662912288009 0.12389603575266787 0.09469702337916046
vn -0.9969008732518968 0.07829999310263132 -0.007599999324576459
vn -0.9858433653605201 0.1389060474437147 0.09390404122405328
vn -0.9969008732518968 0.07829999310263132 -0.007599999324576459
vn -0.9877662912288009 0.12389603575266787 0.09469702337916046
vn -0.9969052651993245 0.07830001397804943 -0.007000002064392621
vn 0.7608848968124406 0.6488868728851906 9.318152736125031e-17
vn 0.6974041894641212 0.6754041751974655 0.2397010568264632
vn 0.7179718253097879 0.6708738427887053 0.18559295547850643
vn 0.6974041894641212 0.6754041751974655 0.2397010568264632
vn 0.7608848968124406 0.6488868728851906 9.318152736125031e-17
vn 0.7608848968124406 0.6488868728851906 9.318152736125031e-17
vn 0.6974041894641212 0.6754041751974655 -0.2397010568264632
vn 0.7608848968124406 0.6488868728851906 9.318152736125031e-17
vn 0.7179718253097879 0.6708738427887053 -0.18559295547850643
vn 0.7608848968124406 0.6488868728851906 9.318152736125031e-17
vn 0.6974041894641212 0.6754041751974655 -0.2397010568264632
vn 0.7608848968124406 0.6488868728851906 9.318152736125031e-17
vn 0.6566937658776512 0.3709958844257414 -0.6565937492823021
vn 0.6566937658776512 0.3709958844257414 -0.6565937492823021
vn 0.6566937658776512 0.3709958844257414 -0.6565937492823021
vn 0.6566937658776512 0.3709958844257414 -0.6565937492823021
vn 0.6566937658776512 0.3709958844257414 -0.6565937492823021
vn 0.6566937658776512 0.3709958844257414 -0.6565937492823021
vn 0.6566937658776512 0.3709958844257414 0.6565937492823021
vn 0.6566937658776512 0.3709958844257414 0.6565937492823021
vn 0.6566937658776512 0.3709958844257414 0.6565937492823021
vn 0.6566937658776512 0.3709958844257414 0.6565937492823021
vn 0.6566937658776512 0.3709958844257414 0.6565937492823021
vn 0.6566937658776512 0.3709958844257414 0.6565937492823021
vn 0.3705861518059296 0.9287653439114975 -0.007800002476308218
vn 0.3250859743523663 0.9391599487420726 -0.11089499518986444
vn 0.37058782312415545 0.9287695222218838 -0.0071999960995250654
vn 0.3250859743523663 0.9391599487420726 -0.11089499518986444
vn 0.3705861518059296 0.9287653439114975 -0.007800002476308218
vn 0.3100100836269216 0.9444292433166378 -0.10930303023243337
vn 0.3062980450993287 0.9451931646973771 0.11309902288563992
vn 0.3705861518059296 0.9287653439114975 -0.007800002476308218
vn 0.3247909024480322 0.9394725777007841 0.10909695428946195
vn 0.3247909024480322 0.9394725777007841 0.10909695428946195
vn 0.3705861518059296 0.9287653439114975 -0.007800002476308218
vn 0.37058782312415545 0.9287695222218838 -0.0071999960995250654
vn -0.6965283203401881 -0.7175293018156653 -8.53001160509023e-17
vn -0.6965283203401881 -0.7175293018156653 -8.53001160509023e-17
vn -0.6794822066464782 -0.6306832293919474 -0.374890110585191
vn -0.6965283203401881 -0.7175293018156653 -8.53001160509023e-17
vn -0.6794822066464782 -0.6306832293919474 -0.374890110585191
vn -0.6855386892382337 -0.6536366749562794 -0.3206178452763097
vn -0.6855386892382337 -0.6536366749562794 0.3206178452763097
vn -0.6794822066464782 -0.6306832293919474 0.374890110585191
vn -0.6965283203401881 -0.7175293018156653 -8.53001160509023e-17
vn -0.6794822066464782 -0.6306832293919474 0.374890110585191
vn -0.6965283203401881 -0.7175293018156653 -8.53001160509023e-17
vn -0.6965283203401881 -0.7175293018156653 -8.53001160509023e-17
vn -0.6916812182548449 0.0691980210059399 -0.7188801890456818
vn -0.6198178486726118 0.49771394980264055 -0.6067179399347853
vn -0.6902980694184179 0.12470000783105072 -0.712698031009025
vn -0.7221923420289217 0.6916922878815267 -8.844305045180658e-17
vn -0.7133098842753609 0.6692088844305945 -0.2082029730677031
vn -0.7117673842730119 0.6630693756102141 -0.2317891149580488
vn -0.7133098842753609 0.6692088844305945 -0.2082029730677031
vn -0.7221923420289217 0.6916922878815267 -8.844305045180658e-17
vn -0.7221923420289217 0.6916922878815267 -8.844305045180658e-17
vn -0.6916812182548449 0.0691980210059399 0.7188801890456818
vn -0.6902980694184179 0.12470000783105072 0.712698031009025
vn -0.6198178486726118 0.49771394980264055 0.6067179399347853
vn -0.7221923420289217 0.6916922878815267 -8.844305045180658e-17
vn -0.7133098842753609 0.6692088844305945 0.2082029730677031
vn -0.7221923420289217 0.6916922878815267 -8.844305045180658e-17
vn -0.7133098842753609 0.6692088844305945 0.2082029730677031
vn -0.7221923420289217 0.6916922878815267 -8.844305045180658e-17
vn -0.7117673842730119 0.6630693756102141 0.2317891149580488
vn -0.7266803514825247 0.5088862272446318 -0.461487241957954
vn -0.7277771779496891 0.4877851273168419 -0.4820851053746411
vn -0.7117673842730119 0.6630693756102141 -0.2317891149580488
vn -0.7117673842730119 0.6630693756102141 -0.2317891149580488
vn -0.7133098842753609 0.6692088844305945 -0.2082029730677031
vn -0.7266803514825247 0.5088862272446318 -0.461487241957954
vn -0.7266803514825247 0.5088862272446318 -0.461487241957954
vn -0.6980181123949388 0.3355090516015745 -0.6326170967196653
vn -0.7277771779496891 0.4877851273168419 -0.4820851053746411
vn -0.6980181123949388 0.3355090516015745 -0.6326170967196653
vn -0.7266803514825247 0.5088862272446318 -0.461487241957954
vn -0.6953848485057701 0.34339194920366417 -0.6312858953681093
vn -0.6980181123949388 0.3355090516015745 -0.6326170967196653
vn -0.6953848485057701 0.34339194920366417 -0.6312858953681093
vn -0.6701821874014512 0.41148914068186876 -0.6176831896617421
vn -0.6627791341493336 0.22479305542626454 -0.7142771881898399
vn -0.665495816983524 0.20289893573068918 -0.7182947441383555
vn -0.6205088031532325 0.42350585165192367 -0.6600088020821554
vn -0.7133098842753609 0.6692088844305945 0.2082029730677031
vn -0.7117673842730119 0.6630693756102141 0.2317891149580488
vn -0.7266803514825247 0.5088862272446318 0.461487241957954
vn -0.7266803514825247 0.5088862272446318 0.461487241957954
vn -0.7117673842730119 0.6630693756102141 0.2317891149580488
vn -0.7277771779496891 0.4877851273168419 0.4820851053746411
vn -0.6980181123949388 0.3355090516015745 0.6326170967196653
vn -0.7266803514825247 0.5088862272446318 0.461487241957954
vn -0.7277771779496891 0.4877851273168419 0.4820851053746411
vn -0.7266803514825247 0.5088862272446318 0.461487241957954
vn -0.6980181123949388 0.3355090516015745 0.6326170967196653
vn -0.6953848485057701 0.34339194920366417 0.6312858953681093
vn -0.6980181123949388 0.3355090516015745 0.6326170967196653
vn -0.6701821874014512 0.41148914068186876 0.6176831896617421
vn -0.6953848485057701 0.34339194920366417 0.6312858953681093
vn -0.6627791341493336 0.22479305542626454 0.7142771881898399
vn -0.6205088031532325 0.42350585165192367 0.6600088020821554
vn -0.665495816983524 0.20289893573068918 0.7182947441383555
vn -0.66688705968517 -0.3926930514574032 -0.6332880994946467
vn -0.6794748297606873 -0.6629759064800369 -0.3142879303260919
vn -0.6761203453298634 -0.6440193099978357 -0.3579111719141184
vn -0.66688705968517 -0.3926930514574032 -0.6332880994946467
vn -0.6761203453298634 -0.6440193099978357 -0.3579111719141184
vn -0.6678881531675379 -0.3805930847801658 -0.6395891796113918
vn -0.6794748297606873 -0.6629759064800369 0.3142879303260919
vn -0.66688705968517 -0.3926930514574032 0.6332880994946467
vn -0.6761203453298634 -0.6440193099978357 0.3579111719141184
vn -0.6761203453298634 -0.6440193099978357 0.3579111719141184
vn -0.66688705968517 -0.3926930514574032 0.6332880994946467
vn -0.6678881531675379 -0.3805930847801658 0.6395891796113918
vn -0.6302976752639863 -0.39509881447690176 -0.6682976637365726
vn -0.6678190920953933 -0.6644180510168493 -0.3355090367126585
vn -0.6606169562997734 -0.6390159342905763 -0.39400999070069903
vn -0.6302976752639863 -0.39509881447690176 -0.6682976637365726
vn -0.6606169562997734 -0.6390159342905763 -0.39400999070069903
vn -0.6310148690783313 -0.3695089136443754 -0.6821168505024707
vn -0.6302976752639863 -0.39509881447690176 -0.6682976637365726
vn -0.6310148690783313 -0.3695089136443754 -0.6821168505024707
vn -0.637313248728449 0.12550304869488088 -0.7603162550961808
vn -0.6310148690783313 -0.3695089136443754 -0.6821168505024707
vn -0.6393891096668881 0.07829901722702942 -0.7648861551503372
vn -0.637313248728449 0.12550304869488088 -0.7603162550961808
vn -0.6678190920953933 -0.6644180510168493 0.3355090367126585
vn -0.6302976752639863 -0.39509881447690176 0.6682976637365726
vn -0.6606169562997734 -0.6390159342905763 0.39400999070069903
vn -0.6606169562997734 -0.6390159342905763 0.39400999070069903
vn -0.6302976752639863 -0.39509881447690176 0.6682976637365726
vn -0.6310148690783313 -0.3695089136443754 0.6821168505024707
vn -0.7068330609961548 0.6699310507411855 -0.22711101059970018
vn -0.7086871938928319 0.6759882046252917 -0.2019960604065793
vn -0.7251679250276415 0.5065779650357373 -0.46637993723074767
vn -0.7068330609961548 0.6699310507411855 -0.22711101059970018
vn -0.7251679250276415 0.5065779650357373 -0.46637993723074767
vn -0.7264622331969123 0.47357615059893915 -0.49797414925118955
vn -0.637313248728449 0.12550304869488088 0.7603162550961808
vn -0.6310148690783313 -0.3695089136443754 0.6821168505024707
vn -0.6302976752639863 -0.39509881447690176 0.6682976637365726
vn -0.637313248728449 0.12550304869488088 0.7603162550961808
vn -0.6393891096668881 0.07829901722702942 0.7648861551503372
vn -0.6310148690783313 -0.3695089136443754 0.6821168505024707
vn -0.7086871938928319 0.6759882046252917 0.2019960604065793
vn -0.7068330609961548 0.6699310507411855 0.22711101059970018
vn -0.7251679250276415 0.5065779650357373 0.46637993723074767
vn -0.7251679250276415 0.5065779650357373 0.46637993723074767
vn -0.7068330609961548 0.6699310507411855 0.22711101059970018
vn -0.7264622331969123 0.47357615059893915 0.49797414925118955
vn -0.7251679250276415 0.5065779650357373 -0.46637993723074767
vn -0.6944510412053709 0.2857800453466264 -0.6603540846019323
vn -0.7264622331969123 0.47357615059893915 -0.49797414925118955
vn -0.7264622331969123 0.47357615059893915 -0.49797414925118955
vn -0.6944510412053709 0.2857800453466264 -0.6603540846019323
vn -0.695020452052693 0.28400818118736626 -0.6605194351774324
vn -0.695020452052693 0.28400818118736626 -0.6605194351774324
vn -0.6944510412053709 0.2857800453466264 -0.6603540846019323
vn -0.6814931594436521 0.32359710161696076 -0.6563931668265685
vn -0.6944510412053709 0.2857800453466264 0.6603540846019323
vn -0.7264622331969123 0.47357615059893915 0.49797414925118955
vn -0.695020452052693 0.28400818118736626 0.6605194351774324
vn -0.7264622331969123 0.47357615059893915 0.49797414925118955
vn -0.6944510412053709 0.2857800453466264 0.6603540846019323
vn -0.7251679250276415 0.5065779650357373 0.46637993723074767
vn -0.695020452052693 0.28400818118736626 0.6605194351774324
vn -0.6814931594436521 0.32359710161696076 0.6563931668265685
vn -0.6944510412053709 0.2857800453466264 0.6603540846019323
vn -0.693375991247161 -0.7205759743163915 -8.491406531595894e-17
vn -0.693375991247161 -0.7205759743163915 -8.491406531595894e-17
vn -0.6836871603201714 -0.5816891873171619 -0.44069213309479416
vn -0.693375991247161 -0.7205759743163915 -8.491406531595894e-17
vn -0.6836871603201714 -0.5816891873171619 -0.44069213309479416
vn -0.6924008057487854 -0.6190007859289963 -0.37070089184909916
vn -0.6924008057487854 -0.6190007859289963 0.37070089184909916
vn -0.6836871603201714 -0.5816891873171619 0.44069213309479416
vn -0.693375991247161 -0.7205759743163915 -8.491406531595894e-17
vn -0.6836871603201714 -0.5816891873171619 0.44069213309479416
vn -0.693375991247161 -0.7205759743163915 -8.491406531595894e-17
vn -0.693375991247161 -0.7205759743163915 -8.491406531595894e-17
vn 0.5663061238226353 0.5098061052192945 0.6476072183060622
vn 0.5629100995616969 0.5153090537257872 0.6462111102106448
vn 0.43681708890248644 0.6845261597499674 0.5836221101540956
vn -0.7181201459726013 0.6959191446916013 -8.79443523630582e-17
vn -0.7086871938928319 0.6759882046252917 0.2019960604065793
vn -0.7181201459726013 0.6959191446916013 -8.79443523630582e-17
vn -0.7086871938928319 0.6759882046252917 0.2019960604065793
vn -0.7181201459726013 0.6959191446916013 -8.79443523630582e-17
vn -0.7068330609961548 0.6699310507411855 0.22711101059970018
vn -0.7181201459726013 0.6959191446916013 -8.79443523630582e-17
vn -0.7086871938928319 0.6759882046252917 -0.2019960604065793
vn -0.7068330609961548 0.6699310507411855 -0.22711101059970018
vn -0.7086871938928319 0.6759882046252917 -0.2019960604065793
vn -0.7181201459726013 0.6959191446916013 -8.79443523630582e-17
vn -0.7181201459726013 0.6959191446916013 -8.79443523630582e-17
vn -0.66688705968517 -0.3926930514574032 -0.6332880994946467
vn -0.6678881531675379 -0.3805930847801658 -0.6395891796113918
vn -0.6902980694184179 0.12470000783105072 -0.712698031009025
vn -0.6678881531675379 -0.3805930847801658 -0.6395891796113918
vn -0.6916812182548449 0.0691980210059399 -0.7188801890456818
vn -0.6902980694184179 0.12470000783105072 -0.712698031009025
vn -0.6902980694184179 0.12470000783105072 0.712698031009025
vn -0.6678881531675379 -0.3805930847801658 0.6395891796113918
vn -0.66688705968517 -0.3926930514574032 0.6332880994946467
vn -0.6902980694184179 0.12470000783105072 0.712698031009025
vn -0.6916812182548449 0.0691980210059399 0.7188801890456818
vn -0.6678881531675379 -0.3805930847801658 0.6395891796113918
vn -0.7048333883776671 0.17970810831845369 -0.6862323880673804
vn -0.7226191672721989 0.37011009012268825 -0.5838150908294588
vn -0.665495816983524 0.20289893573068918 -0.7182947441383555
vn -0.7048333883776671 0.17970810831845369 -0.6862323880673804
vn -0.665495816983524 0.20289893573068918 -0.7182947441383555
vn -0.6627791341493336 0.22479305542626454 -0.7142771881898399
vn -0.665495816983524 0.20289893573068918 0.7182947441383555
vn -0.7048333883776671 0.17970810831845369 0.6862323880673804
vn -0.6627791341493336 0.22479305542626454 0.7142771881898399
vn -0.665495816983524 0.20289893573068918 0.7182947441383555
vn -0.7226191672721989 0.37011009012268825 0.5838150908294588
vn -0.7048333883776671 0.17970810831845369 0.6862323880673804
vn 0.7890376897476284 0.6143297438454189 -0.004299998203166239
vn 0.773183291943337 0.6073872492209911 -0.1823960705262648
vn 0.7890364615661543 0.6143283912477465 -0.004700002778561538
vn 0.773183291943337 0.6073872492209911 -0.1823960705262648
vn 0.7890376897476284 0.6143297438454189 -0.004299998203166239
vn 0.7731691649899715 0.6073761026397931 -0.18249304713003686
vn -0.683268894927914 -0.7301668420463826 -8.36763057865359e-17
vn -0.683268894927914 -0.7301668420463826 -8.36763057865359e-17
vn -0.6761203453298634 -0.6440193099978357 -0.3579111719141184
vn -0.683268894927914 -0.7301668420463826 -8.36763057865359e-17
vn -0.6761203453298634 -0.6440193099978357 -0.3579111719141184
vn -0.6794748297606873 -0.6629759064800369 -0.3142879303260919
vn 0.7739907693786816 0.6076928526845741 0.1778979643297838
vn 0.7890376897476284 0.6143297438454189 -0.004299998203166239
vn 0.7740996539993669 0.6076997565646246 0.1773999198121479
vn 0.7740996539993669 0.6076997565646246 0.1773999198121479
vn 0.7890376897476284 0.6143297438454189 -0.004299998203166239
vn 0.7890364615661543 0.6143283912477465 -0.004700002778561538
vn -0.6794748297606873 -0.6629759064800369 0.3142879303260919
vn -0.6761203453298634 -0.6440193099978357 0.3579111719141184
vn -0.683268894927914 -0.7301668420463826 -8.36763057865359e-17
vn -0.6761203453298634 -0.6440193099978357 0.3579111719141184
vn -0.683268894927914 -0.7301668420463826 -8.36763057865359e-17
vn -0.683268894927914 -0.7301668420463826 -8.36763057865359e-17
vn -0.7239999626270114 0.6898000102320138 -8.866442267705308e-17
vn -0.7301898563603191 0.6353918879511506 -0.2511969792699921
vn -0.7290023068128947 0.5996022305757273 -0.33020115346571755
vn -0.7301898563603191 0.6353918879511506 -0.2511969792699921
vn -0.7239999626270114 0.6898000102320138 -8.866442267705308e-17
vn -0.7239999626270114 0.6898000102320138 -8.866442267705308e-17
vn -0.7239999626270114 0.6898000102320138 -8.866442267705308e-17
vn -0.7301898563603191 0.6353918879511506 0.2511969792699921
vn -0.7239999626270114 0.6898000102320138 -8.866442267705308e-17
vn -0.7301898563603191 0.6353918879511506 0.2511969792699921
vn -0.7239999626270114 0.6898000102320138 -8.866442267705308e-17
vn -0.7290023068128947 0.5996022305757273 0.33020115346571755
vn -0.7226191672721989 0.37011009012268825 -0.5838150908294588
vn -0.7048333883776671 0.17970810831845369 -0.6862323880673804
vn -0.7290023068128947 0.5996022305757273 -0.33020115346571755
vn -0.7290023068128947 0.5996022305757273 -0.33020115346571755
vn -0.7301898563603191 0.6353918879511506 -0.2511969792699921
vn -0.7226191672721989 0.37011009012268825 -0.5838150908294588
vn -0.7301898563603191 0.6353918879511506 0.2511969792699921
vn -0.7290023068128947 0.5996022305757273 0.33020115346571755
vn -0.7226191672721989 0.37011009012268825 0.5838150908294588
vn -0.7048333883776671 0.17970810831845369 0.6862323880673804
vn -0.7226191672721989 0.37011009012268825 0.5838150908294588
vn -0.7290023068128947 0.5996022305757273 0.33020115346571755
vn -0.7183230501544454 0.35331103118375123 -0.5993190392943382
vn -0.7115721126514861 0.3730850528228469 -0.595376075986325
vn -0.6740589340124474 0.46707199397718396 -0.5722659398567946
vn -0.7183230501544454 0.35331103118375123 0.5993190392943382
vn -0.6740589340124474 0.46707199397718396 0.5722659398567946
vn -0.7115721126514861 0.3730850528228469 0.595376075986325
vn -0.6804741119771522 -0.7327721221013433 -8.333404727483026e-17
vn -0.6804741119771522 -0.7327721221013433 -8.333404727483026e-17
vn -0.6606169562997734 -0.6390159342905763 -0.39400999070069903
vn -0.6804741119771522 -0.7327721221013433 -8.333404727483026e-17
vn -0.6606169562997734 -0.6390159342905763 -0.39400999070069903
vn -0.6678190920953933 -0.6644180510168493 -0.3355090367126585
vn -0.6678190920953933 -0.6644180510168493 0.3355090367126585
vn -0.6606169562997734 -0.6390159342905763 0.39400999070069903
vn -0.6804741119771522 -0.7327721221013433 -8.333404727483026e-17
vn -0.6606169562997734 -0.6390159342905763 0.39400999070069903
vn -0.6804741119771522 -0.7327721221013433 -8.333404727483026e-17
vn -0.6804741119771522 -0.7327721221013433 -8.333404727483026e-17
vn 0.3062980450993287 0.9451931646973771 0.11309902288563992
vn 0.48388619946591116 0.8323763391421173 -0.2701921094384578
vn 0.5035020137692949 0.8065030018318866 -0.30990100058957637
vn 0.48388619946591116 0.8323763391421173 -0.2701921094384578
vn 0.3062980450993287 0.9451931646973771 0.11309902288563992
vn 0.3247909024480322 0.9394725777007841 0.10909695428946195
vn 0.5035020137692949 0.8065030018318866 -0.30990100058957637
vn 0.48388619946591116 0.8323763391421173 -0.2701921094384578
vn 0.5651153852560944 0.5223144228576712 -0.6386174481030985
vn 0.5651153852560944 0.5223144228576712 -0.6386174481030985
vn 0.48388619946591116 0.8323763391421173 -0.2701921094384578
vn 0.5680050599297364 0.5177050600510071 -0.639806003951041
vn 0.5680050599297364 0.5177050600510071 -0.639806003951041
vn 0.47508494691017505 0.6461799556486311 -0.5972819753996343
vn 0.5651153852560944 0.5223144228576712 -0.6386174481030985
vn 0.3100100836269216 0.9444292433166378 -0.10930303023243337
vn 0.5120978898984088 0.8009958781187502 0.31009894291720735
vn 0.3250859743523663 0.9391599487420726 -0.11089499518986444
vn 0.5120978898984088 0.8009958781187502 0.31009894291720735
vn 0.3100100836269216 0.9444292433166378 -0.10930303023243337
vn 0.5230891781028624 0.7850843186707372 0.33169311769914056
vn 0.5120978898984088 0.8009958781187502 0.31009894291720735
vn 0.5230891781028624 0.7850843186707372 0.33169311769914056
vn 0.5629100995616969 0.5153090537257872 0.6462111102106448
vn 0.5629100995616969 0.5153090537257872 0.6462111102106448
vn 0.5663061238226353 0.5098061052192945 0.6476072183060622
vn 0.5120978898984088 0.8009958781187502 0.31009894291720735
vn 0.8363168019040771 -0.13870297006554896 0.5304108718229029
vn 0.9096678465133705 -0.3927859054845105 0.1349949683226764
vn 0.9097951044299105 -0.39279806569564996 0.13409902140256053
vn 0.9096678465133705 -0.3927859054845105 0.1349949683226764
vn 0.8363168019040771 -0.13870297006554896 0.5304108718229029
vn 0.8364122965689331 -0.13890203600563028 0.5302081615193922
vn 0.504710918528835 0.4273089815813864 0.7501159396904309
vn 0.8364122965689331 -0.13890203600563028 0.5302081615193922
vn 0.8363168019040771 -0.13870297006554896 0.5304108718229029
vn 0.504710918528835 0.4273089815813864 0.7501159396904309
vn 0.8363168019040771 -0.13870297006554896 0.5304108718229029
vn 0.5103170929639012 0.41681403394625 0.7522250499247731
vn -0.7098370770090813 0.3415180434906972 -0.6160330754703759
vn -0.7047899475122771 0.355194961592688 -0.614090929052702
vn -0.6757867367466477 0.42549187141362094 -0.6018878249294063
vn -0.7098370770090813 0.3415180434906972 0.6160330754703759
vn -0.6757867367466477 0.42549187141362094 0.6018878249294063
vn -0.7047899475122771 0.355194961592688 0.614090929052702
vn 0.909277305902914 -0.3958901105938552 -0.12839704554203643
vn 0.8377207502723981 -0.12830297626086404 -0.5308128585910996
vn 0.9094512937179086 -0.39587911434652623 -0.12719304689735386
vn 0.8377207502723981 -0.12830297626086404 -0.5308128585910996
vn 0.909277305902914 -0.3958901105938552 -0.12839704554203643
vn 0.8393337141072001 -0.13170495645826702 -0.527420819467092
vn 0.8377207502723981 -0.12830297626086404 -0.5308128585910996
vn 0.8393337141072001 -0.13170495645826702 -0.527420819467092
vn 0.5036177675065079 0.4222148094226053 -0.7537266075680186
vn 0.511516857055094 0.40671288011961143 -0.7569247902488655
vn 0.8377207502723981 -0.12830297626086404 -0.5308128585910996
vn 0.5036177675065079 0.4222148094226053 -0.7537266075680186
vn -0.730456354353347 0.6829593797473006 -8.945510349697138e-17
vn -0.7242322010896621 0.6624291578356293 0.19150804096434773
vn -0.730456354353347 0.6829593797473006 -8.945510349697138e-17
vn -0.7242322010896621 0.6624291578356293 0.19150804096434773
vn -0.730456354353347 0.6829593797473006 -8.945510349697138e-17
vn -0.7232710272896467 0.6575740115968359 0.21089201112375802
vn -0.730456354353347 0.6829593797473006 -8.945510349697138e-17
vn -0.7242322010896621 0.6624291578356293 -0.19150804096434773
vn -0.7232710272896467 0.6575740115968359 -0.21089201112375802
vn -0.7242322010896621 0.6624291578356293 -0.19150804096434773
vn -0.730456354353347 0.6829593797473006 -8.945510349697138e-17
vn -0.730456354353347 0.6829593797473006 -8.945510349697138e-17
vn 0.7645990384122294 0.3804999953447217 0.5202000230697429
vn 0.972730270976698 0.20020605459229465 0.11710403763400708
vn 0.9728718312571669 0.20039395807897864 0.1155969788176464
vn 0.972730270976698 0.20020605459229465 0.11710403763400708
vn 0.7645990384122294 0.3804999953447217 0.5202000230697429
vn 0.7642158166283037 0.3807079144366462 0.5206108618732749
vn 0.7642158166283037 0.3807079144366462 0.5206108618732749
vn 0.7645990384122294 0.3804999953447217 0.5202000230697429
vn 0.18370911302982562 0.6351324258986744 0.7502384709956292
vn 0.7645990384122294 0.3804999953447217 0.5202000230697429
vn 0.2043019679706021 0.6238048665155876 0.7544058552230418
vn 0.18370911302982562 0.6351324258986744 0.7502384709956292
vn 0.9722320361247306 0.20030701003470486 -0.12100400680852356
vn 0.7645990384122294 0.3804999953447217 -0.5202000230697429
vn 0.9723679178937525 0.20049297305682334 -0.11959598657900052
vn 0.7645990384122294 0.3804999953447217 -0.5202000230697429
vn 0.9722320361247306 0.20030701003470486 -0.12100400680852356
vn 0.7642158166283037 0.3807079144366462 -0.5206108618732749
vn 0.20329889719691302 0.6267957111241705 -0.7521945858053382
vn 0.7645990384122294 0.3804999953447217 -0.5202000230697429
vn 0.7642158166283037 0.3807079144366462 -0.5206108618732749
vn 0.20329889719691302 0.6267957111241705 -0.7521945858053382
vn 0.23039302188493774 0.6109819997302289 -0.7573770867093731
vn 0.7645990384122294 0.3804999953447217 -0.5202000230697429
vn 0.9096678465133705 -0.3927859054845105 0.1349949683226764
vn 0.9193659843556544 -0.3933849854910943 -0.003799999990803578
vn 0.9097951044299105 -0.39279806569564996 0.13409902140256053
vn 0.9097951044299105 -0.39279806569564996 0.13409902140256053
vn 0.9193659843556544 -0.3933849854910943 -0.003799999990803578
vn 0.9193659843556544 -0.3933849854910943 -0.003799999990803578
vn 0.9193659843556544 -0.3933849854910943 -0.003799999990803578
vn 0.9094512937179086 -0.39587911434652623 -0.12719304689735386
vn 0.9193659843556544 -0.3933849854910943 -0.003799999990803578
vn 0.9094512937179086 -0.39587911434652623 -0.12719304689735386
vn 0.9193659843556544 -0.3933849854910943 -0.003799999990803578
vn 0.909277305902914 -0.3958901105938552 -0.12839704554203643
vn -0.744799272312849 0.49999917626810303 -0.4418991600959079
vn -0.7455968272409496 0.490597874692358 -0.4509978897462503
vn -0.7232710272896467 0.6575740115968359 -0.21089201112375802
vn -0.7232710272896467 0.6575740115968359 -0.21089201112375802
vn -0.7242322010896621 0.6624291578356293 -0.19150804096434773
vn -0.744799272312849 0.49999917626810303 -0.4418991600959079
vn -0.744799272312849 0.49999917626810303 -0.4418991600959079
vn -0.7183230501544454 0.35331103118375123 -0.5993190392943382
vn -0.7455968272409496 0.490597874692358 -0.4509978897462503
vn -0.7183230501544454 0.35331103118375123 -0.5993190392943382
vn -0.744799272312849 0.49999917626810303 -0.4418991600959079
vn -0.7115721126514861 0.3730850528228469 -0.595376075986325
vn -0.7242322010896621 0.6624291578356293 0.19150804096434773
vn -0.7232710272896467 0.6575740115968359 0.21089201112375802
vn -0.744799272312849 0.49999917626810303 0.4418991600959079
vn -0.744799272312849 0.49999917626810303 0.4418991600959079
vn -0.7232710272896467 0.6575740115968359 0.21089201112375802
vn -0.7455968272409496 0.490597874692358 0.4509978897462503
vn -0.7183230501544454 0.35331103118375123 0.5993190392943382
vn -0.744799272312849 0.49999917626810303 0.4418991600959079
vn -0.7455968272409496 0.490597874692358 0.4509978897462503
vn -0.744799272312849 0.49999917626810303 0.4418991600959079
vn -0.7183230501544454 0.35331103118375123 0.5993190392943382
vn -0.7115721126514861 0.3730850528228469 0.595376075986325
vn -0.7292971117192135 0.6841971374085197 -8.931314044374409e-17
vn -0.7207820660950817 0.6617830621061109 -0.20619503365785688
vn -0.719268678821652 0.6551717512498699 -0.23108990464824283
vn -0.7207820660950817 0.6617830621061109 -0.20619503365785688
vn -0.7292971117192135 0.6841971374085197 -8.931314044374409e-17
vn -0.7292971117192135 0.6841971374085197 -8.931314044374409e-17
vn -0.7292971117192135 0.6841971374085197 -8.931314044374409e-17
vn -0.7207820660950817 0.6617830621061109 0.20619503365785688
vn -0.7292971117192135 0.6841971374085197 -8.931314044374409e-17
vn -0.7207820660950817 0.6617830621061109 0.20619503365785688
vn -0.7292971117192135 0.6841971374085197 -8.931314044374409e-17
vn -0.719268678821652 0.6551717512498699 0.23108990464824283
vn -0.719268678821652 0.6551717512498699 -0.23108990464824283
vn -0.7207820660950817 0.6617830621061109 -0.20619503365785688
vn -0.7358020493659159 0.5022010768828349 -0.4543010263323638
vn -0.719268678821652 0.6551717512498699 -0.23108990464824283
vn -0.7358020493659159 0.5022010768828349 -0.4543010263323638
vn -0.7369850875194248 0.4847900272236058 -0.4709900320373259
vn -0.7358020493659159 0.5022010768828349 -0.4543010263323638
vn -0.7098370770090813 0.3415180434906972 -0.6160330754703759
vn -0.7369850875194248 0.4847900272236058 -0.4709900320373259
vn -0.7098370770090813 0.3415180434906972 -0.6160330754703759
vn -0.7358020493659159 0.5022010768828349 -0.4543010263323638
vn -0.7047899475122771 0.355194961592688 -0.614090929052702
vn -0.7207820660950817 0.6617830621061109 0.20619503365785688
vn -0.719268678821652 0.6551717512498699 0.23108990464824283
vn -0.7358020493659159 0.5022010768828349 0.4543010263323638
vn -0.7358020493659159 0.5022010768828349 0.4543010263323638
vn -0.719268678821652 0.6551717512498699 0.23108990464824283
vn -0.7369850875194248 0.4847900272236058 0.4709900320373259
vn -0.7098370770090813 0.3415180434906972 0.6160330754703759
vn -0.7358020493659159 0.5022010768828349 0.4543010263323638
vn -0.7369850875194248 0.4847900272236058 0.4709900320373259
vn -0.7358020493659159 0.5022010768828349 0.4543010263323638
vn -0.7098370770090813 0.3415180434906972 0.6160330754703759
vn -0.7047899475122771 0.355194961592688 0.614090929052702
vn 0.972730270976698 0.20020605459229465 0.11710403763400708
vn 0.9777807035826617 0.20959593438242605 -0.003799998914894883
vn 0.9728718312571669 0.20039395807897864 0.1155969788176464
vn 0.9728718312571669 0.20039395807897864 0.1155969788176464
vn 0.9777807035826617 0.20959593438242605 -0.003799998914894883
vn 0.9777810706922171 0.20959601092071534 -0.0037000002844067566
vn 0.9777807035826617 0.20959593438242605 -0.003799998914894883
vn 0.9723679178937525 0.20049297305682334 -0.11959598657900052
vn 0.9777810706922171 0.20959601092071534 -0.0037000002844067566
vn 0.9723679178937525 0.20049297305682334 -0.11959598657900052
vn 0.9777807035826617 0.20959593438242605 -0.003799998914894883
vn 0.9722320361247306 0.20030701003470486 -0.12100400680852356
f 865/865/865 866/866/866 867/867/867
f 868/868/868 869/869/869 870/870/870
f 871/871/871 872/872/872 873/873/873
f 874/874/874 875/875/875 876/876/876
f 877/877/877 878/878/878 879/879/879
f 880/880/880 881/881/881 882/882/882
f 883/883/883 884/884/884 885/885/885
f 886/886/886 887/887/887 888/888/888
f 889/889/889 890/890/890 891/891/891
f 892/892/892 893/893/893 894/894/894
f 895/895/895 896/896/896 897/897/897
f 898/898/898 899/899/899 900/900/900
f 901/901/901 902/902/902 903/903/903
f 904/904/904 905/905/905 906/906/906
f 907/907/907 908/908/908 909/909/909
f 910/910/910 911/911/911 912/912/912
f 913/913/913 914/914/914 915/915/915
f 916/916/916 917/917/917 918/918/918
f 919/919/919 920/920/920 921/921/921
f 922/922/922 923/923/923 924/924/924
f 925/925/925 926/926/926 927/927/927
f 928/928/928 929/929/929 930/930/930
f 931/931/931 932/932/932 933/933/933
f 934/934/934 935/935/935 936/936/936
f 937/937/937 938/938/938 939/939/939
f 940/940/940 941/941/941 942/942/942
f 943/943/943 944/944/944 945/945/945
f 946/946/946 947/947/947 948/948/948
f 949/949/949 950/950/950 951/951/951
f 952/952/952 953/953/953 954/954/954
f 955/955/955 956/956/956 957/957/957
f 958/958/958 959/959/959 960/960/960
f 961/961/961 962/962/962 963/963/963
f 964/964/964 965/965/965 966/966/966
f 967/967/967 968/968/968 969/969/969
f 970/970/970 971/971/971 972/972/972
f 973/973/973 974/974/974 975/975/975
f 976/976/976 977/977/977 978/978/978
f 979/979/979 980/980/980 981/981/981
f 982/982/982 983/983/983 984/984/984
f 985/985/985 986/986/986 987/987/987
f 988/988/988 989/989/989 990/990/990
f 991/991/991 992/992/992 993/993/993
f 994/994/994 995/995/995 996/996/996
f 997/997/997 998/998/998 999/999/999
f 1000/1000/1000 1001/1001/1001 1002/1002/1002
f 1003/1003/1003 1004/1004/1004 1005/1005/1005
f 1006/1006/1006 1007/1007/1007 1008/1008/1008
f 1009/1009/1009 1010/1010/1010 1011/1011/1011
f 1012/1012/1012 1013/1013/1013 1014/1014/1014
f 1015/1015/1015 1016/1016/1016 1017/1017/1017
f 1018/1018/1018 1019/1019/1019 1020/1020/1020
f 1021/1021/1021 1022/1022/1022 1023/1023/1023
f 1024/1024/1024 1025/1025/1025 1026/1026/1026
f 1027/1027/1027 1028/1028/1028 1029/1029/1029
f 1030/1030/1030 1031/1031/1031 1032/1032/1032
f 1033/1033/1033 1034/1034/1034 1035/1035/1035
f 1036/1036/1036 1037/1037/1037 1038/1038/1038
f 1039/1039/1039 1040/1040/1040 1041/1041/1041
f 1042/1042/1042 1043/1043/1043 1044/1044/1044
f 1045/1045/1045 1046/1046/1046 1047/1047/1047
f 1048/1048/1048 1049/1049/1049 1050/1050/1050
f 1051/1051/1051 1052/1052/1052 1053/1053/1053
f 1054/1054/1054 1055/1055/1055 1056/1056/1056
f 1057/1057/1057 1058/1058/1058 1059/1059/1059
f 1060/1060/1060 1061/1061/1061 1062/1062/1062
f 1063/1063/1063 1064/1064/1064 1065/1065/1065
f 1066/1066/1066 1067/1067/1067 1068/1068/1068
f 1069/1069/1069 1070/1070/1070 1071/1071/1071
f 1072/1072/1072 1073/1073/1073 1074/1074/1074
f 1075/1075/1075 1076/1076/1076 1077/1077/1077
f 1078/1078/1078 1079/1079/1079 1080/1080/1080
f 1081/1081/1081 1082/1082/1082 1083/1083/1083
f 1084/1084/1084 1085/1085/1085 1086/1086/1086
f 1087/1087/1087 1088/1088/1088 1089/1089/1089
f 1090/1090/1090 1091/1091/1091 1092/1092/1092
f 1093/1093/1093 1094/1094/1094 1095/1095/1095
f 1096/1096/1096 1097/1097/1097 1098/1098/1098
f 1099/1099/1099 1100/1100/1100 1101/1101/1101
f 1102/1102/1102 1103/1103/1103 1104/1104/1104
f 1105/1105/1105 1106/1106/1106 1107/1107/1107
f 1108/1108/1108 1109/1109/1109 1110/1110/1110
f 1111/1111/1111 1112/1112/1112 1113/1113/1113
f 1114/1114/1114 1115/1115/1115 1116/1116/1116
f 1117/1117/1117 1118/1118/1118 1119/1119/1119
f 1120/1120/1120 1121/1121/1121 1122/1122/1122
f 1123/1123/1123 1124/1124/1124 1125/1125/1125
f 1126/1126/1126 1127/1127/1127 1128/1128/1128
f 1129/1129/1129 1130/1130/1130 1131/1131/1131
f 1132/1132/1132 1133/1133/1133 1134/1134/1134
f 1135/1135/1135 1136/1136/1136 1137/1137/1137
f 1138/1138/1138 1139/1139/1139 1140/1140/1140
f 1141/1141/1141 1142/1142/1142 1143/1143/1143
f 1144/1144/1144 1145/1145/1145 1146/1146/1146
f 1147/1147/1147 1148/1148/1148 1149/1149/1149
f 1150/1150/1150 1151/1151/1151 1152/1152/1152
f 1153/1153/1153 1154/1154/1154 1155/1155/1155
f 1156/1156/1156 1157/1157/1157 1158/1158/1158
f 1159/1159/1159 1160/1160/1160 1161/1161/1161
f 1162/1162/1162 1163/1163/1163 1164/1164/1164
f 1165/1165/1165 1166/1166/1166 1167/1167/1167
f 1168/1168/1168 1169/1169/1169 1170/1170/1170
f 1171/1171/1171 1172/1172/1172 1173/1173/1173
f 1174/1174/1174 1175/1175/1175 1176/1176/1176
f 1177/1177/1177 1178/1178/1178 1179/1179/1179
f 1180/1180/1180 1181/1181/1181 1182/1182/1182
f 1183/1183/1183 1184/1184/1184 1185/1185/1185
f 1186/1186/1186 1187/1187/1187 1188/1188/1188
f 1189/1189/1189 1190/1190/1190 1191/1191/1191
f 1192/1192/1192 1193/1193/1193 1194/1194/1194
f 1195/1195/1195 1196/1196/1196 1197/1197/1197
f 1198/1198/1198 1199/1199/1199 1200/1200/1200
f 1201/1201/1201 1202/1202/1202 1203/1203/1203
f 1204/1204/1204 1205/1205/1205 1206/1206/1206
f 1207/1207/1207 1208/1208/1208 1209/1209/1209
f 1210/1210/1210 1211/1211/1211 1212/1212/1212
f 1213/1213/1213 1214/1214/1214 1215/1215/1215
f 1216/1216/1216 1217/1217/1217 1218/1218/1218
f 1219/1219/1219 1220/1220/1220 1221/1221/1221
f 1222/1222/1222 1223/1223/1223 1224/1224/1224
f 1225/1225/1225 1226/1226/1226 1227/1227/1227
f 1228/1228/1228 1229/1229/1229 1230/1230/1230
f 1231/1231/1231 1232/1232/1232 1233/1233/1233
f 1234/1234/1234 1235/1235/1235 1236/1236/1236
f 1237/1237/1237 1238/1238/1238 1239/1239/1239
f 1240/1240/1240 1241/1241/1241 1242/1242/1242
f 1243/1243/1243 1244/1244/1244 1245/1245/1245
f 1246/1246/1246 1247/1247/1247 1248/1248/1248
f 1249/1249/1249 1250/1250/1250 1251/1251/1251
f 1252/1252/1252 1253/1253/1253 1254/1254/1254
f 1255/1255/1255 1256/1256/1256 1257/1257/1257
f 1258/1258/1258 1259/1259/1259 1260/1260/1260
f 1261/1261/1261 1262/1262/1262 1263/1263/1263
f 1264/1264/1264 1265/1265/1265 1266/1266/1266
f 1267/1267/1267 1268/1268/1268 1269/1269/1269
f 1270/1270/1270 1271/1271/1271 1272/1272/1272
f 1273/1273/1273 1274/1274/1274 1275/1275/1275
f 1276/1276/1276 1277/1277/1277 1278/1278/1278
f 1279/1279/1279 1280/1280/1280 1281/1281/1281
f 1282/1282/1282 1283/1283/1283 1284/1284/1284
f 1285/1285/1285 1286/1286/1286 1287/1287/1287
f 1288/1288/1288 1289/1289/1289 1290/1290/1290
f 1291/1291/1291 1292/1292/1292 1293/1293/1293
f 1294/1294/1294 1295/1295/1295 1296/1296/1296
f 1297/1297/1297 1298/1298/1298 1299/1299/1299
f 1300/1300/1300 1301/1301/1301 1302/1302/1302
f 1303/1303/1303 1304/1304/1304 1305/1305/1305
f 1306/1306/1306 1307/1307/1307 1308/1308/1308
f 1309/1309/1309 1310/1310/1310 1311/1311/1311
f 1312/1312/1312 1313/1313/1313 1314/1314/1314
f 1315/1315/1315 1316/1316/1316 1317/1317/1317
f 1318/1318/1318 1319/1319/1319 1320/1320/1320
f 1321/1321/1321 1322/1322/1322 1323/1323/1323
f 1324/1324/1324 1325/1325/1325 1326/1326/1326
f 1327/1327/1327 1328/1328/1328 1329/1329/1329
f 1330/1330/1330 1331/1331/1331 1332/1332/1332
f 1333/1333/1333 1334/1334/1334 1335/1335/1335
f 1336/1336/1336 1337/1337/1337 1338/1338/1338
f 1339/1339/1339 1340/1340/1340 1341/1341/1341
f 1342/1342/1342 1343/1343/1343 1344/1344/1344
f 1345/1345/1345 1346/1346/1346 1347/1347/1347
f 1348/1348/1348 1349/1349/1349 1350/1350/1350
f 1351/1351/1351 1352/1352/1352 1353/1353/1353
f 1354/1354/1354 1355/1355/1355 1356/1356/1356
f 1357/1357/1357 1358/1358/1358 1359/1359/1359
f 1360/1360/1360 1361/1361/1361 1362/1362/1362
f 1363/1363/1363 1364/1364/1364 1365/1365/1365
f 1366/1366/1366 1367/1367/1367 1368/1368/1368
f 1369/1369/1369 1370/1370/1370 1371/1371/1371
f 1372/1372/1372 1373/1373/1373 1374/1374/1374
f 1375/1375/1375 1376/1376/1376 1377/1377/1377
f 1378/1378/1378 1379/1379/1379 1380/1380/1380
f 1381/1381/1381 1382/1382/1382 1383/1383/1383
f 1384/1384/1384 1385/1385/1385 1386/1386/1386
f 1387/1387/1387 1388/1388/1388 1389/1389/1389
f 1390/1390/1390 1391/1391/1391 1392/1392/1392
f 1393/1393/1393 1394/1394/1394 1395/1395/1395
f 1396/1396/1396 1397/1397/1397 1398/1398/1398
f 1399/1399/1399 1400/1400/1400 1401/1401/1401
f 1402/1402/1402 1403/1403/1403 1404/1404/1404
f 1405/1405/1405 1406/1406/1406 1407/1407/1407
f 1408/1408/1408 1409/1409/1409 1410/1410/1410
f 1411/1411/1411 1412/1412/1412 1413/1413/1413
f 1414/1414/1414 1415/1415/1415 1416/1416/1416
f 1417/1417/1417 1418/1418/1418 1419/1419/1419
f 1420/1420/1420 1421/1421/1421 1422/1422/1422
f 1423/1423/1423 1424/1424/1424 1425/1425/1425
f 1426/1426/1426 1427/1427/1427 1428/1428/1428
f 1429/1429/1429 1430/1430/1430 1431/1431/1431
f 1432/1432/1432 1433/1433/1433 1434/1434/1434
f 1435/1435/1435 1436/1436/1436 1437/1437/1437
f 1438/1438/1438 1439/1439/1439 1440/1440/1440
f 1441/1441/1441 1442/1442/1442 1443/1443/1443
f 1444/1444/1444 1445/1445/1445 1446/1446/1446
f 1447/1447/1447 1448/1448/1448 1449/1449/1449
f 1450/1450/1450 1451/1451/1451 1452/1452/1452
f 1453/1453/1453 1454/1454/1454 1455/1455/1455
f 1456/1456/1456 1457/1457/1457 1458/1458/1458
f 1459/1459/1459 1460/1460/1460 1461/1461/1461
f 1462/1462/1462 1463/1463/1463 1464/1464/1464
f 1465/1465/1465 1466/1466/1466 1467/1467/1467
f 1468/1468/1468 1469/1469/1469 1470/1470/1470
f 1471/1471/1471 1472/1472/1472 1473/1473/1473
f 1474/1474/1474 1475/1475/1475 1476/1476/1476
f 1477/1477/1477 1478/1478/1478 1479/1479/1479
f 1480/1480/1480 1481/1481/1481 1482/1482/1482
f 1483/1483/1483 1484/1484/1484 1485/1485/1485
f 1486/1486/1486 1487/1487/1487 1488/1488/1488
f 1489/1489/1489 1490/1490/1490 1491/1491/1491
f 1492/1492/1492 1493/1493/1493 1494/1494/1494
f 1495/1495/1495 1496/1496/1496 1497/1497/1497
f 1498/1498/1498 1499/1499/1499 1500/1500/1500
f 1501/1501/1501 1502/1502/1502 1503/1503/1503
f 1504/1504/1504 1505/1505/1505 1506/1506/1506
f 1507/1507/1507 1508/1508/1508 1509/1509/1509
f 1510/1510/1510 1511/1511/1511 1512/1512/1512
f 1513/1513/1513 1514/1514/1514 1515/1515/1515
f 1516/1516/1516 1517/1517/1517 1518/1518/1518
f 1519/1519/1519 1520/1520/1520 1521/1521/1521
f 1522/1522/1522 1523/1523/1523 1524/1524/1524
f 1525/1525/1525 1526/1526/1526 1527/1527/1527
f 1528/1528/1528 1529/1529/1529 1530/1530/1530
f 1531/1531/1531 1532/1532/1532 1533/1533/1533
f 1534/1534/1534 1535/1535/1535 1536/1536/1536
f 1537/1537/1537 1538/1538/1538 1539/1539/1539
f 1540/1540/1540 1541/1541/1541 1542/1542/1542
f 1543/1543/1543 1544/1544/1544 1545/1545/1545
f 1546/1546/1546 1547/1547/1547 1548/1548/1548
f 1549/1549/1549 1550/1550/1550 1551/1551/1551
f 1552/1552/1552 1553/1553/1553 1554/1554/1554
f 1555/1555/1555 1556/1556/1556 1557/1557/1557
f 1558/1558/1558 1559/1559/1559 1560/1560/1560
f 1561/1561/1561 1562/1562/1562 1563/1563/1563
f 1564/1564/1564 1565/1565/1565 1566/1566/1566
f 1567/1567/1567 1568/1568/1568 1569/1569/1569
f 1570/1570/1570 1571/1571/1571 1572/1572/1572
f 1573/1573/1573 1574/1574/1574 1575/1575/1575
f 1576/1576/1576 1577/1577/1577 1578/1578/1578
f 1579/1579/1579 1580/1580/1580 1581/1581/1581
f 1582/1582/1582 1583/1583/1583 1584/1584/1584
f 1585/1585/1585 1586/1586/1586 1587/1587/1587
f 1588/1588/1588 1589/1589/1589 1590/1590/1590
f 1591/1591/1591 1592/1592/1592 1593/1593/1593
f 1594/1594/1594 1595/1595/1595 1596/1596/1596
f 1597/1597/1597 1598/1598/1598 1599/1599/1599
f 1600/1600/1600 1601/1601/1601 1602/1602/1602
f 1603/1603/1603 1604/1604/1604 1605/1605/1605
f 1606/1606/1606 1607/1607/1607 1608/1608/1608
f 1609/1609/1609 1610/1610/1610 1611/1611/1611
f 1612/1612/1612 1613/1613/1613 1614/1614/1614
f 1615/1615/1615 1616/1616/1616 1617/1617/1617
f 1618/1618/1618 1619/1619/1619 1620/1620/1620
f 1621/1621/1621 1622/1622/1622 1623/1623/1623
f 1624/1624/1624 1625/1625/1625 1626/1626/1626
f 1627/1627/1627 1628/1628/1628 1629/1629/1629
f 1630/1630/1630 1631/1631/1631 1632/1632/1632
f 1633/1633/1633 1634/1634/1634 1635/1635/1635
f 1636/1636/1636 1637/1637/1637 1638/1638/1638
f 1639/1639/1639 1640/1640/1640 1641/1641/1641
f 1642/1642/1642 1643/1643/1643 1644/1644/1644
f 1645/1645/1645 1646/1646/1646 1647/1647/1647
f 1648/1648/1648 1649/1649/1649 1650/1650/1650
f 1651/1651/1651 1652/1652/1652 1653/1653/1653
f 1654/1654/1654 1655/1655/1655 1656/1656/1656
f 1657/1657/1657 1658/1658/1658 1659/1659/1659
f 1660/1660/1660 1661/1661/1661 1662/1662/1662
f 1663/1663/1663 1664/1664/1664 1665/1665/1665
f 1666/1666/1666 1667/1667/1667 1668/1668/1668
f 1669/1669/1669 1670/1670/1670 1671/1671/1671
f 1672/1672/1672 1673/1673/1673 1674/1674/1674
f 1675/1675/1675 1676/1676/1676 1677/1677/1677
f 1678/1678/1678 1679/1679/1679 1680/1680/1680
f 1681/1681/1681 1682/1682/1682 1683/1683/1683
f 1684/1684/1684 1685/1685/1685 1686/1686/1686
f 1687/1687/1687 1688/1688/1688 1689/1689/1689
f 1690/1690/1690 1691/1691/1691 1692/1692/1692
f 1693/1693/1693 1694/1694/1694 1695/1695/1695
f 1696/1696/1696 1697/1697/1697 1698/1698/1698
f 1699/1699/1699 1700/1700/1700 1701/1701/1701
f 1702/1702/1702 1703/1703/1703 1704/1704/1704
f 1705/1705/1705 1706/1706/1706 1707/1707/1707
f 1708/1708/1708 1709/1709/1709 1710/1710/1710
f 1711/1711/1711 1712/1712/1712 1713/1713/1713
f 1714/1714/1714 1715/1715/1715 1716/1716/1716
f 1717/1717/1717 1718/1718/1718 1719/1719/1719
f 1720/1720/1720 1721/1721/1721 1722/1722/1722
f 1723/1723/1723 1724/1724/1724 1725/1725/1725
f 1726/1726/1726 1727/1727/1727 1728/1728/1728
f 1729/1729/1729 1730/1730/1730 1731/1731/1731
f 1732/1732/1732 1733/1733/1733 1734/1734/1734
f 1735/1735/1735 1736/1736/1736 1737/1737/1737
f 1738/1738/1738 1739/1739/1739 1740/1740/1740
f 1741/1741/1741 1742/1742/1742 1743/1743/1743
f 1744/1744/1744 1745/1745/1745 1746/1746/1746
f 1747/1747/1747 1748/1748/1748 1749/1749/1749
f 1750/1750/1750 1751/1751/1751 1752/1752/1752
f 1753/1753/1753 1754/1754/1754 1755/1755/1755
f 1756/1756/1756 1757/1757/1757 1758/1758/1758
f 1759/1759/1759 1760/1760/1760 1761/1761/1761
f 1762/1762/1762 1763/1763/1763 1764/1764/1764
f 1765/1765/1765 1766/1766/1766 1767/1767/1767
f 1768/1768/1768 1769/1769/1769 1770/1770/1770
f 1771/1771/1771 1772/1772/1772 1773/1773/1773
f 1774/1774/1774 1775/1775/1775 1776/1776/1776
f 1777/1777/1777 1778/1778/1778 1779/1779/1779
f 1780/1780/1780 1781/1781/1781 1782/1782/1782
f 1783/1783/1783 1784/1784/1784 1785/1785/1785
f 1786/1786/1786 1787/1787/1787 1788/1788/1788
f 1789/1789/1789 1790/1790/1790 1791/1791/1791
f 1792/1792/1792 1793/1793/1793 1794/1794/1794
f 1795/1795/1795 1796/1796/1796 1797/1797/1797
f 1798/1798/1798 1799/1799/1799 1800/1800/1800
f 1801/1801/1801 1802/1802/1802 1803/1803/1803
f 1804/1804/1804 1805/1805/1805 1806/1806/1806
f 1807/1807/1807 1808/1808/1808 1809/1809/1809
f 1810/1810/1810 1811/1811/1811 1812/1812/1812
f 1813/1813/1813 1814/1814/1814 1815/1815/1815
f 1816/1816/1816 1817/1817/1817 1818/1818/1818
f 1819/1819/1819 1820/1820/1820 1821/1821/1821
f 1822/1822/1822 1823/1823/1823 1824/1824/1824
f 1825/1825/1825 1826/1826/1826 1827/1827/1827
f 1828/1828/1828 1829/1829/1829 1830/1830/1830
f 1831/1831/1831 1832/1832/1832 1833/1833/1833
f 1834/1834/1834 1835/1835/1835 1836/1836/1836
f 1837/1837/1837 1838/1838/1838 1839/1839/1839
f 1840/1840/1840 1841/1841/1841 1842/1842/1842
f 1843/1843/1843 1844/1844/1844 1845/1845/1845
f 1846/1846/1846 1847/1847/1847 1848/1848/1848
f 1849/1849/1849 1850/1850/1850 1851/1851/1851
f 1852/1852/1852 1853/1853/1853 1854/1854/1854
f 1855/1855/1855 1856/1856/1856 1857/1857/1857
f 1858/1858/1858 1859/1859/1859 1860/1860/1860
f 1861/1861/1861 1862/1862/1862 1863/1863/1863
f 1864/1864/1864 1865/1865/1865 1866/1866/1866
f 1867/1867/1867 1868/1868/1868 1869/1869/1869
f 1870/1870/1870 1871/1871/1871 1872/1872/1872
f 1873/1873/1873 1874/1874/1874 1875/1875/1875
f 1876/1876/1876 1877/1877/1877 1878/1878/1878
f 1879/1879/1879 1880/1880/1880 1881/1881/1881
f 1882/1882/1882 1883/1883/1883 1884/1884/1884
f 1885/1885/1885 1886/1886/1886 1887/1887/1887
f 1888/1888/1888 1889/1889/1889 1890/1890/1890
f 1891/1891/1891 1892/1892/1892 1893/1893/1893
f 1894/1894/1894 1895/1895/1895 1896/1896/1896
f 1897/1897/1897 1898/1898/1898 1899/1899/1899
f 1900/1900/1900 1901/1901/1901 1902/1902/1902
f 1903/1903/1903 1904/1904/1904 1905/1905/1905
f 1906/1906/1906 1907/1907/1907 1908/1908/1908
f 1909/1909/1909 1910/1910/1910 1911/1911/1911
f 1912/1912/1912 1913/1913/1913 1914/1914/1914
f 1915/1915/1915 1916/1916/1916 1917/1917/1917
f 1918/1918/1918 1919/1919/1919 1920/1920/1920
f 1921/1921/1921 1922/1922/1922 1923/1923/1923
f 1924/1924/1924 1925/1925/1925 1926/1926/1926
f 1927/1927/1927 1928/1928/1928 1929/1929/1929
f 1930/1930/1930 1931/1931/1931 1932/1932/1932
f 1933/1933/1933 1934/1934/1934 1935/1935/1935
f 1936/1936/1936 1937/1937/1937 1938/1938/1938
f 1939/1939/1939 1940/1940/1940 1941/1941/1941
f 1942/1942/1942 1943/1943/1943 1944/1944/1944
f 1945/1945/1945 1946/1946/1946 1947/1947/1947
f 1948/1948/1948 1949/1949/1949 1950/1950/1950
f 1951/1951/1951 1952/1952/1952 1953/1953/1953
f 1954/1954/1954 1955/1955/1955 1956/1956/1956
f 1957/1957/1957 1958/1958/1958 1959/1959/1959
f 1960/1960/1960 1961/1961/1961 1962/1962/1962
f 1963/1963/1963 1964/1964/1964 1965/1965/1965
f 1966/1966/1966 1967/1967/1967 1968/1968/1968
f 1969/1969/1969 1970/1970/1970 1971/1971/1971
f 1972/1972/1972 1973/1973/1973 1974/1974/1974
f 1975/1975/1975 1976/1976/1976 1977/1977/1977
f 1978/1978/1978 1979/1979/1979 1980/1980/1980
f 1981/1981/1981 1982/1982/1982 1983/1983/1983
f 1984/1984/1984 1985/1985/1985 1986/1986/1986
f 1987/1987/1987 1988/1988/1988 1989/1989/1989
f 1990/1990/1990 1991/1991/1991 1992/1992/1992
f 1993/1993/1993 1994/1994/1994 1995/1995/1995
f 1996/1996/1996 1997/1997/1997 1998/1998/1998
f 1999/1999/1999 2000/2000/2000 2001/2001/2001
f 2002/2002/2002 2003/2003/2003 2004/2004/2004
f 2005/2005/2005 2006/2006/2006 2007/2007/2007
f 2008/2008/2008 2009/2009/2009 2010/2010/2010
f 2011/2011/2011 2012/2012/2012 2013/2013/2013
f 2014/2014/2014 2015/2015/2015 2016/2016/2016
f 2017/2017/2017 2018/2018/2018 2019/2019/2019
f 2020/2020/2020 2021/2021/2021 2022/2022/2022
f 2023/2023/2023 2024/2024/2024 2025/2025/2025
f 2026/2026/2026 2027/2027/2027 2028/2028/2028
f 2029/2029/2029 2030/2030/2030 2031/2031/2031
f 2032/2032/2032 2033/2033/2033 2034/2034/2034
f 2035/2035/2035 2036/2036/2036 2037/2037/2037
f 2038/2038/2038 2039/2039/2039 2040/2040/2040
f 2041/2041/2041 2042/2042/2042 2043/2043/2043
f 2044/2044/2044 2045/2045/2045 2046/2046/2046
f 2047/2047/2047 2048/2048/2048 2049/2049/2049
f 2050/2050/2050 2051/2051/2051 2052/2052/2052
f 2053/2053/2053 2054/2054/2054 2055/2055/2055
f 2056/2056/2056 2057/2057/2057 2058/2058/2058
f 2059/2059/2059 2060/2060/2060 2061/2061/2061
f 2062/2062/2062 2063/2063/2063 2064/2064/2064
f 2065/2065/2065 2066/2066/2066 2067/2067/2067
f 2068/2068/2068 2069/2069/2069 2070/2070/2070
f 2071/2071/2071 2072/2072/2072 2073/2073/2073
f 2074/2074/2074 2075/2075/2075 2076/2076/2076
f 2077/2077/2077 2078/2078/2078 2079/2079/2079
f 2080/2080/2080 2081/2081/2081 2082/2082/2082
f 2083/2083/2083 2084/2084/2084 2085/2085/2085
f 2086/2086/2086 2087/2087/2087 2088/2088/2088
f 2089/2089/2089 2090/2090/2090 2091/2091/2091
f 2092/2092/2092 2093/2093/2093 2094/2094/2094
f 2095/2095/2095 2096/2096/2096 2097/2097/2097
f 2098/2098/2098 2099/2099/2099 2100/2100/2100
f 2101/2101/2101 2102/2102/2102 2103/2103/2103
f 2104/2104/2104 2105/2105/2105 2106/2106/2106
f 2107/2107/2107 2108/2108/2108 2109/2109/2109
f 2110/2110/2110 2111/2111/2111 2112/2112/2112
f 2113/2113/2113 2114/2114/2114 2115/2115/2115
f 2116/2116/2116 2117/2117/2117 2118/2118/2118
f 2119/2119/2119 2120/2120/2120 2121/2121/2121
f 2122/2122/2122 2123/2123/2123 2124/2124/2124
f 2125/2125/2125 2126/2126/2126 2127/2127/2127
f 2128/2128/2128 2129/2129/2129 2130/2130/2130
f 2131/2131/2131 2132/2132/2132 2133/2133/2133
f 2134/2134/2134 2135/2135/2135 2136/2136/2136
f 2137/2137/2137 2138/2138/2138 2139/2139/2139
f 2140/2140/2140 2141/2141/2141 2142/2142/2142
f 2143/2143/2143 2144/2144/2144 2145/2145/2145
f 2146/2146/2146 2147/2147/2147 2148/2148/2148
f 2149/2149/2149 2150/2150/2150 2151/2151/2151
f 2152/2152/2152 2153/2153/2153 2154/2154/2154
f 2155/2155/2155 2156/2156/2156 2157/2157/2157
f 2158/2158/2158 2159/2159/2159 2160/2160/2160
f 2161/2161/2161 2162/2162/2162 2163/2163/2163
f 2164/2164/2164 2165/2165/2165 2166/2166/2166
f 2167/2167/2167 2168/2168/2168 2169/2169/2169
f 2170/2170/2170 2171/2171/2171 2172/2172/2172
f 2173/2173/2173 2174/2174/2174 2175/2175/2175
f 2176/2176/2176 2177/2177/2177 2178/2178/2178
f 2179/2179/2179 2180/2180/2180 2181/2181/2181
f 2182/2182/2182 2183/2183/2183 2184/2184/2184
f 2185/2185/2185 2186/2186/2186 2187/2187/2187
f 2188/2188/2188 2189/2189/2189 2190/2190/2190
f 2191/2191/2191 2192/2192/2192 2193/2193/2193
f 2194/2194/2194 2195/2195/2195 2196/2196/2196
f 2197/2197/2197 2198/2198/2198 2199/2199/2199
f 2200/2200/2200 2201/2201/2201 2202/2202/2202
f 2203/2203/2203 2204/2204/2204 2205/2205/2205
f 2206/2206/2206 2207/2207/2207 2208/2208/2208
f 2209/2209/2209 2210/2210/2210 2211/2211/2211
f 2212/2212/2212 2213/2213/2213 2214/2214/2214
f 2215/2215/2215 2216/2216/2216 2217/2217/2217
f 2218/2218/2218 2219/2219/2219 2220/2220/2220
f 2221/2221/2221 2222/2222/2222 2223/2223/2223
f 2224/2224/2224 2225/2225/2225 2226/2226/2226
f 2227/2227/2227 2228/2228/2228 2229/2229/2229
f 2230/2230/2230 2231/2231/2231 2232/2232/2232
f 2233/2233/2233 2234/2234/2234 2235/2235/2235
f 2236/2236/2236 2237/2237/2237 2238/2238/2238
f 2239/2239/2239 2240/2240/2240 2241/2241/2241
f 2242/2242/2242 2243/2243/2243 2244/2244/2244
f 2245/2245/2245 2246/2246/2246 2247/2247/2247
f 2248/2248/2248 2249/2249/2249 2250/2250/2250
f 2251/2251/2251 2252/2252/2252 2253/2253/2253
f 2254/2254/2254 2255/2255/2255 2256/2256/2256
f 2257/2257/2257 2258/2258/2258 2259/2259/2259
f 2260/2260/2260 2261/2261/2261 2262/2262/2262
f 2263/2263/2263 2264/2264/2264 2265/2265/2265
f 2266/2266/2266 2267/2267/2267 2268/2268/2268
f 2269/2269/2269 2270/2270/2270 2271/2271/2271
f 2272/2272/2272 2273/2273/2273 2274/2274/2274
f 2275/2275/2275 2276/2276/2276 2277/2277/2277
f 2278/2278/2278 2279/2279/2279 2280/2280/2280
f 2281/2281/2281 2282/2282/2282 2283/2283/2283
f 2284/2284/2284 2285/2285/2285 2286/2286/2286
f 2287/2287/2287 2288/2288/2288 2289/2289/2289
f 2290/2290/2290 2291/2291/2291 2292/2292/2292
f 2293/2293/2293 2294/2294/2294 2295/2295/2295
f 2296/2296/2296 2297/2297/2297 2298/2298/2298
f 2299/2299/2299 2300/2300/2300 2301/2301/2301
f 2302/2302/2302 2303/2303/2303 2304/2304/2304
f 2305/2305/2305 2306/2306/2306 2307/2307/2307
f 2308/2308/2308 2309/2309/2309 2310/2310/2310
f 2311/2311/2311 2312/2312/2312 2313/2313/2313
f 2314/2314/2314 2315/2315/2315 2316/2316/2316
f 2317/2317/2317 2318/2318/2318 2319/2319/2319
f 2320/2320/2320 2321/2321/2321 2322/2322/2322
f 2323/2323/2323 2324/2324/2324 2325/2325/2325
f 2326/2326/2326 2327/2327/2327 2328/2328/2328
f 2329/2329/2329 2330/2330/2330 2331/2331/2331
f 2332/2332/2332 2333/2333/2333 2334/2334/2334
f 2335/2335/2335 2336/2336/2336 2337/2337/2337
f 2338/2338/2338 2339/2339/2339 2340/2340/2340
f 2341/2341/2341 2342/2342/2342 2343/2343/2343
f 2344/2344/2344 2345/2345/2345 2346/2346/2346
f 2347/2347/2347 2348/2348/2348 2349/2349/2349
f 2350/2350/2350 2351/2351/2351 2352/2352/2352
f 2353/2353/2353 2354/2354/2354 2355/2355/2355
f 2356/2356/2356 2357/2357/2357 2358/2358/2358
f 2359/2359/2359 2360/2360/2360 2361/2361/2361
f 2362/2362/2362 2363/2363/2363 2364/2364/2364
f 2365/2365/2365 2366/2366/2366 2367/2367/2367
f 2368/2368/2368 2369/2369/2369 2370/2370/2370
f 2371/2371/2371 2372/2372/2372 2373/2373/2373
f 2374/2374/2374 2375/2375/2375 2376/2376/2376
f 2377/2377/2377 2378/2378/2378 2379/2379/2379
f 2380/2380/2380 2381/2381/2381 2382/2382/2382
f 2383/2383/2383 2384/2384/2384 2385/2385/2385
f 2386/2386/2386 2387/2387/2387 2388/2388/2388
f 2389/2389/2389 2390/2390/2390 2391/2391/2391
f 2392/2392/2392 2393/2393/2393 2394/2394/2394
f 2395/2395/2395 2396/2396/2396 2397/2397/2397
f 2398/2398/2398 2399/2399/2399 2400/2400/2400
f 2401/2401/2401 2402/2402/2402 2403/2403/2403
f 2404/2404/2404 2405/2405/2405 2406/2406/2406
f 2407/2407/2407 2408/2408/2408 2409/2409/2409
f 2410/2410/2410 2411/2411/2411 2412/2412/2412
f 2413/2413/2413 2414/2414/2414 2415/2415/2415
f 2416/2416/2416 2417/2417/2417 2418/2418/2418
f 2419/2419/2419 2420/2420/2420 2421/2421/2421
f 2422/2422/2422 2423/2423/2423 2424/2424/2424
f 2425/2425/2425 2426/2426/2426 2427/2427/2427
f 2428/2428/2428 2429/2429/2429 2430/2430/2430
f 2431/2431/2431 2432/2432/2432 2433/2433/2433
f 2434/2434/2434 2435/2435/2435 2436/2436/2436
f 2437/2437/2437 2438/2438/2438 2439/2439/2439
f 2440/2440/2440 2441/2441/2441 2442/2442/2442
f 2443/2443/2443 2444/2444/2444 2445/2445/2445
f 2446/2446/2446 2447/2447/2447 2448/2448/2448
f 2449/2449/2449 2450/2450/2450 2451/2451/2451
f 2452/2452/2452 2453/2453/2453 2454/2454/2454
f 2455/2455/2455 2456/2456/2456 2457/2457/2457
f 2458/2458/2458 2459/2459/2459 2460/2460/2460
f 2461/2461/2461 2462/2462/2462 2463/2463/2463
f 2464/2464/2464 2465/2465/2465 2466/2466/2466
f 2467/2467/2467 2468/2468/2468 2469/2469/2469
f 2470/2470/2470 2471/2471/2471 2472/2472/2472
f 2473/2473/2473 2474/2474/2474 2475/2475/2475
f 2476/2476/2476 2477/2477/2477 2478/2478/2478
f 2479/2479/2479 2480/2480/2480 2481/2481/2481
f 2482/2482/2482 2483/2483/2483 2484/2484/2484
f 2485/2485/2485 2486/2486/2486 2487/2487/2487
f 2488/2488/2488 2489/2489/2489 2490/2490/2490
f 2491/2491/2491 2492/2492/2492 2493/2493/2493
f 2494/2494/2494 2495/2495/2495 2496/2496/2496
f 2497/2497/2497 2498/2498/2498 2499/2499/2499
f 2500/2500/2500 2501/2501/2501 2502/2502/2502
f 2503/2503/2503 2504/2504/2504 2505/2505/2505
f 2506/2506/2506 2507/2507/2507 2508/2508/2508
f 2509/2509/2509 2510/2510/2510 2511/2511/2511
f 2512/2512/2512 2513/2513/2513 2514/2514/2514
f 2515/2515/2515 2516/2516/2516 2517/2517/2517
f 2518/2518/2518 2519/2519/2519 2520/2520/2520
f 2521/2521/2521 2522/2522/2522 2523/2523/2523
f 2524/2524/2524 2525/2525/2525 2526/2526/2526
f 2527/2527/2527 2528/2528/2528 2529/2529/2529
f 2530/2530/2530 2531/2531/2531 2532/2532/2532
f 2533/2533/2533 2534/2534/2534 2535/2535/2535
f 2536/2536/2536 2537/2537/2537 2538/2538/2538
f 2539/2539/2539 2540/2540/2540 2541/2541/2541
f 2542/2542/2542 2543/2543/2543 2544/2544/2544
f 2545/2545/2545 2546/2546/2546 2547/2547/2547
f 2548/2548/2548 2549/2549/2549 2550/2550/2550
f 2551/2551/2551 2552/2552/2552 2553/2553/2553
f 2554/2554/2554 2555/2555/2555 2556/2556/2556
f 2557/2557/2557 2558/2558/2558 2559/2559/2559
f 2560/2560/2560 2561/2561/2561 2562/2562/2562
f 2563/2563/2563 2564/2564/2564 2565/2565/2565
f 2566/2566/2566 2567/2567/2567 2568/2568/2568
f 2569/2569/2569 2570/2570/2570 2571/2571/2571
f 2572/2572/2572 2573/2573/2573 2574/2574/2574
f 2575/2575/2575 2576/2576/2576 2577/2577/2577
f 2578/2578/2578 2579/2579/2579 2580/2580/2580
f 2581/2581/2581 2582/2582/2582 2583/2583/2583
f 2584/2584/2584 2585/2585/2585 2586/2586/2586
f 2587/2587/2587 2588/2588/2588 2589/2589/2589
f 2590/2590/2590 2591/2591/2591 2592/2592/2592
f 2593/2593/2593 2594/2594/2594 2595/2595/2595
f 2596/2596/2596 2597/2597/2597 2598/2598/2598
f 2599/2599/2599 2600/2600/2600 2601/2601/2601
f 2602/2602/2602 2603/2603/2603 2604/2604/2604
f 2605/2605/2605 2606/2606/2606 2607/2607/2607
f 2608/2608/2608 2609/2609/2609 2610/2610/2610
f 2611/2611/2611 2612/2612/2612 2613/2613/2613
f 2614/2614/2614 2615/2615/2615 2616/2616/2616
f 2617/2617/2617 2618/2618/2618 2619/2619/2619
f 2620/2620/2620 2621/2621/2621 2622/2622/2622
f 2623/2623/2623 2624/2624/2624 2625/2625/2625
f 2626/2626/2626 2627/2627/2627 2628/2628/2628
f 2629/2629/2629 2630/2630/2630 2631/2631/2631
f 2632/2632/2632 2633/2633/2633 2634/2634/2634
f 2635/2635/2635 2636/2636/2636 2637/2637/2637
f 2638/2638/2638 2639/2639/2639 2640/2640/2640
f 2641/2641/2641 2642/2642/2642 2643/2643/2643
f 2644/2644/2644 2645/2645/2645 2646/2646/2646
f 2647/2647/2647 2648/2648/2648 2649/2649/2649
f 2650/2650/2650 2651/2651/2651 2652/2652/2652
f 2653/2653/2653 2654/2654/2654 2655/2655/2655
f 2656/2656/2656 2657/2657/2657 2658/2658/2658
f 2659/2659/2659 2660/2660/2660 2661/2661/2661
f 2662/2662/2662 2663/2663/2663 2664/2664/2664
f 2665/2665/2665 2666/2666/2666 2667/2667/2667
f 2668/2668/2668 2669/2669/2669 2670/2670/2670
f 2671/2671/2671 2672/2672/2672 2673/2673/2673
f 2674/2674/2674 2675/2675/2675 2676/2676/2676
f 2677/2677/2677 2678/2678/2678 2679/2679/2679
f 2680/2680/2680 2681/2681/2681 2682/2682/2682
f 2683/2683/2683 2684/2684/2684 2685/2685/2685
f 2686/2686/2686 2687/2687/2687 2688/2688/2688
f 2689/2689/2689 2690/2690/2690 2691/2691/2691
f 2692/2692/2692 2693/2693/2693 2694/2694/2694
f 2695/2695/2695 2696/2696/2696 2697/2697/2697
f 2698/2698/2698 2699/2699/2699 2700/2700/2700
f 2701/2701/2701 2702/2702/2702 2703/2703/2703
f 2704/2704/2704 2705/2705/2705 2706/2706/2706
f 2707/2707/2707 2708/2708/2708 2709/2709/2709
f 2710/2710/2710 2711/2711/2711 2712/2712/2712
f 2713/2713/2713 2714/2714/2714 2715/2715/2715
f 2716/2716/2716 2717/2717/2717 2718/2718/2718
f 2719/2719/2719 2720/2720/2720 2721/2721/2721
f 2722/2722/2722 2723/2723/2723 2724/2724/2724
f 2725/2725/2725 2726/2726/2726 2727/2727/2727
f 2728/2728/2728 2729/2729/2729 2730/2730/2730
f 2731/2731/2731 2732/2732/2732 2733/2733/2733
f 2734/2734/2734 2735/2735/2735 2736/2736/2736
f 2737/2737/2737 2738/2738/2738 2739/2739/2739
f 2740/2740/2740 2741/2741/2741 2742/2742/2742
f 2743/2743/2743 2744/2744/2744 2745/2745/2745
f 2746/2746/2746 2747/2747/2747 2748/2748/2748
f 2749/2749/2749 2750/2750/2750 2751/2751/2751
f 2752/2752/2752 2753/2753/2753 2754/2754/2754
f 2755/2755/2755 2756/2756/2756 2757/2757/2757
f 2758/2758/2758 2759/2759/2759 2760/2760/2760
f 2761/2761/2761 2762/2762/2762 2763/2763/2763
f 2764/2764/2764 2765/2765/2765 2766/2766/2766
f 2767/2767/2767 2768/2768/2768 2769/2769/2769
f 2770/2770/2770 2771/2771/2771 2772/2772/2772
f 2773/2773/2773 2774/2774/2774 2775/2775/2775
f 2776/2776/2776 2777/2777/2777 2778/2778/2778
f 2779/2779/2779 2780/2780/2780 2781/2781/2781
f 2782/2782/2782 2783/2783/2783 2784/2784/2784
f 2785/2785/2785 2786/2786/2786 2787/2787/2787
f 2788/2788/2788 2789/2789/2789 2790/2790/2790
f 2791/2791/2791 2792/2792/2792 2793/2793/2793
f 2794/2794/2794 2795/2795/2795 2796/2796/2796
f 2797/2797/2797 2798/2798/2798 2799/2799/2799
f 2800/2800/2800 2801/2801/2801 2802/2802/2802
f 2803/2803/2803 2804/2804/2804 2805/2805/2805
f 2806/2806/2806 2807/2807/2807 2808/2808/2808
f 2809/2809/2809 2810/2810/2810 2811/2811/2811
f 2812/2812/2812 2813/2813/2813 2814/2814/2814
f 2815/2815/2815 2816/2816/2816 2817/2817/2817
f 2818/2818/2818 2819/2819/2819 2820/2820/2820
f 2821/2821/2821 2822/2822/2822 2823/2823/2823
f 2824/2824/2824 2825/2825/2825 2826/2826/2826
f 2827/2827/2827 2828/2828/2828 2829/2829/2829
f 2830/2830/2830 2831/2831/2831 2832/2832/2832
f 2833/2833/2833 2834/2834/2834 2835/2835/2835
f 2836/2836/2836 2837/2837/2837 2838/2838/2838
f 2839/2839/2839 2840/2840/2840 2841/2841/2841
f 2842/2842/2842 2843/2843/2843 2844/2844/2844
f 2845/2845/2845 2846/2846/2846 2847/2847/2847
f 2848/2848/2848 2849/2849/2849 2850/2850/2850
f 2851/2851/2851 2852/2852/2852 2853/2853/2853
f 2854/2854/2854 2855/2855/2855 2856/2856/2856
f 2857/2857/2857 2858/2858/2858 2859/2859/2859
f 2860/2860/2860 2861/2861/2861 2862/2862/2862
f 2863/2863/2863 2864/2864/2864 2865/2865/2865
f 2866/2866/2866 2867/2867/2867 2868/2868/2868
f 2869/2869/2869 2870/2870/2870 2871/2871/2871
f 2872/2872/2872 2873/2873/2873 2874/2874/2874
f 2875/2875/2875 2876/2876/2876 2877/2877/2877
f 2878/2878/2878 2879/2879/2879 2880/2880/2880
f 2881/2881/2881 2882/2882/2882 2883/2883/2883
f 2884/2884/2884 2885/2885/2885 2886/2886/2886
f 2887/2887/2887 2888/2888/2888 2889/2889/2889
f 2890/2890/2890 2891/2891/2891 2892/2892/2892
f 2893/2893/2893 2894/2894/2894 2895/2895/2895
f 2896/2896/2896 2897/2897/2897 2898/2898/2898
f 2899/2899/2899 2900/2900/2900 2901/2901/2901
f 2902/2902/2902 2903/2903/2903 2904/2904/2904
f 2905/2905/2905 2906/2906/2906 2907/2907/2907
f 2908/2908/2908 2909/2909/2909 2910/2910/2910
f 2911/2911/2911 2912/2912/2912 2913/2913/2913
f 2914/2914/2914 2915/2915/2915 2916/2916/2916
f 2917/2917/2917 2918/2918/2918 2919/2919/2919
f 2920/2920/2920 2921/2921/2921 2922/2922/2922
f 2923/2923/2923 2924/2924/2924 2925/2925/2925
f 2926/2926/2926 2927/2927/2927 2928/2928/2928
f 2929/2929/2929 2930/2930/2930 2931/2931/2931
f 2932/2932/2932 2933/2933/2933 2934/2934/2934
f 2935/2935/2935 2936/2936/2936 2937/2937/2937
f 2938/2938/2938 2939/2939/2939 2940/2940/2940
f 2941/2941/2941 2942/2942/2942 2943/2943/2943
f 2944/2944/2944 2945/2945/2945 2946/2946/2946
f 2947/2947/2947 2948/2948/2948 2949/2949/2949
f 2950/2950/2950 2951/2951/2951 2952/2952/2952
f 2953/2953/2953 2954/2954/2954 2955/2955/2955
f 2956/2956/2956 2957/2957/2957 2958/2958/2958
f 2959/2959/2959 2960/2960/2960 2961/2961/2961
f 2962/2962/2962 2963/2963/2963 2964/2964/2964
f 2965/2965/2965 2966/2966/2966 2967/2967/2967
f 2968/2968/2968 2969/2969/2969 2970/2970/2970
f 2971/2971/2971 2972/2972/2972 2973/2973/2973
f 2974/2974/2974 2975/2975/2975 2976/2976/2976
f 2977/2977/2977 2978/2978/2978 2979/2979/2979
f 2980/2980/2980 2981/2981/2981 2982/2982/2982
f 2983/2983/2983 2984/2984/2984 2985/2985/2985
f 2986/2986/2986 2987/2987/2987 2988/2988/2988
f 2989/2989/2989 2990/2990/2990 2991/2991/2991
f 2992/2992/2992 2993/2993/2993 2994/2994/2994
f 2995/2995/2995 2996/2996/2996 2997/2997/2997
f 2998/2998/2998 2999/2999/2999 3000/3000/3000
f 3001/3001/3001 3002/3002/3002 3003/3003/3003
f 3004/3004/3004 3005/3005/3005 3006/3006/3006
f 3007/3007/3007 3008/3008/3008 3009/3009/3009
f 3010/3010/3010 3011/3011/3011 3012/3012/3012
f 3013/3013/3013 3014/3014/3014 3015/3015/3015
f 3016/3016/3016 3017/3017/3017 3018/3018/3018
f 3019/3019/3019 3020/3020/3020 3021/3021/3021
f 3022/3022/3022 3023/3023/3023 3024/3024/3024
f 3025/3025/3025 3026/3026/3026 3027/3027/3027
f 3028/3028/3028 3029/3029/3029 3030/3030/3030
f 3031/3031/3031 3032/3032/3032 3033/3033/3033
f 3034/3034/3034 3035/3035/3035 3036/3036/3036
f 3037/3037/3037 3038/3038/3038 3039/3039/3039
f 3040/3040/3040 3041/3041/3041 3042/3042/3042
f 3043/3043/3043 3044/3044/3044 3045/3045/3045
f 3046/3046/3046 3047/3047/3047 3048/3048/3048
f 3049/3049/3049 3050/3050/3050 3051/3051/3051
f 3052/3052/3052 3053/3053/3053 3054/3054/3054
f 3055/3055/3055 3056/3056/3056 3057/3057/3057
f 3058/3058/3058 3059/3059/3059 3060/3060/3060
f 3061/3061/3061 3062/3062/3062 3063/3063/3063
f 3064/3064/3064 3065/3065/3065 3066/3066/3066
f 3067/3067/3067 3068/3068/3068 3069/3069/3069
f 3070/3070/3070 3071/3071/3071 3072/3072/3072
f 3073/3073/3073 3074/3074/3074 3075/3075/3075
f 3076/3076/3076 3077/3077/3077 3078/3078/3078
f 3079/3079/3079 3080/3080/3080 3081/3081/3081
f 3082/3082/3082 3083/3083/3083 3084/3084/3084
f 3085/3085/3085 3086/3086/3086 3087/3087/3087
f 3088/3088/3088 3089/3089/3089 3090/3090/3090
f 3091/3091/3091 3092/3092/3092 3093/3093/3093
f 3094/3094/3094 3095/3095/3095 3096/3096/3096
f 3097/3097/3097 3098/3098/3098 3099/3099/3099
f 3100/3100/3100 3101/3101/3101 3102/3102/3102
f 3103/3103/3103 3104/3104/3104 3105/3105/3105
f 3106/3106/3106 3107/3107/3107 3108/3108/3108
f 3109/3109/3109 3110/3110/3110 3111/3111/3111
f 3112/3112/3112 3113/3113/3113 3114/3114/3114
f 3115/3115/3115 3116/3116/3116 3117/3117/3117
f 3118/3118/3118 3119/3119/3119 3120/3120/3120
f 3121/3121/3121 3122/3122/3122 3123/3123/3123
f 3124/3124/3124 3125/3125/3125 3126/3126/3126
f 3127/3127/3127 3128/3128/3128 3129/3129/3129
f 3130/3130/3130 3131/3131/3131 3132/3132/3132
f 3133/3133/3133 3134/3134/3134 3135/3135/3135
f 3136/3136/3136 3137/3137/3137 3138/3138/3138
f 3139/3139/3139 3140/3140/3140 3141/3141/3141
f 3142/3142/3142 3143/3143/3143 3144/3144/3144
f 3145/3145/3145 3146/3146/3146 3147/3147/3147
f 3148/3148/3148 3149/3149/3149 3150/3150/3150
f 3151/3151/3151 3152/3152/3152 3153/3153/3153
f 3154/3154/3154 3155/3155/3155 3156/3156/3156
f 3157/3157/3157 3158/3158/3158 3159/3159/3159
f 3160/3160/3160 3161/3161/3161 3162/3162/3162
f 3163/3163/3163 3164/3164/3164 3165/3165/3165
f 3166/3166/3166 3167/3167/3167 3168/3168/3168
f 3169/3169/3169 3170/3170/3170 3171/3171/3171
f 3172/3172/3172 3173/3173/3173 3174/3174/3174
f 3175/3175/3175 3176/3176/3176 3177/3177/3177
f 3178/3178/3178 3179/3179/3179 3180/3180/3180
f 3181/3181/3181 3182/3182/3182 3183/3183/3183
f 3184/3184/3184 3185/3185/3185 3186/3186/3186
f 3187/3187/3187 3188/3188/3188 3189/3189/3189
f 3190/3190/3190 3191/3191/3191 3192/3192/3192
f 3193/3193/3193 3194/3194/3194 3195/3195/3195
f 3196/3196/3196 3197/3197/3197 3198/3198/3198
f 3199/3199/3199 3200/3200/3200 3201/3201/3201
f 3202/3202/3202 3203/3203/3203 3204/3204/3204
f 3205/3205/3205 3206/3206/3206 3207/3207/3207
f 3208/3208/3208 3209/3209/3209 3210/3210/3210
f 3211/3211/3211 3212/3212/3212 3213/3213/3213
f 3214/3214/3214 3215/3215/3215 3216/3216/3216
f 3217/3217/3217 3218/3218/3218 3219/3219/3219
f 3220/3220/3220 3221/3221/3221 3222/3222/3222
f 3223/3223/3223 3224/3224/3224 3225/3225/3225
f 3226/3226/3226 3227/3227/3227 3228/3228/3228
f 3229/3229/3229 3230/3230/3230 3231/3231/3231
f 3232/3232/3232 3233/3233/3233 3234/3234/3234
f 3235/3235/3235 3236/3236/3236 3237/3237/3237
f 3238/3238/3238 3239/3239/3239 3240/3240/3240
f 3241/3241/3241 3242/3242/3242 3243/3243/3243
f 3244/3244/3244 3245/3245/3245 3246/3246/3246
f 3247/3247/3247 3248/3248/3248 3249/3249/3249
f 3250/3250/3250 3251/3251/3251 3252/3252/3252
f 3253/3253/3253 3254/3254/3254 3255/3255/3255
f 3256/3256/3256 3257/3257/3257 3258/3258/3258
f 3259/3259/3259 3260/3260/3260 3261/3261/3261
f 3262/3262/3262 3263/3263/3263 3264/3264/3264
f 3265/3265/3265 3266/3266/3266 3267/3267/3267
f 3268/3268/3268 3269/3269/3269 3270/3270/3270
f 3271/3271/3271 3272/3272/3272 3273/3273/3273
f 3274/3274/3274 3275/3275/3275 3276/3276/3276
f 3277/3277/3277 3278/3278/3278 3279/3279/3279
f 3280/3280/3280 3281/3281/3281 3282/3282/3282
f 3283/3283/3283 3284/3284/3284 3285/3285/3285
f 3286/3286/3286 3287/3287/3287 3288/3288/3288
f 3289/3289/3289 3290/3290/3290 3291/3291/3291
f 3292/3292/3292 3293/3293/3293 3294/3294/3294
f 3295/3295/3295 3296/3296/3296 3297/3297/3297
f 3298/3298/3298 3299/3299/3299 3300/3300/3300
f 3301/3301/3301 3302/3302/3302 3303/3303/3303
f 3304/3304/3304 3305/3305/3305 3306/3306/3306
f 3307/3307/3307 3308/3308/3308 3309/3309/3309
f 3310/3310/3310 3311/3311/3311 3312/3312/3312
f 3313/3313/3313 3314/3314/3314 3315/3315/3315
f 3316/3316/3316 3317/3317/3317 3318/3318/3318
f 3319/3319/3319 3320/3320/3320 3321/3321/3321
f 3322/3322/3322 3323/3323/3323 3324/3324/3324
f 3325/3325/3325 3326/3326/3326 3327/3327/3327
f 3328/3328/3328 3329/3329/3329 3330/3330/3330
f 3331/3331/3331 3332/3332/3332 3333/3333/3333
f 3334/3334/3334 3335/3335/3335 3336/3336/3336
f 3337/3337/3337 3338/3338/3338 3339/3339/3339
f 3340/3340/3340 3341/3341/3341 3342/3342/3342
f 3343/3343/3343 3344/3344/3344 3345/3345/3345
f 3346/3346/3346 3347/3347/3347 3348/3348/3348
f 3349/3349/3349 3350/3350/3350 3351/3351/3351
f 3352/3352/3352 3353/3353/3353 3354/3354/3354
f 3355/3355/3355 3356/3356/3356 3357/3357/3357
f 3358/3358/3358 3359/3359/3359 3360/3360/3360
f 3361/3361/3361 3362/3362/3362 3363/3363/3363
f 3364/3364/3364 3365/3365/3365 3366/3366/3366
f 3367/3367/3367 3368/3368/3368 3369/3369/3369
f 3370/3370/3370 3371/3371/3371 3372/3372/3372
f 3373/3373/3373 3374/3374/3374 3375/3375/3375
f 3376/3376/3376 3377/3377/3377 3378/3378/3378
f 3379/3379/3379 3380/3380/3380 3381/3381/3381
f 3382/3382/3382 3383/3383/3383 3384/3384/3384
f 3385/3385/3385 3386/3386/3386 3387/3387/3387
f 3388/3388/3388 3389/3389/3389 3390/3390/3390
f 3391/3391/3391 3392/3392/3392 3393/3393/3393
f 3394/3394/3394 3395/3395/3395 3396/3396/3396
f 3397/3397/3397 3398/3398/3398 3399/3399/3399
f 3400/3400/3400 3401/3401/3401 3402/3402/3402
f 3403/3403/3403 3404/3404/3404 3405/3405/3405
f 3406/3406/3406 3407/3407/3407 3408/3408/3408
f 3409/3409/3409 3410/3410/3410 3411/3411/3411
f 3412/3412/3412 3413/3413/3413 3414/3414/3414
f 3415/3415/3415 3416/3416/3416 3417/3417/3417
f 3418/3418/3418 3419/3419/3419 3420/3420/3420
f 3421/3421/3421 3422/3422/3422 3423/3423/3423
f 3424/3424/3424 3425/3425/3425 3426/3426/3426
f 3427/3427/3427 3428/3428/3428 3429/3429/3429
f 3430/3430/3430 3431/3431/3431 3432/3432/3432
f 3433/3433/3433 3434/3434/3434 3435/3435/3435
f 3436/3436/3436 3437/3437/3437 3438/3438/3438
f 3439/3439/3439 3440/3440/3440 3441/3441/3441
f 3442/3442/3442 3443/3443/3443 3444/3444/3444
f 3445/3445/3445 3446/3446/3446 3447/3447/3447
f 3448/3448/3448 3449/3449/3449 3450/3450/3450
f 3451/3451/3451 3452/3452/3452 3453/3453/3453
f 3454/3454/3454 3455/3455/3455 3456/3456/3456
f 3457/3457/3457 3458/3458/3458 3459/3459/3459
f 3460/3460/3460 3461/3461/3461 3462/3462/3462
f 3463/3463/3463 3464/3464/3464 3465/3465/3465
f 3466/3466/3466 3467/3467/3467 3468/3468/3468
f 3469/3469/3469 3470/3470/3470 3471/3471/3471
f 3472/3472/3472 3473/3473/3473 3474/3474/3474
f 3475/3475/3475 3476/3476/3476 3477/3477/3477
f 3478/3478/3478 3479/3479/3479 3480/3480/3480
f 3481/3481/3481 3482/3482/3482 3483/3483/3483
f 3484/3484/3484 3485/3485/3485 3486/3486/3486
f 3487/3487/3487 3488/3488/3488 3489/3489/3489
f 3490/3490/3490 3491/3491/3491 3492/3492/3492
f 3493/3493/3493 3494/3494/3494 3495/3495/3495
f 3496/3496/3496 3497/3497/3497 3498/3498/3498
f 3499/3499/3499 3500/3500/3500 3501/3501/3501
f 3502/3502/3502 3503/3503/3503 3504/3504/3504
f 3505/3505/3505 3506/3506/3506 3507/3507/3507
f 3508/3508/3508 3509/3509/3509 3510/3510/3510
f 3511/3511/3511 3512/3512/3512 3513/3513/3513
f 3514/3514/3514 3515/3515/3515 3516/3516/3516
f 3517/3517/3517 3518/3518/3518 3519/3519/3519
f 3520/3520/3520 3521/3521/3521 3522/3522/3522
f 3523/3523/3523 3524/3524/3524 3525/3525/3525
f 3526/3526/3526 3527/3527/3527 3528/3528/3528
f 3529/3529/3529 3530/3530/3530 3531/3531/3531
f 3532/3532/3532 3533/3533/3533 3534/3534/3534
f 3535/3535/3535 3536/3536/3536 3537/3537/3537
f 3538/3538/3538 3539/3539/3539 3540/3540/3540
f 3541/3541/3541 3542/3542/3542 3543/3543/3543
f 3544/3544/3544 3545/3545/3545 3546/3546/3546
f 3547/3547/3547 3548/3548/3548 3549/3549/3549
f 3550/3550/3550 3551/3551/3551 3552/3552/3552
f 3553/3553/3553 3554/3554/3554 3555/3555/3555
f 3556/3556/3556 3557/3557/3557 3558/3558/3558
f 3559/3559/3559 3560/3560/3560 3561/3561/3561
f 3562/3562/3562 3563/3563/3563 3564/3564/3564
f 3565/3565/3565 3566/3566/3566 3567/3567/3567
f 3568/3568/3568 3569/3569/3569 3570/3570/3570
f 3571/3571/3571 3572/3572/3572 3573/3573/3573
f 3574/3574/3574 3575/3575/3575 3576/3576/3576
f 3577/3577/3577 3578/3578/3578 3579/3579/3579
f 3580/3580/3580 3581/3581/3581 3582/3582/3582
f 3583/3583/3583 3584/3584/3584 3585/3585/3585
f 3586/3586/3586 3587/3587/3587 3588/3588/3588
f 3589/3589/3589 3590/3590/3590 3591/3591/3591
f 3592/3592/3592 3593/3593/3593 3594/3594/3594
f 3595/3595/3595 3596/3596/3596 3597/3597/3597
f 3598/3598/3598 3599/3599/3599 3600/3600/3600
f 3601/3601/3601 3602/3602/3602 3603/3603/3603
f 3604/3604/3604 3605/3605/3605 3606/3606/3606
f 3607/3607/3607 3608/3608/3608 3609/3609/3609
f 3610/3610/3610 3611/3611/3611 3612/3612/3612
f 3613/3613/3613 3614/3614/3614 3615/3615/3615
f 3616/3616/3616 3617/3617/3617 3618/3618/3618
f 3619/3619/3619 3620/3620/3620 3621/3621/3621
f 3622/3622/3622 3623/3623/3623 3624/3624/3624
f 3625/3625/3625 3626/3626/3626 3627/3627/3627
f 3628/3628/3628 3629/3629/3629 3630/3630/3630
f 3631/3631/3631 3632/3632/3632 3633/3633/3633
f 3634/3634/3634 3635/3635/3635 3636/3636/3636
f 3637/3637/3637 3638/3638/3638 3639/3639/3639
f 3640/3640/3640 3641/3641/3641 3642/3642/3642
f 3643/3643/3643 3644/3644/3644 3645/3645/3645
f 3646/3646/3646 3647/3647/3647 3648/3648/3648
f 3649/3649/3649 3650/3650/3650 3651/3651/3651
f 3652/3652/3652 3653/3653/3653 3654/3654/3654
f 3655/3655/3655 3656/3656/3656 3657/3657/3657
f 3658/3658/3658 3659/3659/3659 3660/3660/3660
f 3661/3661/3661 3662/3662/3662 3663/3663/3663
f 3664/3664/3664 3665/3665/3665 3666/3666/3666
f 3667/3667/3667 3668/3668/3668 3669/3669/3669
f 3670/3670/3670 3671/3671/3671 3672/3672/3672
f 3673/3673/3673 3674/3674/3674 3675/3675/3675
f 3676/3676/3676 3677/3677/3677 3678/3678/3678
f 3679/3679/3679 3680/3680/3680 3681/3681/3681
f 3682/3682/3682 3683/3683/3683 3684/3684/3684
f 3685/3685/3685 3686/3686/3686 3687/3687/3687
f 3688/3688/3688 3689/3689/3689 3690/3690/3690
f 3691/3691/3691 3692/3692/3692 3693/3693/3693
f 3694/3694/3694 3695/3695/3695 3696/3696/3696
f 3697/3697/3697 3698/3698/3698 3699/3699/3699
f 3700/3700/3700 3701/3701/3701 3702/3702/3702
f 3703/3703/3703 3704/3704/3704 3705/3705/3705
f 3706/3706/3706 3707/3707/3707 3708/3708/3708
f 3709/3709/3709 3710/3710/3710 3711/3711/3711
f 3712/3712/3712 3713/3713/3713 3714/3714/3714
f 3715/3715/3715 3716/3716/3716 3717/3717/3717
f 3718/3718/3718 3719/3719/3719 3720/3720/3720
f 3721/3721/3721 3722/3722/3722 3723/3723/3723
f 3724/3724/3724 3725/3725/3725 3726/3726/3726
f 3727/3727/3727 3728/3728/3728 3729/3729/3729
f 3730/3730/3730 3731/3731/3731 3732/3732/3732
f 3733/3733/3733 3734/3734/3734 3735/3735/3735
f 3736/3736/3736 3737/3737/3737 3738/3738/3738
f 3739/3739/3739 3740/3740/3740 3741/3741/3741
f 3742/3742/3742 3743/3743/3743 3744/3744/3744
f 3745/3745/3745 3746/3746/3746 3747/3747/3747
f 3748/3748/3748 3749/3749/3749 3750/3750/3750
f 3751/3751/3751 3752/3752/3752 3753/3753/3753
f 3754/3754/3754 3755/3755/3755 3756/3756/3756
f 3757/3757/3757 3758/3758/3758 3759/3759/3759
f 3760/3760/3760 3761/3761/3761 3762/3762/3762
f 3763/3763/3763 3764/3764/3764 3765/3765/3765
f 3766/3766/3766 3767/3767/3767 3768/3768/3768
f 3769/3769/3769 3770/3770/3770 3771/3771/3771
f 3772/3772/3772 3773/3773/3773 3774/3774/3774
f 3775/3775/3775 3776/3776/3776 3777/3777/3777
f 3778/3778/3778 3779/3779/3779 3780/3780/3780
f 3781/3781/3781 3782/3782/3782 3783/3783/3783
f 3784/3784/3784 3785/3785/3785 3786/3786/3786
f 3787/3787/3787 3788/3788/3788 3789/3789/3789
f 3790/3790/3790 3791/3791/3791 3792/3792/3792
f 3793/3793/3793 3794/3794/3794 3795/3795/3795
f 3796/3796/3796 3797/3797/3797 3798/3798/3798
f 3799/3799/3799 3800/3800/3800 3801/3801/3801
f 3802/3802/3802 3803/3803/3803 3804/3804/3804
f 3805/3805/3805 3806/3806/3806 3807/3807/3807
f 3808/3808/3808 3809/3809/3809 3810/3810/3810
f 3811/3811/3811 3812/3812/3812 3813/3813/3813
f 3814/3814/3814 3815/3815/3815 3816/3816/3816
f 3817/3817/3817 3818/3818/3818 3819/3819/3819
f 3820/3820/3820 3821/3821/3821 3822/3822/3822
f 3823/3823/3823 3824/3824/3824 3825/3825/3825
f 3826/3826/3826 3827/3827/3827 3828/3828/3828
f 3829/3829/3829 3830/3830/3830 3831/3831/3831
f 3832/3832/3832 3833/3833/3833 3834/3834/3834
f 3835/3835/3835 3836/3836/3836 3837/3837/3837
f 3838/3838/3838 3839/3839/3839 3840/3840/3840
f 3841/3841/3841 3842/3842/3842 3843/3843/3843
f 3844/3844/3844 3845/3845/3845 3846/3846/3846
f 3847/3847/3847 3848/3848/3848 3849/3849/3849
f 3850/3850/3850 3851/3851/3851 3852/3852/3852
f 3853/3853/3853 3854/3854/3854 3855/3855/3855
f 3856/3856/3856 3857/3857/3857 3858/3858/3858
f 3859/3859/3859 3860/3860/3860 3861/3861/3861
f 3862/3862/3862 3863/3863/3863 3864/3864/3864
f 3865/3865/3865 3866/3866/3866 3867/3867/3867
f 3868/3868/3868 3869/3869/3869 3870/3870/3870
f 3871/3871/3871 3872/3872/3872 3873/3873/3873
f 3874/3874/3874 3875/3875/3875 3876/3876/3876
f 3877/3877/3877 3878/3878/3878 3879/3879/3879
f 3880/3880/3880 3881/3881/3881 3882/3882/3882
f 3883/3883/3883 3884/3884/3884 3885/3885/3885
f 3886/3886/3886 3887/3887/3887 3888/3888/3888
f 3889/3889/3889 3890/3890/3890 3891/3891/3891
f 3892/3892/3892 3893/3893/3893 3894/3894/3894
f 3895/3895/3895 3896/3896/3896 3897/3897/3897
f 3898/3898/3898 3899/3899/3899 3900/3900/3900
f 3901/3901/3901 3902/3902/3902 3903/3903/3903
f 3904/3904/3904 3905/3905/3905 3906/3906/3906
f 3907/3907/3907 3908/3908/3908 3909/3909/3909
f 3910/3910/3910 3911/3911/3911 3912/3912/3912
f 3913/3913/3913 3914/3914/3914 3915/3915/3915
f 3916/3916/3916 3917/3917/3917 3918/3918/3918
f 3919/3919/3919 3920/3920/3920 3921/3921/3921
f 3922/3922/3922 3923/3923/3923 3924/3924/3924
f 3925/3925/3925 3926/3926/3926 3927/3927/3927
f 3928/3928/3928 3929/3929/3929 3930/3930/3930
f 3931/3931/3931 3932/3932/3932 3933/3933/3933
f 3934/3934/3934 3935/3935/3935 3936/3936/3936
f 3937/3937/3937 3938/3938/3938 3939/3939/3939
f 3940/3940/3940 3941/3941/3941 3942/3942/3942
f 3943/3943/3943 3944/3944/3944 3945/3945/3945
f 3946/3946/3946 3947/3947/3947 3948/3948/3948
f 3949/3949/3949 3950/3950/3950 3951/3951/3951
f 3952/3952/3952 3953/3953/3953 3954/3954/3954
f 3955/3955/3955 3956/3956/3956 3957/3957/3957
f 3958/3958/3958 3959/3959/3959 3960/3960/3960
f 3961/3961/3961 3962/3962/3962 3963/3963/3963
f 3964/3964/3964 3965/3965/3965 3966/3966/3966
f 3967/3967/3967 3968/3968/3968 3969/3969/3969
f 3970/3970/3970 3971/3971/3971 3972/3972/3972
f 3973/3973/3973 3974/3974/3974 3975/3975/3975
f 3976/3976/3976 3977/3977/3977 3978/3978/3978
f 3979/3979/3979 3980/3980/3980 3981/3981/3981
f 3982/3982/3982 3983/3983/3983 3984/3984/3984
f 3985/3985/3985 3986/3986/3986 3987/3987/3987
f 3988/3988/3988 3989/3989/3989 3990/3990/3990
f 3991/3991/3991 3992/3992/3992 3993/3993/3993
f 3994/3994/3994 3995/3995/3995 3996/3996/3996
f 3997/3997/3997 3998/3998/3998 3999/3999/3999
f 4000/4000/4000 4001/4001/4001 4002/4002/4002
f 4003/4003/4003 4004/4004/4004 4005/4005/4005
f 4006/4006/4006 4007/4007/4007 4008/4008/4008
f 4009/4009/4009 4010/4010/4010 4011/4011/4011
f 4012/4012/4012 4013/4013/4013 4014/4014/4014
f 4015/4015/4015 4016/4016/4016 4017/4017/4017
f 4018/4018/4018 4019/4019/4019 4020/4020/4020
f 4021/4021/4021 4022/4022/4022 4023/4023/4023
f 4024/4024/4024 4025/4025/4025 4026/4026/4026
f 4027/4027/4027 4028/4028/4028 4029/4029/4029
f 4030/4030/4030 4031/4031/4031 4032/4032/4032
f 4033/4033/4033 4034/4034/4034 4035/4035/4035
f 4036/4036/4036 4037/4037/4037 4038/4038/4038
f 4039/4039/4039 4040/4040/4040 4041/4041/4041
f 4042/4042/4042 4043/4043/4043 4044/4044/4044
f 4045/4045/4045 4046/4046/4046 4047/4047/4047
f 4048/4048/4048 4049/4049/4049 4050/4050/4050
f 4051/4051/4051 4052/4052/4052 4053/4053/4053
f 4054/4054/4054 4055/4055/4055 4056/4056/4056
f 4057/4057/4057 4058/4058/4058 4059/4059/4059
f 4060/4060/4060 4061/4061/4061 4062/4062/4062
f 4063/4063/4063 4064/4064/4064 4065/4065/4065
f 4066/4066/4066 4067/4067/4067 4068/4068/4068
f 4069/4069/4069 4070/4070/4070 4071/4071/4071
f 4072/4072/4072 4073/4073/4073 4074/4074/4074
f 4075/4075/4075 4076/4076/4076 4077/4077/4077
f 4078/4078/4078 4079/4079/4079 4080/4080/4080
f 4081/4081/4081 4082/4082/4082 4083/4083/4083
f 4084/4084/4084 4085/4085/4085 4086/4086/4086
f 4087/4087/4087 4088/4088/4088 4089/4089/4089
f 4090/4090/4090 4091/4091/4091 4092/4092/4092
f 4093/4093/4093 4094/4094/4094 4095/4095/4095
f 4096/4096/4096 4097/4097/4097 4098/4098/4098
f 4099/4099/4099 4100/4100/4100 4101/4101/4101
f 4102/4102/4102 4103/4103/4103 4104/4104/4104
f 4105/4105/4105 4106/4106/4106 4107/4107/4107
f 4108/4108/4108 4109/4109/4109 4110/4110/4110
f 4111/4111/4111 4112/4112/4112 4113/4113/4113
f 4114/4114/4114 4115/4115/4115 4116/4116/4116
f 4117/4117/4117 4118/4118/4118 4119/4119/4119
f 4120/4120/4120 4121/4121/4121 4122/4122/4122
f 4123/4123/4123 4124/4124/4124 4125/4125/4125
f 4126/4126/4126 4127/4127/4127 4128/4128/4128
f 4129/4129/4129 4130/4130/4130 4131/4131/4131
f 4132/4132/4132 4133/4133/4133 4134/4134/4134
f 4135/4135/4135 4136/4136/4136 4137/4137/4137
f 4138/4138/4138 4139/4139/4139 4140/4140/4140
f 4141/4141/4141 4142/4142/4142 4143/4143/4143
f 4144/4144/4144 4145/4145/4145 4146/4146/4146
f 4147/4147/4147 4148/4148/4148 4149/4149/4149
f 4150/4150/4150 4151/4151/4151 4152/4152/4152
f 4153/4153/4153 4154/4154/4154 4155/4155/4155
f 4156/4156/4156 4157/4157/4157 4158/4158/4158
f 4159/4159/4159 4160/4160/4160 4161/4161/4161
f 4162/4162/4162 4163/4163/4163 4164/4164/4164
f 4165/4165/4165 4166/4166/4166 4167/4167/4167
f 4168/4168/4168 4169/4169/4169 4170/4170/4170
f 4171/4171/4171 4172/4172/4172 4173/4173/4173
f 4174/4174/4174 4175/4175/4175 4176/4176/4176
f 4177/4177/4177 4178/4178/4178 4179/4179/4179
f 4180/4180/4180 4181/4181/4181 4182/4182/4182
f 4183/4183/4183 4184/4184/4184 4185/4185/4185
f 4186/4186/4186 4187/4187/4187 4188/4188/4188
f 4189/4189/4189 4190/4190/4190 4191/4191/4191
f 4192/4192/4192 4193/4193/4193 4194/4194/4194
f 4195/4195/4195 4196/4196/4196 4197/4197/4197
f 4198/4198/4198 4199/4199/4199 4200/4200/4200
f 4201/4201/4201 4202/4202/4202 4203/4203/4203
f 4204/4204/4204 4205/4205/4205 4206/4206/4206
f 4207/4207/4207 4208/4208/4208 4209/4209/4209
f 4210/4210/4210 4211/4211/4211 4212/4212/4212
f 4213/4213/4213 4214/4214/4214 4215/4215/4215
f 4216/4216/4216 4217/4217/4217 4218/4218/4218
f 4219/4219/4219 4220/4220/4220 4221/4221/4221
f 4222/4222/4222 4223/4223/4223 4224/4224/4224
f 4225/4225/4225 4226/4226/4226 4227/4227/4227
f 4228/4228/4228 4229/4229/4229 4230/4230/4230
f 4231/4231/4231 4232/4232/4232 4233/4233/4233
f 4234/4234/4234 4235/4235/4235 4236/4236/4236
f 4237/4237/4237 4238/4238/4238 4239/4239/4239
f 4240/4240/4240 4241/4241/4241 4242/4242/4242
f 4243/4243/4243 4244/4244/4244 4245/4245/4245
f 4246/4246/4246 4247/4247/4247 4248/4248/4248
f 4249/4249/4249 4250/4250/4250 4251/4251/4251
f 4252/4252/4252 4253/4253/4253 4254/4254/4254
f 4255/4255/4255 4256/4256/4256 4257/4257/4257
f 4258/4258/4258 4259/4259/4259 4260/4260/4260
f 4261/4261/4261 4262/4262/4262 4263/4263/4263
f 4264/4264/4264 4265/4265/4265 4266/4266/4266
f 4267/4267/4267 4268/4268/4268 4269/4269/4269
f 4270/4270/4270 4271/4271/4271 4272/4272/4272
f 4273/4273/4273 4274/4274/4274 4275/4275/4275
f 4276/4276/4276 4277/4277/4277 4278/4278/4278
f 4279/4279/4279 4280/4280/4280 4281/4281/4281
f 4282/4282/4282 4283/4283/4283 4284/4284/4284
f 4285/4285/4285 4286/4286/4286 4287/4287/4287
f 4288/4288/4288 4289/4289/4289 4290/4290/4290
f 4291/4291/4291 4292/4292/4292 4293/4293/4293
f 4294/4294/4294 4295/4295/4295 4296/4296/4296
f 4297/4297/4297 4298/4298/4298 4299/4299/4299
f 4300/4300/4300 4301/4301/4301 4302/4302/4302
f 4303/4303/4303 4304/4304/4304 4305/4305/4305
f 4306/4306/4306 4307/4307/4307 4308/4308/4308
f 4309/4309/4309 4310/4310/4310 4311/4311/4311
f 4312/4312/4312 4313/4313/4313 4314/4314/4314
f 4315/4315/4315 4316/4316/4316 4317/4317/4317
f 4318/4318/4318 4319/4319/4319 4320/4320/4320
f 4321/4321/4321 4322/4322/4322 4323/4323/4323
f 4324/4324/4324 4325/4325/4325 4326/4326/4326
f 4327/4327/4327 4328/4328/4328 4329/4329/4329
f 4330/4330/4330 4331/4331/4331 4332/4332/4332
f 4333/4333/4333 4334/4334/4334 4335/4335/4335
f 4336/4336/4336 4337/4337/4337 4338/4338/4338
f 4339/4339/4339 4340/4340/4340 4341/4341/4341
f 4342/4342/4342 4343/4343/4343 4344/4344/4344
f 4345/4345/4345 4346/4346/4346 4347/4347/4347
f 4348/4348/4348 4349/4349/4349 4350/4350/4350
f 4351/4351/4351 4352/4352/4352 4353/4353/4353
f 4354/4354/4354 4355/4355/4355 4356/4356/4356
f 4357/4357/4357 4358/4358/4358 4359/4359/4359
f 4360/4360/4360 4361/4361/4361 4362/4362/4362
f 4363/4363/4363 4364/4364/4364 4365/4365/4365
f 4366/4366/4366 4367/4367/4367 4368/4368/4368
f 4369/4369/4369 4370/4370/4370 4371/4371/4371
f 4372/4372/4372 4373/4373/4373 4374/4374/4374
f 4375/4375/4375 4376/4376/4376 4377/4377/4377
f 4378/4378/4378 4379/4379/4379 4380/4380/4380
f 4381/4381/4381 4382/4382/4382 4383/4383/4383
f 4384/4384/4384 4385/4385/4385 4386/4386/4386
f 4387/4387/4387 4388/4388/4388 4389/4389/4389
f 4390/4390/4390 4391/4391/4391 4392/4392/4392
f 4393/4393/4393 4394/4394/4394 4395/4395/4395
f 4396/4396/4396 4397/4397/4397 4398/4398/4398
f 4399/4399/4399 4400/4400/4400 4401/4401/4401
f 4402/4402/4402 4403/4403/4403 4404/4404/4404
f 4405/4405/4405 4406/4406/4406 4407/4407/4407
f 4408/4408/4408 4409/4409/4409 4410/4410/4410
f 4411/4411/4411 4412/4412/4412 4413/4413/4413
f 4414/4414/4414 4415/4415/4415 4416/4416/4416
f 4417/4417/4417 4418/4418/4418 4419/4419/4419
f 4420/4420/4420 4421/4421/4421 4422/4422/4422
f 4423/4423/4423 4424/4424/4424 4425/4425/4425
f 4426/4426/4426 4427/4427/4427 4428/4428/4428
f 4429/4429/4429 4430/4430/4430 4431/4431/4431
f 4432/4432/4432 4433/4433/4433 4434/4434/4434
f 4435/4435/4435 4436/4436/4436 4437/4437/4437
f 4438/4438/4438 4439/4439/4439 4440/4440/4440
f 4441/4441/4441 4442/4442/4442 4443/4443/4443
f 4444/4444/4444 4445/4445/4445 4446/4446/4446
f 4447/4447/4447 4448/4448/4448 4449/4449/4449
f 4450/4450/4450 4451/4451/4451 4452/4452/4452
f 4453/4453/4453 4454/4454/4454 4455/4455/4455
f 4456/4456/4456 4457/4457/4457 4458/4458/4458
f 4459/4459/4459 4460/4460/4460 4461/4461/4461
f 4462/4462/4462 4463/4463/4463 4464/4464/4464
f 4465/4465/4465 4466/4466/4466 4467/4467/4467
f 4468/4468/4468 4469/4469/4469 4470/4470/4470
f 4471/4471/4471 4472/4472/4472 4473/4473/4473
f 4474/4474/4474 4475/4475/4475 4476/4476/4476
f 4477/4477/4477 4478/4478/4478 4479/4479/4479
f 4480/4480/4480 4481/4481/4481 4482/4482/4482
f 4483/4483/4483 4484/4484/4484 4485/4485/4485
f 4486/4486/4486 4487/4487/4487 4488/4488/4488
f 4489/4489/4489 4490/4490/4490 4491/4491/4491
f 4492/4492/4492 4493/4493/4493 4494/4494/4494
f 4495/4495/4495 4496/4496/4496 4497/4497/4497
f 4498/4498/4498 4499/4499/4499 4500/4500/4500
f 4501/4501/4501 4502/4502/4502 4503/4503/4503
f 4504/4504/4504 4505/4505/4505 4506/4506/4506
f 4507/4507/4507 4508/4508/4508 4509/4509/4509
f 4510/4510/4510 4511/4511/4511 4512/4512/4512
f 4513/4513/4513 4514/4514/4514 4515/4515/4515
f 4516/4516/4516 4517/4517/4517 4518/4518/4518
f 4519/4519/4519 4520/4520/4520 4521/4521/4521
f 4522/4522/4522 4523/4523/4523 4524/4524/4524
f 4525/4525/4525 4526/4526/4526 4527/4527/4527
f 4528/4528/4528 4529/4529/4529 4530/4530/4530
f 4531/4531/4531 4532/4532/4532 4533/4533/4533
f 4534/4534/4534 4535/4535/4535 4536/4536/4536
f 4537/4537/4537 4538/4538/4538 4539/4539/4539
f 4540/4540/4540 4541/4541/4541 4542/4542/4542
f 4543/4543/4543 4544/4544/4544 4545/4545/4545
f 4546/4546/4546 4547/4547/4547 4548/4548/4548
f 4549/4549/4549 4550/4550/4550 4551/4551/4551
f 4552/4552/4552 4553/4553/4553 4554/4554/4554
f 4555/4555/4555 4556/4556/4556 4557/4557/4557
f 4558/4558/4558 4559/4559/4559 4560/4560/4560
f 4561/4561/4561 4562/4562/4562 4563/4563/4563
f 4564/4564/4564 4565/4565/4565 4566/4566/4566
f 4567/4567/4567 4568/4568/4568 4569/4569/4569
f 4570/4570/4570 4571/4571/4571 4572/4572/4572
f 4573/4573/4573 4574/4574/4574 4575/4575/4575
f 4576/4576/4576 4577/4577/4577 4578/4578/4578
f 4579/4579/4579 4580/4580/4580 4581/4581/4581
f 4582/4582/4582 4583/4583/4583 4584/4584/4584
f 4585/4585/4585 4586/4586/4586 4587/4587/4587
f 4588/4588/4588 4589/4589/4589 4590/4590/4590
f 4591/4591/4591 4592/4592/4592 4593/4593/4593
f 4594/4594/4594 4595/4595/4595 4596/4596/4596
f 4597/4597/4597 4598/4598/4598 4599/4599/4599
f 4600/4600/4600 4601/4601/4601 4602/4602/4602
f 4603/4603/4603 4604/4604/4604 4605/4605/4605
f 4606/4606/4606 4607/4607/4607 4608/4608/4608
f 4609/4609/4609 4610/4610/4610 4611/4611/4611
f 4612/4612/4612 4613/4613/4613 4614/4614/4614
f 4615/4615/4615 4616/4616/4616 4617/4617/4617
f 4618/4618/4618 4619/4619/4619 4620/4620/4620
f 4621/4621/4621 4622/4622/4622 4623/4623/4623
f 4624/4624/4624 4625/4625/4625 4626/4626/4626
f 4627/4627/4627 4628/4628/4628 4629/4629/4629
f 4630/4630/4630 4631/4631/4631 4632/4632/4632
f 4633/4633/4633 4634/4634/4634 4635/4635/4635
f 4636/4636/4636 4637/4637/4637 4638/4638/4638
f 4639/4639/4639 4640/4640/4640 4641/4641/4641
f 4642/4642/4642 4643/4643/4643 4644/4644/4644
f 4645/4645/4645 4646/4646/4646 4647/4647/4647
f 4648/4648/4648 4649/4649/4649 4650/4650/4650
f 4651/4651/4651 4652/4652/4652 4653/4653/4653
f 4654/4654/4654 4655/4655/4655 4656/4656/4656
f 4657/4657/4657 4658/4658/4658 4659/4659/4659
f 4660/4660/4660 4661/4661/4661 4662/4662/4662
f 4663/4663/4663 4664/4664/4664 4665/4665/4665
f 4666/4666/4666 4667/4667/4667 4668/4668/4668
f 4669/4669/4669 4670/4670/4670 4671/4671/4671
f 4672/4672/4672 4673/4673/4673 4674/4674/4674
f 4675/4675/4675 4676/4676/4676 4677/4677/4677
f 4678/4678/4678 4679/4679/4679 4680/4680/4680
f 4681/4681/4681 4682/4682/4682 4683/4683/4683
f 4684/4684/4684 4685/4685/4685 4686/4686/4686
f 4687/4687/4687 4688/4688/4688 4689/4689/4689
f 4690/4690/4690 4691/4691/4691 4692/4692/4692
f 4693/4693/4693 4694/4694/4694 4695/4695/4695
f 4696/4696/4696 4697/4697/4697 4698/4698/4698
f 4699/4699/4699 4700/4700/4700 4701/4701/4701
f 4702/4702/4702 4703/4703/4703 4704/4704/4704
f 4705/4705/4705 4706/4706/4706 4707/4707/4707
f 4708/4708/4708 4709/4709/4709 4710/4710/4710
f 4711/4711/4711 4712/4712/4712 4713/4713/4713
f 4714/4714/4714 4715/4715/4715 4716/4716/4716
f 4717/4717/4717 4718/4718/4718 4719/4719/4719
f 4720/4720/4720 4721/4721/4721 4722/4722/4722
f 4723/4723/4723 4724/4724/4724 4725/4725/4725
f 4726/4726/4726 4727/4727/4727 4728/4728/4728
f 4729/4729/4729 4730/4730/4730 4731/4731/4731
f 4732/4732/4732 4733/4733/4733 4734/4734/4734
f 4735/4735/4735 4736/4736/4736 4737/4737/4737
f 4738/4738/4738 4739/4739/4739 4740/4740/4740
f 4741/4741/4741 4742/4742/4742 4743/4743/4743
f 4744/4744/4744 4745/4745/4745 4746/4746/4746
f 4747/4747/4747 4748/4748/4748 4749/4749/4749
f 4750/4750/4750 4751/4751/4751 4752/4752/4752
f 4753/4753/4753 4754/4754/4754 4755/4755/4755
f 4756/4756/4756 4757/4757/4757 4758/4758/4758
f 4759/4759/4759 4760/4760/4760 4761/4761/4761
f 4762/4762/4762 4763/4763/4763 4764/4764/4764
f 4765/4765/4765 4766/4766/4766 4767/4767/4767
f 4768/4768/4768 4769/4769/4769 4770/4770/4770
f 4771/4771/4771 4772/4772/4772 4773/4773/4773
f 4774/4774/4774 4775/4775/4775 4776/4776/4776
f 4777/4777/4777 4778/4778/4778 4779/4779/4779
f 4780/4780/4780 4781/4781/4781 4782/4782/4782
f 4783/4783/4783 4784/4784/4784 4785/4785/4785
f 4786/4786/4786 4787/4787/4787 4788/4788/4788
f 4789/4789/4789 4790/4790/4790 4791/4791/4791
f 4792/4792/4792 4793/4793/4793 4794/4794/4794
f 4795/4795/4795 4796/4796/4796 4797/4797/4797
f 4798/4798/4798 4799/4799/4799 4800/4800/4800
f 4801/4801/4801 4802/4802/4802 4803/4803/4803
f 4804/4804/4804 4805/4805/4805 4806/4806/4806
f 4807/4807/4807 4808/4808/4808 4809/4809/4809
f 4810/4810/4810 4811/4811/4811 4812/4812/4812
f 4813/4813/4813 4814/4814/4814 4815/4815/4815
f 4816/4816/4816 4817/4817/4817 4818/4818/4818
f 4819/4819/4819 4820/4820/4820 4821/4821/4821
f 4822/4822/4822 4823/4823/4823 4824/4824/4824
f 4825/4825/4825 4826/4826/4826 4827/4827/4827
f 4828/4828/4828 4829/4829/4829 4830/4830/4830
f 4831/4831/4831 4832/4832/4832 4833/4833/4833
f 4834/4834/4834 4835/4835/4835 4836/4836/4836
f 4837/4837/4837 4838/4838/4838 4839/4839/4839
f 4840/4840/4840 4841/4841/4841 4842/4842/4842
f 4843/4843/4843 4844/4844/4844 4845/4845/4845
f 4846/4846/4846 4847/4847/4847 4848/4848/4848
f 4849/4849/4849 4850/4850/4850 4851/4851/4851
f 4852/4852/4852 4853/4853/4853 4854/4854/4854
f 4855/4855/4855 4856/4856/4856 4857/4857/4857
f 4858/4858/4858 4859/4859/4859 4860/4860/4860
f 4861/4861/4861 4862/4862/4862 4863/4863/4863
f 4864/4864/4864 4865/4865/4865 4866/4866/4866
f 4867/4867/4867 4868/4868/4868 4869/4869/4869
f 4870/4870/4870 4871/4871/4871 4872/4872/4872
f 4873/4873/4873 4874/4874/4874 4875/4875/4875
f 4876/4876/4876 4877/4877/4877 4878/4878/4878
f 4879/4879/4879 4880/4880/4880 4881/4881/4881
f 4882/4882/4882 4883/4883/4883 4884/4884/4884
f 4885/4885/4885 4886/4886/4886 4887/4887/4887
f 4888/4888/4888 4889/4889/4889 4890/4890/4890
f 4891/4891/4891 4892/4892/4892 4893/4893/4893
f 4894/4894/4894 4895/4895/4895 4896/4896/4896
f 4897/4897/4897 4898/4898/4898 4899/4899/4899
f 4900/4900/4900 4901/4901/4901 4902/4902/4902
f 4903/4903/4903 4904/4904/4904 4905/4905/4905
f 4906/4906/4906 4907/4907/4907 4908/4908/4908
f 4909/4909/4909 4910/4910/4910 4911/4911/4911
f 4912/4912/4912 4913/4913/4913 4914/4914/4914
f 4915/4915/4915 4916/4916/4916 4917/4917/4917
f 4918/4918/4918 4919/4919/4919 4920/4920/4920
f 4921/4921/4921 4922/4922/4922 4923/4923/4923
f 4924/4924/4924 4925/4925/4925 4926/4926/4926
f 4927/4927/4927 4928/4928/4928 4929/4929/4929
f 4930/4930/4930 4931/4931/4931 4932/4932/4932
f 4933/4933/4933 4934/4934/4934 4935/4935/4935
f 4936/4936/4936 4937/4937/4937 4938/4938/4938
f 4939/4939/4939 4940/4940/4940 4941/4941/4941
f 4942/4942/4942 4943/4943/4943 4944/4944/4944
f 4945/4945/4945 4946/4946/4946 4947/4947/4947
f 4948/4948/4948 4949/4949/4949 4950/4950/4950
f 4951/4951/4951 4952/4952/4952 4953/4953/4953
f 4954/4954/4954 4955/4955/4955 4956/4956/4956
f 4957/4957/4957 4958/4958/4958 4959/4959/4959
f 4960/4960/4960 4961/4961/4961 4962/4962/4962
f 4963/4963/4963 4964/4964/4964 4965/4965/4965
f 4966/4966/4966 4967/4967/4967 4968/4968/4968
f 4969/4969/4969 4970/4970/4970 4971/4971/4971
f 4972/4972/4972 4973/4973/4973 4974/4974/4974
f 4975/4975/4975 4976/4976/4976 4977/4977/4977
f 4978/4978/4978 4979/4979/4979 4980/4980/4980
f 4981/4981/4981 4982/4982/4982 4983/4983/4983
f 4984/4984/4984 4985/4985/4985 4986/4986/4986
f 4987/4987/4987 4988/4988/4988 4989/4989/4989
f 4990/4990/4990 4991/4991/4991 4992/4992/4992
f 4993/4993/4993 4994/4994/4994 4995/4995/4995
f 4996/4996/4996 4997/4997/4997 4998/4998/4998
f 4999/4999/4999 5000/5000/5000 5001/5001/5001
f 5002/5002/5002 5003/5003/5003 5004/5004/5004
f 5005/5005/5005 5006/5006/5006 5007/5007/5007
f 5008/5008/5008 5009/5009/5009 5010/5010/5010
f 5011/5011/5011 5012/5012/5012 5013/5013/5013
f 5014/5014/5014 5015/5015/5015 5016/5016/5016
f 5017/5017/5017 5018/5018/5018 5019/5019/5019
f 5020/5020/5020 5021/5021/5021 5022/5022/5022
f 5023/5023/5023 5024/5024/5024 5025/5025/5025
f 5026/5026/5026 5027/5027/5027 5028/5028/5028
f 5029/5029/5029 5030/5030/5030 5031/5031/5031
f 5032/5032/5032 5033/5033/5033 5034/5034/5034
f 5035/5035/5035 5036/5036/5036 5037/5037/5037
f 5038/5038/5038 5039/5039/5039 5040/5040/5040
f 5041/5041/5041 5042/5042/5042 5043/5043/5043
f 5044/5044/5044 5045/5045/5045 5046/5046/5046
f 5047/5047/5047 5048/5048/5048 5049/5049/5049
f 5050/5050/5050 5051/5051/5051 5052/5052/5052
f 5053/5053/5053 5054/5054/5054 5055/5055/5055
f 5056/5056/5056 5057/5057/5057 5058/5058/5058
f 5059/5059/5059 5060/5060/5060 5061/5061/5061
f 5062/5062/5062 5063/5063/5063 5064/5064/5064
f 5065/5065/5065 5066/5066/5066 5067/5067/5067
f 5068/5068/5068 5069/5069/5069 5070/5070/5070
f 5071/5071/5071 5072/5072/5072 5073/5073/5073
f 5074/5074/5074 5075/5075/5075 5076/5076/5076
f 5077/5077/5077 5078/5078/5078 5079/5079/5079
f 5080/5080/5080 5081/5081/5081 5082/5082/5082
f 5083/5083/5083 5084/5084/5084 5085/5085/5085
f 5086/5086/5086 5087/5087/5087 5088/5088/5088
f 5089/5089/5089 5090/5090/5090 5091/5091/5091
f 5092/5092/5092 5093/5093/5093 5094/5094/5094
f 5095/5095/5095 5096/5096/5096 5097/5097/5097
f 5098/5098/5098 5099/5099/5099 5100/5100/5100
f 5101/5101/5101 5102/5102/5102 5103/5103/5103
f 5104/5104/5104 5105/5105/5105 5106/5106/5106
f 5107/5107/5107 5108/5108/5108 5109/5109/5109
f 5110/5110/5110 5111/5111/5111 5112/5112/5112
f 5113/5113/5113 5114/5114/5114 5115/5115/5115
f 5116/5116/5116 5117/5117/5117 5118/5118/5118
f 5119/5119/5119 5120/5120/5120 5121/5121/5121
f 5122/5122/5122 5123/5123/5123 5124/5124/5124
f 5125/5125/5125 5126/5126/5126 5127/5127/5127
f 5128/5128/5128 5129/5129/5129 5130/5130/5130
f 5131/5131/5131 5132/5132/5132 5133/5133/5133
f 5134/5134/5134 5135/5135/5135 5136/5136/5136
f 5137/5137/5137 5138/5138/5138 5139/5139/5139
f 5140/5140/5140 5141/5141/5141 5142/5142/5142
f 5143/5143/5143 5144/5144/5144 5145/5145/5145
f 5146/5146/5146 5147/5147/5147 5148/5148/5148
f 5149/5149/5149 5150/5150/5150 5151/5151/5151
f 5152/5152/5152 5153/5153/5153 5154/5154/5154
f 5155/5155/5155 5156/5156/5156 5157/5157/5157
f 5158/5158/5158 5159/5159/5159 5160/5160/5160
f 5161/5161/5161 5162/5162/5162 5163/5163/5163
f 5164/5164/5164 5165/5165/5165 5166/5166/5166
f 5167/5167/5167 5168/5168/5168 5169/5169/5169
f 5170/5170/5170 5171/5171/5171 5172/5172/5172
f 5173/5173/5173 5174/5174/5174 5175/5175/5175
f 5176/5176/5176 5177/5177/5177 5178/5178/5178
f 5179/5179/5179 5180/5180/5180 5181/5181/5181
f 5182/5182/5182 5183/5183/5183 5184/5184/5184
f 5185/5185/5185 5186/5186/5186 5187/5187/5187
f 5188/5188/5188 5189/5189/5189 5190/5190/5190
f 5191/5191/5191 5192/5192/5192 5193/5193/5193
f 5194/5194/5194 5195/5195/5195 5196/5196/5196
f 5197/5197/5197 5198/5198/5198 5199/5199/5199
f 5200/5200/5200 5201/5201/5201 5202/5202/5202
f 5203/5203/5203 5204/5204/5204 5205/5205/5205
f 5206/5206/5206 5207/5207/5207 5208/5208/5208
f 5209/5209/5209 5210/5210/5210 5211/5211/5211
f 5212/5212/5212 5213/5213/5213 5214/5214/5214
f 5215/5215/5215 5216/5216/5216 5217/5217/5217
f 5218/5218/5218 5219/5219/5219 5220/5220/5220
f 5221/5221/5221 5222/5222/5222 5223/5223/5223
f 5224/5224/5224 5225/5225/5225 5226/5226/5226
f 5227/5227/5227 5228/5228/5228 5229/5229/5229
f 5230/5230/5230 5231/5231/5231 5232/5232/5232
f 5233/5233/5233 5234/5234/5234 5235/5235/5235
f 5236/5236/5236 5237/5237/5237 5238/5238/5238
f 5239/5239/5239 5240/5240/5240 5241/5241/5241
f 5242/5242/5242 5243/5243/5243 5244/5244/5244
f 5245/5245/5245 5246/5246/5246 5247/5247/5247
f 5248/5248/5248 5249/5249/5249 5250/5250/5250
f 5251/5251/5251 5252/5252/5252 5253/5253/5253
f 5254/5254/5254 5255/5255/5255 5256/5256/5256
f 5257/5257/5257 5258/5258/5258 5259/5259/5259
f 5260/5260/5260 5261/5261/5261 5262/5262/5262
f 5263/5263/5263 5264/5264/5264 5265/5265/5265
f 5266/5266/5266 5267/5267/5267 5268/5268/5268
f 5269/5269/5269 5270/5270/5270 5271/5271/5271
f 5272/5272/5272 5273/5273/5273 5274/5274/5274
f 5275/5275/5275 5276/5276/5276 5277/5277/5277
f 5278/5278/5278 5279/5279/5279 5280/5280/5280
f 5281/5281/5281 5282/5282/5282 5283/5283/5283
f 5284/5284/5284 5285/5285/5285 5286/5286/5286
f 5287/5287/5287 5288/5288/5288 5289/5289/5289
f 5290/5290/5290 5291/5291/5291 5292/5292/5292
f 5293/5293/5293 5294/5294/5294 5295/5295/5295
f 5296/5296/5296 5297/5297/5297 5298/5298/5298
f 5299/5299/5299 5300/5300/5300 5301/5301/5301
f 5302/5302/5302 5303/5303/5303 5304/5304/5304
f 5305/5305/5305 5306/5306/5306 5307/5307/5307
f 5308/5308/5308 5309/5309/5309 5310/5310/5310
f 5311/5311/5311 5312/5312/5312 5313/5313/5313
f 5314/5314/5314 5315/5315/5315 5316/5316/5316
f 5317/5317/5317 5318/5318/5318 5319/5319/5319
f 5320/5320/5320 5321/5321/5321 5322/5322/5322
f 5323/5323/5323 5324/5324/5324 5325/5325/5325
f 5326/5326/5326 5327/5327/5327 5328/5328/5328
f 5329/5329/5329 5330/5330/5330 5331/5331/5331
f 5332/5332/5332 5333/5333/5333 5334/5334/5334
f 5335/5335/5335 5336/5336/5336 5337/5337/5337
f 5338/5338/5338 5339/5339/5339 5340/5340/5340
f 5341/5341/5341 5342/5342/5342 5343/5343/5343
f 5344/5344/5344 5345/5345/5345 5346/5346/5346
f 5347/5347/5347 5348/5348/5348 5349/5349/5349
f 5350/5350/5350 5351/5351/5351 5352/5352/5352
f 5353/5353/5353 5354/5354/5354 5355/5355/5355
f 5356/5356/5356 5357/5357/5357 5358/5358/5358
f 5359/5359/5359 5360/5360/5360 5361/5361/5361
f 5362/5362/5362 5363/5363/5363 5364/5364/5364
f 5365/5365/5365 5366/5366/5366 5367/5367/5367
f 5368/5368/5368 5369/5369/5369 5370/5370/5370
f 5371/5371/5371 5372/5372/5372 5373/5373/5373
f 5374/5374/5374 5375/5375/5375 5376/5376/5376
f 5377/5377/5377 5378/5378/5378 5379/5379/5379
f 5380/5380/5380 5381/5381/5381 5382/5382/5382
f 5383/5383/5383 5384/5384/5384 5385/5385/5385
f 5386/5386/5386 5387/5387/5387 5388/5388/5388
f 5389/5389/5389 5390/5390/5390 5391/5391/5391
f 5392/5392/5392 5393/5393/5393 5394/5394/5394
f 5395/5395/5395 5396/5396/5396 5397/5397/5397
f 5398/5398/5398 5399/5399/5399 5400/5400/5400
f 5401/5401/5401 5402/5402/5402 5403/5403/5403
f 5404/5404/5404 5405/5405/5405 5406/5406/5406
f 5407/5407/5407 5408/5408/5408 5409/5409/5409
f 5410/5410/5410 5411/5411/5411 5412/5412/5412
f 5413/5413/5413 5414/5414/5414 5415/5415/5415
f 5416/5416/5416 5417/5417/5417 5418/5418/5418
f 5419/5419/5419 5420/5420/5420 5421/5421/5421
f 5422/5422/5422 5423/5423/5423 5424/5424/5424
f 5425/5425/5425 5426/5426/5426 5427/5427/5427
f 5428/5428/5428 5429/5429/5429 5430/5430/5430
f 5431/5431/5431 5432/5432/5432 5433/5433/5433
f 5434/5434/5434 5435/5435/5435 5436/5436/5436
f 5437/5437/5437 5438/5438/5438 5439/5439/5439
f 5440/5440/5440 5441/5441/5441 5442/5442/5442
f 5443/5443/5443 5444/5444/5444 5445/5445/5445
f 5446/5446/5446 5447/5447/5447 5448/5448/5448
f 5449/5449/5449 5450/5450/5450 5451/5451/5451
f 5452/5452/5452 5453/5453/5453 5454/5454/5454
f 5455/5455/5455 5456/5456/5456 5457/5457/5457
f 5458/5458/5458 5459/5459/5459 5460/5460/5460
f 5461/5461/5461 5462/5462/5462 5463/5463/5463
f 5464/5464/5464 5465/5465/5465 5466/5466/5466
f 5467/5467/5467 5468/5468/5468 5469/5469/5469
f 5470/5470/5470 5471/5471/5471 5472/5472/5472
f 5473/5473/5473 5474/5474/5474 5475/5475/5475
f 5476/5476/5476 5477/5477/5477 5478/5478/5478
f 5479/5479/5479 5480/5480/5480 5481/5481/5481
f 5482/5482/5482 5483/5483/5483 5484/5484/5484
f 5485/5485/5485 5486/5486/5486 5487/5487/5487
f 5488/5488/5488 5489/5489/5489 5490/5490/5490
f 5491/5491/5491 5492/5492/5492 5493/5493/5493
f 5494/5494/5494 5495/5495/5495 5496/5496/5496
f 5497/5497/5497 5498/5498/5498 5499/5499/5499
f 5500/5500/5500 5501/5501/5501 5502/5502/5502
f 5503/5503/5503 5504/5504/5504 5505/5505/5505
f 5506/5506/5506 5507/5507/5507 5508/5508/5508
f 5509/5509/5509 5510/5510/5510 5511/5511/5511
f 5512/5512/5512 5513/5513/5513 5514/5514/5514
f 5515/5515/5515 5516/5516/5516 5517/5517/5517
f 5518/5518/5518 5519/5519/5519 5520/5520/5520
f 5521/5521/5521 5522/5522/5522 5523/5523/5523
f 5524/5524/5524 5525/5525/5525 5526/5526/5526
f 5527/5527/5527 5528/5528/5528 5529/5529/5529
f 5530/5530/5530 5531/5531/5531 5532/5532/5532
f 5533/5533/5533 5534/5534/5534 5535/5535/5535
f 5536/5536/5536 5537/5537/5537 5538/5538/5538
f 5539/5539/5539 5540/5540/5540 5541/5541/5541
f 5542/5542/5542 5543/5543/5543 5544/5544/5544
f 5545/5545/5545 5546/5546/5546 5547/5547/5547
f 5548/5548/5548 5549/5549/5549 5550/5550/5550
f 5551/5551/5551 5552/5552/5552 5553/5553/5553
f 5554/5554/5554 5555/5555/5555 5556/5556/5556
f 5557/5557/5557 5558/5558/5558 5559/5559/5559
f 5560/5560/5560 5561/5561/5561 5562/5562/5562
f 5563/5563/5563 5564/5564/5564 5565/5565/5565
f 5566/5566/5566 5567/5567/5567 5568/5568/5568
f 5569/5569/5569 5570/5570/5570 5571/5571/5571
f 5572/5572/5572 5573/5573/5573 5574/5574/5574
f 5575/5575/5575 5576/5576/5576 5577/5577/5577
f 5578/5578/5578 5579/5579/5579 5580/5580/5580
f 5581/5581/5581 5582/5582/5582 5583/5583/5583
f 5584/5584/5584 5585/5585/5585 5586/5586/5586
f 5587/5587/5587 5588/5588/5588 5589/5589/5589
f 5590/5590/5590 5591/5591/5591 5592/5592/5592
f 5593/5593/5593 5594/5594/5594 5595/5595/5595
f 5596/5596/5596 5597/5597/5597 5598/5598/5598
f 5599/5599/5599 5600/5600/5600 5601/5601/5601
f 5602/5602/5602 5603/5603/5603 5604/5604/5604
f 5605/5605/5605 5606/5606/5606 5607/5607/5607
f 5608/5608/5608 5609/5609/5609 5610/5610/5610
f 5611/5611/5611 5612/5612/5612 5613/5613/5613
f 5614/5614/5614 5615/5615/5615 5616/5616/5616
f 5617/5617/5617 5618/5618/5618 5619/5619/5619
f 5620/5620/5620 5621/5621/5621 5622/5622/5622
f 5623/5623/5623 5624/5624/5624 5625/5625/5625
f 5626/5626/5626 5627/5627/5627 5628/5628/5628
f 5629/5629/5629 5630/5630/5630 5631/5631/5631
f 5632/5632/5632 5633/5633/5633 5634/5634/5634
f 5635/5635/5635 5636/5636/5636 5637/5637/5637
f 5638/5638/5638 5639/5639/5639 5640/5640/5640
f 5641/5641/5641 5642/5642/5642 5643/5643/5643
f 5644/5644/5644 5645/5645/5645 5646/5646/5646
f 5647/5647/5647 5648/5648/5648 5649/5649/5649
f 5650/5650/5650 5651/5651/5651 5652/5652/5652
f 5653/5653/5653 5654/5654/5654 5655/5655/5655
f 5656/5656/5656 5657/5657/5657 5658/5658/5658
f 5659/5659/5659 5660/5660/5660 5661/5661/5661
f 5662/5662/5662 5663/5663/5663 5664/5664/5664
f 5665/5665/5665 5666/5666/5666 5667/5667/5667
f 5668/5668/5668 5669/5669/5669 5670/5670/5670
f 5671/5671/5671 5672/5672/5672 5673/5673/5673
f 5674/5674/5674 5675/5675/5675 5676/5676/5676
f 5677/5677/5677 5678/5678/5678 5679/5679/5679
f 5680/5680/5680 5681/5681/5681 5682/5682/5682
f 5683/5683/5683 5684/5684/5684 5685/5685/5685
f 5686/5686/5686 5687/5687/5687 5688/5688/5688
f 5689/5689/5689 5690/5690/5690 5691/5691/5691
f 5692/5692/5692 5693/5693/5693 5694/5694/5694
f 5695/5695/5695 5696/5696/5696 5697/5697/5697
f 5698/5698/5698 5699/5699/5699 5700/5700/5700
f 5701/5701/5701 5702/5702/5702 5703/5703/5703
f 5704/5704/5704 5705/5705/5705 5706/5706/5706
f 5707/5707/5707 5708/5708/5708 5709/5709/5709
f 5710/5710/5710 5711/5711/5711 5712/5712/5712
f 5713/5713/5713 5714/5714/5714 5715/5715/5715
f 5716/5716/5716 5717/5717/5717 5718/5718/5718
f 5719/5719/5719 5720/5720/5720 5721/5721/5721
f 5722/5722/5722 5723/5723/5723 5724/5724/5724
f 5725/5725/5725 5726/5726/5726 5727/5727/5727
f 5728/5728/5728 5729/5729/5729 5730/5730/5730
f 5731/5731/5731 5732/5732/5732 5733/5733/5733
f 5734/5734/5734 5735/5735/5735 5736/5736/5736
f 5737/5737/5737 5738/5738/5738 5739/5739/5739
f 5740/5740/5740 5741/5741/5741 5742/5742/5742
f 5743/5743/5743 5744/5744/5744 5745/5745/5745
f 5746/5746/5746 5747/5747/5747 5748/5748/5748
f 5749/5749/5749 5750/5750/5750 5751/5751/5751
f 5752/5752/5752 5753/5753/5753 5754/5754/5754
f 5755/5755/5755 5756/5756/5756 5757/5757/5757
f 5758/5758/5758 5759/5759/5759 5760/5760/5760
f 5761/5761/5761 5762/5762/5762 5763/5763/5763
f 5764/5764/5764 5765/5765/5765 5766/5766/5766
f 5767/5767/5767 5768/5768/5768 5769/5769/5769
f 5770/5770/5770 5771/5771/5771 5772/5772/5772
f 5773/5773/5773 5774/5774/5774 5775/5775/5775
f 5776/5776/5776 5777/5777/5777 5778/5778/5778
f 5779/5779/5779 5780/5780/5780 5781/5781/5781
f 5782/5782/5782 5783/5783/5783 5784/5784/5784
f 5785/5785/5785 5786/5786/5786 5787/5787/5787
f 5788/5788/5788 5789/5789/5789 5790/5790/5790
f 5791/5791/5791 5792/5792/5792 5793/5793/5793
f 5794/5794/5794 5795/5795/5795 5796/5796/5796
f 5797/5797/5797 5798/5798/5798 5799/5799/5799
f 5800/5800/5800 5801/5801/5801 5802/5802/5802
f 5803/5803/5803 5804/5804/5804 5805/5805/5805
f 5806/5806/5806 5807/5807/5807 5808/5808/5808
f 5809/5809/5809 5810/5810/5810 5811/5811/5811
f 5812/5812/5812 5813/5813/5813 5814/5814/5814
f 5815/5815/5815 5816/5816/5816 5817/5817/5817
f 5818/5818/5818 5819/5819/5819 5820/5820/5820
f 5821/5821/5821 5822/5822/5822 5823/5823/5823
f 5824/5824/5824 5825/5825/5825 5826/5826/5826
f 5827/5827/5827 5828/5828/5828 5829/5829/5829
f 5830/5830/5830 5831/5831/5831 5832/5832/5832
f 5833/5833/5833 5834/5834/5834 5835/5835/5835
f 5836/5836/5836 5837/5837/5837 5838/5838/5838
f 5839/5839/5839 5840/5840/5840 5841/5841/5841
f 5842/5842/5842 5843/5843/5843 5844/5844/5844
f 5845/5845/5845 5846/5846/5846 5847/5847/5847
f 5848/5848/5848 5849/5849/5849 5850/5850/5850
f 5851/5851/5851 5852/5852/5852 5853/5853/5853
f 5854/5854/5854 5855/5855/5855 5856/5856/5856
f 5857/5857/5857 5858/5858/5858 5859/5859/5859
f 5860/5860/5860 5861/5861/5861 5862/5862/5862
f 5863/5863/5863 5864/5864/5864 5865/5865/5865
f 5866/5866/5866 5867/5867/5867 5868/5868/5868
f 5869/5869/5869 5870/5870/5870 5871/5871/5871
f 5872/5872/5872 5873/5873/5873 5874/5874/5874
f 5875/5875/5875 5876/5876/5876 5877/5877/5877
f 5878/5878/5878 5879/5879/5879 5880/5880/5880
f 5881/5881/5881 5882/5882/5882 5883/5883/5883
f 5884/5884/5884 5885/5885/5885 5886/5886/5886
f 5887/5887/5887 5888/5888/5888 5889/5889/5889
f 5890/5890/5890 5891/5891/5891 5892/5892/5892
f 5893/5893/5893 5894/5894/5894 5895/5895/5895
f 5896/5896/5896 5897/5897/5897 5898/5898/5898
f 5899/5899/5899 5900/5900/5900 5901/5901/5901
f 5902/5902/5902 5903/5903/5903 5904/5904/5904
f 5905/5905/5905 5906/5906/5906 5907/5907/5907
f 5908/5908/5908 5909/5909/5909 5910/5910/5910
f 5911/5911/5911 5912/5912/5912 5913/5913/5913
f 5914/5914/5914 5915/5915/5915 5916/5916/5916
f 5917/5917/5917 5918/5918/5918 5919/5919/5919
f 5920/5920/5920 5921/5921/5921 5922/5922/5922
f 5923/5923/5923 5924/5924/5924 5925/5925/5925
f 5926/5926/5926 5927/5927/5927 5928/5928/5928
f 5929/5929/5929 5930/5930/5930 5931/5931/5931
f 5932/5932/5932 5933/5933/5933 5934/5934/5934
f 5935/5935/5935 5936/5936/5936 5937/5937/5937
f 5938/5938/5938 5939/5939/5939 5940/5940/5940
f 5941/5941/5941 5942/5942/5942 5943/5943/5943
f 5944/5944/5944 5945/5945/5945 5946/5946/5946
f 5947/5947/5947 5948/5948/5948 5949/5949/5949
f 5950/5950/5950 5951/5951/5951 5952/5952/5952
f 5953/5953/5953 5954/5954/5954 5955/5955/5955
f 5956/5956/5956 5957/5957/5957 5958/5958/5958
f 5959/5959/5959 5960/5960/5960 5961/5961/5961
f 5962/5962/5962 5963/5963/5963 5964/5964/5964
f 5965/5965/5965 5966/5966/5966 5967/5967/5967
f 5968/5968/5968 5969/5969/5969 5970/5970/5970
f 5971/5971/5971 5972/5972/5972 5973/5973/5973
f 5974/5974/5974 5975/5975/5975 5976/5976/5976
f 5977/5977/5977 5978/5978/5978 5979/5979/5979
f 5980/5980/5980 5981/5981/5981 5982/5982/5982
f 5983/5983/5983 5984/5984/5984 5985/5985/5985
f 5986/5986/5986 5987/5987/5987 5988/5988/5988
f 5989/5989/5989 5990/5990/5990 5991/5991/5991
f 5992/5992/5992 5993/5993/5993 5994/5994/5994
f 5995/5995/5995 5996/5996/5996 5997/5997/5997
f 5998/5998/5998 5999/5999/5999 6000/6000/6000
f 6001/6001/6001 6002/6002/6002 6003/6003/6003
f 6004/6004/6004 6005/6005/6005 6006/6006/6006
f 6007/6007/6007 6008/6008/6008 6009/6009/6009
f 6010/6010/6010 6011/6011/6011 6012/6012/6012
f 6013/6013/6013 6014/6014/6014 6015/6015/6015
f 6016/6016/6016 6017/6017/6017 6018/6018/6018
f 6019/6019/6019 6020/6020/6020 6021/6021/6021
f 6022/6022/6022 6023/6023/6023 6024/6024/6024
f 6025/6025/6025 6026/6026/6026 6027/6027/6027
f 6028/6028/6028 6029/6029/6029 6030/6030/6030
f 6031/6031/6031 6032/6032/6032 6033/6033/6033
f 6034/6034/6034 6035/6035/6035 6036/6036/6036
f 6037/6037/6037 6038/6038/6038 6039/6039/6039
f 6040/6040/6040 6041/6041/6041 6042/6042/6042
f 6043/6043/6043 6044/6044/6044 6045/6045/6045
f 6046/6046/6046 6047/6047/6047 6048/6048/6048
f 6049/6049/6049 6050/6050/6050 6051/6051/6051
f 6052/6052/6052 6053/6053/6053 6054/6054/6054
f 6055/6055/6055 6056/6056/6056 6057/6057/6057
f 6058/6058/6058 6059/6059/6059 6060/6060/6060
f 6061/6061/6061 6062/6062/6062 6063/6063/6063
f 6064/6064/6064 6065/6065/6065 6066/6066/6066
f 6067/6067/6067 6068/6068/6068 6069/6069/6069
f 6070/6070/6070 6071/6071/6071 6072/6072/6072
f 6073/6073/6073 6074/6074/6074 6075/6075/6075
f 6076/6076/6076 6077/6077/6077 6078/6078/6078
f 6079/6079/6079 6080/6080/6080 6081/6081/6081
f 6082/6082/6082 6083/6083/6083 6084/6084/6084
f 6085/6085/6085 6086/6086/6086 6087/6087/6087
f 6088/6088/6088 6089/6089/6089 6090/6090/6090
f 6091/6091/6091 6092/6092/6092 6093/6093/6093
f 6094/6094/6094 6095/6095/6095 6096/6096/6096
f 6097/6097/6097 6098/6098/6098 6099/6099/6099
f 6100/6100/6100 6101/6101/6101 6102/6102/6102
f 6103/6103/6103 6104/6104/6104 6105/6105/6105
f 6106/6106/6106 6107/6107/6107 6108/6108/6108
f 6109/6109/6109 6110/6110/6110 6111/6111/6111
f 6112/6112/6112 6113/6113/6113 6114/6114/6114
f 6115/6115/6115 6116/6116/6116 6117/6117/6117
f 6118/6118/6118 6119/6119/6119 6120/6120/6120
f 6121/6121/6121 6122/6122/6122 6123/6123/6123
f 6124/6124/6124 6125/6125/6125 6126/6126/6126
f 6127/6127/6127 6128/6128/6128 6129/6129/6129
f 6130/6130/6130 6131/6131/6131 6132/6132/6132
f 6133/6133/6133 6134/6134/6134 6135/6135/6135
f 6136/6136/6136 6137/6137/6137 6138/6138/6138
f 6139/6139/6139 6140/6140/6140 6141/6141/6141
f 6142/6142/6142 6143/6143/6143 6144/6144/6144
