o archkatana_wrapsplit2
usemtl Meshpart1Mtl
v 0.15261046588420868 -0.4261369039171552 0.024831999093294144
v 0.1962144672870636 -0.38216703430350774 -0.001436999998986721
v 0.16890446841716766 -0.3845569421404218 0.036090999841690063
v 0.1962144672870636 -0.38216703430350774 -0.001436999998986721
v 0.15261046588420868 -0.4261369039171552 0.024831999093294144
v 0.17172746360301971 -0.42446702018912785 -0.001436999998986721
v 0.15261046588420868 -0.4261369039171552 -0.027705999091267586
v 0.1962144672870636 -0.38216703430350774 -0.001436999998986721
v 0.17172746360301971 -0.42446702018912785 -0.001436999998986721
v 0.1962144672870636 -0.38216703430350774 -0.001436999998986721
v 0.15261046588420868 -0.4261369039171552 -0.027705999091267586
v 0.16890446841716766 -0.3845569421404218 -0.03896399959921837
v 0.13776546716690063 0.47639302119080074 0.03802900016307831
v 0.1881614625453949 0.41468302115265376 -0.0409029982984066
v 0.13776546716690063 0.47639302119080074 -0.0409029982984066
v 0.1881614625453949 0.41468302115265376 -0.0409029982984066
v 0.13776546716690063 0.47639302119080074 0.03802900016307831
v 0.1881614625453949 0.41468302115265376 0.03802900016307831
v 0.1846594661474228 -0.47352688804801457 -0.05922900140285492
v 0.17172746360301971 -0.42446702018912785 -0.001436999998986721
v 0.21524746716022491 -0.4708468248003339 -0.001436999998986721
v 0.1846594661474228 -0.47352688804801457 -0.05922900140285492
v 0.21524746716022491 -0.4708468248003339 -0.001436999998986721
v 0.12214446067810059 -0.6094869901293134 -0.001436999998986721
v 0.17172746360301971 -0.42446702018912785 -0.001436999998986721
v 0.1846594661474228 -0.47352688804801457 0.05635499954223633
v 0.21524746716022491 -0.4708468248003339 -0.001436999998986721
v 0.21524746716022491 -0.4708468248003339 -0.001436999998986721
v 0.1846594661474228 -0.47352688804801457 0.05635499954223633
v 0.12214446067810059 -0.6094869901293134 -0.001436999998986721
v 0.2478264570236206 0.7540030847436572 0.059762999415397644
v 0.2317444533109665 0.4439030061608935 -0.001436999998986721
v 0.26763245463371277 0.7778330217248584 -0.001436999998986721
v 0.2317444533109665 0.4439030061608935 -0.001436999998986721
v 0.2478264570236206 0.7540030847436572 0.059762999415397644
v 0.20729246735572815 0.462953008258977 0.059762999415397644
v 0.2317444533109665 0.4439030061608935 -0.001436999998986721
v 0.2478264570236206 0.7540030847436572 -0.06263600289821625
v 0.26763245463371277 0.7778330217248584 -0.001436999998986721
v 0.2478264570236206 0.7540030847436572 -0.06263600289821625
v 0.2317444533109665 0.4439030061608935 -0.001436999998986721
v 0.20729246735572815 0.462953008258977 -0.06263600289821625
v 0.14239546656608582 0.282193012083211 -0.028257999569177628
v 0.15478946268558502 0.23545307620827205 -0.001436999998986721
v 0.13082446157932281 0.23545307620827205 -0.0342399999499321
v 0.15478946268558502 0.23545307620827205 -0.001436999998986721
v 0.14239546656608582 0.282193012083211 0.025384999811649323
v 0.13082446157932281 0.23545307620827205 0.03136700019240379
v 0.12127445638179779 0.09105304583374507 -0.02768000029027462
v 0.14042745530605316 0.09147302016083247 -0.001436999998986721
v 0.14242945611476898 -0.05250700608428471 -0.001436999998986721
v 0.14042745530605316 0.09147302016083247 -0.001436999998986721
v 0.12127445638179779 0.09105304583374507 0.024806000292301178
v 0.14242945611476898 -0.05250700608428471 -0.001436999998986721
v 0.13842545449733734 0.23545307620827205 -0.001436999998986721
v 0.14042745530605316 0.09147302016083247 -0.001436999998986721
v 0.12127445638179779 0.09105304583374507 -0.02768000029027462
v 0.14042745530605316 0.09147302016083247 -0.001436999998986721
v 0.13842545449733734 0.23545307620827205 -0.001436999998986721
v 0.12127445638179779 0.09105304583374507 0.024806000292301178
v 0.1353144645690918 -0.2098569129460668 -0.02768000029027462
v 0.15443146228790283 -0.2086068843358373 -0.001436999998986721
v 0.16643346846103668 -0.36469691291984074 -0.001436999998986721
v 0.15443146228790283 -0.2086068843358373 -0.001436999998986721
v 0.1353144645690918 -0.2098569129460668 0.024806000292301178
v 0.16643346846103668 -0.36469691291984074 -0.001436999998986721
v 0.14242945611476898 -0.05250700608428471 -0.001436999998986721
v 0.15443146228790283 -0.2086068843358373 -0.001436999998986721
v 0.1353144645690918 -0.2098569129460668 -0.02768000029027462
v 0.15443146228790283 -0.2086068843358373 -0.001436999998986721
v 0.14242945611476898 -0.05250700608428471 -0.001436999998986721
v 0.1353144645690918 -0.2098569129460668 0.024806000292301178
v 0.1881614625453949 0.41468302115265376 0.03802900016307831
v 0.07297046482563019 0.2912630508786822 0.055309001356363297
v 0.07297046482563019 0.2706930111295367 0.03802900016307831
v 0.07297046482563019 0.2912630508786822 0.055309001356363297
v 0.1881614625453949 0.41468302115265376 0.03802900016307831
v 0.16783346235752106 0.4098430047876025 0.055309001356363297
v 0.1881614625453949 0.41468302115265376 -0.0409029982984066
v 0.07297046482563019 0.2912630508786822 -0.0581820011138916
v 0.16783346235752106 0.4098430047876025 -0.0581820011138916
v 0.1881614625453949 0.41468302115265376 -0.0409029982984066
v 0.07297046482563019 0.2706930111295367 -0.0409029982984066
v 0.07297046482563019 0.2912630508786822 -0.0581820011138916
v 0.1881614625453949 0.41468302115265376 0.03802900016307831
v 0.07297046482563019 0.2698730896360064 -0.001436999998986721
v 0.1881614625453949 0.41468302115265376 -0.0409029982984066
v 0.1881614625453949 0.41468302115265376 -0.0409029982984066
v 0.07297046482563019 0.2698730896360064 -0.001436999998986721
v 0.07297046482563019 0.2706930111295367 -0.0409029982984066
v 0.07297046482563019 0.2698730896360064 -0.001436999998986721
v 0.1881614625453949 0.41468302115265376 0.03802900016307831
v 0.07297046482563019 0.2706930111295367 0.03802900016307831
v 0.1611674576997757 -0.36515706077750676 -0.03555300086736679
v 0.1962144672870636 -0.38216703430350774 -0.001436999998986721
v 0.16890446841716766 -0.3845569421404218 -0.03896399959921837
v 0.1611674576997757 -0.36515706077750676 -0.03555300086736679
v 0.1859944611787796 -0.36298697487052434 -0.001436999998986721
v 0.1962144672870636 -0.38216703430350774 -0.001436999998986721
v 0.1611674576997757 -0.36515706077750676 0.0326789990067482
v 0.1962144672870636 -0.38216703430350774 -0.001436999998986721
v 0.1859944611787796 -0.36298697487052434 -0.001436999998986721
v 0.1962144672870636 -0.38216703430350774 -0.001436999998986721
v 0.1611674576997757 -0.36515706077750676 0.0326789990067482
v 0.16890446841716766 -0.3845569421404218 0.036090999841690063
v 0.07297046482563019 0.7289830814248706 -0.001436999998986721
v 0.26763245463371277 0.7778330217248584 -0.001436999998986721
v 0.2478264570236206 0.7540030847436572 -0.06263600289821625
v 0.07297046482563019 0.7289830814248706 -0.001436999998986721
v 0.2478264570236206 0.7540030847436572 -0.06263600289821625
v 0.07297046482563019 0.6980029712564135 -0.06263600289821625
v 0.07297046482563019 0.7289830814248706 -0.001436999998986721
v 0.2478264570236206 0.7540030847436572 0.059762999415397644
v 0.26763245463371277 0.7778330217248584 -0.001436999998986721
v 0.2478264570236206 0.7540030847436572 0.059762999415397644
v 0.07297046482563019 0.7289830814248706 -0.001436999998986721
v 0.07297046482563019 0.6980029712564135 0.059762999415397644
v 0.07297046482563019 0.7289830814248706 -0.001436999998986721
v -0.10188653320074081 0.7540030847436572 -0.06263600289821625
v -0.12169354408979416 0.7778330217248584 -0.001436999998986721
v -0.10188653320074081 0.7540030847436572 -0.06263600289821625
v 0.07297046482563019 0.7289830814248706 -0.001436999998986721
v 0.07297046482563019 0.6980029712564135 -0.06263600289821625
v -0.10188653320074081 0.7540030847436572 0.059762999415397644
v 0.07297046482563019 0.7289830814248706 -0.001436999998986721
v -0.12169354408979416 0.7778330217248584 -0.001436999998986721
v -0.10188653320074081 0.7540030847436572 0.059762999415397644
v 0.07297046482563019 0.6980029712564135 0.059762999415397644
v 0.07297046482563019 0.7289830814248706 -0.001436999998986721
v 0.008174452930688858 0.47639302119080074 0.03802900016307831
v 0.13776546716690063 0.47639302119080074 0.03802900016307831
v 0.13776546716690063 0.47639302119080074 -0.0409029982984066
v 0.008174452930688858 0.47639302119080074 0.03802900016307831
v 0.13776546716690063 0.47639302119080074 -0.0409029982984066
v 0.008174452930688858 0.47639302119080074 -0.0409029982984066
v 0.01960945501923561 0.4606629978067065 0.055309001356363297
v 0.12633046507835388 0.4606629978067065 0.055309001356363297
v 0.13776546716690063 0.47639302119080074 0.03802900016307831
v 0.01960945501923561 0.4606629978067065 0.055309001356363297
v 0.13776546716690063 0.47639302119080074 0.03802900016307831
v 0.008174452930688858 0.47639302119080074 0.03802900016307831
v 0.008174452930688858 0.47639302119080074 -0.0409029982984066
v 0.13776546716690063 0.47639302119080074 -0.0409029982984066
v 0.12633046507835388 0.4606629978067065 -0.0581820011138916
v 0.008174452930688858 0.47639302119080074 -0.0409029982984066
v 0.12633046507835388 0.4606629978067065 -0.0581820011138916
v 0.01960945501923561 0.4606629978067065 -0.0581820011138916
v 0.17172746360301971 -0.42446702018912785 -0.001436999998986721
v 0.1846594661474228 -0.47352688804801457 -0.05922900140285492
v 0.15261046588420868 -0.4261369039171552 -0.027705999091267586
v 0.15261046588420868 -0.4261369039171552 0.024831999093294144
v 0.1846594661474228 -0.47352688804801457 0.05635499954223633
v 0.17172746360301971 -0.42446702018912785 -0.001436999998986721
v 0.14239546656608582 0.282193012083211 0.025384999811649323
v 0.07297046482563019 0.29194302066627986 0.026065999642014503
v 0.07297046482563019 0.282193012083211 0.03649500012397766
v 0.07297046482563019 0.29194302066627986 -0.02893899939954281
v 0.14239546656608582 0.282193012083211 -0.028257999569177628
v 0.07297046482563019 0.282193012083211 -0.039367999881505966
v 0.0035444539971649647 0.282193012083211 -0.028257999569177628
v 0.07297046482563019 0.29194302066627986 -0.02893899939954281
v 0.07297046482563019 0.282193012083211 -0.039367999881505966
v 0.07297046482563019 0.29194302066627986 0.026065999642014503
v 0.0035444539971649647 0.282193012083211 0.025384999811649323
v 0.07297046482563019 0.282193012083211 0.03649500012397766
v 0.10122646391391754 -0.3703970243090009 -0.04968399927020073
v 0.14733447134494781 -0.3663670350664472 -0.02768000029027462
v 0.1611674576997757 -0.36515706077750676 -0.03555300086736679
v 0.14733447134494781 -0.3663670350664472 -0.02768000029027462
v 0.10122646391391754 -0.3703970243090009 -0.04968399927020073
v 0.10122646391391754 -0.3703970243090009 -0.0385500006377697
v 0.16643346846103668 -0.36469691291984074 -0.001436999998986721
v 0.1611674576997757 -0.36515706077750676 -0.03555300086736679
v 0.14733447134494781 -0.3663670350664472 -0.02768000029027462
v 0.1611674576997757 -0.36515706077750676 -0.03555300086736679
v 0.16643346846103668 -0.36469691291984074 -0.001436999998986721
v 0.1859944611787796 -0.36298697487052434 -0.001436999998986721
v 0.10297046601772308 -0.3903269101732587 0.051635000854730606
v 0.15261046588420868 -0.4261369039171552 0.024831999093294144
v 0.16890446841716766 -0.3845569421404218 0.036090999841690063
v 0.15261046588420868 -0.4261369039171552 0.024831999093294144
v 0.10297046601772308 -0.3903269101732587 0.051635000854730606
v 0.106456458568573 -0.4301769067400312 0.03571299836039543
v 0.06030246615409851 -0.4342068959825849 0.024831999093294144
v 0.10297046601772308 -0.3903269101732587 0.051635000854730606
v 0.037035465240478516 -0.3960968782060956 0.036090999841690063
v 0.10297046601772308 -0.3903269101732587 0.051635000854730606
v 0.06030246615409851 -0.4342068959825849 0.024831999093294144
v 0.106456458568573 -0.4301769067400312 0.03571299836039543
v 0.07297046482563019 0.6980029712564135 0.059762999415397644
v 0.2100214660167694 0.7030929695016528 0.09036300331354141
v 0.2478264570236206 0.7540030847436572 0.059762999415397644
v 0.2100214660167694 0.7030929695016528 0.09036300331354141
v 0.07297046482563019 0.6980029712564135 0.059762999415397644
v 0.07297046482563019 0.6610430847055102 0.09036300331354141
v 0.07297046482563019 0.6980029712564135 0.059762999415397644
v -0.10188653320074081 0.7540030847436572 0.059762999415397644
v -0.06408252567052841 0.7030929695016528 0.09036300331354141
v 0.07297046482563019 0.6980029712564135 0.059762999415397644
v -0.06408252567052841 0.7030929695016528 0.09036300331354141
v 0.07297046482563019 0.6610430847055102 0.09036300331354141
v 0.13613946735858917 0.5225230823403979 0.06025300174951553
v 0.07297046482563019 0.49628297194305904 0.06025300174951553
v 0.07297046482563019 0.44080296858612544 0.09036300331354141
v 0.07297046482563019 0.44080296858612544 0.09036300331354141
v 0.1782514601945877 0.48453298910919673 0.09036300331354141
v 0.13613946735858917 0.5225230823403979 0.06025300174951553
v 0.009800467640161514 0.5225230823403979 0.06025300174951553
v 0.07297046482563019 0.44080296858612544 0.09036300331354141
v 0.07297046482563019 0.49628297194305904 0.06025300174951553
v 0.07297046482563019 0.44080296858612544 0.09036300331354141
v 0.009800467640161514 0.5225230823403979 0.06025300174951553
v -0.0323125384747982 0.48453298910919673 0.09036300331354141
v 0.008174452930688858 0.47639302119080074 0.03802900016307831
v -0.02189352735877037 0.4098430047876025 0.055309001356363297
v 0.01960945501923561 0.4606629978067065 0.055309001356363297
v -0.02189352735877037 0.4098430047876025 0.055309001356363297
v 0.008174452930688858 0.47639302119080074 0.03802900016307831
v -0.0422225259244442 0.41468302115265376 0.03802900016307831
v 0.1881614625453949 0.41468302115265376 0.03802900016307831
v 0.13776546716690063 0.47639302119080074 0.03802900016307831
v 0.16783346235752106 0.4098430047876025 0.055309001356363297
v 0.16783346235752106 0.4098430047876025 0.055309001356363297
v 0.13776546716690063 0.47639302119080074 0.03802900016307831
v 0.12633046507835388 0.4606629978067065 0.055309001356363297
v 0.12330746650695801 0.3390330444223071 0.018011000007390976
v 0.1711534708738327 0.282193012083211 -0.001436999998986721
v 0.14415745437145233 0.3619730840570117 -0.001436999998986721
v 0.1711534708738327 0.282193012083211 -0.001436999998986721
v 0.12330746650695801 0.3390330444223071 0.018011000007390976
v 0.14239546656608582 0.282193012083211 0.025384999811649323
v 0.07297046482563019 0.29194302066627986 0.026065999642014503
v 0.14239546656608582 0.282193012083211 0.025384999811649323
v 0.12330746650695801 0.3390330444223071 0.018011000007390976
v 0.0017824511742219329 0.3619730840570117 -0.001436999998986721
v -0.025213535875082016 0.282193012083211 -0.001436999998986721
v 0.02263246849179268 0.3390330444223071 0.018011000007390976
v 0.02263246849179268 0.3390330444223071 0.018011000007390976
v -0.025213535875082016 0.282193012083211 -0.001436999998986721
v 0.0035444539971649647 0.282193012083211 0.025384999811649323
v 0.07297046482563019 0.29194302066627986 0.026065999642014503
v 0.02263246849179268 0.3390330444223071 0.018011000007390976
v 0.0035444539971649647 0.282193012083211 0.025384999811649323
v -0.06135353073477745 0.462953008258977 0.059762999415397644
v -0.06408252567052841 0.7030929695016528 0.09036300331354141
v -0.10188653320074081 0.7540030847436572 0.059762999415397644
v -0.06408252567052841 0.7030929695016528 0.09036300331354141
v -0.06135353073477745 0.462953008258977 0.059762999415397644
v -0.0323125384747982 0.48453298910919673 0.09036300331354141
v 0.06030246615409851 -0.4342068959825849 0.024831999093294144
v 0.11081446707248688 -0.4799868394487714 0.08029399812221527
v 0.106456458568573 -0.4301769067400312 0.03571299836039543
v 0.11081446707248688 -0.4799868394487714 0.08029399812221527
v 0.06030246615409851 -0.4342068959825849 0.024831999093294144
v 0.036967456340789795 -0.48644702926810734 0.05635499954223633
v 0.11081446707248688 -0.4799868394487714 0.08029399812221527
v 0.036967456340789795 -0.48644702926810734 0.05635499954223633
v 0.12214446067810059 -0.6094869901293134 -0.001436999998986721
v 0.20729246735572815 0.462953008258977 0.059762999415397644
v 0.2478264570236206 0.7540030847436572 0.059762999415397644
v 0.2100214660167694 0.7030929695016528 0.09036300331354141
v 0.20729246735572815 0.462953008258977 0.059762999415397644
v 0.2100214660167694 0.7030929695016528 0.09036300331354141
v 0.1782514601945877 0.48453298910919673 0.09036300331354141
v 0.07297046482563019 0.2912630508786822 0.055309001356363297
v 0.16783346235752106 0.4098430047876025 0.055309001356363297
v 0.13116146624088287 0.4011130700952197 0.03724899888038635
v 0.07297046482563019 0.2912630508786822 0.055309001356363297
v 0.13116146624088287 0.4011130700952197 0.03724899888038635
v 0.07297046482563019 0.32837299212280757 0.03724899888038635
v 0.106456458568573 -0.4301769067400312 0.03571299836039543
v 0.11081446707248688 -0.4799868394487714 0.08029399812221527
v 0.15261046588420868 -0.4261369039171552 0.024831999093294144
v 0.15261046588420868 -0.4261369039171552 0.024831999093294144
v 0.11081446707248688 -0.4799868394487714 0.08029399812221527
v 0.1846594661474228 -0.47352688804801457 0.05635499954223633
v 0.1846594661474228 -0.47352688804801457 0.05635499954223633
v 0.11081446707248688 -0.4799868394487714 0.08029399812221527
v 0.12214446067810059 -0.6094869901293134 -0.001436999998986721
v 0.07297046482563019 0.2912630508786822 0.055309001356363297
v 0.014778468757867813 0.4011130700952197 0.03724899888038635
v -0.02189352735877037 0.4098430047876025 0.055309001356363297
v 0.014778468757867813 0.4011130700952197 0.03724899888038635
v 0.07297046482563019 0.2912630508786822 0.055309001356363297
v 0.07297046482563019 0.32837299212280757 0.03724899888038635
v -0.025213535875082016 0.282193012083211 -0.001436999998986721
v -0.008849527686834335 0.23545307620827205 -0.001436999998986721
v 0.0035444539971649647 0.282193012083211 0.025384999811649323
v 0.0035444539971649647 0.282193012083211 0.025384999811649323
v 0.015115473419427872 0.23545307620827205 0.03136700019240379
v 0.07297046482563019 0.282193012083211 0.03649500012397766
v 0.07297046482563019 0.282193012083211 0.03649500012397766
v 0.015115473419427872 0.23545307620827205 0.03136700019240379
v 0.07297046482563019 0.23545307620827205 0.04495500028133392
v 0.14239546656608582 0.282193012083211 0.025384999811649323
v 0.15478946268558502 0.23545307620827205 -0.001436999998986721
v 0.1711534708738327 0.282193012083211 -0.001436999998986721
v 0.07297046482563019 0.282193012083211 0.03649500012397766
v 0.13082446157932281 0.23545307620827205 0.03136700019240379
v 0.14239546656608582 0.282193012083211 0.025384999811649323
v 0.13082446157932281 0.23545307620827205 0.03136700019240379
v 0.07297046482563019 0.282193012083211 0.03649500012397766
v 0.07297046482563019 0.23545307620827205 0.04495500028133392
v 0.1782514601945877 0.48453298910919673 0.09036300331354141
v 0.2100214660167694 0.7030929695016528 0.09036300331354141
v 0.15520146489143372 0.6536630760080004 0.06025300174951553
v 0.1782514601945877 0.48453298910919673 0.09036300331354141
v 0.15520146489143372 0.6536630760080004 0.06025300174951553
v 0.13613946735858917 0.5225230823403979 0.06025300174951553
v 0.08916245400905609 -0.21288697466786854 0.03567599877715111
v 0.07709845900535583 -0.055366956149897506 0.03567599877715111
v 0.04301045835018158 -0.21590702280934804 0.024806000292301178
v 0.08916245400905609 -0.21288697466786854 0.03567599877715111
v 0.04301045835018158 -0.21590702280934804 0.024806000292301178
v 0.10122646391391754 -0.3703970243090009 0.03567599877715111
v -0.0323125384747982 0.48453298910919673 0.09036300331354141
v -0.009261544793844223 0.6536630760080004 0.06025300174951553
v -0.06408252567052841 0.7030929695016528 0.09036300331354141
v -0.009261544793844223 0.6536630760080004 0.06025300174951553
v -0.0323125384747982 0.48453298910919673 0.09036300331354141
v 0.009800467640161514 0.5225230823403979 0.06025300174951553
v 0.07503445446491241 0.0900429855233813 0.035677000880241394
v 0.07297046482563019 0.23545307620827205 0.035677000880241394
v 0.02879447117447853 0.08904305800262935 0.024806000292301178
v 0.07503445446491241 0.0900429855233813 0.035677000880241394
v 0.02879447117447853 0.08904305800262935 0.024806000292301178
v 0.07709845900535583 -0.055366956149897506 0.03567599877715111
v 0.12127445638179779 0.09105304583374507 0.024806000292301178
v 0.07503445446491241 0.0900429855233813 0.035677000880241394
v 0.07709845900535583 -0.055366956149897506 0.03567599877715111
v 0.07297046482563019 0.23545307620827205 0.035677000880241394
v 0.07503445446491241 0.0900429855233813 0.035677000880241394
v 0.12127445638179779 0.09105304583374507 0.024806000292301178
v 0.1353144645690918 -0.2098569129460668 0.024806000292301178
v 0.08916245400905609 -0.21288697466786854 0.03567599877715111
v 0.10122646391391754 -0.3703970243090009 0.03567599877715111
v 0.07709845900535583 -0.055366956149897506 0.03567599877715111
v 0.08916245400905609 -0.21288697466786854 0.03567599877715111
v 0.1353144645690918 -0.2098569129460668 0.024806000292301178
v 0.12633046507835388 0.4606629978067065 0.055309001356363297
v 0.13116146624088287 0.4011130700952197 0.03724899888038635
v 0.16783346235752106 0.4098430047876025 0.055309001356363297
v 0.13116146624088287 0.4011130700952197 0.03724899888038635
v 0.12633046507835388 0.4606629978067065 0.055309001356363297
v 0.1057024598121643 0.4322830806619311 0.03724899888038635
v 0.01960945501923561 0.4606629978067065 0.055309001356363297
v -0.02189352735877037 0.4098430047876025 0.055309001356363297
v 0.014778468757867813 0.4011130700952197 0.03724899888038635
v 0.01960945501923561 0.4606629978067065 0.055309001356363297
v 0.014778468757867813 0.4011130700952197 0.03724899888038635
v 0.04023745656013489 0.4322830806619311 0.03724899888038635
v 0.07297046482563019 0.4047130714303637 0.059762999415397644
v -0.0323125384747982 0.48453298910919673 0.09036300331354141
v -0.06135353073477745 0.462953008258977 0.059762999415397644
v -0.0323125384747982 0.48453298910919673 0.09036300331354141
v 0.07297046482563019 0.4047130714303637 0.059762999415397644
v 0.07297046482563019 0.44080296858612544 0.09036300331354141
v 0.07297046482563019 0.4047130714303637 0.059762999415397644
v 0.1782514601945877 0.48453298910919673 0.09036300331354141
v 0.07297046482563019 0.44080296858612544 0.09036300331354141
v 0.07297046482563019 0.4047130714303637 0.059762999415397644
v 0.20729246735572815 0.462953008258977 0.059762999415397644
v 0.1782514601945877 0.48453298910919673 0.09036300331354141
v 0.12633046507835388 0.4606629978067065 0.055309001356363297
v 0.01960945501923561 0.4606629978067065 0.055309001356363297
v 0.04023745656013489 0.4322830806619311 0.03724899888038635
v 0.12633046507835388 0.4606629978067065 0.055309001356363297
v 0.04023745656013489 0.4322830806619311 0.03724899888038635
v 0.1057024598121643 0.4322830806619311 0.03724899888038635
v 0.07297046482563019 0.6610430847055102 0.09036300331354141
v -0.06408252567052841 0.7030929695016528 0.09036300331354141
v -0.009261544793844223 0.6536630760080004 0.06025300174951553
v 0.07297046482563019 0.6610430847055102 0.09036300331354141
v -0.009261544793844223 0.6536630760080004 0.06025300174951553
v 0.07297046482563019 0.6284330259210253 0.06025300174951553
v 0.07297046482563019 0.6610430847055102 0.09036300331354141
v 0.15520146489143372 0.6536630760080004 0.06025300174951553
v 0.2100214660167694 0.7030929695016528 0.09036300331354141
v 0.15520146489143372 0.6536630760080004 0.06025300174951553
v 0.07297046482563019 0.6610430847055102 0.09036300331354141
v 0.07297046482563019 0.6284330259210253 0.06025300174951553
v 0.10297046601772308 -0.3903269101732587 0.051635000854730606
v 0.04128645360469818 -0.3756470014208173 0.0326789990067482
v 0.037035465240478516 -0.3960968782060956 0.036090999841690063
v 0.04128645360469818 -0.3756470014208173 0.0326789990067482
v 0.10297046601772308 -0.3903269101732587 0.051635000854730606
v 0.10122646391391754 -0.3703970243090009 0.046810001134872437
v 0.1611674576997757 -0.36515706077750676 0.0326789990067482
v 0.10297046601772308 -0.3903269101732587 0.051635000854730606
v 0.16890446841716766 -0.3845569421404218 0.036090999841690063
v 0.10297046601772308 -0.3903269101732587 0.051635000854730606
v 0.1611674576997757 -0.36515706077750676 0.0326789990067482
v 0.10122646391391754 -0.3703970243090009 0.046810001134872437
v 0.037035465240478516 -0.3960968782060956 -0.03896399959921837
v 0.06030246615409851 -0.4342068959825849 -0.027705999091267586
v 0.009725455194711685 -0.3984870244615888 -0.001436999998986721
v 0.009725455194711685 -0.3984870244615888 -0.001436999998986721
v 0.06030246615409851 -0.4342068959825849 -0.027705999091267586
v 0.041184455156326294 -0.4358870317095136 -0.001436999998986721
v 0.06030246615409851 -0.4342068959825849 0.024831999093294144
v 0.009725455194711685 -0.3984870244615888 -0.001436999998986721
v 0.041184455156326294 -0.4358870317095136 -0.001436999998986721
v 0.009725455194711685 -0.3984870244615888 -0.001436999998986721
v 0.06030246615409851 -0.4342068959825849 0.024831999093294144
v 0.037035465240478516 -0.3960968782060956 0.036090999841690063
v 0.008174452930688858 0.47639302119080074 -0.0409029982984066
v -0.0422225259244442 0.41468302115265376 0.03802900016307831
v 0.008174452930688858 0.47639302119080074 0.03802900016307831
v -0.0422225259244442 0.41468302115265376 0.03802900016307831
v 0.008174452930688858 0.47639302119080074 -0.0409029982984066
v -0.0422225259244442 0.41468302115265376 -0.0409029982984066
v 0.06030246615409851 -0.4342068959825849 -0.027705999091267586
v 0.006379459518939257 -0.48911684051688664 -0.001436999998986721
v 0.041184455156326294 -0.4358870317095136 -0.001436999998986721
v 0.041184455156326294 -0.4358870317095136 -0.001436999998986721
v 0.006379459518939257 -0.48911684051688664 -0.001436999998986721
v 0.06030246615409851 -0.4342068959825849 0.024831999093294144
v 0.006379459518939257 -0.48911684051688664 -0.001436999998986721
v 0.06030246615409851 -0.4342068959825849 -0.027705999091267586
v 0.036967456340789795 -0.48644702926810734 -0.05922900140285492
v 0.006379459518939257 -0.48911684051688664 -0.001436999998986721
v 0.036967456340789795 -0.48644702926810734 -0.05922900140285492
v 0.12214446067810059 -0.6094869901293134 -0.001436999998986721
v 0.06030246615409851 -0.4342068959825849 0.024831999093294144
v 0.006379459518939257 -0.48911684051688664 -0.001436999998986721
v 0.036967456340789795 -0.48644702926810734 0.05635499954223633
v 0.036967456340789795 -0.48644702926810734 0.05635499954223633
v 0.006379459518939257 -0.48911684051688664 -0.001436999998986721
v 0.12214446067810059 -0.6094869901293134 -0.001436999998986721
v -0.10188653320074081 0.7540030847436572 -0.06263600289821625
v -0.08580552786588669 0.4439030061608935 -0.001436999998986721
v -0.12169354408979416 0.7778330217248584 -0.001436999998986721
v -0.08580552786588669 0.4439030061608935 -0.001436999998986721
v -0.10188653320074081 0.7540030847436572 -0.06263600289821625
v -0.06135353073477745 0.462953008258977 -0.06263600289821625
v -0.08580552786588669 0.4439030061608935 -0.001436999998986721
v -0.10188653320074081 0.7540030847436572 0.059762999415397644
v -0.12169354408979416 0.7778330217248584 -0.001436999998986721
v -0.10188653320074081 0.7540030847436572 0.059762999415397644
v -0.08580552786588669 0.4439030061608935 -0.001436999998986721
v -0.06135353073477745 0.462953008258977 0.059762999415397644
v 0.04301045835018158 -0.21590702280934804 0.024806000292301178
v 0.02389446273446083 -0.21715705141957753 -0.001436999998986721
v 0.03602045774459839 -0.3761069108599042 -0.001436999998986721
v 0.02389446273446083 -0.21715705141957753 -0.001436999998986721
v 0.04301045835018158 -0.21590702280934804 -0.02768000029027462
v 0.03602045774459839 -0.3761069108599042 -0.001436999998986721
v 0.011767450720071793 -0.058217011844477584 -0.001436999998986721
v 0.02389446273446083 -0.21715705141957753 -0.001436999998986721
v 0.04301045835018158 -0.21590702280934804 0.024806000292301178
v 0.02389446273446083 -0.21715705141957753 -0.001436999998986721
v 0.011767450720071793 -0.058217011844477584 -0.001436999998986721
v 0.04301045835018158 -0.21590702280934804 -0.02768000029027462
v -0.008849527686834335 0.23545307620827205 -0.001436999998986721
v 0.0035444539971649647 0.282193012083211 -0.028257999569177628
v 0.015115473419427872 0.23545307620827205 -0.0342399999499321
v 0.0035444539971649647 0.282193012083211 0.025384999811649323
v -0.008849527686834335 0.23545307620827205 -0.001436999998986721
v 0.015115473419427872 0.23545307620827205 0.03136700019240379
v 0.02879447117447853 0.08904305800262935 0.024806000292301178
v 0.00964147225022316 0.08862308367554195 -0.001436999998986721
v 0.011767450720071793 -0.058217011844477584 -0.001436999998986721
v 0.00964147225022316 0.08862308367554195 -0.001436999998986721
v 0.02879447117447853 0.08904305800262935 -0.02768000029027462
v 0.011767450720071793 -0.058217011844477584 -0.001436999998986721
v 0.007514451164752245 0.23545307620827205 -0.001436999998986721
v 0.00964147225022316 0.08862308367554195 -0.001436999998986721
v 0.02879447117447853 0.08904305800262935 0.024806000292301178
v 0.00964147225022316 0.08862308367554195 -0.001436999998986721
v 0.007514451164752245 0.23545307620827205 -0.001436999998986721
v 0.02879447117447853 0.08904305800262935 -0.02768000029027462
v -0.0422225259244442 0.41468302115265376 0.03802900016307831
v 0.07297046482563019 0.2912630508786822 0.055309001356363297
v -0.02189352735877037 0.4098430047876025 0.055309001356363297
v -0.0422225259244442 0.41468302115265376 0.03802900016307831
v 0.07297046482563019 0.2706930111295367 0.03802900016307831
v 0.07297046482563019 0.2912630508786822 0.055309001356363297
v -0.0422225259244442 0.41468302115265376 -0.0409029982984066
v 0.07297046482563019 0.2912630508786822 -0.0581820011138916
v 0.07297046482563019 0.2706930111295367 -0.0409029982984066
v 0.07297046482563019 0.2912630508786822 -0.0581820011138916
v -0.0422225259244442 0.41468302115265376 -0.0409029982984066
v -0.02189352735877037 0.4098430047876025 -0.0581820011138916
v -0.0422225259244442 0.41468302115265376 -0.0409029982984066
v 0.07297046482563019 0.2698730896360064 -0.001436999998986721
v -0.0422225259244442 0.41468302115265376 0.03802900016307831
v -0.0422225259244442 0.41468302115265376 0.03802900016307831
v 0.07297046482563019 0.2698730896360064 -0.001436999998986721
v 0.07297046482563019 0.2706930111295367 0.03802900016307831
v 0.07297046482563019 0.2698730896360064 -0.001436999998986721
v -0.0422225259244442 0.41468302115265376 -0.0409029982984066
v 0.07297046482563019 0.2706930111295367 -0.0409029982984066
v 0.009725455194711685 -0.3984870244615888 -0.001436999998986721
v 0.04128645360469818 -0.3756470014208173 0.0326789990067482
v 0.016458455473184586 -0.3778168489092206 -0.001436999998986721
v 0.04128645360469818 -0.3756470014208173 -0.03555300086736679
v 0.009725455194711685 -0.3984870244615888 -0.001436999998986721
v 0.016458455473184586 -0.3778168489092206 -0.001436999998986721
v 0.04128645360469818 -0.3756470014208173 0.0326789990067482
v 0.009725455194711685 -0.3984870244615888 -0.001436999998986721
v 0.037035465240478516 -0.3960968782060956 0.036090999841690063
v 0.009725455194711685 -0.3984870244615888 -0.001436999998986721
v 0.04128645360469818 -0.3756470014208173 -0.03555300086736679
v 0.037035465240478516 -0.3960968782060956 -0.03896399959921837
v 0.13082446157932281 0.23545307620827205 0.03136700019240379
v 0.13842545449733734 0.23545307620827205 -0.001436999998986721
v 0.15478946268558502 0.23545307620827205 -0.001436999998986721
v 0.13082446157932281 0.23545307620827205 -0.0342399999499321
v 0.15478946268558502 0.23545307620827205 -0.001436999998986721
v 0.13842545449733734 0.23545307620827205 -0.001436999998986721
v 0.13842545449733734 0.23545307620827205 -0.001436999998986721
v 0.13082446157932281 0.23545307620827205 0.03136700019240379
v 0.11925345659255981 0.23545307620827205 0.024806000292301178
v 0.07297046482563019 0.23545307620827205 0.04495500028133392
v 0.11925345659255981 0.23545307620827205 0.024806000292301178
v 0.13082446157932281 0.23545307620827205 0.03136700019240379
v 0.11925345659255981 0.23545307620827205 0.024806000292301178
v 0.07297046482563019 0.23545307620827205 0.04495500028133392
v 0.07297046482563019 0.23545307620827205 0.035677000880241394
v 0.13842545449733734 0.23545307620827205 -0.001436999998986721
v 0.11925345659255981 0.23545307620827205 -0.02768000029027462
v 0.13082446157932281 0.23545307620827205 -0.0342399999499321
v 0.11925345659255981 0.23545307620827205 -0.02768000029027462
v 0.07297046482563019 0.23545307620827205 -0.04782800003886223
v 0.13082446157932281 0.23545307620827205 -0.0342399999499321
v 0.07297046482563019 0.23545307620827205 -0.04782800003886223
v 0.11925345659255981 0.23545307620827205 -0.02768000029027462
v 0.07297046482563019 0.23545307620827205 -0.0385500006377697
v 0.02668646350502968 0.23545307620827205 -0.02768000029027462
v 0.07297046482563019 0.23545307620827205 -0.04782800003886223
v 0.07297046482563019 0.23545307620827205 -0.0385500006377697
v 0.07297046482563019 0.23545307620827205 -0.04782800003886223
v 0.02668646350502968 0.23545307620827205 -0.02768000029027462
v 0.015115473419427872 0.23545307620827205 -0.0342399999499321
v 0.007514451164752245 0.23545307620827205 -0.001436999998986721
v 0.015115473419427872 0.23545307620827205 -0.0342399999499321
v 0.02668646350502968 0.23545307620827205 -0.02768000029027462
v 0.015115473419427872 0.23545307620827205 -0.0342399999499321
v 0.007514451164752245 0.23545307620827205 -0.001436999998986721
v -0.008849527686834335 0.23545307620827205 -0.001436999998986721
v 0.015115473419427872 0.23545307620827205 0.03136700019240379
v -0.008849527686834335 0.23545307620827205 -0.001436999998986721
v 0.007514451164752245 0.23545307620827205 -0.001436999998986721
v 0.015115473419427872 0.23545307620827205 0.03136700019240379
v 0.007514451164752245 0.23545307620827205 -0.001436999998986721
v 0.02668646350502968 0.23545307620827205 0.024806000292301178
v 0.07297046482563019 0.23545307620827205 0.04495500028133392
v 0.015115473419427872 0.23545307620827205 0.03136700019240379
v 0.02668646350502968 0.23545307620827205 0.024806000292301178
v 0.02668646350502968 0.23545307620827205 0.024806000292301178
v 0.07297046482563019 0.23545307620827205 0.035677000880241394
v 0.07297046482563019 0.23545307620827205 0.04495500028133392
v -0.06135353073477745 0.462953008258977 -0.06263600289821625
v 0.07297046482563019 0.4047130714303637 -0.06263600289821625
v 0.07297046482563019 0.373723066890874 -0.001436999998986721
v 0.07297046482563019 0.373723066890874 -0.001436999998986721
v -0.08580552786588669 0.4439030061608935 -0.001436999998986721
v -0.06135353073477745 0.462953008258977 -0.06263600289821625
v 0.07297046482563019 0.373723066890874 -0.001436999998986721
v -0.06135353073477745 0.462953008258977 0.059762999415397644
v -0.08580552786588669 0.4439030061608935 -0.001436999998986721
v -0.06135353073477745 0.462953008258977 0.059762999415397644
v 0.07297046482563019 0.373723066890874 -0.001436999998986721
v 0.07297046482563019 0.4047130714303637 0.059762999415397644
v 0.20729246735572815 0.462953008258977 -0.06263600289821625
v 0.07297046482563019 0.373723066890874 -0.001436999998986721
v 0.07297046482563019 0.4047130714303637 -0.06263600289821625
v 0.07297046482563019 0.373723066890874 -0.001436999998986721
v 0.20729246735572815 0.462953008258977 -0.06263600289821625
v 0.2317444533109665 0.4439030061608935 -0.001436999998986721
v 0.07297046482563019 0.373723066890874 -0.001436999998986721
v 0.2317444533109665 0.4439030061608935 -0.001436999998986721
v 0.20729246735572815 0.462953008258977 0.059762999415397644
v 0.07297046482563019 0.373723066890874 -0.001436999998986721
v 0.20729246735572815 0.462953008258977 0.059762999415397644
v 0.07297046482563019 0.4047130714303637 0.059762999415397644
v 0.16890446841716766 -0.3845569421404218 -0.03896399959921837
v 0.15261046588420868 -0.4261369039171552 -0.027705999091267586
v 0.10297046601772308 -0.3903269101732587 -0.0545089989900589
v 0.10297046601772308 -0.3903269101732587 -0.0545089989900589
v 0.15261046588420868 -0.4261369039171552 -0.027705999091267586
v 0.106456458568573 -0.4301769067400312 -0.03858700022101402
v 0.06030246615409851 -0.4342068959825849 -0.027705999091267586
v 0.10297046601772308 -0.3903269101732587 -0.0545089989900589
v 0.106456458568573 -0.4301769067400312 -0.03858700022101402
v 0.10297046601772308 -0.3903269101732587 -0.0545089989900589
v 0.06030246615409851 -0.4342068959825849 -0.027705999091267586
v 0.037035465240478516 -0.3960968782060956 -0.03896399959921837
v 0.07297046482563019 0.6980029712564135 -0.06263600289821625
v 0.2478264570236206 0.7540030847436572 -0.06263600289821625
v 0.2100214660167694 0.7030929695016528 -0.09323599934577942
v 0.07297046482563019 0.6980029712564135 -0.06263600289821625
v 0.2100214660167694 0.7030929695016528 -0.09323599934577942
v 0.07297046482563019 0.6610430847055102 -0.09323599934577942
v 0.07297046482563019 0.6980029712564135 -0.06263600289821625
v -0.06408252567052841 0.7030929695016528 -0.09323599934577942
v -0.10188653320074081 0.7540030847436572 -0.06263600289821625
v -0.06408252567052841 0.7030929695016528 -0.09323599934577942
v 0.07297046482563019 0.6980029712564135 -0.06263600289821625
v 0.07297046482563019 0.6610430847055102 -0.09323599934577942
v 0.13613946735858917 0.5225230823403979 -0.06312599778175354
v 0.07297046482563019 0.44080296858612544 -0.09323599934577942
v 0.07297046482563019 0.49628297194305904 -0.06312599778175354
v 0.07297046482563019 0.44080296858612544 -0.09323599934577942
v 0.13613946735858917 0.5225230823403979 -0.06312599778175354
v 0.1782514601945877 0.48453298910919673 -0.09323599934577942
v 0.009800467640161514 0.5225230823403979 -0.06312599778175354
v 0.07297046482563019 0.49628297194305904 -0.06312599778175354
v 0.07297046482563019 0.44080296858612544 -0.09323599934577942
v 0.07297046482563019 0.44080296858612544 -0.09323599934577942
v -0.0323125384747982 0.48453298910919673 -0.09323599934577942
v 0.009800467640161514 0.5225230823403979 -0.06312599778175354
v -0.0422225259244442 0.41468302115265376 -0.0409029982984066
v 0.008174452930688858 0.47639302119080074 -0.0409029982984066
v -0.02189352735877037 0.4098430047876025 -0.0581820011138916
v -0.02189352735877037 0.4098430047876025 -0.0581820011138916
v 0.008174452930688858 0.47639302119080074 -0.0409029982984066
v 0.01960945501923561 0.4606629978067065 -0.0581820011138916
v 0.13776546716690063 0.47639302119080074 -0.0409029982984066
v 0.16783346235752106 0.4098430047876025 -0.0581820011138916
v 0.12633046507835388 0.4606629978067065 -0.0581820011138916
v 0.16783346235752106 0.4098430047876025 -0.0581820011138916
v 0.13776546716690063 0.47639302119080074 -0.0409029982984066
v 0.1881614625453949 0.41468302115265376 -0.0409029982984066
v 0.14415745437145233 0.3619730840570117 -0.001436999998986721
v 0.1711534708738327 0.282193012083211 -0.001436999998986721
v 0.12330746650695801 0.3390330444223071 -0.02088399976491928
v 0.12330746650695801 0.3390330444223071 -0.02088399976491928
v 0.1711534708738327 0.282193012083211 -0.001436999998986721
v 0.14239546656608582 0.282193012083211 -0.028257999569177628
v 0.07297046482563019 0.29194302066627986 -0.02893899939954281
v 0.12330746650695801 0.3390330444223071 -0.02088399976491928
v 0.14239546656608582 0.282193012083211 -0.028257999569177628
v 0.07297046482563019 0.29194302066627986 -0.02893899939954281
v 0.0035444539971649647 0.282193012083211 -0.028257999569177628
v 0.02263246849179268 0.3390330444223071 -0.02088399976491928
v -0.025213535875082016 0.282193012083211 -0.001436999998986721
v 0.02263246849179268 0.3390330444223071 -0.02088399976491928
v 0.0035444539971649647 0.282193012083211 -0.028257999569177628
v 0.02263246849179268 0.3390330444223071 -0.02088399976491928
v -0.025213535875082016 0.282193012083211 -0.001436999998986721
v 0.0017824511742219329 0.3619730840570117 -0.001436999998986721
v -0.06135353073477745 0.462953008258977 -0.06263600289821625
v -0.10188653320074081 0.7540030847436572 -0.06263600289821625
v -0.06408252567052841 0.7030929695016528 -0.09323599934577942
v -0.06135353073477745 0.462953008258977 -0.06263600289821625
v -0.06408252567052841 0.7030929695016528 -0.09323599934577942
v -0.0323125384747982 0.48453298910919673 -0.09323599934577942
v 0.20729246735572815 0.462953008258977 -0.06263600289821625
v 0.2100214660167694 0.7030929695016528 -0.09323599934577942
v 0.2478264570236206 0.7540030847436572 -0.06263600289821625
v 0.2100214660167694 0.7030929695016528 -0.09323599934577942
v 0.20729246735572815 0.462953008258977 -0.06263600289821625
v 0.1782514601945877 0.48453298910919673 -0.09323599934577942
v 0.036967456340789795 -0.48644702926810734 -0.05922900140285492
v 0.11081446707248688 -0.4799868394487714 -0.08316700160503387
v 0.12214446067810059 -0.6094869901293134 -0.001436999998986721
v 0.06030246615409851 -0.4342068959825849 -0.027705999091267586
v 0.11081446707248688 -0.4799868394487714 -0.08316700160503387
v 0.036967456340789795 -0.48644702926810734 -0.05922900140285492
v 0.106456458568573 -0.4301769067400312 -0.03858700022101402
v 0.11081446707248688 -0.4799868394487714 -0.08316700160503387
v 0.06030246615409851 -0.4342068959825849 -0.027705999091267586
v 0.15261046588420868 -0.4261369039171552 -0.027705999091267586
v 0.11081446707248688 -0.4799868394487714 -0.08316700160503387
v 0.106456458568573 -0.4301769067400312 -0.03858700022101402
v 0.11081446707248688 -0.4799868394487714 -0.08316700160503387
v 0.15261046588420868 -0.4261369039171552 -0.027705999091267586
v 0.1846594661474228 -0.47352688804801457 -0.05922900140285492
v 0.11081446707248688 -0.4799868394487714 -0.08316700160503387
v 0.1846594661474228 -0.47352688804801457 -0.05922900140285492
v 0.12214446067810059 -0.6094869901293134 -0.001436999998986721
v 0.07297046482563019 0.2912630508786822 -0.0581820011138916
v 0.13116146624088287 0.4011130700952197 -0.040123000741004944
v 0.16783346235752106 0.4098430047876025 -0.0581820011138916
v 0.13116146624088287 0.4011130700952197 -0.040123000741004944
v 0.07297046482563019 0.2912630508786822 -0.0581820011138916
v 0.07297046482563019 0.32837299212280757 -0.040123000741004944
v 0.07297046482563019 0.2912630508786822 -0.0581820011138916
v -0.02189352735877037 0.4098430047876025 -0.0581820011138916
v 0.014778468757867813 0.4011130700952197 -0.040123000741004944
v 0.07297046482563019 0.2912630508786822 -0.0581820011138916
v 0.014778468757867813 0.4011130700952197 -0.040123000741004944
v 0.07297046482563019 0.32837299212280757 -0.040123000741004944
v 0.07297046482563019 0.282193012083211 -0.039367999881505966
v 0.015115473419427872 0.23545307620827205 -0.0342399999499321
v 0.0035444539971649647 0.282193012083211 -0.028257999569177628
v 0.015115473419427872 0.23545307620827205 -0.0342399999499321
v 0.07297046482563019 0.282193012083211 -0.039367999881505966
v 0.07297046482563019 0.23545307620827205 -0.04782800003886223
v 0.07297046482563019 0.282193012083211 -0.039367999881505966
v 0.13082446157932281 0.23545307620827205 -0.0342399999499321
v 0.07297046482563019 0.23545307620827205 -0.04782800003886223
v 0.0035444539971649647 0.282193012083211 -0.028257999569177628
v -0.008849527686834335 0.23545307620827205 -0.001436999998986721
v -0.025213535875082016 0.282193012083211 -0.001436999998986721
v 0.14239546656608582 0.282193012083211 -0.028257999569177628
v 0.13082446157932281 0.23545307620827205 -0.0342399999499321
v 0.07297046482563019 0.282193012083211 -0.039367999881505966
v 0.1711534708738327 0.282193012083211 -0.001436999998986721
v 0.15478946268558502 0.23545307620827205 -0.001436999998986721
v 0.14239546656608582 0.282193012083211 -0.028257999569177628
v 0.1782514601945877 0.48453298910919673 -0.09323599934577942
v 0.15520146489143372 0.6536630760080004 -0.06312599778175354
v 0.2100214660167694 0.7030929695016528 -0.09323599934577942
v 0.15520146489143372 0.6536630760080004 -0.06312599778175354
v 0.1782514601945877 0.48453298910919673 -0.09323599934577942
v 0.13613946735858917 0.5225230823403979 -0.06312599778175354
v -0.0323125384747982 0.48453298910919673 -0.09323599934577942
v -0.06408252567052841 0.7030929695016528 -0.09323599934577942
v -0.009261544793844223 0.6536630760080004 -0.06312599778175354
v -0.0323125384747982 0.48453298910919673 -0.09323599934577942
v -0.009261544793844223 0.6536630760080004 -0.06312599778175354
v 0.009800467640161514 0.5225230823403979 -0.06312599778175354
v 0.02879447117447853 0.08904305800262935 -0.02768000029027462
v 0.07503445446491241 0.0900429855233813 -0.0385500006377697
v 0.07709845900535583 -0.055366956149897506 -0.0385500006377697
v 0.07503445446491241 0.0900429855233813 -0.0385500006377697
v 0.12127445638179779 0.09105304583374507 -0.02768000029027462
v 0.07709845900535583 -0.055366956149897506 -0.0385500006377697
v 0.07297046482563019 0.23545307620827205 -0.0385500006377697
v 0.07503445446491241 0.0900429855233813 -0.0385500006377697
v 0.02879447117447853 0.08904305800262935 -0.02768000029027462
v 0.07503445446491241 0.0900429855233813 -0.0385500006377697
v 0.07297046482563019 0.23545307620827205 -0.0385500006377697
v 0.12127445638179779 0.09105304583374507 -0.02768000029027462
v 0.04301045835018158 -0.21590702280934804 -0.02768000029027462
v 0.08916245400905609 -0.21288697466786854 -0.0385500006377697
v 0.10122646391391754 -0.3703970243090009 -0.0385500006377697
v 0.08916245400905609 -0.21288697466786854 -0.0385500006377697
v 0.1353144645690918 -0.2098569129460668 -0.02768000029027462
v 0.10122646391391754 -0.3703970243090009 -0.0385500006377697
v 0.07709845900535583 -0.055366956149897506 -0.0385500006377697
v 0.08916245400905609 -0.21288697466786854 -0.0385500006377697
v 0.04301045835018158 -0.21590702280934804 -0.02768000029027462
v 0.08916245400905609 -0.21288697466786854 -0.0385500006377697
v 0.07709845900535583 -0.055366956149897506 -0.0385500006377697
v 0.1353144645690918 -0.2098569129460668 -0.02768000029027462
v 0.12633046507835388 0.4606629978067065 -0.0581820011138916
v 0.16783346235752106 0.4098430047876025 -0.0581820011138916
v 0.13116146624088287 0.4011130700952197 -0.040123000741004944
v 0.12633046507835388 0.4606629978067065 -0.0581820011138916
v 0.13116146624088287 0.4011130700952197 -0.040123000741004944
v 0.1057024598121643 0.4322830806619311 -0.040123000741004944
v 0.01960945501923561 0.4606629978067065 -0.0581820011138916
v 0.014778468757867813 0.4011130700952197 -0.040123000741004944
v -0.02189352735877037 0.4098430047876025 -0.0581820011138916
v 0.014778468757867813 0.4011130700952197 -0.040123000741004944
v 0.01960945501923561 0.4606629978067065 -0.0581820011138916
v 0.04023745656013489 0.4322830806619311 -0.040123000741004944
v -0.0323125384747982 0.48453298910919673 -0.09323599934577942
v 0.07297046482563019 0.44080296858612544 -0.09323599934577942
v 0.07297046482563019 0.4047130714303637 -0.06263600289821625
v 0.07297046482563019 0.4047130714303637 -0.06263600289821625
v -0.06135353073477745 0.462953008258977 -0.06263600289821625
v -0.0323125384747982 0.48453298910919673 -0.09323599934577942
v 0.1782514601945877 0.48453298910919673 -0.09323599934577942
v 0.07297046482563019 0.4047130714303637 -0.06263600289821625
v 0.07297046482563019 0.44080296858612544 -0.09323599934577942
v 0.07297046482563019 0.4047130714303637 -0.06263600289821625
v 0.1782514601945877 0.48453298910919673 -0.09323599934577942
v 0.20729246735572815 0.462953008258977 -0.06263600289821625
v 0.01960945501923561 0.4606629978067065 -0.0581820011138916
v 0.12633046507835388 0.4606629978067065 -0.0581820011138916
v 0.1057024598121643 0.4322830806619311 -0.040123000741004944
v 0.01960945501923561 0.4606629978067065 -0.0581820011138916
v 0.1057024598121643 0.4322830806619311 -0.040123000741004944
v 0.04023745656013489 0.4322830806619311 -0.040123000741004944
v 0.07297046482563019 0.6610430847055102 -0.09323599934577942
v -0.009261544793844223 0.6536630760080004 -0.06312599778175354
v -0.06408252567052841 0.7030929695016528 -0.09323599934577942
v -0.009261544793844223 0.6536630760080004 -0.06312599778175354
v 0.07297046482563019 0.6610430847055102 -0.09323599934577942
v 0.07297046482563019 0.6284330259210253 -0.06312599778175354
v 0.07297046482563019 0.6610430847055102 -0.09323599934577942
v 0.2100214660167694 0.7030929695016528 -0.09323599934577942
v 0.15520146489143372 0.6536630760080004 -0.06312599778175354
v 0.07297046482563019 0.6610430847055102 -0.09323599934577942
v 0.15520146489143372 0.6536630760080004 -0.06312599778175354
v 0.07297046482563019 0.6284330259210253 -0.06312599778175354
v 0.04128645360469818 -0.3756470014208173 -0.03555300086736679
v 0.10297046601772308 -0.3903269101732587 -0.0545089989900589
v 0.037035465240478516 -0.3960968782060956 -0.03896399959921837
v 0.04128645360469818 -0.3756470014208173 -0.03555300086736679
v 0.10122646391391754 -0.3703970243090009 -0.04968399927020073
v 0.10297046601772308 -0.3903269101732587 -0.0545089989900589
v 0.1611674576997757 -0.36515706077750676 -0.03555300086736679
v 0.10297046601772308 -0.3903269101732587 -0.0545089989900589
v 0.10122646391391754 -0.3703970243090009 -0.04968399927020073
v 0.10297046601772308 -0.3903269101732587 -0.0545089989900589
v 0.1611674576997757 -0.36515706077750676 -0.03555300086736679
v 0.16890446841716766 -0.3845569421404218 -0.03896399959921837
vt -0.5645020008087158 -0.4847069978713989
vt -0.5382329821586609 -0.4407399892807007
vt -0.575760006904602 -0.4431290030479431
vt -0.5382329821586609 -0.4407399892807007
vt -0.5645020008087158 -0.4847069978713989
vt -0.5382329821586609 -0.48303499817848206
vt -0.5119630098342896 -0.4847069978713989
vt -0.5382329821586609 -0.4407399892807007
vt -0.5382329821586609 -0.48303499817848206
vt -0.5382329821586609 -0.4407399892807007
vt -0.5119630098342896 -0.4847069978713989
vt -0.5007050037384033 -0.4431290030479431
vt -0.5776990056037903 0.417822003364563
vt -0.4987669885158539 0.356112003326416
vt -0.4987669885158539 0.417822003364563
vt -0.4987669885158539 0.356112003326416
vt -0.5776990056037903 0.417822003364563
vt -0.5776990056037903 0.356112003326416
vt -0.4804399907588959 -0.5320940017700195
vt -0.5382329821586609 -0.48303499817848206
vt -0.5382329821586609 -0.5294179916381836
vt -0.4804399907588959 -0.5320940017700195
vt -0.5382329821586609 -0.5294179916381836
vt -0.5382329821586609 -0.6680600047111511
vt -0.5382329821586609 -0.48303499817848206
vt -0.5960249900817871 -0.5320940017700195
vt -0.5382329821586609 -0.5294179916381836
vt -0.5382329821586609 -0.5294179916381836
vt -0.5960249900817871 -0.5320940017700195
vt -0.5382329821586609 -0.6680600047111511
vt -0.5994330048561096 0.6954290270805359
vt -0.5382329821586609 0.38533300161361694
vt -0.5382329821586609 0.7192609906196594
vt -0.5382329821586609 0.38533300161361694
vt -0.5994330048561096 0.6954290270805359
vt -0.5994330048561096 0.4043770134449005
vt -0.5382329821586609 0.38533300161361694
vt -0.47703298926353455 0.6954290270805359
vt -0.5382329821586609 0.7192609906196594
vt -0.47703298926353455 0.6954290270805359
vt -0.5382329821586609 0.38533300161361694
vt -0.47703298926353455 0.4043770134449005
vt -0.5114110112190247 0.22361700236797333
vt -0.5382329821586609 0.17688600718975067
vt -0.5054290294647217 0.17688600718975067
vt -0.5382329821586609 0.17688600718975067
vt -0.5650550127029419 0.22361700236797333
vt -0.5710369944572449 0.17688600718975067
vt -0.5119900107383728 0.03248399868607521
vt -0.5382329821586609 0.03290100023150444
vt -0.5382329821586609 -0.1110830008983612
vt -0.5382329821586609 0.03290100023150444
vt -0.5644760131835938 0.03248399868607521
vt -0.5382329821586609 -0.1110830008983612
vt -0.5382329821586609 0.17688600718975067
vt -0.5382329821586609 0.03290100023150444
vt -0.5119900107383728 0.03248399868607521
vt -0.5382329821586609 0.03290100023150444
vt -0.5382329821586609 0.17688600718975067
vt -0.5644760131835938 0.03248399868607521
vt -0.5119900107383728 -0.2684290111064911
vt -0.5382329821586609 -0.2671760022640228
vt -0.5382329821586609 -0.42326900362968445
vt -0.5382329821586609 -0.2671760022640228
vt -0.5644760131835938 -0.2684290111064911
vt -0.5382329821586609 -0.42326900362968445
vt -0.5382329821586609 -0.1110830008983612
vt -0.5382329821586609 -0.2671760022640228
vt -0.5119900107383728 -0.2684290111064911
vt -0.5382329821586609 -0.2671760022640228
vt -0.5382329821586609 -0.1110830008983612
vt -0.5644760131835938 -0.2684290111064911
vt -0.5776990056037903 0.356112003326416
vt -0.5949789881706238 0.23269200325012207
vt -0.5776990056037903 0.21212199330329895
vt -0.5949789881706238 0.23269200325012207
vt -0.5776990056037903 0.356112003326416
vt -0.5949789881706238 0.35127198696136475
vt -0.4987669885158539 0.356112003326416
vt -0.4814870059490204 0.23269200325012207
vt -0.4814870059490204 0.35127198696136475
vt -0.4987669885158539 0.356112003326416
vt -0.4987669885158539 0.21212199330329895
vt -0.4814870059490204 0.23269200325012207
vt -0.5776990056037903 0.356112003326416
vt -0.5382329821586609 0.21129900217056274
vt -0.4987669885158539 0.356112003326416
vt -0.4987669885158539 0.356112003326416
vt -0.5382329821586609 0.21129900217056274
vt -0.4987669885158539 0.21212199330329895
vt -0.5382329821586609 0.21129900217056274
vt -0.5776990056037903 0.356112003326416
vt -0.5776990056037903 0.21212199330329895
vt -0.5041170120239258 -0.4237299859523773
vt -0.5382329821586609 -0.4407399892807007
vt -0.5007050037384033 -0.4431290030479431
vt -0.5041170120239258 -0.4237299859523773
vt -0.5382329821586609 -0.4215570092201233
vt -0.5382329821586609 -0.4407399892807007
vt -0.5723490118980408 -0.4237299859523773
vt -0.5382329821586609 -0.4407399892807007
vt -0.5382329821586609 -0.4215570092201233
vt -0.5382329821586609 -0.4407399892807007
vt -0.5723490118980408 -0.4237299859523773
vt -0.575760006904602 -0.4431290030479431
vt -0.5382329821586609 0.025599999353289604
vt -0.7328959703445435 0.025599999353289604
vt -0.7130889892578125 -0.0355990007519722
vt -0.5382329821586609 0.025599999353289604
vt -0.7130889892578125 -0.0355990007519722
vt -0.5382329821586609 -0.0355990007519722
vt -0.5382329821586609 0.025599999353289604
vt -0.7130889892578125 0.0868000015616417
vt -0.7328959703445435 0.025599999353289604
vt -0.7130889892578125 0.0868000015616417
vt -0.5382329821586609 0.025599999353289604
vt -0.5382329821586609 0.0868000015616417
vt -0.5382329821586609 0.025599999353289604
vt -0.3633759915828705 -0.0355990007519722
vt -0.3435699939727783 0.025599999353289604
vt -0.3633759915828705 -0.0355990007519722
vt -0.5382329821586609 0.025599999353289604
vt -0.5382329821586609 -0.0355990007519722
vt -0.3633759915828705 0.0868000015616417
vt -0.5382329821586609 0.025599999353289604
vt -0.3435699939727783 0.025599999353289604
vt -0.3633759915828705 0.0868000015616417
vt -0.5382329821586609 0.0868000015616417
vt -0.5382329821586609 0.025599999353289604
vt -0.47343701124191284 0.06506600230932236
vt -0.6030279994010925 0.06506600230932236
vt -0.6030279994010925 -0.01386599987745285
vt -0.47343701124191284 0.06506600230932236
vt -0.6030279994010925 -0.01386599987745285
vt -0.47343701124191284 -0.01386599987745285
vt -0.4848720133304596 0.08234599977731705
vt -0.5915939807891846 0.08234599977731705
vt -0.6030279994010925 0.06506600230932236
vt -0.4848720133304596 0.08234599977731705
vt -0.6030279994010925 0.06506600230932236
vt -0.47343701124191284 0.06506600230932236
vt -0.47343701124191284 -0.01386599987745285
vt -0.6030279994010925 -0.01386599987745285
vt -0.5915939807891846 -0.03114599920809269
vt -0.47343701124191284 -0.01386599987745285
vt -0.5915939807891846 -0.03114599920809269
vt -0.4848720133304596 -0.03114599920809269
vt -0.636991024017334 0.025599999353289604
vt -0.6499230265617371 -0.03219199925661087
vt -0.6178730130195618 -0.0006689999718219042
vt -0.6178730130195618 0.05186900123953819
vt -0.6499230265617371 0.08339200168848038
vt -0.636991024017334 0.025599999353289604
vt -0.6076589822769165 0.05242199823260307
vt -0.5382329821586609 0.0531029999256134
vt -0.5382329821586609 0.06353200227022171
vt -0.5382329821586609 -0.0019020000472664833
vt -0.6076589822769165 -0.001221999991685152
vt -0.5382329821586609 -0.012330999597907066
vt -0.46880701184272766 -0.001221999991685152
vt -0.5382329821586609 -0.0019020000472664833
vt -0.5382329821586609 -0.012330999597907066
vt -0.5382329821586609 0.0531029999256134
vt -0.46880701184272766 0.05242199823260307
vt -0.5382329821586609 0.06353200227022171
vt -0.5664899945259094 -0.02264700084924698
vt -0.6125980019569397 -0.0006430000066757202
vt -0.6264299750328064 -0.008515999652445316
vt -0.6125980019569397 -0.0006430000066757202
vt -0.5664899945259094 -0.02264700084924698
vt -0.5664899945259094 -0.0115130003541708
vt -0.6316959857940674 0.025599999353289604
vt -0.6264299750328064 -0.008515999652445316
vt -0.6125980019569397 -0.0006430000066757202
vt -0.6264299750328064 -0.008515999652445316
vt -0.6316959857940674 0.025599999353289604
vt -0.6512579917907715 0.025599999353289604
vt -0.5082330107688904 -0.44889798760414124
vt -0.4585930109024048 -0.4847069978713989
vt -0.4422990083694458 -0.4431290030479431
vt -0.4585930109024048 -0.4847069978713989
vt -0.5082330107688904 -0.44889798760414124
vt -0.5047469735145569 -0.4887450039386749
vt -0.5509009957313538 -0.4927830100059509
vt -0.5082330107688904 -0.44889798760414124
vt -0.574167013168335 -0.45466598868370056
vt -0.5082330107688904 -0.44889798760414124
vt -0.5509009957313538 -0.4927830100059509
vt -0.5047469735145569 -0.4887450039386749
vt -0.5382329821586609 0.639428973197937
vt -0.40118101239204407 0.6445209980010986
vt -0.3633759915828705 0.6954290270805359
vt -0.40118101239204407 0.6445209980010986
vt -0.5382329821586609 0.639428973197937
vt -0.5382329821586609 0.6024690270423889
vt -0.5382329821586609 0.639428973197937
vt -0.7130889892578125 0.6954290270805359
vt -0.6752849817276001 0.6445209980010986
vt -0.5382329821586609 0.639428973197937
vt -0.6752849817276001 0.6445209980010986
vt -0.5382329821586609 0.6024690270423889
vt -0.4750640094280243 0.4639529883861542
vt -0.5382329821586609 0.43771499395370483
vt -0.5382329821586609 0.3822290003299713
vt -0.5382329821586609 0.3822290003299713
vt -0.4329510033130646 0.4259600043296814
vt -0.4750640094280243 0.4639529883861542
vt -0.6014019846916199 0.4639529883861542
vt -0.5382329821586609 0.3822290003299713
vt -0.5382329821586609 0.43771499395370483
vt -0.5382329821586609 0.3822290003299713
vt -0.6014019846916199 0.4639529883861542
vt -0.6435149908065796 0.4259600043296814
vt -0.6030279994010925 0.417822003364563
vt -0.6330969929695129 0.35127198696136475
vt -0.5915939807891846 0.40209200978279114
vt -0.6330969929695129 0.35127198696136475
vt -0.6030279994010925 0.417822003364563
vt -0.6534249782562256 0.356112003326416
vt -0.4230409860610962 0.356112003326416
vt -0.47343701124191284 0.417822003364563
vt -0.4433690011501312 0.35127198696136475
vt -0.4433690011501312 0.35127198696136475
vt -0.47343701124191284 0.417822003364563
vt -0.4848720133304596 0.40209200978279114
vt -0.48789599537849426 0.2804589867591858
vt -0.44005000591278076 0.22361700236797333
vt -0.46704500913619995 0.303396999835968
vt -0.44005000591278076 0.22361700236797333
vt -0.48789599537849426 0.2804589867591858
vt -0.46880701184272766 0.22361700236797333
vt -0.5382329821586609 0.23337499797344208
vt -0.46880701184272766 0.22361700236797333
vt -0.48789599537849426 0.2804589867591858
vt -0.6094210147857666 0.303396999835968
vt -0.6364160180091858 0.22361700236797333
vt -0.5885699987411499 0.2804589867591858
vt -0.5885699987411499 0.2804589867591858
vt -0.6364160180091858 0.22361700236797333
vt -0.6076589822769165 0.22361700236797333
vt -0.5382329821586609 0.23337499797344208
vt -0.5885699987411499 0.2804589867591858
vt -0.6076589822769165 0.22361700236797333
vt -0.6725559830665588 0.4043770134449005
vt -0.6752849817276001 0.6445209980010986
vt -0.7130889892578125 0.6954290270805359
vt -0.6752849817276001 0.6445209980010986
vt -0.6725559830665588 0.4043770134449005
vt -0.6435149908065796 0.4259600043296814
vt -0.5509009957313538 -0.4927830100059509
vt -0.5003889799118042 -0.5385550260543823
vt -0.5047469735145569 -0.4887450039386749
vt -0.5003889799118042 -0.5385550260543823
vt -0.5509009957313538 -0.4927830100059509
vt -0.5742350220680237 -0.5450159907341003
vt -0.5003889799118042 -0.5385550260543823
vt -0.5742350220680237 -0.5450159907341003
vt -0.4890590012073517 -0.6680600047111511
vt -0.4039100110530853 0.4043770134449005
vt -0.3633759915828705 0.6954290270805359
vt -0.40118101239204407 0.6445209980010986
vt -0.4039100110530853 0.4043770134449005
vt -0.40118101239204407 0.6445209980010986
vt -0.4329510033130646 0.4259600043296814
vt -0.5382329821586609 0.23269200325012207
vt -0.4433690011501312 0.35127198696136475
vt -0.4800409972667694 0.3425399959087372
vt -0.5382329821586609 0.23269200325012207
vt -0.4800409972667694 0.3425399959087372
vt -0.5382329821586609 0.26980000734329224
vt -0.5047469735145569 -0.4887450039386749
vt -0.5003889799118042 -0.5385550260543823
vt -0.4585930109024048 -0.4847069978713989
vt -0.4585930109024048 -0.4847069978713989
vt -0.5003889799118042 -0.5385550260543823
vt -0.4265429973602295 -0.5320940017700195
vt -0.4265429973602295 -0.5320940017700195
vt -0.5003889799118042 -0.5385550260543823
vt -0.4890590012073517 -0.6680600047111511
vt -0.5382329821586609 0.23269200325012207
vt -0.5964249968528748 0.3425399959087372
vt -0.6330969929695129 0.35127198696136475
vt -0.5964249968528748 0.3425399959087372
vt -0.5382329821586609 0.23269200325012207
vt -0.5382329821586609 0.26980000734329224
vt -0.6364160180091858 0.22361700236797333
vt -0.6200519800186157 0.17688600718975067
vt -0.6076589822769165 0.22361700236797333
vt -0.6076589822769165 0.22361700236797333
vt -0.5960879921913147 0.17688600718975067
vt -0.5382329821586609 0.22361700236797333
vt -0.5382329821586609 0.22361700236797333
vt -0.5960879921913147 0.17688600718975067
vt -0.5382329821586609 0.17688600718975067
vt -0.46880701184272766 0.22361700236797333
vt -0.45641401410102844 0.17688600718975067
vt -0.44005000591278076 0.22361700236797333
vt -0.5382329821586609 0.22361700236797333
vt -0.48037800192832947 0.17688600718975067
vt -0.46880701184272766 0.22361700236797333
vt -0.48037800192832947 0.17688600718975067
vt -0.5382329821586609 0.22361700236797333
vt -0.5382329821586609 0.17688600718975067
vt -0.4329510033130646 0.4259600043296814
vt -0.40118101239204407 0.6445209980010986
vt -0.45600199699401855 0.5950899720191956
vt -0.4329510033130646 0.4259600043296814
vt -0.45600199699401855 0.5950899720191956
vt -0.4750640094280243 0.4639529883861542
vt -0.5220400094985962 -0.27145498991012573
vt -0.5341039896011353 -0.11393599957227707
vt -0.5681920051574707 -0.2744799852371216
vt -0.5220400094985962 -0.27145498991012573
vt -0.5681920051574707 -0.2744799852371216
vt -0.5099760293960571 -0.4289740025997162
vt -0.6435149908065796 0.4259600043296814
vt -0.620464026927948 0.5950899720191956
vt -0.6752849817276001 0.6445209980010986
vt -0.620464026927948 0.5950899720191956
vt -0.6435149908065796 0.4259600043296814
vt -0.6014019846916199 0.4639529883861542
vt -0.5361689925193787 0.0314750000834465
vt -0.5382329821586609 0.17688600718975067
vt -0.5824090242385864 0.030466999858617783
vt -0.5361689925193787 0.0314750000834465
vt -0.5824090242385864 0.030466999858617783
vt -0.5341039896011353 -0.11393599957227707
vt -0.4899289906024933 0.03248399868607521
vt -0.5361689925193787 0.0314750000834465
vt -0.5341039896011353 -0.11393599957227707
vt -0.5382329821586609 0.17688600718975067
vt -0.5361689925193787 0.0314750000834465
vt -0.4899289906024933 0.03248399868607521
vt -0.4758880138397217 -0.2684290111064911
vt -0.5220400094985962 -0.27145498991012573
vt -0.5099760293960571 -0.4289740025997162
vt -0.5341039896011353 -0.11393599957227707
vt -0.5220400094985962 -0.27145498991012573
vt -0.4758880138397217 -0.2684290111064911
vt -0.4848720133304596 0.40209200978279114
vt -0.4800409972667694 0.3425399959087372
vt -0.4433690011501312 0.35127198696136475
vt -0.4800409972667694 0.3425399959087372
vt -0.4848720133304596 0.40209200978279114
vt -0.5055000185966492 0.37371501326560974
vt -0.5915939807891846 0.40209200978279114
vt -0.6330969929695129 0.35127198696136475
vt -0.5964249968528748 0.3425399959087372
vt -0.5915939807891846 0.40209200978279114
vt -0.5964249968528748 0.3425399959087372
vt -0.5709660053253174 0.37371501326560974
vt -0.5382329821586609 0.3461399972438812
vt -0.6435149908065796 0.4259600043296814
vt -0.6725559830665588 0.4043770134449005
vt -0.6435149908065796 0.4259600043296814
vt -0.5382329821586609 0.3461399972438812
vt -0.5382329821586609 0.3822290003299713
vt -0.5382329821586609 0.3461399972438812
vt -0.4329510033130646 0.4259600043296814
vt -0.5382329821586609 0.3822290003299713
vt -0.5382329821586609 0.3461399972438812
vt -0.4039100110530853 0.4043770134449005
vt -0.4329510033130646 0.4259600043296814
vt -0.4848720133304596 0.40209200978279114
vt -0.5915939807891846 0.40209200978279114
vt -0.5709660053253174 0.37371501326560974
vt -0.4848720133304596 0.40209200978279114
vt -0.5709660053253174 0.37371501326560974
vt -0.5055000185966492 0.37371501326560974
vt -0.5382329821586609 0.6024690270423889
vt -0.6752849817276001 0.6445209980010986
vt -0.620464026927948 0.5950899720191956
vt -0.5382329821586609 0.6024690270423889
vt -0.620464026927948 0.5950899720191956
vt -0.5382329821586609 0.5698590278625488
vt -0.5382329821586609 0.6024690270423889
vt -0.45600199699401855 0.5950899720191956
vt -0.40118101239204407 0.6445209980010986
vt -0.45600199699401855 0.5950899720191956
vt -0.5382329821586609 0.6024690270423889
vt -0.5382329821586609 0.5698590278625488
vt -0.5082330107688904 -0.44889798760414124
vt -0.5699160099029541 -0.43421798944473267
vt -0.574167013168335 -0.45466598868370056
vt -0.5699160099029541 -0.43421798944473267
vt -0.5082330107688904 -0.44889798760414124
vt -0.5099760293960571 -0.4289740025997162
vt -0.4500359892845154 -0.4237299859523773
vt -0.5082330107688904 -0.44889798760414124
vt -0.4422990083694458 -0.4431290030479431
vt -0.5082330107688904 -0.44889798760414124
vt -0.4500359892845154 -0.4237299859523773
vt -0.5099760293960571 -0.4289740025997162
vt -0.575760006904602 -0.45466598868370056
vt -0.5645020008087158 -0.4927830100059509
vt -0.5382329821586609 -0.457055002450943
vt -0.5382329821586609 -0.457055002450943
vt -0.5645020008087158 -0.4927830100059509
vt -0.5382329821586609 -0.4944559931755066
vt -0.5119640231132507 -0.4927830100059509
vt -0.5382329821586609 -0.457055002450943
vt -0.5382329821586609 -0.4944559931755066
vt -0.5382329821586609 -0.457055002450943
vt -0.5119640231132507 -0.4927830100059509
vt -0.5007060170173645 -0.45466598868370056
vt -0.5776990056037903 0.417822003364563
vt -0.4987669885158539 0.356112003326416
vt -0.4987669885158539 0.417822003364563
vt -0.4987669885158539 0.356112003326416
vt -0.5776990056037903 0.417822003364563
vt -0.5776990056037903 0.356112003326416
vt -0.5645020008087158 -0.4927830100059509
vt -0.5382329821586609 -0.5476920008659363
vt -0.5382329821586609 -0.4944559931755066
vt -0.5382329821586609 -0.4944559931755066
vt -0.5382329821586609 -0.5476920008659363
vt -0.5119640231132507 -0.4927830100059509
vt -0.5382329821586609 -0.5476920008659363
vt -0.5645020008087158 -0.4927830100059509
vt -0.5960249900817871 -0.5450159907341003
vt -0.5382329821586609 -0.5476920008659363
vt -0.5960249900817871 -0.5450159907341003
vt -0.5382329821586609 -0.6680600047111511
vt -0.5119640231132507 -0.4927830100059509
vt -0.5382329821586609 -0.5476920008659363
vt -0.48044100403785706 -0.5450159907341003
vt -0.48044100403785706 -0.5450159907341003
vt -0.5382329821586609 -0.5476920008659363
vt -0.5382329821586609 -0.6680600047111511
vt -0.5994330048561096 0.6954290270805359
vt -0.5382329821586609 0.38533300161361694
vt -0.5382329821586609 0.7192609906196594
vt -0.5382329821586609 0.38533300161361694
vt -0.5994330048561096 0.6954290270805359
vt -0.5994330048561096 0.4043770134449005
vt -0.5382329821586609 0.38533300161361694
vt -0.47703298926353455 0.6954290270805359
vt -0.5382329821586609 0.7192609906196594
vt -0.47703298926353455 0.6954290270805359
vt -0.5382329821586609 0.38533300161361694
vt -0.47703298926353455 0.4043770134449005
vt -0.5119900107383728 -0.2744799852371216
vt -0.5382329821586609 -0.27573299407958984
vt -0.5382329821586609 -0.43467798829078674
vt -0.5382329821586609 -0.27573299407958984
vt -0.5644760131835938 -0.2744799852371216
vt -0.5382329821586609 -0.43467798829078674
vt -0.5382329821586609 -0.11678799986839294
vt -0.5382329821586609 -0.27573299407958984
vt -0.5119900107383728 -0.2744799852371216
vt -0.5382329821586609 -0.27573299407958984
vt -0.5382329821586609 -0.11678799986839294
vt -0.5644760131835938 -0.2744799852371216
vt -0.5382329821586609 0.17688600718975067
vt -0.5650550127029419 0.22361700236797333
vt -0.5710369944572449 0.17688600718975067
vt -0.5114110112190247 0.22361700236797333
vt -0.5382329821586609 0.17688600718975067
vt -0.5054290294647217 0.17688600718975067
vt -0.5119900107383728 0.030466999858617783
vt -0.5382329821586609 0.030048999935388565
vt -0.5382329821586609 -0.11678799986839294
vt -0.5382329821586609 0.030048999935388565
vt -0.5644760131835938 0.030466999858617783
vt -0.5382329821586609 -0.11678799986839294
vt -0.5382329821586609 0.17688600718975067
vt -0.5382329821586609 0.030048999935388565
vt -0.5119900107383728 0.030466999858617783
vt -0.5382329821586609 0.030048999935388565
vt -0.5382329821586609 0.17688600718975067
vt -0.5644760131835938 0.030466999858617783
vt -0.4987669885158539 0.356112003326416
vt -0.4814870059490204 0.23269200325012207
vt -0.4814870059490204 0.35127198696136475
vt -0.4987669885158539 0.356112003326416
vt -0.4987669885158539 0.21212199330329895
vt -0.4814870059490204 0.23269200325012207
vt -0.5776990056037903 0.356112003326416
vt -0.5949789881706238 0.23269200325012207
vt -0.5776990056037903 0.21212199330329895
vt -0.5949789881706238 0.23269200325012207
vt -0.5776990056037903 0.356112003326416
vt -0.5949789881706238 0.35127198696136475
vt -0.5776990056037903 0.356112003326416
vt -0.5382329821586609 0.21129900217056274
vt -0.4987669885158539 0.356112003326416
vt -0.4987669885158539 0.356112003326416
vt -0.5382329821586609 0.21129900217056274
vt -0.4987669885158539 0.21212199330329895
vt -0.5382329821586609 0.21129900217056274
vt -0.5776990056037903 0.356112003326416
vt -0.5776990056037903 0.21212199330329895
vt -0.5382329821586609 -0.457055002450943
vt -0.5041170120239258 -0.43421798944473267
vt -0.5382329821586609 -0.4363900125026703
vt -0.5723490118980408 -0.43421798944473267
vt -0.5382329821586609 -0.457055002450943
vt -0.5382329821586609 -0.4363900125026703
vt -0.5041170120239258 -0.43421798944473267
vt -0.5382329821586609 -0.457055002450943
vt -0.5007060170173645 -0.45466598868370056
vt -0.5382329821586609 -0.457055002450943
vt -0.5723490118980408 -0.43421798944473267
vt -0.575760006904602 -0.45466598868370056
vt -0.48037800192832947 0.058403998613357544
vt -0.47277700901031494 0.025599999353289604
vt -0.45641401410102844 0.025599999353289604
vt -0.48037800192832947 -0.007203000131994486
vt -0.45641401410102844 0.025599999353289604
vt -0.47277700901031494 0.025599999353289604
vt -0.47277700901031494 0.025599999353289604
vt -0.48037800192832947 0.058403998613357544
vt -0.4919489920139313 0.05184299871325493
vt -0.5382329821586609 0.07199200242757797
vt -0.4919489920139313 0.05184299871325493
vt -0.48037800192832947 0.058403998613357544
vt -0.4919489920139313 0.05184299871325493
vt -0.5382329821586609 0.07199200242757797
vt -0.5382329821586609 0.06271299719810486
vt -0.47277700901031494 0.025599999353289604
vt -0.4919489920139313 -0.0006430000066757202
vt -0.48037800192832947 -0.007203000131994486
vt -0.4919489920139313 -0.0006430000066757202
vt -0.5382329821586609 -0.02079099975526333
vt -0.48037800192832947 -0.007203000131994486
vt -0.5382329821586609 -0.02079099975526333
vt -0.4919489920139313 -0.0006430000066757202
vt -0.5382329821586609 -0.0115130003541708
vt -0.5845170021057129 -0.0006430000066757202
vt -0.5382329821586609 -0.02079099975526333
vt -0.5382329821586609 -0.0115130003541708
vt -0.5382329821586609 -0.02079099975526333
vt -0.5845170021057129 -0.0006430000066757202
vt -0.5960879921913147 -0.007203000131994486
vt -0.6036880016326904 0.025599999353289604
vt -0.5960879921913147 -0.007203000131994486
vt -0.5845170021057129 -0.0006430000066757202
vt -0.5960879921913147 -0.007203000131994486
vt -0.6036880016326904 0.025599999353289604
vt -0.6200519800186157 0.025599999353289604
vt -0.5960879921913147 0.058403998613357544
vt -0.6200519800186157 0.025599999353289604
vt -0.6036880016326904 0.025599999353289604
vt -0.5960879921913147 0.058403998613357544
vt -0.6036880016326904 0.025599999353289604
vt -0.5845170021057129 0.05184299871325493
vt -0.5382329821586609 0.07199200242757797
vt -0.5960879921913147 0.058403998613357544
vt -0.5845170021057129 0.05184299871325493
vt -0.5845170021057129 0.05184299871325493
vt -0.5382329821586609 0.06271299719810486
vt -0.5382329821586609 0.07199200242757797
vt -0.6725559830665588 -0.0355990007519722
vt -0.5382329821586609 -0.0355990007519722
vt -0.5382329821586609 0.025599999353289604
vt -0.5382329821586609 0.025599999353289604
vt -0.6970080137252808 0.025599999353289604
vt -0.6725559830665588 -0.0355990007519722
vt -0.5382329821586609 0.025599999353289604
vt -0.6725559830665588 0.0868000015616417
vt -0.6970080137252808 0.025599999353289604
vt -0.6725559830665588 0.0868000015616417
vt -0.5382329821586609 0.025599999353289604
vt -0.5382329821586609 0.0868000015616417
vt -0.4039100110530853 -0.0355990007519722
vt -0.5382329821586609 0.025599999353289604
vt -0.5382329821586609 -0.0355990007519722
vt -0.5382329821586609 0.025599999353289604
vt -0.4039100110530853 -0.0355990007519722
vt -0.3794580101966858 0.025599999353289604
vt -0.5382329821586609 0.025599999353289604
vt -0.3794580101966858 0.025599999353289604
vt -0.4039100110530853 0.0868000015616417
vt -0.5382329821586609 0.025599999353289604
vt -0.4039100110530853 0.0868000015616417
vt -0.5382329821586609 0.0868000015616417
vt -0.6341670155525208 -0.4431290030479431
vt -0.6178730130195618 -0.4847069978713989
vt -0.5682330131530762 -0.44889798760414124
vt -0.5682330131530762 -0.44889798760414124
vt -0.6178730130195618 -0.4847069978713989
vt -0.5717189908027649 -0.4887450039386749
vt -0.5255650281906128 -0.4927830100059509
vt -0.5682330131530762 -0.44889798760414124
vt -0.5717189908027649 -0.4887450039386749
vt -0.5682330131530762 -0.44889798760414124
vt -0.5255650281906128 -0.4927830100059509
vt -0.5022990107536316 -0.45466598868370056
vt -0.5382329821586609 0.639428973197937
vt -0.7130889892578125 0.6954290270805359
vt -0.6752849817276001 0.6445220112800598
vt -0.5382329821586609 0.639428973197937
vt -0.6752849817276001 0.6445220112800598
vt -0.5382329821586609 0.6024690270423889
vt -0.5382329821586609 0.639428973197937
vt -0.40118101239204407 0.6445220112800598
vt -0.3633759915828705 0.6954290270805359
vt -0.40118101239204407 0.6445220112800598
vt -0.5382329821586609 0.639428973197937
vt -0.5382329821586609 0.6024690270423889
vt -0.6014019846916199 0.4639529883861542
vt -0.5382329821586609 0.3822290003299713
vt -0.5382329821586609 0.43771499395370483
vt -0.5382329821586609 0.3822290003299713
vt -0.6014019846916199 0.4639529883861542
vt -0.6435149908065796 0.4259600043296814
vt -0.4750640094280243 0.4639529883861542
vt -0.5382329821586609 0.43771499395370483
vt -0.5382329821586609 0.3822290003299713
vt -0.5382329821586609 0.3822290003299713
vt -0.4329510033130646 0.4259600043296814
vt -0.4750640094280243 0.4639529883861542
vt -0.4230409860610962 0.356112003326416
vt -0.47343701124191284 0.417822003364563
vt -0.4433690011501312 0.35127198696136475
vt -0.4433690011501312 0.35127198696136475
vt -0.47343701124191284 0.417822003364563
vt -0.4848720133304596 0.40209200978279114
vt -0.6030279994010925 0.417822003364563
vt -0.6330969929695129 0.35127198696136475
vt -0.5915939807891846 0.40209200978279114
vt -0.6330969929695129 0.35127198696136475
vt -0.6030279994010925 0.417822003364563
vt -0.6534249782562256 0.356112003326416
vt -0.6094210147857666 0.303396999835968
vt -0.6364160180091858 0.22361700236797333
vt -0.5885699987411499 0.2804589867591858
vt -0.5885699987411499 0.2804589867591858
vt -0.6364160180091858 0.22361700236797333
vt -0.6076589822769165 0.22361700236797333
vt -0.5382329821586609 0.23337499797344208
vt -0.5885699987411499 0.2804589867591858
vt -0.6076589822769165 0.22361700236797333
vt -0.5382329821586609 0.23337499797344208
vt -0.46880701184272766 0.22361700236797333
vt -0.48789599537849426 0.2804589867591858
vt -0.44005000591278076 0.22361700236797333
vt -0.48789599537849426 0.2804589867591858
vt -0.46880701184272766 0.22361700236797333
vt -0.48789599537849426 0.2804589867591858
vt -0.44005000591278076 0.22361700236797333
vt -0.46704500913619995 0.303396999835968
vt -0.4039100110530853 0.4043770134449005
vt -0.3633759915828705 0.6954290270805359
vt -0.40118101239204407 0.6445220112800598
vt -0.4039100110530853 0.4043770134449005
vt -0.40118101239204407 0.6445220112800598
vt -0.4329510033130646 0.4259600043296814
vt -0.6725559830665588 0.4043770134449005
vt -0.6752849817276001 0.6445220112800598
vt -0.7130889892578125 0.6954290270805359
vt -0.6752849817276001 0.6445220112800598
vt -0.6725559830665588 0.4043770134449005
vt -0.6435149908065796 0.4259600043296814
vt -0.5022310018539429 -0.5450159907341003
vt -0.5760769844055176 -0.5385550260543823
vt -0.5874069929122925 -0.6680600047111511
vt -0.5255650281906128 -0.4927830100059509
vt -0.5760769844055176 -0.5385550260543823
vt -0.5022310018539429 -0.5450159907341003
vt -0.5717189908027649 -0.4887450039386749
vt -0.5760769844055176 -0.5385550260543823
vt -0.5255650281906128 -0.4927830100059509
vt -0.6178730130195618 -0.4847069978713989
vt -0.5760769844055176 -0.5385550260543823
vt -0.5717189908027649 -0.4887450039386749
vt -0.5760769844055176 -0.5385550260543823
vt -0.6178730130195618 -0.4847069978713989
vt -0.6499230265617371 -0.5320940017700195
vt -0.5760769844055176 -0.5385550260543823
vt -0.6499230265617371 -0.5320940017700195
vt -0.5874069929122925 -0.6680600047111511
vt -0.5382329821586609 0.23269200325012207
vt -0.5964249968528748 0.3425399959087372
vt -0.6330969929695129 0.35127198696136475
vt -0.5964249968528748 0.3425399959087372
vt -0.5382329821586609 0.23269200325012207
vt -0.5382329821586609 0.26980000734329224
vt -0.5382329821586609 0.23269200325012207
vt -0.4433690011501312 0.35127198696136475
vt -0.4800409972667694 0.3425399959087372
vt -0.5382329821586609 0.23269200325012207
vt -0.4800409972667694 0.3425399959087372
vt -0.5382329821586609 0.26980000734329224
vt -0.5382329821586609 0.22361700236797333
vt -0.48037800192832947 0.17688600718975067
vt -0.46880701184272766 0.22361700236797333
vt -0.48037800192832947 0.17688600718975067
vt -0.5382329821586609 0.22361700236797333
vt -0.5382329821586609 0.17688600718975067
vt -0.5382329821586609 0.22361700236797333
vt -0.5960879921913147 0.17688600718975067
vt -0.5382329821586609 0.17688600718975067
vt -0.46880701184272766 0.22361700236797333
vt -0.45641401410102844 0.17688600718975067
vt -0.44005000591278076 0.22361700236797333
vt -0.6076589822769165 0.22361700236797333
vt -0.5960879921913147 0.17688600718975067
vt -0.5382329821586609 0.22361700236797333
vt -0.6364160180091858 0.22361700236797333
vt -0.6200519800186157 0.17688600718975067
vt -0.6076589822769165 0.22361700236797333
vt -0.6435149908065796 0.4259600043296814
vt -0.620464026927948 0.5950899720191956
vt -0.6752849817276001 0.6445220112800598
vt -0.620464026927948 0.5950899720191956
vt -0.6435149908065796 0.4259600043296814
vt -0.6014019846916199 0.4639529883861542
vt -0.4329510033130646 0.4259600043296814
vt -0.40118101239204407 0.6445220112800598
vt -0.45600199699401855 0.5950899720191956
vt -0.4329510033130646 0.4259600043296814
vt -0.45600199699401855 0.5950899720191956
vt -0.4750640094280243 0.4639529883861542
vt -0.4940569996833801 0.030466999858617783
vt -0.5402969717979431 0.0314750000834465
vt -0.5423610210418701 -0.11393599957227707
vt -0.5402969717979431 0.0314750000834465
vt -0.5865370035171509 0.03248399868607521
vt -0.5423610210418701 -0.11393599957227707
vt -0.5382329821586609 0.17688600718975067
vt -0.5402969717979431 0.0314750000834465
vt -0.4940569996833801 0.030466999858617783
vt -0.5402969717979431 0.0314750000834465
vt -0.5382329821586609 0.17688600718975067
vt -0.5865370035171509 0.03248399868607521
vt -0.5082740187644958 -0.2744799852371216
vt -0.5544260144233704 -0.27145498991012573
vt -0.5664899945259094 -0.4289740025997162
vt -0.5544260144233704 -0.27145498991012573
vt -0.6005769968032837 -0.2684290111064911
vt -0.5664899945259094 -0.4289740025997162
vt -0.5423610210418701 -0.11393599957227707
vt -0.5544260144233704 -0.27145498991012573
vt -0.5082740187644958 -0.2744799852371216
vt -0.5544260144233704 -0.27145498991012573
vt -0.5423610210418701 -0.11393599957227707
vt -0.6005769968032837 -0.2684290111064911
vt -0.5915939807891846 0.40209200978279114
vt -0.6330969929695129 0.35127198696136475
vt -0.5964249968528748 0.3425399959087372
vt -0.5915939807891846 0.40209200978279114
vt -0.5964249968528748 0.3425399959087372
vt -0.5709660053253174 0.37371501326560974
vt -0.4848720133304596 0.40209200978279114
vt -0.4800409972667694 0.3425399959087372
vt -0.4433690011501312 0.35127198696136475
vt -0.4800409972667694 0.3425399959087372
vt -0.4848720133304596 0.40209200978279114
vt -0.5055000185966492 0.37371501326560974
vt -0.4329510033130646 0.4259600043296814
vt -0.5382329821586609 0.3822290003299713
vt -0.5382329821586609 0.3461399972438812
vt -0.5382329821586609 0.3461399972438812
vt -0.4039100110530853 0.4043770134449005
vt -0.4329510033130646 0.4259600043296814
vt -0.6435149908065796 0.4259600043296814
vt -0.5382329821586609 0.3461399972438812
vt -0.5382329821586609 0.3822290003299713
vt -0.5382329821586609 0.3461399972438812
vt -0.6435149908065796 0.4259600043296814
vt -0.6725559830665588 0.4043770134449005
vt -0.4848720133304596 0.40209200978279114
vt -0.5915939807891846 0.40209200978279114
vt -0.5709660053253174 0.37371501326560974
vt -0.4848720133304596 0.40209200978279114
vt -0.5709660053253174 0.37371501326560974
vt -0.5055000185966492 0.37371501326560974
vt -0.5382329821586609 0.6024690270423889
vt -0.45600199699401855 0.5950899720191956
vt -0.40118101239204407 0.6445220112800598
vt -0.45600199699401855 0.5950899720191956
vt -0.5382329821586609 0.6024690270423889
vt -0.5382329821586609 0.5698590278625488
vt -0.5382329821586609 0.6024690270423889
vt -0.6752849817276001 0.6445220112800598
vt -0.620464026927948 0.5950899720191956
vt -0.5382329821586609 0.6024690270423889
vt -0.620464026927948 0.5950899720191956
vt -0.5382329821586609 0.5698590278625488
vt -0.5065500140190125 -0.43421798944473267
vt -0.5682330131530762 -0.44889798760414124
vt -0.5022990107536316 -0.45466598868370056
vt -0.5065500140190125 -0.43421798944473267
vt -0.5664899945259094 -0.4289740025997162
vt -0.5682330131530762 -0.44889798760414124
vt -0.6264299750328064 -0.4237299859523773
vt -0.5682330131530762 -0.44889798760414124
vt -0.5664899945259094 -0.4289740025997162
vt -0.5682330131530762 -0.44889798760414124
vt -0.6264299750328064 -0.4237299859523773
vt -0.6341670155525208 -0.4431290030479431
vn 0.4894241327669897 -0.40261983337216534 0.7735381619808099
vn 0.864358607723025 -0.5028759263030135 0
vn 0.5590708300455347 -0.41727823352565613 0.7164626178789125
vn 0.864358607723025 -0.5028759263030135 0
vn 0.4894241327669897 -0.40261983337216534 0.7735381619808099
vn 0.864358607723025 -0.5028759263030135 0
vn 0.4894241327669897 -0.40261983337216534 -0.7735381619808099
vn 0.864358607723025 -0.5028759263030135 0
vn 0.864358607723025 -0.5028759263030135 0
vn 0.864358607723025 -0.5028759263030135 0
vn 0.4894241327669897 -0.40261983337216534 -0.7735381619808099
vn 0.5590708300455347 -0.41727823352565613 -0.7164626178789125
vn 0.7747141774768037 0.6323115871280861 0
vn 0.774536210414275 0.6325295714487139 0
vn 0.7747141774768037 0.6323115871280861 0
vn 0.774536210414275 0.6325295714487139 0
vn 0.7747141774768037 0.6323115871280861 0
vn 0.774536210414275 0.6325295714487139 0
vn 0.8717233084718857 0.054901470394061354 -0.4869130333184764
vn 0.6992130340625324 0.714913374470689 0
vn 0.9954963717756353 0.09479965074590647 0
vn 0.8717233084718857 0.054901470394061354 -0.4869130333184764
vn 0.9954963717756353 0.09479965074590647 0
vn 0.828417177004706 -0.5601115789229442 0
vn 0.6992130340625324 0.714913374470689 0
vn 0.8717233084718857 0.054901470394061354 0.4869130333184764
vn 0.9954963717756353 0.09479965074590647 0
vn 0.9954963717756353 0.09479965074590647 0
vn 0.8717233084718857 0.054901470394061354 0.4869130333184764
vn 0.8283707741664944 -0.5601802036013079 0
vn 0.9364003694860887 -0.11800004738173686 0.33050013138306644
vn 0.9929899509962423 -0.118198803803085 0
vn 0.9929899509962423 -0.118198803803085 0
vn 0.9929899509962423 -0.118198803803085 0
vn 0.9364003694860887 -0.11800004738173686 0.33050013138306644
vn 0.9364003694860887 -0.11800004738173686 0.33050013138306644
vn 0.9929899509962423 -0.118198803803085 0
vn 0.9364003694860887 -0.11800004738173686 -0.33050013138306644
vn 0.9929899509962423 -0.118198803803085 0
vn 0.9364003694860887 -0.11800004738173686 -0.33050013138306644
vn 0.9929899509962423 -0.118198803803085 0
vn 0.9364003694860887 -0.11800004738173686 -0.33050013138306644
vn 0.5411999277199194 -0.0548999948071763 -0.8390998920308153
vn 0.9715321266501437 -0.2369078447131906 0
vn 0.4472135954999579 0 -0.8944271909999159
vn 0.9715321266501437 -0.2369078447131906 0
vn 0.5411999277199194 -0.0548999948071763 0.8390998920308153
vn 0.4472135954999579 0 0.8944271909999159
vn 0.8083907369486051 0.007899909283843714 -0.5885932448210719
vn 0.9998767531422494 0.015699634572606966 0
vn 0.9998751784043831 0.01579960793194682 0
vn 0.9998767531422494 0.015699634572606966 0
vn 0.8083907369486051 0.007899909283843714 0.5885932448210719
vn 0.9998751784043831 0.01579960793194682 0
vn 0.9998751784043831 0.01579960793194682 0
vn 0.9998767531422494 0.015699634572606966 0
vn 0.8083907369486051 0.007899909283843714 -0.5885932448210719
vn 0.9998767531422494 0.015699634572606966 0
vn 0.9998751784043831 0.01579960793194682 0
vn 0.8083907369486051 0.007899909283843714 0.5885932448210719
vn 0.8040745602587362 0.0629980097355205 -0.5911813193209706
vn 0.9969140266322428 0.07850110511252634 0
vn 0.996906196522469 0.07860047922948275 0
vn 0.9969140266322428 0.07850110511252634 0
vn 0.8040695052483815 0.06309760998717895 0.5911775725985627
vn 0.996906196522469 0.07860047922948275 0
vn 0.9969140266322428 0.07850110511252634 0
vn 0.9969140266322428 0.07850110511252634 0
vn 0.8040745602587362 0.0629980097355205 -0.5911813193209706
vn 0.9969140266322428 0.07850110511252634 0
vn 0.9969140266322428 0.07850110511252634 0
vn 0.8040695052483815 0.06309760998717895 0.5911775725985627
vn 0.6271204338430826 -0.5017163146304214 0.5958193527321279
vn 0.6271204338430826 -0.5017163146304214 0.5958193527321279
vn 0.6271204338430826 -0.5017163146304214 0.5958193527321279
vn 0.6271204338430826 -0.5017163146304214 0.5958193527321279
vn 0.6271204338430826 -0.5017163146304214 0.5958193527321279
vn 0.6271204338430826 -0.5017163146304214 0.5958193527321279
vn 0.6271204338430826 -0.5017163146304214 -0.5958193527321279
vn 0.6271204338430826 -0.5017163146304214 -0.5958193527321279
vn 0.6271811123222457 -0.5016848441386923 -0.595781981523247
vn 0.6271204338430826 -0.5017163146304214 -0.5958193527321279
vn 0.6271204338430826 -0.5017163146304214 -0.5958193527321279
vn 0.6271204338430826 -0.5017163146304214 -0.5958193527321279
vn 0.7816389700103432 -0.6237311284208681 0
vn 0.7815025598238569 -0.6239020347688884 0
vn 0.7816389700103432 -0.6237311284208681 0
vn 0.7816389700103432 -0.6237311284208681 0
vn 0.7815025598238569 -0.6239020347688884 0
vn 0.7816389700103432 -0.6237311284208681 0
vn 0.7815025598238569 -0.6239020347688884 0
vn 0.7816389700103432 -0.6237311284208681 0
vn 0.7816389700103432 -0.6237311284208681 0
vn 0.4716993927250106 0.3301995437844706 -0.817598889546325
vn 0.8814933479348754 0.4721964395742145 0
vn 0.5202802430635272 0.34688684417450694 -0.7803704159028636
vn 0.4716993927250106 0.3301995437844706 -0.817598889546325
vn 0.8814933479348754 0.4721964395742145 0
vn 0.8814933479348754 0.4721964395742145 0
vn 0.4716993927250106 0.3301995437844706 0.817598889546325
vn 0.8814933479348754 0.4721964395742145 0
vn 0.8814933479348754 0.4721964395742145 0
vn 0.8814933479348754 0.4721964395742145 0
vn 0.4716993927250106 0.3301995437844706 0.817598889546325
vn 0.5202802430635272 0.34688684417450694 0.7803704159028636
vn -0.27580398690550184 0.9612138996118552 0
vn -0.27580398690550184 0.9612138996118552 0
vn -0.2519129787886636 0.8974463255159943 -0.3621186876366119
vn -0.27580398690550184 0.9612138996118552 0
vn -0.2519129787886636 0.8974463255159943 -0.3621186876366119
vn -0.2519129787886636 0.8974463255159943 -0.3621186876366119
vn -0.27580398690550184 0.9612138996118552 0
vn -0.2519129787886636 0.8974463255159943 0.3621186876366119
vn -0.27580398690550184 0.9612138996118552 0
vn -0.2519129787886636 0.8974463255159943 0.3621186876366119
vn -0.27580398690550184 0.9612138996118552 0
vn -0.2519038561263347 0.8974138297566587 0.36220555687367595
vn 0.27580398690550184 0.9612138996118552 0
vn 0.2519129787886636 0.8974463255159943 -0.3621186876366119
vn 0.27580398690550184 0.9612138996118552 0
vn 0.2519129787886636 0.8974463255159943 -0.3621186876366119
vn 0.27580398690550184 0.9612138996118552 0
vn 0.2519129787886636 0.8974463255159943 -0.3621186876366119
vn 0.25189039232044097 0.8974657697840381 0.36208620841257977
vn 0.27580398690550184 0.9612138996118552 0
vn 0.27580398690550184 0.9612138996118552 0
vn 0.25189039232044097 0.8974657697840381 0.36208620841257977
vn 0.2519038561263347 0.8974138297566587 0.36220555687367595
vn 0.27580398690550184 0.9612138996118552 0
vn 0 1 0
vn 0 1 0
vn 0 1 0
vn 0 1 0
vn 0 1 0
vn 0 1 0
vn 0 0.7417157855792775 0.6707143158025741
vn 0 0.7417157855792775 0.6707143158025741
vn 0 0.7417157855792775 0.6707143158025741
vn 0 0.7417157855792775 0.6707143158025741
vn 0 0.7417157855792775 0.6707143158025741
vn 0 0.7417157855792775 0.6707143158025741
vn 0 0.7417157855792775 -0.6707143158025741
vn 0 0.7417157855792775 -0.6707143158025741
vn 0 0.7417157855792775 -0.6707143158025741
vn 0 0.7417157855792775 -0.6707143158025741
vn 0 0.7417157855792775 -0.6707143158025741
vn 0 0.7417157855792775 -0.6707143158025741
vn 0.6992130340625324 0.714913374470689 0
vn 0.8717233084718857 0.054901470394061354 -0.4869130333184764
vn 0.6372568146269469 0.653055741315059 -0.40917227538893175
vn 0.6372984492231625 0.6529983718785217 0.40919898941926997
vn 0.8717897672827238 0.054899358131179875 0.48679427085568594
vn 0.6992130340625324 0.714913374470689 0
vn 0.3794087687413982 0.26880618361748276 0.8853204063225587
vn 0 0.26849475283490815 0.9632811467583706
vn 0 0.26849475283490815 0.9632811467583706
vn 0 0.26849475283490815 -0.9632811467583706
vn 0.3794087687413982 0.26880618361748276 -0.8853204063225587
vn 0 0.26840197453052883 -0.9633070019822929
vn -0.3794087687413982 0.26880618361748276 -0.8853204063225587
vn 0 0.26849475283490815 -0.9632811467583706
vn 0 0.26840197453052883 -0.9633070019822929
vn 0 0.26849475283490815 0.9632811467583706
vn -0.3794087687413982 0.26880618361748276 0.8853204063225587
vn 0 0.26849475283490815 0.9632811467583706
vn -0.08629735728806252 0.9962694244656396 0
vn -0.0863966048451125 0.9962608226118487 0
vn -0.08629735728806252 0.9962694244656396 0
vn -0.0863966048451125 0.9962608226118487 0
vn -0.08629735728806252 0.9962694244656396 0
vn -0.0863966048451125 0.9962608226118487 0
vn -0.08629735728806252 0.9962694244656396 0
vn -0.08629735728806252 0.9962694244656396 0
vn -0.0863966048451125 0.9962608226118487 0
vn -0.08629735728806252 0.9962694244656396 0
vn -0.08629735728806252 0.9962694244656396 0
vn -0.0863966048451125 0.9962608226118487 0
vn 0.031499333055994755 -0.3697921858525414 0.9285803849422123
vn 0.4893862992299456 -0.402588702624116 0.773578300267949
vn 0.5590021036360067 -0.4173015372596464 0.7165026693120237
vn 0.4893862992299456 -0.402588702624116 0.773578300267949
vn 0.031499333055994755 -0.3697921858525414 0.9285803849422123
vn 0.031499333055994755 -0.3697921858525414 0.9285803849422123
vn -0.4106924784570956 -0.4817911927052167 0.7740858704113212
vn 0.031398273272021014 -0.3698796543622596 0.9285489700195627
vn -0.48077420545586275 -0.504372966384507 0.7172615102936842
vn 0.031398273272021014 -0.3698796543622596 0.9285489700195627
vn -0.4106924784570956 -0.4817911927052167 0.7740858704113212
vn 0.03139943194740501 -0.3697933481356258 0.9285833055510013
vn -0.1969046328394315 0.6144144640237049 0.7640179526456378
vn -0.1969046328394315 0.6144144640237049 0.7640179526456378
vn -0.19688957303306706 0.614367525108039 0.7640595789095765
vn -0.1969046328394315 0.6144144640237049 0.7640179526456378
vn -0.1969046328394315 0.6144144640237049 0.7640179526456378
vn -0.1969046328394315 0.6144144640237049 0.7640179526456378
vn 0.1969046328394315 0.6144144640237049 0.7640179526456378
vn 0.1969046328394315 0.6144144640237049 0.7640179526456378
vn 0.1969046328394315 0.6144144640237049 0.7640179526456378
vn 0.1969046328394315 0.6144144640237049 0.7640179526456378
vn 0.1969046328394315 0.6144144640237049 0.7640179526456378
vn 0.1969046328394315 0.6144144640237049 0.7640179526456378
vn -0.19639274169255005 0.4634828494651448 0.8640680177290173
vn -0.19639274169255005 0.4634828494651448 0.8640680177290173
vn -0.19639274169255005 0.4634828494651448 0.8640680177290173
vn -0.19639274169255005 0.4634828494651448 0.8640680177290173
vn -0.196401831039834 0.4634043194953513 0.8641080704618208
vn -0.19639274169255005 0.4634828494651448 0.8640680177290173
vn 0.19639274169255005 0.4634828494651448 0.8640680177290173
vn 0.19639274169255005 0.4634828494651448 0.8640680177290173
vn 0.19639274169255005 0.4634828494651448 0.8640680177290173
vn 0.19639274169255005 0.4634828494651448 0.8640680177290173
vn 0.19639274169255005 0.4634828494651448 0.8640680177290173
vn 0.19639274169255005 0.4634828494651448 0.8640680177290173
vn -0.5287915593213428 0.4261932175768604 0.7339883024149538
vn -0.5287915593213428 0.4261932175768604 0.7339883024149538
vn -0.5287915593213428 0.4261932175768604 0.7339883024149538
vn -0.5287915593213428 0.4261932175768604 0.7339883024149538
vn -0.5287915593213428 0.4261932175768604 0.7339883024149538
vn -0.5287915593213428 0.4261932175768604 0.7339883024149538
vn 0.5287915593213428 0.4261932175768604 0.7339883024149538
vn 0.5287915593213428 0.4261932175768604 0.7339883024149538
vn 0.5287915593213428 0.4261932175768604 0.7339883024149538
vn 0.5287915593213428 0.4261932175768604 0.7339883024149538
vn 0.5287915593213428 0.4261932175768604 0.7339883024149538
vn 0.5287915593213428 0.4261932175768604 0.7339883024149538
vn 0.4189983383055989 0.2608989523696616 0.8696965730354236
vn 0.9262953982626384 0.3767981225504708 -0.00009999950255718599
vn 0.9262954028940693 0.37679812443444266 0
vn 0.9262953982626384 0.3767981225504708 -0.00009999950255718599
vn 0.4189983383055989 0.2608989523696616 0.8696965730354236
vn 0.3794087687413982 0.26880618361748276 0.8853204063225587
vn 0 0.26840197453052883 0.9633070019822929
vn 0.3794087687413982 0.26880618361748276 0.8853204063225587
vn 0.4189983383055989 0.2608989523696616 0.8696965730354236
vn -0.9263302858442867 0.3767123591384312 0
vn -0.9263302858442867 0.3767123591384312 0
vn -0.4189983383055989 0.2608989523696616 0.8696965730354236
vn -0.4189983383055989 0.2608989523696616 0.8696965730354236
vn -0.9263302858442867 0.3767123591384312 0
vn -0.3794943696901746 0.26879599737197596 0.8852868095539783
vn 0 0.26840197453052883 0.9633070019822929
vn -0.4189983383055989 0.2608989523696616 0.8696965730354236
vn -0.3794943696901746 0.26879599737197596 0.8852868095539783
vn -0.6959717339416132 -0.09489614606084404 0.7117710776767366
vn -0.6959717339416132 -0.09489614606084404 0.7117710776767366
vn -0.6959717339416132 -0.09489614606084404 0.7117710776767366
vn -0.6959717339416132 -0.09489614606084404 0.7117710776767366
vn -0.6959717339416132 -0.09489614606084404 0.7117710776767366
vn -0.6959717339416132 -0.09489614606084404 0.7117710776767366
vn -0.2679018381672338 0.6066041596514836 0.7485051760676974
vn -0.007899909060412512 0.06289927486391288 0.997988613491372
vn -0.05539894459371622 0.6399878243648165 0.7663853740793147
vn -0.007899909060412512 0.06289927486391288 0.997988613491372
vn -0.2679018381672338 0.6066041596514836 0.7485051760676974
vn -0.29899367084050044 0.0628986718422549 0.9521798894525146
vn -0.007899909060412512 0.06289927486391288 0.997988613491372
vn -0.29899367084050044 0.0628986718422549 0.9521798894525146
vn 0.04710029646764689 -0.5266033227775516 0.8488053384094033
vn 0.6959201751266227 -0.09490274716665917 0.7118206083220349
vn 0.6959717339416132 -0.09489614606084404 0.7117710776767366
vn 0.6959717339416132 -0.09489614606084404 0.7117710776767366
vn 0.6959201751266227 -0.09490274716665917 0.7118206083220349
vn 0.6959717339416132 -0.09489614606084404 0.7117710776767366
vn 0.6959717339416132 -0.09489614606084404 0.7117710776767366
vn -0.48039596999063816 0.3858967699467467 0.7875934198312106
vn -0.48039596999063816 0.3858967699467467 0.7875934198312106
vn -0.48039596999063816 0.3858967699467467 0.7875934198312106
vn -0.48039596999063816 0.3858967699467467 0.7875934198312106
vn -0.48039596999063816 0.3858967699467467 0.7875934198312106
vn -0.48039596999063816 0.3858967699467467 0.7875934198312106
vn -0.05529925713904186 0.639991356239178 0.766389624211476
vn -0.007799916748769322 0.06289932754311418 0.9979893966838205
vn 0.1574028598502231 0.6452117632476468 0.7476136169692429
vn 0.1574028598502231 0.6452117632476468 0.7476136169692429
vn -0.007799916748769322 0.06289932754311418 0.9979893966838205
vn 0.283192994640817 0.1179970811003404 0.9517764530803259
vn 0.283192994640817 0.1179970811003404 0.9517764530803259
vn -0.007799916748769322 0.06289932754311418 0.9979893966838205
vn 0.047200077189829354 -0.5266008478356993 0.8488013311558819
vn 0.48039596999063816 0.3858967699467467 0.7875934198312106
vn 0.48039596999063816 0.3858967699467467 0.7875934198312106
vn 0.48039596999063816 0.3858967699467467 0.7875934198312106
vn 0.48039596999063816 0.3858967699467467 0.7875934198312106
vn 0.48039596999063816 0.3858967699467467 0.7875934198312106
vn 0.48039596999063816 0.3858967699467467 0.7875934198312106
vn -0.9715091021611858 -0.23700222449964398 -0.00010000093639702721
vn -0.9715321217921615 -0.23690784352857297 -0.00010000330961892049
vn -0.5411999277199194 -0.0548999948071763 0.8390998920308153
vn -0.5411292261278019 -0.05490296279999382 0.8391452945146679
vn -0.4472135954999579 0 0.8944271909999159
vn -0.00010000299803894577 0.12600379053848426 0.9920297549818423
vn -0.00010000299803894577 0.12600379053848426 0.9920297549818423
vn -0.4472135954999579 0 0.8944271909999159
vn 0 0.12600378371798976 0.9920297608886288
vn 0.5411999277199194 -0.0548999948071763 0.8390998920308153
vn 0.9715091021611858 -0.23700222449964398 -0.00010000093639702721
vn 0.9715321217921615 -0.23690784352857297 -0.00010000330961892049
vn 0 0.12600378371798976 0.9920297608886288
vn 0.4472135954999579 0 0.8944271909999159
vn 0.5411292261278019 -0.05490296279999382 0.8391452945146679
vn 0.4472135954999579 0 0.8944271909999159
vn 0 0.12600378371798976 0.9920297608886288
vn 0 0.12600378371798976 0.9920297608886288
vn -0.5346903191430652 0.07859858105622188 0.8413848855729675
vn -0.5346903191430652 0.07859858105622188 0.8413848855729675
vn -0.5346903191430652 0.07859858105622188 0.8413848855729675
vn -0.5346903191430652 0.07859858105622188 0.8413848855729675
vn -0.5346903191430652 0.07859858105622188 0.8413848855729675
vn -0.5346903191430652 0.07859858105622188 0.8413848855729675
vn 0 0 1
vn 0 0 1
vn -0.22770070068333903 -0.015800048032757277 0.9736029731828468
vn 0 0 1
vn -0.22770070068333903 -0.015800048032757277 0.9736029731828468
vn 0 0 1
vn 0.5346903191430652 0.07859858105622188 0.8413848855729675
vn 0.5346903191430652 0.07859858105622188 0.8413848855729675
vn 0.5346903191430652 0.07859858105622188 0.8413848855729675
vn 0.5346903191430652 0.07859858105622188 0.8413848855729675
vn 0.5346903191430652 0.07859858105622188 0.8413848855729675
vn 0.5346903191430652 0.07859858105622188 0.8413848855729675
vn 0 0 1
vn 0 0 1
vn -0.22770693482983068 0 0.9737297118966861
vn 0 0 1
vn -0.22770693482983068 0 0.9737297118966861
vn 0 0 1
vn 0.22770693482983068 0 0.9737297118966861
vn 0 0 1
vn 0 0 1
vn 0 0 1
vn 0 0 1
vn 0.22770693482983068 0 0.9737297118966861
vn 0.22770105475357919 0.015700072169395354 0.9736045076918981
vn 0 0 1
vn 0 0 1
vn 0 0 1
vn 0 0 1
vn 0.22770105475357919 0.015700072169395354 0.9736045076918981
vn -0.362494686158473 -0.2993955983327589 0.8825870371843444
vn -0.362494686158473 -0.2993955983327589 0.8825870371843444
vn -0.36248383177557514 -0.29948660939164684 0.8825606168963079
vn -0.362494686158473 -0.2993955983327589 0.8825870371843444
vn -0.362494686158473 -0.2993955983327589 0.8825870371843444
vn -0.362494686158473 -0.2993955983327589 0.8825870371843444
vn 0.362494686158473 -0.2993955983327589 0.8825870371843444
vn 0.36248383177557514 -0.29948660939164684 0.8825606168963079
vn 0.362494686158473 -0.2993955983327589 0.8825870371843444
vn 0.362494686158473 -0.2993955983327589 0.8825870371843444
vn 0.362494686158473 -0.2993955983327589 0.8825870371843444
vn 0.362494686158473 -0.2993955983327589 0.8825870371843444
vn -0.26860621893047915 -0.6320146993945548 0.7269168583139904
vn -0.2685892558911961 -0.6320747082878221 0.7268709478048206
vn -0.2685892558911961 -0.6320747082878221 0.7268709478048206
vn -0.2685892558911961 -0.6320747082878221 0.7268709478048206
vn -0.26860621893047915 -0.6320146993945548 0.7269168583139904
vn -0.2685892558911961 -0.6320747082878221 0.7268709478048206
vn 0.26860621893047915 -0.6320146993945548 0.7269168583139904
vn 0.2685892558911961 -0.6320747082878221 0.7268709478048206
vn 0.2685892558911961 -0.6320747082878221 0.7268709478048206
vn 0.26860621893047915 -0.6320146993945548 0.7269168583139904
vn 0.2685892558911961 -0.6320747082878221 0.7268709478048206
vn 0.2685892558911961 -0.6320747082878221 0.7268709478048206
vn 0 -0.5363124113441826 0.844019548018995
vn 0 -0.5365000942377786 0.8439002600324607
vn 0 -0.5363836973934829 0.843974246746011
vn 0 -0.5363124113441826 0.844019548018995
vn 0 -0.5363836973934829 0.843974246746011
vn 0 -0.5363836973934829 0.843974246746011
vn -0.20550355483607458 -0.6638114506757811 0.7191124021329707
vn -0.20550355483607458 -0.6638114506757811 0.7191124021329707
vn -0.20550355483607458 -0.6638114506757811 0.7191124021329707
vn -0.20550355483607458 -0.6638114506757811 0.7191124021329707
vn -0.20550355483607458 -0.6638114506757811 0.7191124021329707
vn -0.20550355483607458 -0.6638114506757811 0.7191124021329707
vn 0.20550355483607458 -0.6638114506757811 0.7191124021329707
vn 0.20550355483607458 -0.6638114506757811 0.7191124021329707
vn 0.20550355483607458 -0.6638114506757811 0.7191124021329707
vn 0.20550355483607458 -0.6638114506757811 0.7191124021329707
vn 0.20550355483607458 -0.6638114506757811 0.7191124021329707
vn 0.20550355483607458 -0.6638114506757811 0.7191124021329707
vn -0.023701034633657195 0.23691034464317828 0.9712423742600734
vn -0.5195993726630669 0.24409971875411826 0.818799010278046
vn -0.5743261418484151 0.2518114676686628 0.7789354707163285
vn -0.5195993726630669 0.24409971875411826 0.818799010278046
vn -0.023701034633657195 0.23691034464317828 0.9712423742600734
vn -0.023701034633657195 0.23691034464317828 0.9712423742600734
vn 0.47162159042261576 0.3302151176281856 0.8176374817344458
vn -0.023698732531461698 0.2368873385218478 0.9712480419153688
vn 0.5202253984505677 0.34681692236627115 0.7804380546637483
vn -0.023698732531461698 0.2368873385218478 0.9712480419153688
vn 0.47162159042261576 0.3302151176281856 0.8176374817344458
vn -0.023698732531461698 0.2368873385218478 0.9712480419153688
vn -0.48080869612674343 -0.5044091249832042 -0.7172129616526595
vn -0.4108074251476146 -0.4818086856530445 -0.7740139855796357
vn -0.7636858403140454 -0.6455880554222095 0
vn -0.7636858403140454 -0.6455880554222095 0
vn -0.4108074251476146 -0.4818086856530445 -0.7740139855796357
vn -0.7636858403140454 -0.6455880554222095 0
vn -0.4108074251476146 -0.4818086856530445 0.7740139855796357
vn -0.7636858403140454 -0.6455880554222095 0
vn -0.7636858403140454 -0.6455880554222095 0
vn -0.7636858403140454 -0.6455880554222095 0
vn -0.4108074251476146 -0.4818086856530445 0.7740139855796357
vn -0.4807844503197818 -0.5044836447255503 0.7171768014479623
vn -0.774536210414275 0.6325295714487139 0
vn -0.774536210414275 0.6325295714487139 0
vn -0.774536210414275 0.6325295714487139 0
vn -0.774536210414275 0.6325295714487139 0
vn -0.774536210414275 0.6325295714487139 0
vn -0.774536210414275 0.6325295714487139 0
vn -0.7424875996347893 0.5291911890145425 -0.4106931334438688
vn -0.9969140266322428 -0.07850110511252634 0
vn -0.8121560250409133 0.5834403062779802 0
vn -0.8121560250409133 0.5834403062779802 0
vn -0.9969140266322428 -0.07850110511252634 0
vn -0.7424875996347893 0.5291911890145425 0.4106931334438688
vn -0.9969140266322428 -0.07850110511252634 0
vn -0.7424875996347893 0.5291911890145425 -0.4106931334438688
vn -0.8665931135343296 -0.10239918424255494 -0.4883961329098911
vn -0.9969140266322428 -0.07850110511252634 0
vn -0.8665931135343296 -0.10239918424255494 -0.4883961329098911
vn -0.7226331478688183 -0.691231751007723 0
vn -0.7424875996347893 0.5291911890145425 0.4106931334438688
vn -0.9969140266322428 -0.07850110511252634 0
vn -0.8665931135343296 -0.10239918424255494 0.4883961329098911
vn -0.8665931135343296 -0.10239918424255494 0.4883961329098911
vn -0.9969140266322428 -0.07850110511252634 0
vn -0.7226331478688183 -0.691231751007723 0
vn -0.9364003694860887 -0.11800004738173686 -0.33050013138306644
vn -0.9929899509962423 -0.118198803803085 0
vn -0.9929899509962423 -0.118198803803085 0
vn -0.9929899509962423 -0.118198803803085 0
vn -0.9364003694860887 -0.11800004738173686 -0.33050013138306644
vn -0.9364003694860887 -0.11800004738173686 -0.33050013138306644
vn -0.9929899509962423 -0.118198803803085 0
vn -0.9364003694860887 -0.11800004738173686 0.33050013138306644
vn -0.9929899509962423 -0.118198803803085 0
vn -0.9364003694860887 -0.11800004738173686 0.33050013138306644
vn -0.9929899509962423 -0.118198803803085 0
vn -0.9364003694860887 -0.11800004738173686 0.33050013138306644
vn -0.804034171382411 -0.06310268474976526 0.5912250860939272
vn -0.9969140266322428 -0.07850110511252634 0
vn -0.9969140266322428 -0.07850110511252634 0
vn -0.9969140266322428 -0.07850110511252634 0
vn -0.804034171382411 -0.06310268474976526 -0.5912250860939272
vn -0.9969140266322428 -0.07850110511252634 0
vn -0.9969140266322428 -0.07850110511252634 0
vn -0.9969140266322428 -0.07850110511252634 0
vn -0.804034171382411 -0.06310268474976526 0.5912250860939272
vn -0.9969140266322428 -0.07850110511252634 0
vn -0.9969140266322428 -0.07850110511252634 0
vn -0.804034171382411 -0.06310268474976526 -0.5912250860939272
vn -0.9715321266501437 -0.2369078447131906 0
vn -0.5411292261278019 -0.05490296279999382 -0.8391452945146679
vn -0.4472135954999579 0 -0.8944271909999159
vn -0.5411999277199194 -0.0548999948071763 0.8390998920308153
vn -0.9715321217921615 -0.23690784352857297 -0.00010000330961892049
vn -0.4472135954999579 0 0.8944271909999159
vn -0.8083907369486051 -0.007899909283843714 0.5885932448210719
vn -0.9998767531422494 -0.015699634572606966 0
vn -0.9998751784043831 -0.01579960793194682 0
vn -0.9998767531422494 -0.015699634572606966 0
vn -0.8083907369486051 -0.007899909283843714 -0.5885932448210719
vn -0.9998751784043831 -0.01579960793194682 0
vn -0.9998767531422494 -0.015699634572606966 0
vn -0.9998767531422494 -0.015699634572606966 0
vn -0.8083907369486051 -0.007899909283843714 0.5885932448210719
vn -0.9998767531422494 -0.015699634572606966 0
vn -0.9998767531422494 -0.015699634572606966 0
vn -0.8083907369486051 -0.007899909283843714 -0.5885932448210719
vn -0.6271204338430826 -0.5017163146304214 0.5958193527321279
vn -0.6271204338430826 -0.5017163146304214 0.5958193527321279
vn -0.6271204338430826 -0.5017163146304214 0.5958193527321279
vn -0.6271204338430826 -0.5017163146304214 0.5958193527321279
vn -0.6270830519964722 -0.5016863853109657 0.5958838953121717
vn -0.6271204338430826 -0.5017163146304214 0.5958193527321279
vn -0.6270830519964722 -0.5016863853109657 -0.5958838953121717
vn -0.6271204338430826 -0.5017163146304214 -0.5958193527321279
vn -0.6271204338430826 -0.5017163146304214 -0.5958193527321279
vn -0.6271204338430826 -0.5017163146304214 -0.5958193527321279
vn -0.6270830519964722 -0.5016863853109657 -0.5958838953121717
vn -0.6271204338430826 -0.5017163146304214 -0.5958193527321279
vn -0.7816389700103432 -0.6237311284208681 0
vn -0.7816778810879655 -0.6236823632409598 0
vn -0.7816389700103432 -0.6237311284208681 0
vn -0.7816389700103432 -0.6237311284208681 0
vn -0.7816778810879655 -0.6236823632409598 0
vn -0.7816389700103432 -0.6237311284208681 0
vn -0.7816778810879655 -0.6236823632409598 0
vn -0.7816389700103432 -0.6237311284208681 0
vn -0.7816389700103432 -0.6237311284208681 0
vn -0.9517764530803259 0.30679241086088505 0
vn -0.5196723878631462 0.2440870376363923 0.8187564517916827
vn -0.9517764530803259 0.30679241086088505 0
vn -0.5195993726630669 0.24409971875411826 -0.818799010278046
vn -0.9517764530803259 0.30679241086088505 0
vn -0.9517764530803259 0.30679241086088505 0
vn -0.5196723878631462 0.2440870376363923 0.8187564517916827
vn -0.9517764530803259 0.30679241086088505 0
vn -0.5743931570479106 0.25179699232393626 0.7788907341810877
vn -0.9517764530803259 0.30679241086088505 0
vn -0.5195993726630669 0.24409971875411826 -0.818799010278046
vn -0.5743931570479106 0.25179699232393626 -0.7788907341810877
vn 0 -1 0
vn 0 -1 0
vn 0 -1 0
vn 0 -1 0
vn 0 -1 0
vn 0 -1 0
vn 0 -1 0
vn 0 -1 0
vn 0 -1 0
vn 0 -1 0
vn 0 -1 0
vn 0 -1 0
vn 0 -1 0
vn 0 -1 0
vn 0 -1 0
vn 0 -1 0
vn 0 -1 0
vn 0 -1 0
vn 0 -1 0
vn 0 -1 0
vn 0 -1 0
vn 0 -1 0
vn 0 -1 0
vn 0 -1 0
vn 0 -1 0
vn 0 -1 0
vn 0 -1 0
vn 0 -1 0
vn 0 -1 0
vn 0 -1 0
vn 0 -1 0
vn 0 -1 0
vn 0 -1 0
vn 0 -1 0
vn 0 -1 0
vn 0 -1 0
vn 0 -1 0
vn 0 -1 0
vn 0 -1 0
vn 0 -1 0
vn 0 -1 0
vn 0 -1 0
vn 0 -1 0
vn 0 -1 0
vn 0 -1 0
vn 0 -1 0
vn 0 -1 0
vn 0 -1 0
vn -0.3618131379771397 -0.833830319999044 -0.416915159999522
vn -0.3618131379771397 -0.833830319999044 -0.416915159999522
vn -0.4025073537742962 -0.9154167521722627 0
vn -0.4025073537742962 -0.9154167521722627 0
vn -0.40238673133507735 -0.9154697801923734 0
vn -0.3618131379771397 -0.833830319999044 -0.416915159999522
vn -0.4025073537742962 -0.9154167521722627 0
vn -0.3619000631630619 -0.8338001411765636 0.4169000705882818
vn -0.40238673133507735 -0.9154697801923734 0
vn -0.3619000631630619 -0.8338001411765636 0.4169000705882818
vn -0.4025073537742962 -0.9154167521722627 0
vn -0.3618131379771397 -0.833830319999044 0.416915159999522
vn 0.3618131379771397 -0.833830319999044 -0.416915159999522
vn 0.4025073537742962 -0.9154167521722627 0
vn 0.3618131379771397 -0.833830319999044 -0.416915159999522
vn 0.4025073537742962 -0.9154167521722627 0
vn 0.3618131379771397 -0.833830319999044 -0.416915159999522
vn 0.4025073537742962 -0.9154167521722627 0
vn 0.4025073537742962 -0.9154167521722627 0
vn 0.4025073537742962 -0.9154167521722627 0
vn 0.3619000631630619 -0.8338001411765636 0.4169000705882818
vn 0.4025073537742962 -0.9154167521722627 0
vn 0.3619000631630619 -0.8338001411765636 0.4169000705882818
vn 0.3618131379771397 -0.833830319999044 0.416915159999522
vn 0.5590021036360067 -0.4173015372596464 -0.7165026693120237
vn 0.48940598236154115 -0.40250491496772445 -0.7736094478841113
vn 0.031499333055994755 -0.3697921858525414 -0.9285803849422123
vn 0.031499333055994755 -0.3697921858525414 -0.9285803849422123
vn 0.48940598236154115 -0.40250491496772445 -0.7736094478841113
vn 0.031499333055994755 -0.3697921858525414 -0.9285803849422123
vn -0.4106924784570956 -0.4817911927052167 -0.7740858704113212
vn 0.031499333055994755 -0.3697921858525414 -0.9285803849422123
vn 0.031499333055994755 -0.3697921858525414 -0.9285803849422123
vn 0.031499333055994755 -0.3697921858525414 -0.9285803849422123
vn -0.4106924784570956 -0.4817911927052167 -0.7740858704113212
vn -0.48077420545586275 -0.504372966384507 -0.7172615102936842
vn -0.1969046328394315 0.6144144640237049 -0.7640179526456378
vn -0.19688957303306706 0.614367525108039 -0.7640595789095765
vn -0.1969046328394315 0.6144144640237049 -0.7640179526456378
vn -0.1969046328394315 0.6144144640237049 -0.7640179526456378
vn -0.1969046328394315 0.6144144640237049 -0.7640179526456378
vn -0.1969046328394315 0.6144144640237049 -0.7640179526456378
vn 0.1969046328394315 0.6144144640237049 -0.7640179526456378
vn 0.1969046328394315 0.6144144640237049 -0.7640179526456378
vn 0.19688957303306706 0.614367525108039 -0.7640595789095765
vn 0.1969046328394315 0.6144144640237049 -0.7640179526456378
vn 0.1969046328394315 0.6144144640237049 -0.7640179526456378
vn 0.1969046328394315 0.6144144640237049 -0.7640179526456378
vn -0.196401831039834 0.4634043194953513 -0.8641080704618208
vn -0.19639274169255005 0.4634828494651448 -0.8640680177290173
vn -0.196401831039834 0.4634043194953513 -0.8641080704618208
vn -0.19639274169255005 0.4634828494651448 -0.8640680177290173
vn -0.196401831039834 0.4634043194953513 -0.8641080704618208
vn -0.19639274169255005 0.4634828494651448 -0.8640680177290173
vn 0.19639274169255005 0.4634828494651448 -0.8640680177290173
vn 0.19639274169255005 0.4634828494651448 -0.8640680177290173
vn 0.19639274169255005 0.4634828494651448 -0.8640680177290173
vn 0.19639274169255005 0.4634828494651448 -0.8640680177290173
vn 0.19639274169255005 0.4634828494651448 -0.8640680177290173
vn 0.19639274169255005 0.4634828494651448 -0.8640680177290173
vn -0.5287915593213428 0.4261932175768604 -0.7339883024149538
vn -0.5287915593213428 0.4261932175768604 -0.7339883024149538
vn -0.5287915593213428 0.4261932175768604 -0.7339883024149538
vn -0.5287915593213428 0.4261932175768604 -0.7339883024149538
vn -0.5287915593213428 0.4261932175768604 -0.7339883024149538
vn -0.5287915593213428 0.4261932175768604 -0.7339883024149538
vn 0.5287915593213428 0.4261932175768604 -0.7339883024149538
vn 0.5287915593213428 0.4261932175768604 -0.7339883024149538
vn 0.5287915593213428 0.4261932175768604 -0.7339883024149538
vn 0.5287915593213428 0.4261932175768604 -0.7339883024149538
vn 0.5287915593213428 0.4261932175768604 -0.7339883024149538
vn 0.5287915593213428 0.4261932175768604 -0.7339883024149538
vn 0.9263302858442867 0.3767123591384312 0
vn 0.9263302858442867 0.3767123591384312 0
vn 0.4189983383055989 0.2608989523696616 -0.8696965730354236
vn 0.4189983383055989 0.2608989523696616 -0.8696965730354236
vn 0.9263302858442867 0.3767123591384312 0
vn 0.3794943696901746 0.26879599737197596 -0.8852868095539783
vn 0 0.26840197453052883 -0.9633070019822929
vn 0.4189983383055989 0.2608989523696616 -0.8696965730354236
vn 0.3794087687413982 0.26880618361748276 -0.8853204063225587
vn 0 0.26840197453052883 -0.9633070019822929
vn -0.3794943696901746 0.26879599737197596 -0.8852868095539783
vn -0.4189983383055989 0.2608989523696616 -0.8696965730354236
vn -0.9262954028940693 0.37679812443444266 0
vn -0.4189983383055989 0.2608989523696616 -0.8696965730354236
vn -0.3794943696901746 0.26879599737197596 -0.8852868095539783
vn -0.4189983383055989 0.2608989523696616 -0.8696965730354236
vn -0.9262954028940693 0.37679812443444266 0
vn -0.9262954028940693 0.37679812443444266 0
vn -0.6959717339416132 -0.09489614606084404 -0.7117710776767366
vn -0.6959717339416132 -0.09489614606084404 -0.7117710776767366
vn -0.6959717339416132 -0.09489614606084404 -0.7117710776767366
vn -0.6959717339416132 -0.09489614606084404 -0.7117710776767366
vn -0.6959717339416132 -0.09489614606084404 -0.7117710776767366
vn -0.6959717339416132 -0.09489614606084404 -0.7117710776767366
vn 0.6959201751266227 -0.09490274716665917 -0.7118206083220349
vn 0.6959717339416132 -0.09489614606084404 -0.7117710776767366
vn 0.6959717339416132 -0.09489614606084404 -0.7117710776767366
vn 0.6959717339416132 -0.09489614606084404 -0.7117710776767366
vn 0.6959201751266227 -0.09490274716665917 -0.7118206083220349
vn 0.6959717339416132 -0.09489614606084404 -0.7117710776767366
vn -0.29899367084050044 0.0628986718422549 -0.9521798894525146
vn -0.007899909060412512 0.06289927486391288 -0.997988613491372
vn 0.04710029646764689 -0.5266033227775516 -0.8488053384094033
vn -0.2679018381672338 0.6066041596514836 -0.7485051760676974
vn -0.007899909060412512 0.06289927486391288 -0.997988613491372
vn -0.29899367084050044 0.0628986718422549 -0.9521798894525146
vn -0.05529925713904186 0.639991356239178 -0.766389624211476
vn -0.007899909060412512 0.06289927486391288 -0.997988613491372
vn -0.2679018381672338 0.6066041596514836 -0.7485051760676974
vn 0.15740448369051346 0.6453183347699433 -0.747521287538937
vn -0.007899909060412512 0.06289927486391288 -0.997988613491372
vn -0.05529925713904186 0.639991356239178 -0.766389624211476
vn -0.007899909060412512 0.06289927486391288 -0.997988613491372
vn 0.15740448369051346 0.6453183347699433 -0.747521287538937
vn 0.283192994640817 0.1179970811003404 -0.9517764530803259
vn -0.007899909060412512 0.06289927486391288 -0.997988613491372
vn 0.283192994640817 0.1179970811003404 -0.9517764530803259
vn 0.047200077189829354 -0.5266008478356993 -0.8488013311558819
vn -0.48039596999063816 0.3858967699467467 -0.7875934198312106
vn -0.48039596999063816 0.3858967699467467 -0.7875934198312106
vn -0.48039596999063816 0.3858967699467467 -0.7875934198312106
vn -0.48039596999063816 0.3858967699467467 -0.7875934198312106
vn -0.48039596999063816 0.3858967699467467 -0.7875934198312106
vn -0.48039596999063816 0.3858967699467467 -0.7875934198312106
vn 0.48039596999063816 0.3858967699467467 -0.7875934198312106
vn 0.48039596999063816 0.3858967699467467 -0.7875934198312106
vn 0.48039596999063816 0.3858967699467467 -0.7875934198312106
vn 0.48039596999063816 0.3858967699467467 -0.7875934198312106
vn 0.48039596999063816 0.3858967699467467 -0.7875934198312106
vn 0.48039596999063816 0.3858967699467467 -0.7875934198312106
vn 0 0.12600378371798976 -0.9920297608886288
vn -0.4472135954999579 0 -0.8944271909999159
vn -0.5411292261278019 -0.05490296279999382 -0.8391452945146679
vn -0.4472135954999579 0 -0.8944271909999159
vn 0 0.12600378371798976 -0.9920297608886288
vn 0 0.12600378371798976 -0.9920297608886288
vn 0 0.12600378371798976 -0.9920297608886288
vn 0.4472135954999579 0 -0.8944271909999159
vn 0 0.12600378371798976 -0.9920297608886288
vn -0.5411292261278019 -0.05490296279999382 -0.8391452945146679
vn -0.9715091021611858 -0.23700222449964398 0.00010000093639702721
vn -0.9715321266501437 -0.2369078447131906 0
vn 0.5411292261278019 -0.05490296279999382 -0.8391452945146679
vn 0.4472135954999579 0 -0.8944271909999159
vn 0 0.12600378371798976 -0.9920297608886288
vn 0.9715091070188221 -0.23700222568467724 0
vn 0.9715321266501437 -0.2369078447131906 0
vn 0.5411999277199194 -0.0548999948071763 -0.8390998920308153
vn -0.5346903191430652 0.07859858105622188 -0.8413848855729675
vn -0.5346903191430652 0.07859858105622188 -0.8413848855729675
vn -0.5346903191430652 0.07859858105622188 -0.8413848855729675
vn -0.5346903191430652 0.07859858105622188 -0.8413848855729675
vn -0.5346903191430652 0.07859858105622188 -0.8413848855729675
vn -0.5346903191430652 0.07859858105622188 -0.8413848855729675
vn 0.5346903191430652 0.07859858105622188 -0.8413848855729675
vn 0.5346903191430652 0.07859858105622188 -0.8413848855729675
vn 0.5346903191430652 0.07859858105622188 -0.8413848855729675
vn 0.5346903191430652 0.07859858105622188 -0.8413848855729675
vn 0.5346903191430652 0.07859858105622188 -0.8413848855729675
vn 0.5346903191430652 0.07859858105622188 -0.8413848855729675
vn -0.22770693482983068 0 -0.9737297118966861
vn 0 0 -1
vn 0.00009999999697378756 0 -0.9999999950000003
vn 0 0 -1
vn 0.22770693482983068 0 -0.9737297118966861
vn 0.00009999999697378756 0 -0.9999999950000003
vn -0.00009999999697378756 0 -0.9999999950000003
vn 0 0 -1
vn -0.22770693482983068 0 -0.9737297118966861
vn 0 0 -1
vn -0.00009999999697378756 0 -0.9999999950000003
vn 0.22770693482983068 0 -0.9737297118966861
vn -0.22770070068333903 -0.015800048032757277 -0.9736029731828468
vn 0 0 -1
vn -0.00009999999697378756 0 -0.9999999950000003
vn 0 0 -1
vn 0.22770105475357919 0.015700072169395354 -0.9736045076918981
vn -0.00009999999697378756 0 -0.9999999950000003
vn 0.00009999999697378756 0 -0.9999999950000003
vn 0 0 -1
vn -0.22770070068333903 -0.015800048032757277 -0.9736029731828468
vn 0 0 -1
vn 0.00009999999697378756 0 -0.9999999950000003
vn 0.22770105475357919 0.015700072169395354 -0.9736045076918981
vn -0.36248383177557514 -0.29948660939164684 -0.8825606168963079
vn -0.362494686158473 -0.2993955983327589 -0.8825870371843444
vn -0.362494686158473 -0.2993955983327589 -0.8825870371843444
vn -0.36248383177557514 -0.29948660939164684 -0.8825606168963079
vn -0.362494686158473 -0.2993955983327589 -0.8825870371843444
vn -0.362494686158473 -0.2993955983327589 -0.8825870371843444
vn 0.362494686158473 -0.2993955983327589 -0.8825870371843444
vn 0.362494686158473 -0.2993955983327589 -0.8825870371843444
vn 0.362494686158473 -0.2993955983327589 -0.8825870371843444
vn 0.362494686158473 -0.2993955983327589 -0.8825870371843444
vn 0.362494686158473 -0.2993955983327589 -0.8825870371843444
vn 0.362494686158473 -0.2993955983327589 -0.8825870371843444
vn -0.2685892558911961 -0.6320747082878221 -0.7268709478048206
vn -0.2685892558911961 -0.6320747082878221 -0.7268709478048206
vn -0.26860621893047915 -0.6320146993945548 -0.7269168583139904
vn -0.26860621893047915 -0.6320146993945548 -0.7269168583139904
vn -0.2685892558911961 -0.6320747082878221 -0.7268709478048206
vn -0.2685892558911961 -0.6320747082878221 -0.7268709478048206
vn 0.2685892558911961 -0.6320747082878221 -0.7268709478048206
vn 0.2685892558911961 -0.6320747082878221 -0.7268709478048206
vn 0.2685892558911961 -0.6320747082878221 -0.7268709478048206
vn 0.2685892558911961 -0.6320747082878221 -0.7268709478048206
vn 0.2685892558911961 -0.6320747082878221 -0.7268709478048206
vn 0.2685892558911961 -0.6320747082878221 -0.7268709478048206
vn 0 -0.53657132776268 -0.8438549698988532
vn 0 -0.5363124113441826 -0.844019548018995
vn 0 -0.5365000942377786 -0.8439002600324607
vn 0 -0.53657132776268 -0.8438549698988532
vn 0 -0.5365000942377786 -0.8439002600324607
vn 0 -0.5364289263292614 -0.8439455000159879
vn -0.20550355483607458 -0.6638114506757811 -0.7191124021329707
vn -0.20550355483607458 -0.6638114506757811 -0.7191124021329707
vn -0.20550355483607458 -0.6638114506757811 -0.7191124021329707
vn -0.20550355483607458 -0.6638114506757811 -0.7191124021329707
vn -0.20550355483607458 -0.6638114506757811 -0.7191124021329707
vn -0.20550355483607458 -0.6638114506757811 -0.7191124021329707
vn 0.20550355483607458 -0.6638114506757811 -0.7191124021329707
vn 0.20550355483607458 -0.6638114506757811 -0.7191124021329707
vn 0.20550355483607458 -0.6638114506757811 -0.7191124021329707
vn 0.20550355483607458 -0.6638114506757811 -0.7191124021329707
vn 0.20550355483607458 -0.6638114506757811 -0.7191124021329707
vn 0.20540776785906859 -0.6638250926675403 -0.7191271759905105
vn -0.5196120727298532 0.24400566463436682 -0.8188189845745681
vn -0.023701034633657195 0.23691034464317828 -0.9712423742600734
vn -0.5743405794016733 0.25171780477014266 -0.7789550985867224
vn -0.5196120727298532 0.24400566463436682 -0.8188189845745681
vn -0.023698732531461698 0.2368873385218478 -0.9712480419153688
vn -0.023701034633657195 0.23691034464317828 -0.9712423742600734
vn 0.47162159042261576 0.3302151176281856 -0.8176374817344458
vn -0.023701034633657195 0.23691034464317828 -0.9712423742600734
vn -0.023698732531461698 0.2368873385218478 -0.9712480419153688
vn -0.023701034633657195 0.23691034464317828 -0.9712423742600734
vn 0.47162159042261576 0.3302151176281856 -0.8176374817344458
vn 0.5202253984505677 0.34681692236627115 -0.7804380546637483
f 1/1/1 2/2/2 3/3/3
f 4/4/4 5/5/5 6/6/6
f 7/7/7 8/8/8 9/9/9
f 10/10/10 11/11/11 12/12/12
f 13/13/13 14/14/14 15/15/15
f 16/16/16 17/17/17 18/18/18
f 19/19/19 20/20/20 21/21/21
f 22/22/22 23/23/23 24/24/24
f 25/25/25 26/26/26 27/27/27
f 28/28/28 29/29/29 30/30/30
f 31/31/31 32/32/32 33/33/33
f 34/34/34 35/35/35 36/36/36
f 37/37/37 38/38/38 39/39/39
f 40/40/40 41/41/41 42/42/42
f 43/43/43 44/44/44 45/45/45
f 46/46/46 47/47/47 48/48/48
f 49/49/49 50/50/50 51/51/51
f 52/52/52 53/53/53 54/54/54
f 55/55/55 56/56/56 57/57/57
f 58/58/58 59/59/59 60/60/60
f 61/61/61 62/62/62 63/63/63
f 64/64/64 65/65/65 66/66/66
f 67/67/67 68/68/68 69/69/69
f 70/70/70 71/71/71 72/72/72
f 73/73/73 74/74/74 75/75/75
f 76/76/76 77/77/77 78/78/78
f 79/79/79 80/80/80 81/81/81
f 82/82/82 83/83/83 84/84/84
f 85/85/85 86/86/86 87/87/87
f 88/88/88 89/89/89 90/90/90
f 91/91/91 92/92/92 93/93/93
f 94/94/94 95/95/95 96/96/96
f 97/97/97 98/98/98 99/99/99
f 100/100/100 101/101/101 102/102/102
f 103/103/103 104/104/104 105/105/105
f 106/106/106 107/107/107 108/108/108
f 109/109/109 110/110/110 111/111/111
f 112/112/112 113/113/113 114/114/114
f 115/115/115 116/116/116 117/117/117
f 118/118/118 119/119/119 120/120/120
f 121/121/121 122/122/122 123/123/123
f 124/124/124 125/125/125 126/126/126
f 127/127/127 128/128/128 129/129/129
f 130/130/130 131/131/131 132/132/132
f 133/133/133 134/134/134 135/135/135
f 136/136/136 137/137/137 138/138/138
f 139/139/139 140/140/140 141/141/141
f 142/142/142 143/143/143 144/144/144
f 145/145/145 146/146/146 147/147/147
f 148/148/148 149/149/149 150/150/150
f 151/151/151 152/152/152 153/153/153
f 154/154/154 155/155/155 156/156/156
f 157/157/157 158/158/158 159/159/159
f 160/160/160 161/161/161 162/162/162
f 163/163/163 164/164/164 165/165/165
f 166/166/166 167/167/167 168/168/168
f 169/169/169 170/170/170 171/171/171
f 172/172/172 173/173/173 174/174/174
f 175/175/175 176/176/176 177/177/177
f 178/178/178 179/179/179 180/180/180
f 181/181/181 182/182/182 183/183/183
f 184/184/184 185/185/185 186/186/186
f 187/187/187 188/188/188 189/189/189
f 190/190/190 191/191/191 192/192/192
f 193/193/193 194/194/194 195/195/195
f 196/196/196 197/197/197 198/198/198
f 199/199/199 200/200/200 201/201/201
f 202/202/202 203/203/203 204/204/204
f 205/205/205 206/206/206 207/207/207
f 208/208/208 209/209/209 210/210/210
f 211/211/211 212/212/212 213/213/213
f 214/214/214 215/215/215 216/216/216
f 217/217/217 218/218/218 219/219/219
f 220/220/220 221/221/221 222/222/222
f 223/223/223 224/224/224 225/225/225
f 226/226/226 227/227/227 228/228/228
f 229/229/229 230/230/230 231/231/231
f 232/232/232 233/233/233 234/234/234
f 235/235/235 236/236/236 237/237/237
f 238/238/238 239/239/239 240/240/240
f 241/241/241 242/242/242 243/243/243
f 244/244/244 245/245/245 246/246/246
f 247/247/247 248/248/248 249/249/249
f 250/250/250 251/251/251 252/252/252
f 253/253/253 254/254/254 255/255/255
f 256/256/256 257/257/257 258/258/258
f 259/259/259 260/260/260 261/261/261
f 262/262/262 263/263/263 264/264/264
f 265/265/265 266/266/266 267/267/267
f 268/268/268 269/269/269 270/270/270
f 271/271/271 272/272/272 273/273/273
f 274/274/274 275/275/275 276/276/276
f 277/277/277 278/278/278 279/279/279
f 280/280/280 281/281/281 282/282/282
f 283/283/283 284/284/284 285/285/285
f 286/286/286 287/287/287 288/288/288
f 289/289/289 290/290/290 291/291/291
f 292/292/292 293/293/293 294/294/294
f 295/295/295 296/296/296 297/297/297
f 298/298/298 299/299/299 300/300/300
f 301/301/301 302/302/302 303/303/303
f 304/304/304 305/305/305 306/306/306
f 307/307/307 308/308/308 309/309/309
f 310/310/310 311/311/311 312/312/312
f 313/313/313 314/314/314 315/315/315
f 316/316/316 317/317/317 318/318/318
f 319/319/319 320/320/320 321/321/321
f 322/322/322 323/323/323 324/324/324
f 325/325/325 326/326/326 327/327/327
f 328/328/328 329/329/329 330/330/330
f 331/331/331 332/332/332 333/333/333
f 334/334/334 335/335/335 336/336/336
f 337/337/337 338/338/338 339/339/339
f 340/340/340 341/341/341 342/342/342
f 343/343/343 344/344/344 345/345/345
f 346/346/346 347/347/347 348/348/348
f 349/349/349 350/350/350 351/351/351
f 352/352/352 353/353/353 354/354/354
f 355/355/355 356/356/356 357/357/357
f 358/358/358 359/359/359 360/360/360
f 361/361/361 362/362/362 363/363/363
f 364/364/364 365/365/365 366/366/366
f 367/367/367 368/368/368 369/369/369
f 370/370/370 371/371/371 372/372/372
f 373/373/373 374/374/374 375/375/375
f 376/376/376 377/377/377 378/378/378
f 379/379/379 380/380/380 381/381/381
f 382/382/382 383/383/383 384/384/384
f 385/385/385 386/386/386 387/387/387
f 388/388/388 389/389/389 390/390/390
f 391/391/391 392/392/392 393/393/393
f 394/394/394 395/395/395 396/396/396
f 397/397/397 398/398/398 399/399/399
f 400/400/400 401/401/401 402/402/402
f 403/403/403 404/404/404 405/405/405
f 406/406/406 407/407/407 408/408/408
f 409/409/409 410/410/410 411/411/411
f 412/412/412 413/413/413 414/414/414
f 415/415/415 416/416/416 417/417/417
f 418/418/418 419/419/419 420/420/420
f 421/421/421 422/422/422 423/423/423
f 424/424/424 425/425/425 426/426/426
f 427/427/427 428/428/428 429/429/429
f 430/430/430 431/431/431 432/432/432
f 433/433/433 434/434/434 435/435/435
f 436/436/436 437/437/437 438/438/438
f 439/439/439 440/440/440 441/441/441
f 442/442/442 443/443/443 444/444/444
f 445/445/445 446/446/446 447/447/447
f 448/448/448 449/449/449 450/450/450
f 451/451/451 452/452/452 453/453/453
f 454/454/454 455/455/455 456/456/456
f 457/457/457 458/458/458 459/459/459
f 460/460/460 461/461/461 462/462/462
f 463/463/463 464/464/464 465/465/465
f 466/466/466 467/467/467 468/468/468
f 469/469/469 470/470/470 471/471/471
f 472/472/472 473/473/473 474/474/474
f 475/475/475 476/476/476 477/477/477
f 478/478/478 479/479/479 480/480/480
f 481/481/481 482/482/482 483/483/483
f 484/484/484 485/485/485 486/486/486
f 487/487/487 488/488/488 489/489/489
f 490/490/490 491/491/491 492/492/492
f 493/493/493 494/494/494 495/495/495
f 496/496/496 497/497/497 498/498/498
f 499/499/499 500/500/500 501/501/501
f 502/502/502 503/503/503 504/504/504
f 505/505/505 506/506/506 507/507/507
f 508/508/508 509/509/509 510/510/510
f 511/511/511 512/512/512 513/513/513
f 514/514/514 515/515/515 516/516/516
f 517/517/517 518/518/518 519/519/519
f 520/520/520 521/521/521 522/522/522
f 523/523/523 524/524/524 525/525/525
f 526/526/526 527/527/527 528/528/528
f 529/529/529 530/530/530 531/531/531
f 532/532/532 533/533/533 534/534/534
f 535/535/535 536/536/536 537/537/537
f 538/538/538 539/539/539 540/540/540
f 541/541/541 542/542/542 543/543/543
f 544/544/544 545/545/545 546/546/546
f 547/547/547 548/548/548 549/549/549
f 550/550/550 551/551/551 552/552/552
f 553/553/553 554/554/554 555/555/555
f 556/556/556 557/557/557 558/558/558
f 559/559/559 560/560/560 561/561/561
f 562/562/562 563/563/563 564/564/564
f 565/565/565 566/566/566 567/567/567
f 568/568/568 569/569/569 570/570/570
f 571/571/571 572/572/572 573/573/573
f 574/574/574 575/575/575 576/576/576
f 577/577/577 578/578/578 579/579/579
f 580/580/580 581/581/581 582/582/582
f 583/583/583 584/584/584 585/585/585
f 586/586/586 587/587/587 588/588/588
f 589/589/589 590/590/590 591/591/591
f 592/592/592 593/593/593 594/594/594
f 595/595/595 596/596/596 597/597/597
f 598/598/598 599/599/599 600/600/600
f 601/601/601 602/602/602 603/603/603
f 604/604/604 605/605/605 606/606/606
f 607/607/607 608/608/608 609/609/609
f 610/610/610 611/611/611 612/612/612
f 613/613/613 614/614/614 615/615/615
f 616/616/616 617/617/617 618/618/618
f 619/619/619 620/620/620 621/621/621
f 622/622/622 623/623/623 624/624/624
f 625/625/625 626/626/626 627/627/627
f 628/628/628 629/629/629 630/630/630
f 631/631/631 632/632/632 633/633/633
f 634/634/634 635/635/635 636/636/636
f 637/637/637 638/638/638 639/639/639
f 640/640/640 641/641/641 642/642/642
f 643/643/643 644/644/644 645/645/645
f 646/646/646 647/647/647 648/648/648
f 649/649/649 650/650/650 651/651/651
f 652/652/652 653/653/653 654/654/654
f 655/655/655 656/656/656 657/657/657
f 658/658/658 659/659/659 660/660/660
f 661/661/661 662/662/662 663/663/663
f 664/664/664 665/665/665 666/666/666
f 667/667/667 668/668/668 669/669/669
f 670/670/670 671/671/671 672/672/672
f 673/673/673 674/674/674 675/675/675
f 676/676/676 677/677/677 678/678/678
f 679/679/679 680/680/680 681/681/681
f 682/682/682 683/683/683 684/684/684
f 685/685/685 686/686/686 687/687/687
f 688/688/688 689/689/689 690/690/690
f 691/691/691 692/692/692 693/693/693
f 694/694/694 695/695/695 696/696/696
f 697/697/697 698/698/698 699/699/699
f 700/700/700 701/701/701 702/702/702
f 703/703/703 704/704/704 705/705/705
f 706/706/706 707/707/707 708/708/708
f 709/709/709 710/710/710 711/711/711
f 712/712/712 713/713/713 714/714/714
f 715/715/715 716/716/716 717/717/717
f 718/718/718 719/719/719 720/720/720
f 721/721/721 722/722/722 723/723/723
f 724/724/724 725/725/725 726/726/726
f 727/727/727 728/728/728 729/729/729
f 730/730/730 731/731/731 732/732/732
f 733/733/733 734/734/734 735/735/735
f 736/736/736 737/737/737 738/738/738
f 739/739/739 740/740/740 741/741/741
f 742/742/742 743/743/743 744/744/744
f 745/745/745 746/746/746 747/747/747
f 748/748/748 749/749/749 750/750/750
f 751/751/751 752/752/752 753/753/753
f 754/754/754 755/755/755 756/756/756
f 757/757/757 758/758/758 759/759/759
f 760/760/760 761/761/761 762/762/762
f 763/763/763 764/764/764 765/765/765
f 766/766/766 767/767/767 768/768/768
f 769/769/769 770/770/770 771/771/771
f 772/772/772 773/773/773 774/774/774
f 775/775/775 776/776/776 777/777/777
f 778/778/778 779/779/779 780/780/780
f 781/781/781 782/782/782 783/783/783
f 784/784/784 785/785/785 786/786/786
f 787/787/787 788/788/788 789/789/789
f 790/790/790 791/791/791 792/792/792
